series,period,value,unit,label,source
WB_TTF_EU,1960-01,0.4,USD(원문단위),"Natural gas, Europe (TTF 연동)",World Bank Pink Sheet monthly
WB_TTF_EU,1960-02,0.4,USD(원문단위),"Natural gas, Europe (TTF 연동)",World Bank Pink Sheet monthly
WB_TTF_EU,1960-03,0.4,USD(원문단위),"Natural gas, Europe (TTF 연동)",World Bank Pink Sheet monthly
WB_TTF_EU,1960-04,0.4,USD(원문단위),"Natural gas, Europe (TTF 연동)",World Bank Pink Sheet monthly
WB_TTF_EU,1960-05,0.4,USD(원문단위),"Natural gas, Europe (TTF 연동)",World Bank Pink Sheet monthly
WB_TTF_EU,1960-06,0.4,USD(원문단위),"Natural gas, Europe (TTF 연동)",World Bank Pink Sheet monthly
WB_TTF_EU,1960-07,0.4,USD(원문단위),"Natural gas, Europe (TTF 연동)",World Bank Pink Sheet monthly
WB_TTF_EU,1960-08,0.4,USD(원문단위),"Natural gas, Europe (TTF 연동)",World Bank Pink Sheet monthly
WB_TTF_EU,1960-09,0.4,USD(원문단위),"Natural gas, Europe (TTF 연동)",World Bank Pink Sheet monthly
WB_TTF_EU,1960-10,0.4,USD(원문단위),"Natural gas, Europe (TTF 연동)",World Bank Pink Sheet monthly
WB_TTF_EU,1960-11,0.4,USD(원문단위),"Natural gas, Europe (TTF 연동)",World Bank Pink Sheet monthly
WB_TTF_EU,1960-12,0.4,USD(원문단위),"Natural gas, Europe (TTF 연동)",World Bank Pink Sheet monthly
WB_TTF_EU,1961-01,0.4,USD(원문단위),"Natural gas, Europe (TTF 연동)",World Bank Pink Sheet monthly
WB_TTF_EU,1961-02,0.4,USD(원문단위),"Natural gas, Europe (TTF 연동)",World Bank Pink Sheet monthly
WB_TTF_EU,1961-03,0.4,USD(원문단위),"Natural gas, Europe (TTF 연동)",World Bank Pink Sheet monthly
WB_TTF_EU,1961-04,0.4,USD(원문단위),"Natural gas, Europe (TTF 연동)",World Bank Pink Sheet monthly
WB_TTF_EU,1961-05,0.4,USD(원문단위),"Natural gas, Europe (TTF 연동)",World Bank Pink Sheet monthly
WB_TTF_EU,1961-06,0.4,USD(원문단위),"Natural gas, Europe (TTF 연동)",World Bank Pink Sheet monthly
WB_TTF_EU,1961-07,0.4,USD(원문단위),"Natural gas, Europe (TTF 연동)",World Bank Pink Sheet monthly
WB_TTF_EU,1961-08,0.4,USD(원문단위),"Natural gas, Europe (TTF 연동)",World Bank Pink Sheet monthly
WB_TTF_EU,1961-09,0.4,USD(원문단위),"Natural gas, Europe (TTF 연동)",World Bank Pink Sheet monthly
WB_TTF_EU,1961-10,0.4,USD(원문단위),"Natural gas, Europe (TTF 연동)",World Bank Pink Sheet monthly
WB_TTF_EU,1961-11,0.4,USD(원문단위),"Natural gas, Europe (TTF 연동)",World Bank Pink Sheet monthly
WB_TTF_EU,1961-12,0.4,USD(원문단위),"Natural gas, Europe (TTF 연동)",World Bank Pink Sheet monthly
WB_TTF_EU,1962-01,0.4,USD(원문단위),"Natural gas, Europe (TTF 연동)",World Bank Pink Sheet monthly
WB_TTF_EU,1962-02,0.4,USD(원문단위),"Natural gas, Europe (TTF 연동)",World Bank Pink Sheet monthly
WB_TTF_EU,1962-03,0.4,USD(원문단위),"Natural gas, Europe (TTF 연동)",World Bank Pink Sheet monthly
WB_TTF_EU,1962-04,0.4,USD(원문단위),"Natural gas, Europe (TTF 연동)",World Bank Pink Sheet monthly
WB_TTF_EU,1962-05,0.4,USD(원문단위),"Natural gas, Europe (TTF 연동)",World Bank Pink Sheet monthly
WB_TTF_EU,1962-06,0.4,USD(원문단위),"Natural gas, Europe (TTF 연동)",World Bank Pink Sheet monthly
WB_TTF_EU,1962-07,0.4,USD(원문단위),"Natural gas, Europe (TTF 연동)",World Bank Pink Sheet monthly
WB_TTF_EU,1962-08,0.4,USD(원문단위),"Natural gas, Europe (TTF 연동)",World Bank Pink Sheet monthly
WB_TTF_EU,1962-09,0.4,USD(원문단위),"Natural gas, Europe (TTF 연동)",World Bank Pink Sheet monthly
WB_TTF_EU,1962-10,0.4,USD(원문단위),"Natural gas, Europe (TTF 연동)",World Bank Pink Sheet monthly
WB_TTF_EU,1962-11,0.4,USD(원문단위),"Natural gas, Europe (TTF 연동)",World Bank Pink Sheet monthly
WB_TTF_EU,1962-12,0.4,USD(원문단위),"Natural gas, Europe (TTF 연동)",World Bank Pink Sheet monthly
WB_TTF_EU,1963-01,0.39,USD(원문단위),"Natural gas, Europe (TTF 연동)",World Bank Pink Sheet monthly
WB_TTF_EU,1963-02,0.39,USD(원문단위),"Natural gas, Europe (TTF 연동)",World Bank Pink Sheet monthly
WB_TTF_EU,1963-03,0.39,USD(원문단위),"Natural gas, Europe (TTF 연동)",World Bank Pink Sheet monthly
WB_TTF_EU,1963-04,0.39,USD(원문단위),"Natural gas, Europe (TTF 연동)",World Bank Pink Sheet monthly
WB_TTF_EU,1963-05,0.39,USD(원문단위),"Natural gas, Europe (TTF 연동)",World Bank Pink Sheet monthly
WB_TTF_EU,1963-06,0.39,USD(원문단위),"Natural gas, Europe (TTF 연동)",World Bank Pink Sheet monthly
WB_TTF_EU,1963-07,0.39,USD(원문단위),"Natural gas, Europe (TTF 연동)",World Bank Pink Sheet monthly
WB_TTF_EU,1963-08,0.39,USD(원문단위),"Natural gas, Europe (TTF 연동)",World Bank Pink Sheet monthly
WB_TTF_EU,1963-09,0.39,USD(원문단위),"Natural gas, Europe (TTF 연동)",World Bank Pink Sheet monthly
WB_TTF_EU,1963-10,0.39,USD(원문단위),"Natural gas, Europe (TTF 연동)",World Bank Pink Sheet monthly
WB_TTF_EU,1963-11,0.39,USD(원문단위),"Natural gas, Europe (TTF 연동)",World Bank Pink Sheet monthly
WB_TTF_EU,1963-12,0.39,USD(원문단위),"Natural gas, Europe (TTF 연동)",World Bank Pink Sheet monthly
WB_TTF_EU,1964-01,0.38,USD(원문단위),"Natural gas, Europe (TTF 연동)",World Bank Pink Sheet monthly
WB_TTF_EU,1964-02,0.38,USD(원문단위),"Natural gas, Europe (TTF 연동)",World Bank Pink Sheet monthly
WB_TTF_EU,1964-03,0.38,USD(원문단위),"Natural gas, Europe (TTF 연동)",World Bank Pink Sheet monthly
WB_TTF_EU,1964-04,0.38,USD(원문단위),"Natural gas, Europe (TTF 연동)",World Bank Pink Sheet monthly
WB_TTF_EU,1964-05,0.38,USD(원문단위),"Natural gas, Europe (TTF 연동)",World Bank Pink Sheet monthly
WB_TTF_EU,1964-06,0.38,USD(원문단위),"Natural gas, Europe (TTF 연동)",World Bank Pink Sheet monthly
WB_TTF_EU,1964-07,0.38,USD(원문단위),"Natural gas, Europe (TTF 연동)",World Bank Pink Sheet monthly
WB_TTF_EU,1964-08,0.38,USD(원문단위),"Natural gas, Europe (TTF 연동)",World Bank Pink Sheet monthly
WB_TTF_EU,1964-09,0.38,USD(원문단위),"Natural gas, Europe (TTF 연동)",World Bank Pink Sheet monthly
WB_TTF_EU,1964-10,0.38,USD(원문단위),"Natural gas, Europe (TTF 연동)",World Bank Pink Sheet monthly
WB_TTF_EU,1964-11,0.38,USD(원문단위),"Natural gas, Europe (TTF 연동)",World Bank Pink Sheet monthly
WB_TTF_EU,1964-12,0.38,USD(원문단위),"Natural gas, Europe (TTF 연동)",World Bank Pink Sheet monthly
WB_TTF_EU,1965-01,0.41,USD(원문단위),"Natural gas, Europe (TTF 연동)",World Bank Pink Sheet monthly
WB_TTF_EU,1965-02,0.41,USD(원문단위),"Natural gas, Europe (TTF 연동)",World Bank Pink Sheet monthly
WB_TTF_EU,1965-03,0.41,USD(원문단위),"Natural gas, Europe (TTF 연동)",World Bank Pink Sheet monthly
WB_TTF_EU,1965-04,0.41,USD(원문단위),"Natural gas, Europe (TTF 연동)",World Bank Pink Sheet monthly
WB_TTF_EU,1965-05,0.41,USD(원문단위),"Natural gas, Europe (TTF 연동)",World Bank Pink Sheet monthly
WB_TTF_EU,1965-06,0.41,USD(원문단위),"Natural gas, Europe (TTF 연동)",World Bank Pink Sheet monthly
WB_TTF_EU,1965-07,0.41,USD(원문단위),"Natural gas, Europe (TTF 연동)",World Bank Pink Sheet monthly
WB_TTF_EU,1965-08,0.41,USD(원문단위),"Natural gas, Europe (TTF 연동)",World Bank Pink Sheet monthly
WB_TTF_EU,1965-09,0.41,USD(원문단위),"Natural gas, Europe (TTF 연동)",World Bank Pink Sheet monthly
WB_TTF_EU,1965-10,0.41,USD(원문단위),"Natural gas, Europe (TTF 연동)",World Bank Pink Sheet monthly
WB_TTF_EU,1965-11,0.41,USD(원문단위),"Natural gas, Europe (TTF 연동)",World Bank Pink Sheet monthly
WB_TTF_EU,1965-12,0.41,USD(원문단위),"Natural gas, Europe (TTF 연동)",World Bank Pink Sheet monthly
WB_TTF_EU,1966-01,0.42,USD(원문단위),"Natural gas, Europe (TTF 연동)",World Bank Pink Sheet monthly
WB_TTF_EU,1966-02,0.42,USD(원문단위),"Natural gas, Europe (TTF 연동)",World Bank Pink Sheet monthly
WB_TTF_EU,1966-03,0.42,USD(원문단위),"Natural gas, Europe (TTF 연동)",World Bank Pink Sheet monthly
WB_TTF_EU,1966-04,0.42,USD(원문단위),"Natural gas, Europe (TTF 연동)",World Bank Pink Sheet monthly
WB_TTF_EU,1966-05,0.42,USD(원문단위),"Natural gas, Europe (TTF 연동)",World Bank Pink Sheet monthly
WB_TTF_EU,1966-06,0.42,USD(원문단위),"Natural gas, Europe (TTF 연동)",World Bank Pink Sheet monthly
WB_TTF_EU,1966-07,0.42,USD(원문단위),"Natural gas, Europe (TTF 연동)",World Bank Pink Sheet monthly
WB_TTF_EU,1966-08,0.42,USD(원문단위),"Natural gas, Europe (TTF 연동)",World Bank Pink Sheet monthly
WB_TTF_EU,1966-09,0.42,USD(원문단위),"Natural gas, Europe (TTF 연동)",World Bank Pink Sheet monthly
WB_TTF_EU,1966-10,0.42,USD(원문단위),"Natural gas, Europe (TTF 연동)",World Bank Pink Sheet monthly
WB_TTF_EU,1966-11,0.42,USD(원문단위),"Natural gas, Europe (TTF 연동)",World Bank Pink Sheet monthly
WB_TTF_EU,1966-12,0.42,USD(원문단위),"Natural gas, Europe (TTF 연동)",World Bank Pink Sheet monthly
WB_TTF_EU,1967-01,0.46,USD(원문단위),"Natural gas, Europe (TTF 연동)",World Bank Pink Sheet monthly
WB_TTF_EU,1967-02,0.46,USD(원문단위),"Natural gas, Europe (TTF 연동)",World Bank Pink Sheet monthly
WB_TTF_EU,1967-03,0.46,USD(원문단위),"Natural gas, Europe (TTF 연동)",World Bank Pink Sheet monthly
WB_TTF_EU,1967-04,0.46,USD(원문단위),"Natural gas, Europe (TTF 연동)",World Bank Pink Sheet monthly
WB_TTF_EU,1967-05,0.46,USD(원문단위),"Natural gas, Europe (TTF 연동)",World Bank Pink Sheet monthly
WB_TTF_EU,1967-06,0.46,USD(원문단위),"Natural gas, Europe (TTF 연동)",World Bank Pink Sheet monthly
WB_TTF_EU,1967-07,0.46,USD(원문단위),"Natural gas, Europe (TTF 연동)",World Bank Pink Sheet monthly
WB_TTF_EU,1967-08,0.46,USD(원문단위),"Natural gas, Europe (TTF 연동)",World Bank Pink Sheet monthly
WB_TTF_EU,1967-09,0.46,USD(원문단위),"Natural gas, Europe (TTF 연동)",World Bank Pink Sheet monthly
WB_TTF_EU,1967-10,0.46,USD(원문단위),"Natural gas, Europe (TTF 연동)",World Bank Pink Sheet monthly
WB_TTF_EU,1967-11,0.46,USD(원문단위),"Natural gas, Europe (TTF 연동)",World Bank Pink Sheet monthly
WB_TTF_EU,1967-12,0.46,USD(원문단위),"Natural gas, Europe (TTF 연동)",World Bank Pink Sheet monthly
WB_TTF_EU,1968-01,0.45,USD(원문단위),"Natural gas, Europe (TTF 연동)",World Bank Pink Sheet monthly
WB_TTF_EU,1968-02,0.45,USD(원문단위),"Natural gas, Europe (TTF 연동)",World Bank Pink Sheet monthly
WB_TTF_EU,1968-03,0.45,USD(원문단위),"Natural gas, Europe (TTF 연동)",World Bank Pink Sheet monthly
WB_TTF_EU,1968-04,0.45,USD(원문단위),"Natural gas, Europe (TTF 연동)",World Bank Pink Sheet monthly
WB_TTF_EU,1968-05,0.45,USD(원문단위),"Natural gas, Europe (TTF 연동)",World Bank Pink Sheet monthly
WB_TTF_EU,1968-06,0.45,USD(원문단위),"Natural gas, Europe (TTF 연동)",World Bank Pink Sheet monthly
WB_TTF_EU,1968-07,0.45,USD(원문단위),"Natural gas, Europe (TTF 연동)",World Bank Pink Sheet monthly
WB_TTF_EU,1968-08,0.45,USD(원문단위),"Natural gas, Europe (TTF 연동)",World Bank Pink Sheet monthly
WB_TTF_EU,1968-09,0.45,USD(원문단위),"Natural gas, Europe (TTF 연동)",World Bank Pink Sheet monthly
WB_TTF_EU,1968-10,0.45,USD(원문단위),"Natural gas, Europe (TTF 연동)",World Bank Pink Sheet monthly
WB_TTF_EU,1968-11,0.45,USD(원문단위),"Natural gas, Europe (TTF 연동)",World Bank Pink Sheet monthly
WB_TTF_EU,1968-12,0.45,USD(원문단위),"Natural gas, Europe (TTF 연동)",World Bank Pink Sheet monthly
WB_TTF_EU,1969-01,0.45,USD(원문단위),"Natural gas, Europe (TTF 연동)",World Bank Pink Sheet monthly
WB_TTF_EU,1969-02,0.45,USD(원문단위),"Natural gas, Europe (TTF 연동)",World Bank Pink Sheet monthly
WB_TTF_EU,1969-03,0.45,USD(원문단위),"Natural gas, Europe (TTF 연동)",World Bank Pink Sheet monthly
WB_TTF_EU,1969-04,0.45,USD(원문단위),"Natural gas, Europe (TTF 연동)",World Bank Pink Sheet monthly
WB_TTF_EU,1969-05,0.45,USD(원문단위),"Natural gas, Europe (TTF 연동)",World Bank Pink Sheet monthly
WB_TTF_EU,1969-06,0.45,USD(원문단위),"Natural gas, Europe (TTF 연동)",World Bank Pink Sheet monthly
WB_TTF_EU,1969-07,0.45,USD(원문단위),"Natural gas, Europe (TTF 연동)",World Bank Pink Sheet monthly
WB_TTF_EU,1969-08,0.45,USD(원문단위),"Natural gas, Europe (TTF 연동)",World Bank Pink Sheet monthly
WB_TTF_EU,1969-09,0.45,USD(원문단위),"Natural gas, Europe (TTF 연동)",World Bank Pink Sheet monthly
WB_TTF_EU,1969-10,0.45,USD(원문단위),"Natural gas, Europe (TTF 연동)",World Bank Pink Sheet monthly
WB_TTF_EU,1969-11,0.45,USD(원문단위),"Natural gas, Europe (TTF 연동)",World Bank Pink Sheet monthly
WB_TTF_EU,1969-12,0.45,USD(원문단위),"Natural gas, Europe (TTF 연동)",World Bank Pink Sheet monthly
WB_TTF_EU,1970-01,0.45,USD(원문단위),"Natural gas, Europe (TTF 연동)",World Bank Pink Sheet monthly
WB_TTF_EU,1970-02,0.45,USD(원문단위),"Natural gas, Europe (TTF 연동)",World Bank Pink Sheet monthly
WB_TTF_EU,1970-03,0.45,USD(원문단위),"Natural gas, Europe (TTF 연동)",World Bank Pink Sheet monthly
WB_TTF_EU,1970-04,0.45,USD(원문단위),"Natural gas, Europe (TTF 연동)",World Bank Pink Sheet monthly
WB_TTF_EU,1970-05,0.45,USD(원문단위),"Natural gas, Europe (TTF 연동)",World Bank Pink Sheet monthly
WB_TTF_EU,1970-06,0.45,USD(원문단위),"Natural gas, Europe (TTF 연동)",World Bank Pink Sheet monthly
WB_TTF_EU,1970-07,0.45,USD(원문단위),"Natural gas, Europe (TTF 연동)",World Bank Pink Sheet monthly
WB_TTF_EU,1970-08,0.45,USD(원문단위),"Natural gas, Europe (TTF 연동)",World Bank Pink Sheet monthly
WB_TTF_EU,1970-09,0.45,USD(원문단위),"Natural gas, Europe (TTF 연동)",World Bank Pink Sheet monthly
WB_TTF_EU,1970-10,0.45,USD(원문단위),"Natural gas, Europe (TTF 연동)",World Bank Pink Sheet monthly
WB_TTF_EU,1970-11,0.45,USD(원문단위),"Natural gas, Europe (TTF 연동)",World Bank Pink Sheet monthly
WB_TTF_EU,1970-12,0.45,USD(원문단위),"Natural gas, Europe (TTF 연동)",World Bank Pink Sheet monthly
WB_TTF_EU,1971-01,0.5,USD(원문단위),"Natural gas, Europe (TTF 연동)",World Bank Pink Sheet monthly
WB_TTF_EU,1971-02,0.5,USD(원문단위),"Natural gas, Europe (TTF 연동)",World Bank Pink Sheet monthly
WB_TTF_EU,1971-03,0.5,USD(원문단위),"Natural gas, Europe (TTF 연동)",World Bank Pink Sheet monthly
WB_TTF_EU,1971-04,0.5,USD(원문단위),"Natural gas, Europe (TTF 연동)",World Bank Pink Sheet monthly
WB_TTF_EU,1971-05,0.5,USD(원문단위),"Natural gas, Europe (TTF 연동)",World Bank Pink Sheet monthly
WB_TTF_EU,1971-06,0.5,USD(원문단위),"Natural gas, Europe (TTF 연동)",World Bank Pink Sheet monthly
WB_TTF_EU,1971-07,0.5,USD(원문단위),"Natural gas, Europe (TTF 연동)",World Bank Pink Sheet monthly
WB_TTF_EU,1971-08,0.5,USD(원문단위),"Natural gas, Europe (TTF 연동)",World Bank Pink Sheet monthly
WB_TTF_EU,1971-09,0.5,USD(원문단위),"Natural gas, Europe (TTF 연동)",World Bank Pink Sheet monthly
WB_TTF_EU,1971-10,0.5,USD(원문단위),"Natural gas, Europe (TTF 연동)",World Bank Pink Sheet monthly
WB_TTF_EU,1971-11,0.5,USD(원문단위),"Natural gas, Europe (TTF 연동)",World Bank Pink Sheet monthly
WB_TTF_EU,1971-12,0.5,USD(원문단위),"Natural gas, Europe (TTF 연동)",World Bank Pink Sheet monthly
WB_TTF_EU,1972-01,0.54,USD(원문단위),"Natural gas, Europe (TTF 연동)",World Bank Pink Sheet monthly
WB_TTF_EU,1972-02,0.54,USD(원문단위),"Natural gas, Europe (TTF 연동)",World Bank Pink Sheet monthly
WB_TTF_EU,1972-03,0.54,USD(원문단위),"Natural gas, Europe (TTF 연동)",World Bank Pink Sheet monthly
WB_TTF_EU,1972-04,0.54,USD(원문단위),"Natural gas, Europe (TTF 연동)",World Bank Pink Sheet monthly
WB_TTF_EU,1972-05,0.54,USD(원문단위),"Natural gas, Europe (TTF 연동)",World Bank Pink Sheet monthly
WB_TTF_EU,1972-06,0.54,USD(원문단위),"Natural gas, Europe (TTF 연동)",World Bank Pink Sheet monthly
WB_TTF_EU,1972-07,0.54,USD(원문단위),"Natural gas, Europe (TTF 연동)",World Bank Pink Sheet monthly
WB_TTF_EU,1972-08,0.54,USD(원문단위),"Natural gas, Europe (TTF 연동)",World Bank Pink Sheet monthly
WB_TTF_EU,1972-09,0.54,USD(원문단위),"Natural gas, Europe (TTF 연동)",World Bank Pink Sheet monthly
WB_TTF_EU,1972-10,0.54,USD(원문단위),"Natural gas, Europe (TTF 연동)",World Bank Pink Sheet monthly
WB_TTF_EU,1972-11,0.54,USD(원문단위),"Natural gas, Europe (TTF 연동)",World Bank Pink Sheet monthly
WB_TTF_EU,1972-12,0.54,USD(원문단위),"Natural gas, Europe (TTF 연동)",World Bank Pink Sheet monthly
WB_TTF_EU,1973-01,0.69,USD(원문단위),"Natural gas, Europe (TTF 연동)",World Bank Pink Sheet monthly
WB_TTF_EU,1973-02,0.69,USD(원문단위),"Natural gas, Europe (TTF 연동)",World Bank Pink Sheet monthly
WB_TTF_EU,1973-03,0.69,USD(원문단위),"Natural gas, Europe (TTF 연동)",World Bank Pink Sheet monthly
WB_TTF_EU,1973-04,0.69,USD(원문단위),"Natural gas, Europe (TTF 연동)",World Bank Pink Sheet monthly
WB_TTF_EU,1973-05,0.69,USD(원문단위),"Natural gas, Europe (TTF 연동)",World Bank Pink Sheet monthly
WB_TTF_EU,1973-06,0.69,USD(원문단위),"Natural gas, Europe (TTF 연동)",World Bank Pink Sheet monthly
WB_TTF_EU,1973-07,0.69,USD(원문단위),"Natural gas, Europe (TTF 연동)",World Bank Pink Sheet monthly
WB_TTF_EU,1973-08,0.69,USD(원문단위),"Natural gas, Europe (TTF 연동)",World Bank Pink Sheet monthly
WB_TTF_EU,1973-09,0.69,USD(원문단위),"Natural gas, Europe (TTF 연동)",World Bank Pink Sheet monthly
WB_TTF_EU,1973-10,0.69,USD(원문단위),"Natural gas, Europe (TTF 연동)",World Bank Pink Sheet monthly
WB_TTF_EU,1973-11,0.69,USD(원문단위),"Natural gas, Europe (TTF 연동)",World Bank Pink Sheet monthly
WB_TTF_EU,1973-12,0.69,USD(원문단위),"Natural gas, Europe (TTF 연동)",World Bank Pink Sheet monthly
WB_TTF_EU,1974-01,1.73,USD(원문단위),"Natural gas, Europe (TTF 연동)",World Bank Pink Sheet monthly
WB_TTF_EU,1974-02,1.73,USD(원문단위),"Natural gas, Europe (TTF 연동)",World Bank Pink Sheet monthly
WB_TTF_EU,1974-03,1.73,USD(원문단위),"Natural gas, Europe (TTF 연동)",World Bank Pink Sheet monthly
WB_TTF_EU,1974-04,1.73,USD(원문단위),"Natural gas, Europe (TTF 연동)",World Bank Pink Sheet monthly
WB_TTF_EU,1974-05,1.73,USD(원문단위),"Natural gas, Europe (TTF 연동)",World Bank Pink Sheet monthly
WB_TTF_EU,1974-06,1.73,USD(원문단위),"Natural gas, Europe (TTF 연동)",World Bank Pink Sheet monthly
WB_TTF_EU,1974-07,1.73,USD(원문단위),"Natural gas, Europe (TTF 연동)",World Bank Pink Sheet monthly
WB_TTF_EU,1974-08,1.73,USD(원문단위),"Natural gas, Europe (TTF 연동)",World Bank Pink Sheet monthly
WB_TTF_EU,1974-09,1.73,USD(원문단위),"Natural gas, Europe (TTF 연동)",World Bank Pink Sheet monthly
WB_TTF_EU,1974-10,1.73,USD(원문단위),"Natural gas, Europe (TTF 연동)",World Bank Pink Sheet monthly
WB_TTF_EU,1974-11,1.73,USD(원문단위),"Natural gas, Europe (TTF 연동)",World Bank Pink Sheet monthly
WB_TTF_EU,1974-12,1.73,USD(원문단위),"Natural gas, Europe (TTF 연동)",World Bank Pink Sheet monthly
WB_TTF_EU,1975-01,1.68,USD(원문단위),"Natural gas, Europe (TTF 연동)",World Bank Pink Sheet monthly
WB_TTF_EU,1975-02,1.68,USD(원문단위),"Natural gas, Europe (TTF 연동)",World Bank Pink Sheet monthly
WB_TTF_EU,1975-03,1.68,USD(원문단위),"Natural gas, Europe (TTF 연동)",World Bank Pink Sheet monthly
WB_TTF_EU,1975-04,1.68,USD(원문단위),"Natural gas, Europe (TTF 연동)",World Bank Pink Sheet monthly
WB_TTF_EU,1975-05,1.68,USD(원문단위),"Natural gas, Europe (TTF 연동)",World Bank Pink Sheet monthly
WB_TTF_EU,1975-06,1.68,USD(원문단위),"Natural gas, Europe (TTF 연동)",World Bank Pink Sheet monthly
WB_TTF_EU,1975-07,1.68,USD(원문단위),"Natural gas, Europe (TTF 연동)",World Bank Pink Sheet monthly
WB_TTF_EU,1975-08,1.68,USD(원문단위),"Natural gas, Europe (TTF 연동)",World Bank Pink Sheet monthly
WB_TTF_EU,1975-09,1.68,USD(원문단위),"Natural gas, Europe (TTF 연동)",World Bank Pink Sheet monthly
WB_TTF_EU,1975-10,1.68,USD(원문단위),"Natural gas, Europe (TTF 연동)",World Bank Pink Sheet monthly
WB_TTF_EU,1975-11,1.68,USD(원문단위),"Natural gas, Europe (TTF 연동)",World Bank Pink Sheet monthly
WB_TTF_EU,1975-12,1.68,USD(원문단위),"Natural gas, Europe (TTF 연동)",World Bank Pink Sheet monthly
WB_TTF_EU,1976-01,1.74,USD(원문단위),"Natural gas, Europe (TTF 연동)",World Bank Pink Sheet monthly
WB_TTF_EU,1976-02,1.74,USD(원문단위),"Natural gas, Europe (TTF 연동)",World Bank Pink Sheet monthly
WB_TTF_EU,1976-03,1.74,USD(원문단위),"Natural gas, Europe (TTF 연동)",World Bank Pink Sheet monthly
WB_TTF_EU,1976-04,1.74,USD(원문단위),"Natural gas, Europe (TTF 연동)",World Bank Pink Sheet monthly
WB_TTF_EU,1976-05,1.74,USD(원문단위),"Natural gas, Europe (TTF 연동)",World Bank Pink Sheet monthly
WB_TTF_EU,1976-06,1.74,USD(원문단위),"Natural gas, Europe (TTF 연동)",World Bank Pink Sheet monthly
WB_TTF_EU,1976-07,1.74,USD(원문단위),"Natural gas, Europe (TTF 연동)",World Bank Pink Sheet monthly
WB_TTF_EU,1976-08,1.74,USD(원문단위),"Natural gas, Europe (TTF 연동)",World Bank Pink Sheet monthly
WB_TTF_EU,1976-09,1.74,USD(원문단위),"Natural gas, Europe (TTF 연동)",World Bank Pink Sheet monthly
WB_TTF_EU,1976-10,1.74,USD(원문단위),"Natural gas, Europe (TTF 연동)",World Bank Pink Sheet monthly
WB_TTF_EU,1976-11,1.74,USD(원문단위),"Natural gas, Europe (TTF 연동)",World Bank Pink Sheet monthly
WB_TTF_EU,1976-12,1.74,USD(원문단위),"Natural gas, Europe (TTF 연동)",World Bank Pink Sheet monthly
WB_TTF_EU,1977-01,1.79,USD(원문단위),"Natural gas, Europe (TTF 연동)",World Bank Pink Sheet monthly
WB_TTF_EU,1977-02,1.79,USD(원문단위),"Natural gas, Europe (TTF 연동)",World Bank Pink Sheet monthly
WB_TTF_EU,1977-03,1.79,USD(원문단위),"Natural gas, Europe (TTF 연동)",World Bank Pink Sheet monthly
WB_TTF_EU,1977-04,1.79,USD(원문단위),"Natural gas, Europe (TTF 연동)",World Bank Pink Sheet monthly
WB_TTF_EU,1977-05,1.79,USD(원문단위),"Natural gas, Europe (TTF 연동)",World Bank Pink Sheet monthly
WB_TTF_EU,1977-06,1.79,USD(원문단위),"Natural gas, Europe (TTF 연동)",World Bank Pink Sheet monthly
WB_TTF_EU,1977-07,1.79,USD(원문단위),"Natural gas, Europe (TTF 연동)",World Bank Pink Sheet monthly
WB_TTF_EU,1977-08,1.79,USD(원문단위),"Natural gas, Europe (TTF 연동)",World Bank Pink Sheet monthly
WB_TTF_EU,1977-09,1.79,USD(원문단위),"Natural gas, Europe (TTF 연동)",World Bank Pink Sheet monthly
WB_TTF_EU,1977-10,1.79,USD(원문단위),"Natural gas, Europe (TTF 연동)",World Bank Pink Sheet monthly
WB_TTF_EU,1977-11,1.79,USD(원문단위),"Natural gas, Europe (TTF 연동)",World Bank Pink Sheet monthly
WB_TTF_EU,1977-12,1.79,USD(원문단위),"Natural gas, Europe (TTF 연동)",World Bank Pink Sheet monthly
WB_TTF_EU,1978-01,2.3,USD(원문단위),"Natural gas, Europe (TTF 연동)",World Bank Pink Sheet monthly
WB_TTF_EU,1978-02,2.3,USD(원문단위),"Natural gas, Europe (TTF 연동)",World Bank Pink Sheet monthly
WB_TTF_EU,1978-03,2.3,USD(원문단위),"Natural gas, Europe (TTF 연동)",World Bank Pink Sheet monthly
WB_TTF_EU,1978-04,2.3,USD(원문단위),"Natural gas, Europe (TTF 연동)",World Bank Pink Sheet monthly
WB_TTF_EU,1978-05,2.3,USD(원문단위),"Natural gas, Europe (TTF 연동)",World Bank Pink Sheet monthly
WB_TTF_EU,1978-06,2.3,USD(원문단위),"Natural gas, Europe (TTF 연동)",World Bank Pink Sheet monthly
WB_TTF_EU,1978-07,2.3,USD(원문단위),"Natural gas, Europe (TTF 연동)",World Bank Pink Sheet monthly
WB_TTF_EU,1978-08,2.3,USD(원문단위),"Natural gas, Europe (TTF 연동)",World Bank Pink Sheet monthly
WB_TTF_EU,1978-09,2.3,USD(원문단위),"Natural gas, Europe (TTF 연동)",World Bank Pink Sheet monthly
WB_TTF_EU,1978-10,2.3,USD(원문단위),"Natural gas, Europe (TTF 연동)",World Bank Pink Sheet monthly
WB_TTF_EU,1978-11,2.3,USD(원문단위),"Natural gas, Europe (TTF 연동)",World Bank Pink Sheet monthly
WB_TTF_EU,1978-12,2.3,USD(원문단위),"Natural gas, Europe (TTF 연동)",World Bank Pink Sheet monthly
WB_TTF_EU,1979-01,3.26,USD(원문단위),"Natural gas, Europe (TTF 연동)",World Bank Pink Sheet monthly
WB_TTF_EU,1979-02,3.26,USD(원문단위),"Natural gas, Europe (TTF 연동)",World Bank Pink Sheet monthly
WB_TTF_EU,1979-03,3.26,USD(원문단위),"Natural gas, Europe (TTF 연동)",World Bank Pink Sheet monthly
WB_TTF_EU,1979-04,3.26,USD(원문단위),"Natural gas, Europe (TTF 연동)",World Bank Pink Sheet monthly
WB_TTF_EU,1979-05,3.26,USD(원문단위),"Natural gas, Europe (TTF 연동)",World Bank Pink Sheet monthly
WB_TTF_EU,1979-06,3.26,USD(원문단위),"Natural gas, Europe (TTF 연동)",World Bank Pink Sheet monthly
WB_TTF_EU,1979-07,3.26,USD(원문단위),"Natural gas, Europe (TTF 연동)",World Bank Pink Sheet monthly
WB_TTF_EU,1979-08,3.26,USD(원문단위),"Natural gas, Europe (TTF 연동)",World Bank Pink Sheet monthly
WB_TTF_EU,1979-09,3.26,USD(원문단위),"Natural gas, Europe (TTF 연동)",World Bank Pink Sheet monthly
WB_TTF_EU,1979-10,3.26,USD(원문단위),"Natural gas, Europe (TTF 연동)",World Bank Pink Sheet monthly
WB_TTF_EU,1979-11,3.26,USD(원문단위),"Natural gas, Europe (TTF 연동)",World Bank Pink Sheet monthly
WB_TTF_EU,1979-12,3.26,USD(원문단위),"Natural gas, Europe (TTF 연동)",World Bank Pink Sheet monthly
WB_TTF_EU,1980-01,4.22,USD(원문단위),"Natural gas, Europe (TTF 연동)",World Bank Pink Sheet monthly
WB_TTF_EU,1980-02,4.22,USD(원문단위),"Natural gas, Europe (TTF 연동)",World Bank Pink Sheet monthly
WB_TTF_EU,1980-03,4.22,USD(원문단위),"Natural gas, Europe (TTF 연동)",World Bank Pink Sheet monthly
WB_TTF_EU,1980-04,4.22,USD(원문단위),"Natural gas, Europe (TTF 연동)",World Bank Pink Sheet monthly
WB_TTF_EU,1980-05,4.22,USD(원문단위),"Natural gas, Europe (TTF 연동)",World Bank Pink Sheet monthly
WB_TTF_EU,1980-06,4.22,USD(원문단위),"Natural gas, Europe (TTF 연동)",World Bank Pink Sheet monthly
WB_TTF_EU,1980-07,4.22,USD(원문단위),"Natural gas, Europe (TTF 연동)",World Bank Pink Sheet monthly
WB_TTF_EU,1980-08,4.22,USD(원문단위),"Natural gas, Europe (TTF 연동)",World Bank Pink Sheet monthly
WB_TTF_EU,1980-09,4.22,USD(원문단위),"Natural gas, Europe (TTF 연동)",World Bank Pink Sheet monthly
WB_TTF_EU,1980-10,4.22,USD(원문단위),"Natural gas, Europe (TTF 연동)",World Bank Pink Sheet monthly
WB_TTF_EU,1980-11,4.22,USD(원문단위),"Natural gas, Europe (TTF 연동)",World Bank Pink Sheet monthly
WB_TTF_EU,1980-12,4.22,USD(원문단위),"Natural gas, Europe (TTF 연동)",World Bank Pink Sheet monthly
WB_TTF_EU,1981-01,4.6,USD(원문단위),"Natural gas, Europe (TTF 연동)",World Bank Pink Sheet monthly
WB_TTF_EU,1981-02,4.6,USD(원문단위),"Natural gas, Europe (TTF 연동)",World Bank Pink Sheet monthly
WB_TTF_EU,1981-03,4.6,USD(원문단위),"Natural gas, Europe (TTF 연동)",World Bank Pink Sheet monthly
WB_TTF_EU,1981-04,4.6,USD(원문단위),"Natural gas, Europe (TTF 연동)",World Bank Pink Sheet monthly
WB_TTF_EU,1981-05,4.6,USD(원문단위),"Natural gas, Europe (TTF 연동)",World Bank Pink Sheet monthly
WB_TTF_EU,1981-06,4.6,USD(원문단위),"Natural gas, Europe (TTF 연동)",World Bank Pink Sheet monthly
WB_TTF_EU,1981-07,4.6,USD(원문단위),"Natural gas, Europe (TTF 연동)",World Bank Pink Sheet monthly
WB_TTF_EU,1981-08,4.6,USD(원문단위),"Natural gas, Europe (TTF 연동)",World Bank Pink Sheet monthly
WB_TTF_EU,1981-09,4.6,USD(원문단위),"Natural gas, Europe (TTF 연동)",World Bank Pink Sheet monthly
WB_TTF_EU,1981-10,4.6,USD(원문단위),"Natural gas, Europe (TTF 연동)",World Bank Pink Sheet monthly
WB_TTF_EU,1981-11,4.6,USD(원문단위),"Natural gas, Europe (TTF 연동)",World Bank Pink Sheet monthly
WB_TTF_EU,1981-12,4.6,USD(원문단위),"Natural gas, Europe (TTF 연동)",World Bank Pink Sheet monthly
WB_TTF_EU,1982-01,4.45,USD(원문단위),"Natural gas, Europe (TTF 연동)",World Bank Pink Sheet monthly
WB_TTF_EU,1982-02,4.45,USD(원문단위),"Natural gas, Europe (TTF 연동)",World Bank Pink Sheet monthly
WB_TTF_EU,1982-03,4.45,USD(원문단위),"Natural gas, Europe (TTF 연동)",World Bank Pink Sheet monthly
WB_TTF_EU,1982-04,4.45,USD(원문단위),"Natural gas, Europe (TTF 연동)",World Bank Pink Sheet monthly
WB_TTF_EU,1982-05,4.45,USD(원문단위),"Natural gas, Europe (TTF 연동)",World Bank Pink Sheet monthly
WB_TTF_EU,1982-06,4.45,USD(원문단위),"Natural gas, Europe (TTF 연동)",World Bank Pink Sheet monthly
WB_TTF_EU,1982-07,4.45,USD(원문단위),"Natural gas, Europe (TTF 연동)",World Bank Pink Sheet monthly
WB_TTF_EU,1982-08,4.45,USD(원문단위),"Natural gas, Europe (TTF 연동)",World Bank Pink Sheet monthly
WB_TTF_EU,1982-09,4.45,USD(원문단위),"Natural gas, Europe (TTF 연동)",World Bank Pink Sheet monthly
WB_TTF_EU,1982-10,4.45,USD(원문단위),"Natural gas, Europe (TTF 연동)",World Bank Pink Sheet monthly
WB_TTF_EU,1982-11,4.45,USD(원문단위),"Natural gas, Europe (TTF 연동)",World Bank Pink Sheet monthly
WB_TTF_EU,1982-12,4.45,USD(원문단위),"Natural gas, Europe (TTF 연동)",World Bank Pink Sheet monthly
WB_TTF_EU,1983-01,4.05,USD(원문단위),"Natural gas, Europe (TTF 연동)",World Bank Pink Sheet monthly
WB_TTF_EU,1983-02,4.05,USD(원문단위),"Natural gas, Europe (TTF 연동)",World Bank Pink Sheet monthly
WB_TTF_EU,1983-03,4.05,USD(원문단위),"Natural gas, Europe (TTF 연동)",World Bank Pink Sheet monthly
WB_TTF_EU,1983-04,4.05,USD(원문단위),"Natural gas, Europe (TTF 연동)",World Bank Pink Sheet monthly
WB_TTF_EU,1983-05,4.05,USD(원문단위),"Natural gas, Europe (TTF 연동)",World Bank Pink Sheet monthly
WB_TTF_EU,1983-06,4.05,USD(원문단위),"Natural gas, Europe (TTF 연동)",World Bank Pink Sheet monthly
WB_TTF_EU,1983-07,4.05,USD(원문단위),"Natural gas, Europe (TTF 연동)",World Bank Pink Sheet monthly
WB_TTF_EU,1983-08,4.05,USD(원문단위),"Natural gas, Europe (TTF 연동)",World Bank Pink Sheet monthly
WB_TTF_EU,1983-09,4.05,USD(원문단위),"Natural gas, Europe (TTF 연동)",World Bank Pink Sheet monthly
WB_TTF_EU,1983-10,4.05,USD(원문단위),"Natural gas, Europe (TTF 연동)",World Bank Pink Sheet monthly
WB_TTF_EU,1983-11,4.05,USD(원문단위),"Natural gas, Europe (TTF 연동)",World Bank Pink Sheet monthly
WB_TTF_EU,1983-12,4.05,USD(원문단위),"Natural gas, Europe (TTF 연동)",World Bank Pink Sheet monthly
WB_TTF_EU,1984-01,3.76,USD(원문단위),"Natural gas, Europe (TTF 연동)",World Bank Pink Sheet monthly
WB_TTF_EU,1984-02,3.76,USD(원문단위),"Natural gas, Europe (TTF 연동)",World Bank Pink Sheet monthly
WB_TTF_EU,1984-03,3.76,USD(원문단위),"Natural gas, Europe (TTF 연동)",World Bank Pink Sheet monthly
WB_TTF_EU,1984-04,3.76,USD(원문단위),"Natural gas, Europe (TTF 연동)",World Bank Pink Sheet monthly
WB_TTF_EU,1984-05,3.76,USD(원문단위),"Natural gas, Europe (TTF 연동)",World Bank Pink Sheet monthly
WB_TTF_EU,1984-06,3.76,USD(원문단위),"Natural gas, Europe (TTF 연동)",World Bank Pink Sheet monthly
WB_TTF_EU,1984-07,3.76,USD(원문단위),"Natural gas, Europe (TTF 연동)",World Bank Pink Sheet monthly
WB_TTF_EU,1984-08,3.76,USD(원문단위),"Natural gas, Europe (TTF 연동)",World Bank Pink Sheet monthly
WB_TTF_EU,1984-09,3.76,USD(원문단위),"Natural gas, Europe (TTF 연동)",World Bank Pink Sheet monthly
WB_TTF_EU,1984-10,3.76,USD(원문단위),"Natural gas, Europe (TTF 연동)",World Bank Pink Sheet monthly
WB_TTF_EU,1984-11,3.76,USD(원문단위),"Natural gas, Europe (TTF 연동)",World Bank Pink Sheet monthly
WB_TTF_EU,1984-12,3.76,USD(원문단위),"Natural gas, Europe (TTF 연동)",World Bank Pink Sheet monthly
WB_TTF_EU,1985-01,3.65,USD(원문단위),"Natural gas, Europe (TTF 연동)",World Bank Pink Sheet monthly
WB_TTF_EU,1985-02,3.65,USD(원문단위),"Natural gas, Europe (TTF 연동)",World Bank Pink Sheet monthly
WB_TTF_EU,1985-03,3.65,USD(원문단위),"Natural gas, Europe (TTF 연동)",World Bank Pink Sheet monthly
WB_TTF_EU,1985-04,3.65,USD(원문단위),"Natural gas, Europe (TTF 연동)",World Bank Pink Sheet monthly
WB_TTF_EU,1985-05,3.65,USD(원문단위),"Natural gas, Europe (TTF 연동)",World Bank Pink Sheet monthly
WB_TTF_EU,1985-06,3.65,USD(원문단위),"Natural gas, Europe (TTF 연동)",World Bank Pink Sheet monthly
WB_TTF_EU,1985-07,3.65,USD(원문단위),"Natural gas, Europe (TTF 연동)",World Bank Pink Sheet monthly
WB_TTF_EU,1985-08,3.65,USD(원문단위),"Natural gas, Europe (TTF 연동)",World Bank Pink Sheet monthly
WB_TTF_EU,1985-09,3.65,USD(원문단위),"Natural gas, Europe (TTF 연동)",World Bank Pink Sheet monthly
WB_TTF_EU,1985-10,3.65,USD(원문단위),"Natural gas, Europe (TTF 연동)",World Bank Pink Sheet monthly
WB_TTF_EU,1985-11,3.65,USD(원문단위),"Natural gas, Europe (TTF 연동)",World Bank Pink Sheet monthly
WB_TTF_EU,1985-12,3.65,USD(원문단위),"Natural gas, Europe (TTF 연동)",World Bank Pink Sheet monthly
WB_TTF_EU,1986-01,3.65,USD(원문단위),"Natural gas, Europe (TTF 연동)",World Bank Pink Sheet monthly
WB_TTF_EU,1986-02,3.65,USD(원문단위),"Natural gas, Europe (TTF 연동)",World Bank Pink Sheet monthly
WB_TTF_EU,1986-03,3.65,USD(원문단위),"Natural gas, Europe (TTF 연동)",World Bank Pink Sheet monthly
WB_TTF_EU,1986-04,3.65,USD(원문단위),"Natural gas, Europe (TTF 연동)",World Bank Pink Sheet monthly
WB_TTF_EU,1986-05,3.65,USD(원문단위),"Natural gas, Europe (TTF 연동)",World Bank Pink Sheet monthly
WB_TTF_EU,1986-06,3.65,USD(원문단위),"Natural gas, Europe (TTF 연동)",World Bank Pink Sheet monthly
WB_TTF_EU,1986-07,3.65,USD(원문단위),"Natural gas, Europe (TTF 연동)",World Bank Pink Sheet monthly
WB_TTF_EU,1986-08,3.65,USD(원문단위),"Natural gas, Europe (TTF 연동)",World Bank Pink Sheet monthly
WB_TTF_EU,1986-09,3.65,USD(원문단위),"Natural gas, Europe (TTF 연동)",World Bank Pink Sheet monthly
WB_TTF_EU,1986-10,3.65,USD(원문단위),"Natural gas, Europe (TTF 연동)",World Bank Pink Sheet monthly
WB_TTF_EU,1986-11,3.65,USD(원문단위),"Natural gas, Europe (TTF 연동)",World Bank Pink Sheet monthly
WB_TTF_EU,1986-12,3.65,USD(원문단위),"Natural gas, Europe (TTF 연동)",World Bank Pink Sheet monthly
WB_TTF_EU,1987-01,2.59,USD(원문단위),"Natural gas, Europe (TTF 연동)",World Bank Pink Sheet monthly
WB_TTF_EU,1987-02,2.59,USD(원문단위),"Natural gas, Europe (TTF 연동)",World Bank Pink Sheet monthly
WB_TTF_EU,1987-03,2.59,USD(원문단위),"Natural gas, Europe (TTF 연동)",World Bank Pink Sheet monthly
WB_TTF_EU,1987-04,2.59,USD(원문단위),"Natural gas, Europe (TTF 연동)",World Bank Pink Sheet monthly
WB_TTF_EU,1987-05,2.59,USD(원문단위),"Natural gas, Europe (TTF 연동)",World Bank Pink Sheet monthly
WB_TTF_EU,1987-06,2.59,USD(원문단위),"Natural gas, Europe (TTF 연동)",World Bank Pink Sheet monthly
WB_TTF_EU,1987-07,2.59,USD(원문단위),"Natural gas, Europe (TTF 연동)",World Bank Pink Sheet monthly
WB_TTF_EU,1987-08,2.59,USD(원문단위),"Natural gas, Europe (TTF 연동)",World Bank Pink Sheet monthly
WB_TTF_EU,1987-09,2.59,USD(원문단위),"Natural gas, Europe (TTF 연동)",World Bank Pink Sheet monthly
WB_TTF_EU,1987-10,2.59,USD(원문단위),"Natural gas, Europe (TTF 연동)",World Bank Pink Sheet monthly
WB_TTF_EU,1987-11,2.59,USD(원문단위),"Natural gas, Europe (TTF 연동)",World Bank Pink Sheet monthly
WB_TTF_EU,1987-12,2.59,USD(원문단위),"Natural gas, Europe (TTF 연동)",World Bank Pink Sheet monthly
WB_TTF_EU,1988-01,2.36,USD(원문단위),"Natural gas, Europe (TTF 연동)",World Bank Pink Sheet monthly
WB_TTF_EU,1988-02,2.36,USD(원문단위),"Natural gas, Europe (TTF 연동)",World Bank Pink Sheet monthly
WB_TTF_EU,1988-03,2.36,USD(원문단위),"Natural gas, Europe (TTF 연동)",World Bank Pink Sheet monthly
WB_TTF_EU,1988-04,2.36,USD(원문단위),"Natural gas, Europe (TTF 연동)",World Bank Pink Sheet monthly
WB_TTF_EU,1988-05,2.36,USD(원문단위),"Natural gas, Europe (TTF 연동)",World Bank Pink Sheet monthly
WB_TTF_EU,1988-06,2.36,USD(원문단위),"Natural gas, Europe (TTF 연동)",World Bank Pink Sheet monthly
WB_TTF_EU,1988-07,2.36,USD(원문단위),"Natural gas, Europe (TTF 연동)",World Bank Pink Sheet monthly
WB_TTF_EU,1988-08,2.36,USD(원문단위),"Natural gas, Europe (TTF 연동)",World Bank Pink Sheet monthly
WB_TTF_EU,1988-09,2.36,USD(원문단위),"Natural gas, Europe (TTF 연동)",World Bank Pink Sheet monthly
WB_TTF_EU,1988-10,2.36,USD(원문단위),"Natural gas, Europe (TTF 연동)",World Bank Pink Sheet monthly
WB_TTF_EU,1988-11,2.36,USD(원문단위),"Natural gas, Europe (TTF 연동)",World Bank Pink Sheet monthly
WB_TTF_EU,1988-12,2.36,USD(원문단위),"Natural gas, Europe (TTF 연동)",World Bank Pink Sheet monthly
WB_TTF_EU,1989-01,2.09,USD(원문단위),"Natural gas, Europe (TTF 연동)",World Bank Pink Sheet monthly
WB_TTF_EU,1989-02,2.09,USD(원문단위),"Natural gas, Europe (TTF 연동)",World Bank Pink Sheet monthly
WB_TTF_EU,1989-03,2.09,USD(원문단위),"Natural gas, Europe (TTF 연동)",World Bank Pink Sheet monthly
WB_TTF_EU,1989-04,2.09,USD(원문단위),"Natural gas, Europe (TTF 연동)",World Bank Pink Sheet monthly
WB_TTF_EU,1989-05,2.09,USD(원문단위),"Natural gas, Europe (TTF 연동)",World Bank Pink Sheet monthly
WB_TTF_EU,1989-06,2.09,USD(원문단위),"Natural gas, Europe (TTF 연동)",World Bank Pink Sheet monthly
WB_TTF_EU,1989-07,2.09,USD(원문단위),"Natural gas, Europe (TTF 연동)",World Bank Pink Sheet monthly
WB_TTF_EU,1989-08,2.09,USD(원문단위),"Natural gas, Europe (TTF 연동)",World Bank Pink Sheet monthly
WB_TTF_EU,1989-09,2.09,USD(원문단위),"Natural gas, Europe (TTF 연동)",World Bank Pink Sheet monthly
WB_TTF_EU,1989-10,2.09,USD(원문단위),"Natural gas, Europe (TTF 연동)",World Bank Pink Sheet monthly
WB_TTF_EU,1989-11,2.09,USD(원문단위),"Natural gas, Europe (TTF 연동)",World Bank Pink Sheet monthly
WB_TTF_EU,1989-12,2.09,USD(원문단위),"Natural gas, Europe (TTF 연동)",World Bank Pink Sheet monthly
WB_TTF_EU,1990-01,2.82,USD(원문단위),"Natural gas, Europe (TTF 연동)",World Bank Pink Sheet monthly
WB_TTF_EU,1990-02,2.82,USD(원문단위),"Natural gas, Europe (TTF 연동)",World Bank Pink Sheet monthly
WB_TTF_EU,1990-03,2.82,USD(원문단위),"Natural gas, Europe (TTF 연동)",World Bank Pink Sheet monthly
WB_TTF_EU,1990-04,2.82,USD(원문단위),"Natural gas, Europe (TTF 연동)",World Bank Pink Sheet monthly
WB_TTF_EU,1990-05,2.82,USD(원문단위),"Natural gas, Europe (TTF 연동)",World Bank Pink Sheet monthly
WB_TTF_EU,1990-06,2.82,USD(원문단위),"Natural gas, Europe (TTF 연동)",World Bank Pink Sheet monthly
WB_TTF_EU,1990-07,2.82,USD(원문단위),"Natural gas, Europe (TTF 연동)",World Bank Pink Sheet monthly
WB_TTF_EU,1990-08,2.82,USD(원문단위),"Natural gas, Europe (TTF 연동)",World Bank Pink Sheet monthly
WB_TTF_EU,1990-09,2.82,USD(원문단위),"Natural gas, Europe (TTF 연동)",World Bank Pink Sheet monthly
WB_TTF_EU,1990-10,2.82,USD(원문단위),"Natural gas, Europe (TTF 연동)",World Bank Pink Sheet monthly
WB_TTF_EU,1990-11,2.82,USD(원문단위),"Natural gas, Europe (TTF 연동)",World Bank Pink Sheet monthly
WB_TTF_EU,1990-12,2.82,USD(원문단위),"Natural gas, Europe (TTF 연동)",World Bank Pink Sheet monthly
WB_TTF_EU,1991-01,3.44,USD(원문단위),"Natural gas, Europe (TTF 연동)",World Bank Pink Sheet monthly
WB_TTF_EU,1991-02,3.41,USD(원문단위),"Natural gas, Europe (TTF 연동)",World Bank Pink Sheet monthly
WB_TTF_EU,1991-03,3.33,USD(원문단위),"Natural gas, Europe (TTF 연동)",World Bank Pink Sheet monthly
WB_TTF_EU,1991-04,3.47,USD(원문단위),"Natural gas, Europe (TTF 연동)",World Bank Pink Sheet monthly
WB_TTF_EU,1991-05,3.37,USD(원문단위),"Natural gas, Europe (TTF 연동)",World Bank Pink Sheet monthly
WB_TTF_EU,1991-06,3.29,USD(원문단위),"Natural gas, Europe (TTF 연동)",World Bank Pink Sheet monthly
WB_TTF_EU,1991-07,3.0,USD(원문단위),"Natural gas, Europe (TTF 연동)",World Bank Pink Sheet monthly
WB_TTF_EU,1991-08,2.98,USD(원문단위),"Natural gas, Europe (TTF 연동)",World Bank Pink Sheet monthly
WB_TTF_EU,1991-09,2.97,USD(원문단위),"Natural gas, Europe (TTF 연동)",World Bank Pink Sheet monthly
WB_TTF_EU,1991-10,2.71,USD(원문단위),"Natural gas, Europe (TTF 연동)",World Bank Pink Sheet monthly
WB_TTF_EU,1991-11,2.7,USD(원문단위),"Natural gas, Europe (TTF 연동)",World Bank Pink Sheet monthly
WB_TTF_EU,1991-12,2.7,USD(원문단위),"Natural gas, Europe (TTF 연동)",World Bank Pink Sheet monthly
WB_TTF_EU,1992-01,2.57,USD(원문단위),"Natural gas, Europe (TTF 연동)",World Bank Pink Sheet monthly
WB_TTF_EU,1992-02,2.5,USD(원문단위),"Natural gas, Europe (TTF 연동)",World Bank Pink Sheet monthly
WB_TTF_EU,1992-03,2.58,USD(원문단위),"Natural gas, Europe (TTF 연동)",World Bank Pink Sheet monthly
WB_TTF_EU,1992-04,2.47,USD(원문단위),"Natural gas, Europe (TTF 연동)",World Bank Pink Sheet monthly
WB_TTF_EU,1992-05,2.49,USD(원문단위),"Natural gas, Europe (TTF 연동)",World Bank Pink Sheet monthly
WB_TTF_EU,1992-06,2.5,USD(원문단위),"Natural gas, Europe (TTF 연동)",World Bank Pink Sheet monthly
WB_TTF_EU,1992-07,2.55,USD(원문단위),"Natural gas, Europe (TTF 연동)",World Bank Pink Sheet monthly
WB_TTF_EU,1992-08,2.56,USD(원문단위),"Natural gas, Europe (TTF 연동)",World Bank Pink Sheet monthly
WB_TTF_EU,1992-09,2.57,USD(원문단위),"Natural gas, Europe (TTF 연동)",World Bank Pink Sheet monthly
WB_TTF_EU,1992-10,2.63,USD(원문단위),"Natural gas, Europe (TTF 연동)",World Bank Pink Sheet monthly
WB_TTF_EU,1992-11,2.64,USD(원문단위),"Natural gas, Europe (TTF 연동)",World Bank Pink Sheet monthly
WB_TTF_EU,1992-12,2.64,USD(원문단위),"Natural gas, Europe (TTF 연동)",World Bank Pink Sheet monthly
WB_TTF_EU,1993-01,2.76,USD(원문단위),"Natural gas, Europe (TTF 연동)",World Bank Pink Sheet monthly
WB_TTF_EU,1993-02,2.74,USD(원문단위),"Natural gas, Europe (TTF 연동)",World Bank Pink Sheet monthly
WB_TTF_EU,1993-03,2.75,USD(원문단위),"Natural gas, Europe (TTF 연동)",World Bank Pink Sheet monthly
WB_TTF_EU,1993-04,2.68,USD(원문단위),"Natural gas, Europe (TTF 연동)",World Bank Pink Sheet monthly
WB_TTF_EU,1993-05,2.68,USD(원문단위),"Natural gas, Europe (TTF 연동)",World Bank Pink Sheet monthly
WB_TTF_EU,1993-06,2.68,USD(원문단위),"Natural gas, Europe (TTF 연동)",World Bank Pink Sheet monthly
WB_TTF_EU,1993-07,2.66,USD(원문단위),"Natural gas, Europe (TTF 연동)",World Bank Pink Sheet monthly
WB_TTF_EU,1993-08,2.65,USD(원문단위),"Natural gas, Europe (TTF 연동)",World Bank Pink Sheet monthly
WB_TTF_EU,1993-09,2.62,USD(원문단위),"Natural gas, Europe (TTF 연동)",World Bank Pink Sheet monthly
WB_TTF_EU,1993-10,2.62,USD(원문단위),"Natural gas, Europe (TTF 연동)",World Bank Pink Sheet monthly
WB_TTF_EU,1993-11,2.62,USD(원문단위),"Natural gas, Europe (TTF 연동)",World Bank Pink Sheet monthly
WB_TTF_EU,1993-12,2.6,USD(원문단위),"Natural gas, Europe (TTF 연동)",World Bank Pink Sheet monthly
WB_TTF_EU,1994-01,2.47,USD(원문단위),"Natural gas, Europe (TTF 연동)",World Bank Pink Sheet monthly
WB_TTF_EU,1994-02,2.36,USD(원문단위),"Natural gas, Europe (TTF 연동)",World Bank Pink Sheet monthly
WB_TTF_EU,1994-03,2.36,USD(원문단위),"Natural gas, Europe (TTF 연동)",World Bank Pink Sheet monthly
WB_TTF_EU,1994-04,2.36,USD(원문단위),"Natural gas, Europe (TTF 연동)",World Bank Pink Sheet monthly
WB_TTF_EU,1994-05,2.36,USD(원문단위),"Natural gas, Europe (TTF 연동)",World Bank Pink Sheet monthly
WB_TTF_EU,1994-06,2.36,USD(원문단위),"Natural gas, Europe (TTF 연동)",World Bank Pink Sheet monthly
WB_TTF_EU,1994-07,2.42,USD(원문단위),"Natural gas, Europe (TTF 연동)",World Bank Pink Sheet monthly
WB_TTF_EU,1994-08,2.46,USD(원문단위),"Natural gas, Europe (TTF 연동)",World Bank Pink Sheet monthly
WB_TTF_EU,1994-09,2.48,USD(원문단위),"Natural gas, Europe (TTF 연동)",World Bank Pink Sheet monthly
WB_TTF_EU,1994-10,2.56,USD(원문단위),"Natural gas, Europe (TTF 연동)",World Bank Pink Sheet monthly
WB_TTF_EU,1994-11,2.57,USD(원문단위),"Natural gas, Europe (TTF 연동)",World Bank Pink Sheet monthly
WB_TTF_EU,1994-12,2.56,USD(원문단위),"Natural gas, Europe (TTF 연동)",World Bank Pink Sheet monthly
WB_TTF_EU,1995-01,2.66,USD(원문단위),"Natural gas, Europe (TTF 연동)",World Bank Pink Sheet monthly
WB_TTF_EU,1995-02,2.66,USD(원문단위),"Natural gas, Europe (TTF 연동)",World Bank Pink Sheet monthly
WB_TTF_EU,1995-03,2.65,USD(원문단위),"Natural gas, Europe (TTF 연동)",World Bank Pink Sheet monthly
WB_TTF_EU,1995-04,2.71,USD(원문단위),"Natural gas, Europe (TTF 연동)",World Bank Pink Sheet monthly
WB_TTF_EU,1995-05,2.71,USD(원문단위),"Natural gas, Europe (TTF 연동)",World Bank Pink Sheet monthly
WB_TTF_EU,1995-06,2.73,USD(원문단위),"Natural gas, Europe (TTF 연동)",World Bank Pink Sheet monthly
WB_TTF_EU,1995-07,2.8,USD(원문단위),"Natural gas, Europe (TTF 연동)",World Bank Pink Sheet monthly
WB_TTF_EU,1995-08,2.8,USD(원문단위),"Natural gas, Europe (TTF 연동)",World Bank Pink Sheet monthly
WB_TTF_EU,1995-09,2.78,USD(원문단위),"Natural gas, Europe (TTF 연동)",World Bank Pink Sheet monthly
WB_TTF_EU,1995-10,2.75,USD(원문단위),"Natural gas, Europe (TTF 연동)",World Bank Pink Sheet monthly
WB_TTF_EU,1995-11,2.75,USD(원문단위),"Natural gas, Europe (TTF 연동)",World Bank Pink Sheet monthly
WB_TTF_EU,1995-12,2.73,USD(원문단위),"Natural gas, Europe (TTF 연동)",World Bank Pink Sheet monthly
WB_TTF_EU,1996-01,2.75,USD(원문단위),"Natural gas, Europe (TTF 연동)",World Bank Pink Sheet monthly
WB_TTF_EU,1996-02,2.77,USD(원문단위),"Natural gas, Europe (TTF 연동)",World Bank Pink Sheet monthly
WB_TTF_EU,1996-03,2.67,USD(원문단위),"Natural gas, Europe (TTF 연동)",World Bank Pink Sheet monthly
WB_TTF_EU,1996-04,3.1,USD(원문단위),"Natural gas, Europe (TTF 연동)",World Bank Pink Sheet monthly
WB_TTF_EU,1996-05,2.81,USD(원문단위),"Natural gas, Europe (TTF 연동)",World Bank Pink Sheet monthly
WB_TTF_EU,1996-06,2.81,USD(원문단위),"Natural gas, Europe (TTF 연동)",World Bank Pink Sheet monthly
WB_TTF_EU,1996-07,2.78,USD(원문단위),"Natural gas, Europe (TTF 연동)",World Bank Pink Sheet monthly
WB_TTF_EU,1996-08,2.79,USD(원문단위),"Natural gas, Europe (TTF 연동)",World Bank Pink Sheet monthly
WB_TTF_EU,1996-09,2.79,USD(원문단위),"Natural gas, Europe (TTF 연동)",World Bank Pink Sheet monthly
WB_TTF_EU,1996-10,2.94,USD(원문단위),"Natural gas, Europe (TTF 연동)",World Bank Pink Sheet monthly
WB_TTF_EU,1996-11,2.96,USD(원문단위),"Natural gas, Europe (TTF 연동)",World Bank Pink Sheet monthly
WB_TTF_EU,1996-12,2.96,USD(원문단위),"Natural gas, Europe (TTF 연동)",World Bank Pink Sheet monthly
WB_TTF_EU,1997-01,2.89,USD(원문단위),"Natural gas, Europe (TTF 연동)",World Bank Pink Sheet monthly
WB_TTF_EU,1997-02,2.89,USD(원문단위),"Natural gas, Europe (TTF 연동)",World Bank Pink Sheet monthly
WB_TTF_EU,1997-03,2.83,USD(원문단위),"Natural gas, Europe (TTF 연동)",World Bank Pink Sheet monthly
WB_TTF_EU,1997-04,2.77,USD(원문단위),"Natural gas, Europe (TTF 연동)",World Bank Pink Sheet monthly
WB_TTF_EU,1997-05,2.74,USD(원문단위),"Natural gas, Europe (TTF 연동)",World Bank Pink Sheet monthly
WB_TTF_EU,1997-06,2.76,USD(원문단위),"Natural gas, Europe (TTF 연동)",World Bank Pink Sheet monthly
WB_TTF_EU,1997-07,2.67,USD(원문단위),"Natural gas, Europe (TTF 연동)",World Bank Pink Sheet monthly
WB_TTF_EU,1997-08,2.67,USD(원문단위),"Natural gas, Europe (TTF 연동)",World Bank Pink Sheet monthly
WB_TTF_EU,1997-09,2.7,USD(원문단위),"Natural gas, Europe (TTF 연동)",World Bank Pink Sheet monthly
WB_TTF_EU,1997-10,2.63,USD(원문단위),"Natural gas, Europe (TTF 연동)",World Bank Pink Sheet monthly
WB_TTF_EU,1997-11,2.66,USD(원문단위),"Natural gas, Europe (TTF 연동)",World Bank Pink Sheet monthly
WB_TTF_EU,1997-12,2.65,USD(원문단위),"Natural gas, Europe (TTF 연동)",World Bank Pink Sheet monthly
WB_TTF_EU,1998-01,2.65,USD(원문단위),"Natural gas, Europe (TTF 연동)",World Bank Pink Sheet monthly
WB_TTF_EU,1998-02,2.63,USD(원문단위),"Natural gas, Europe (TTF 연동)",World Bank Pink Sheet monthly
WB_TTF_EU,1998-03,2.61,USD(원문단위),"Natural gas, Europe (TTF 연동)",World Bank Pink Sheet monthly
WB_TTF_EU,1998-04,2.54,USD(원문단위),"Natural gas, Europe (TTF 연동)",World Bank Pink Sheet monthly
WB_TTF_EU,1998-05,2.51,USD(원문단위),"Natural gas, Europe (TTF 연동)",World Bank Pink Sheet monthly
WB_TTF_EU,1998-06,2.5,USD(원문단위),"Natural gas, Europe (TTF 연동)",World Bank Pink Sheet monthly
WB_TTF_EU,1998-07,2.4,USD(원문단위),"Natural gas, Europe (TTF 연동)",World Bank Pink Sheet monthly
WB_TTF_EU,1998-08,2.37,USD(원문단위),"Natural gas, Europe (TTF 연동)",World Bank Pink Sheet monthly
WB_TTF_EU,1998-09,2.33,USD(원문단위),"Natural gas, Europe (TTF 연동)",World Bank Pink Sheet monthly
WB_TTF_EU,1998-10,2.17,USD(원문단위),"Natural gas, Europe (TTF 연동)",World Bank Pink Sheet monthly
WB_TTF_EU,1998-11,2.15,USD(원문단위),"Natural gas, Europe (TTF 연동)",World Bank Pink Sheet monthly
WB_TTF_EU,1998-12,2.13,USD(원문단위),"Natural gas, Europe (TTF 연동)",World Bank Pink Sheet monthly
WB_TTF_EU,1999-01,2.02,USD(원문단위),"Natural gas, Europe (TTF 연동)",World Bank Pink Sheet monthly
WB_TTF_EU,1999-02,2.01,USD(원문단위),"Natural gas, Europe (TTF 연동)",World Bank Pink Sheet monthly
WB_TTF_EU,1999-03,1.95,USD(원문단위),"Natural gas, Europe (TTF 연동)",World Bank Pink Sheet monthly
WB_TTF_EU,1999-04,1.87,USD(원문단위),"Natural gas, Europe (TTF 연동)",World Bank Pink Sheet monthly
WB_TTF_EU,1999-05,1.89,USD(원문단위),"Natural gas, Europe (TTF 연동)",World Bank Pink Sheet monthly
WB_TTF_EU,1999-06,1.91,USD(원문단위),"Natural gas, Europe (TTF 연동)",World Bank Pink Sheet monthly
WB_TTF_EU,1999-07,2.0,USD(원문단위),"Natural gas, Europe (TTF 연동)",World Bank Pink Sheet monthly
WB_TTF_EU,1999-08,2.08,USD(원문단위),"Natural gas, Europe (TTF 연동)",World Bank Pink Sheet monthly
WB_TTF_EU,1999-09,2.2,USD(원문단위),"Natural gas, Europe (TTF 연동)",World Bank Pink Sheet monthly
WB_TTF_EU,1999-10,2.47,USD(원문단위),"Natural gas, Europe (TTF 연동)",World Bank Pink Sheet monthly
WB_TTF_EU,1999-11,2.51,USD(원문단위),"Natural gas, Europe (TTF 연동)",World Bank Pink Sheet monthly
WB_TTF_EU,1999-12,2.66,USD(원문단위),"Natural gas, Europe (TTF 연동)",World Bank Pink Sheet monthly
WB_TTF_EU,2000-01,3.36,USD(원문단위),"Natural gas, Europe (TTF 연동)",World Bank Pink Sheet monthly
WB_TTF_EU,2000-02,3.46,USD(원문단위),"Natural gas, Europe (TTF 연동)",World Bank Pink Sheet monthly
WB_TTF_EU,2000-03,3.51,USD(원문단위),"Natural gas, Europe (TTF 연동)",World Bank Pink Sheet monthly
WB_TTF_EU,2000-04,3.68,USD(원문단위),"Natural gas, Europe (TTF 연동)",World Bank Pink Sheet monthly
WB_TTF_EU,2000-05,3.55,USD(원문단위),"Natural gas, Europe (TTF 연동)",World Bank Pink Sheet monthly
WB_TTF_EU,2000-06,3.6,USD(원문단위),"Natural gas, Europe (TTF 연동)",World Bank Pink Sheet monthly
WB_TTF_EU,2000-07,3.96,USD(원문단위),"Natural gas, Europe (TTF 연동)",World Bank Pink Sheet monthly
WB_TTF_EU,2000-08,4.01,USD(원문단위),"Natural gas, Europe (TTF 연동)",World Bank Pink Sheet monthly
WB_TTF_EU,2000-09,4.03,USD(원문단위),"Natural gas, Europe (TTF 연동)",World Bank Pink Sheet monthly
WB_TTF_EU,2000-10,4.31,USD(원문단위),"Natural gas, Europe (TTF 연동)",World Bank Pink Sheet monthly
WB_TTF_EU,2000-11,4.39,USD(원문단위),"Natural gas, Europe (TTF 연동)",World Bank Pink Sheet monthly
WB_TTF_EU,2000-12,4.44,USD(원문단위),"Natural gas, Europe (TTF 연동)",World Bank Pink Sheet monthly
WB_TTF_EU,2001-01,4.65,USD(원문단위),"Natural gas, Europe (TTF 연동)",World Bank Pink Sheet monthly
WB_TTF_EU,2001-02,4.59,USD(원문단위),"Natural gas, Europe (TTF 연동)",World Bank Pink Sheet monthly
WB_TTF_EU,2001-03,4.57,USD(원문단위),"Natural gas, Europe (TTF 연동)",World Bank Pink Sheet monthly
WB_TTF_EU,2001-04,4.48,USD(원문단위),"Natural gas, Europe (TTF 연동)",World Bank Pink Sheet monthly
WB_TTF_EU,2001-05,4.36,USD(원문단위),"Natural gas, Europe (TTF 연동)",World Bank Pink Sheet monthly
WB_TTF_EU,2001-06,4.33,USD(원문단위),"Natural gas, Europe (TTF 연동)",World Bank Pink Sheet monthly
WB_TTF_EU,2001-07,3.75,USD(원문단위),"Natural gas, Europe (TTF 연동)",World Bank Pink Sheet monthly
WB_TTF_EU,2001-08,3.79,USD(원문단위),"Natural gas, Europe (TTF 연동)",World Bank Pink Sheet monthly
WB_TTF_EU,2001-09,3.79,USD(원문단위),"Natural gas, Europe (TTF 연동)",World Bank Pink Sheet monthly
WB_TTF_EU,2001-10,3.52,USD(원문단위),"Natural gas, Europe (TTF 연동)",World Bank Pink Sheet monthly
WB_TTF_EU,2001-11,3.46,USD(원문단위),"Natural gas, Europe (TTF 연동)",World Bank Pink Sheet monthly
WB_TTF_EU,2001-12,3.4,USD(원문단위),"Natural gas, Europe (TTF 연동)",World Bank Pink Sheet monthly
WB_TTF_EU,2002-01,3.06,USD(원문단위),"Natural gas, Europe (TTF 연동)",World Bank Pink Sheet monthly
WB_TTF_EU,2002-02,3.03,USD(원문단위),"Natural gas, Europe (TTF 연동)",World Bank Pink Sheet monthly
WB_TTF_EU,2002-03,2.97,USD(원문단위),"Natural gas, Europe (TTF 연동)",World Bank Pink Sheet monthly
WB_TTF_EU,2002-04,2.81,USD(원문단위),"Natural gas, Europe (TTF 연동)",World Bank Pink Sheet monthly
WB_TTF_EU,2002-05,2.83,USD(원문단위),"Natural gas, Europe (TTF 연동)",World Bank Pink Sheet monthly
WB_TTF_EU,2002-06,2.9,USD(원문단위),"Natural gas, Europe (TTF 연동)",World Bank Pink Sheet monthly
WB_TTF_EU,2002-07,2.95,USD(원문단위),"Natural gas, Europe (TTF 연동)",World Bank Pink Sheet monthly
WB_TTF_EU,2002-08,3.01,USD(원문단위),"Natural gas, Europe (TTF 연동)",World Bank Pink Sheet monthly
WB_TTF_EU,2002-09,3.08,USD(원문단위),"Natural gas, Europe (TTF 연동)",World Bank Pink Sheet monthly
WB_TTF_EU,2002-10,3.28,USD(원문단위),"Natural gas, Europe (TTF 연동)",World Bank Pink Sheet monthly
WB_TTF_EU,2002-11,3.34,USD(원문단위),"Natural gas, Europe (TTF 연동)",World Bank Pink Sheet monthly
WB_TTF_EU,2002-12,3.36,USD(원문단위),"Natural gas, Europe (TTF 연동)",World Bank Pink Sheet monthly
WB_TTF_EU,2003-01,3.61,USD(원문단위),"Natural gas, Europe (TTF 연동)",World Bank Pink Sheet monthly
WB_TTF_EU,2003-02,3.67,USD(원문단위),"Natural gas, Europe (TTF 연동)",World Bank Pink Sheet monthly
WB_TTF_EU,2003-03,3.74,USD(원문단위),"Natural gas, Europe (TTF 연동)",World Bank Pink Sheet monthly
WB_TTF_EU,2003-04,4.03,USD(원문단위),"Natural gas, Europe (TTF 연동)",World Bank Pink Sheet monthly
WB_TTF_EU,2003-05,4.04,USD(원문단위),"Natural gas, Europe (TTF 연동)",World Bank Pink Sheet monthly
WB_TTF_EU,2003-06,4.05,USD(원문단위),"Natural gas, Europe (TTF 연동)",World Bank Pink Sheet monthly
WB_TTF_EU,2003-07,4.04,USD(원문단위),"Natural gas, Europe (TTF 연동)",World Bank Pink Sheet monthly
WB_TTF_EU,2003-08,3.98,USD(원문단위),"Natural gas, Europe (TTF 연동)",World Bank Pink Sheet monthly
WB_TTF_EU,2003-09,3.97,USD(원문단위),"Natural gas, Europe (TTF 연동)",World Bank Pink Sheet monthly
WB_TTF_EU,2003-10,3.88,USD(원문단위),"Natural gas, Europe (TTF 연동)",World Bank Pink Sheet monthly
WB_TTF_EU,2003-11,3.9,USD(원문단위),"Natural gas, Europe (TTF 연동)",World Bank Pink Sheet monthly
WB_TTF_EU,2003-12,3.97,USD(원문단위),"Natural gas, Europe (TTF 연동)",World Bank Pink Sheet monthly
WB_TTF_EU,2004-01,3.87,USD(원문단위),"Natural gas, Europe (TTF 연동)",World Bank Pink Sheet monthly
WB_TTF_EU,2004-02,3.89,USD(원문단위),"Natural gas, Europe (TTF 연동)",World Bank Pink Sheet monthly
WB_TTF_EU,2004-03,3.86,USD(원문단위),"Natural gas, Europe (TTF 연동)",World Bank Pink Sheet monthly
WB_TTF_EU,2004-04,3.92,USD(원문단위),"Natural gas, Europe (TTF 연동)",World Bank Pink Sheet monthly
WB_TTF_EU,2004-05,3.95,USD(원문단위),"Natural gas, Europe (TTF 연동)",World Bank Pink Sheet monthly
WB_TTF_EU,2004-06,4.01,USD(원문단위),"Natural gas, Europe (TTF 연동)",World Bank Pink Sheet monthly
WB_TTF_EU,2004-07,4.28,USD(원문단위),"Natural gas, Europe (TTF 연동)",World Bank Pink Sheet monthly
WB_TTF_EU,2004-08,4.34,USD(원문단위),"Natural gas, Europe (TTF 연동)",World Bank Pink Sheet monthly
WB_TTF_EU,2004-09,4.41,USD(원문단위),"Natural gas, Europe (TTF 연동)",World Bank Pink Sheet monthly
WB_TTF_EU,2004-10,4.83,USD(원문단위),"Natural gas, Europe (TTF 연동)",World Bank Pink Sheet monthly
WB_TTF_EU,2004-11,4.96,USD(원문단위),"Natural gas, Europe (TTF 연동)",World Bank Pink Sheet monthly
WB_TTF_EU,2004-12,5.01,USD(원문단위),"Natural gas, Europe (TTF 연동)",World Bank Pink Sheet monthly
WB_TTF_EU,2005-01,5.46,USD(원문단위),"Natural gas, Europe (TTF 연동)",World Bank Pink Sheet monthly
WB_TTF_EU,2005-02,5.49,USD(원문단위),"Natural gas, Europe (TTF 연동)",World Bank Pink Sheet monthly
WB_TTF_EU,2005-03,5.52,USD(원문단위),"Natural gas, Europe (TTF 연동)",World Bank Pink Sheet monthly
WB_TTF_EU,2005-04,5.86,USD(원문단위),"Natural gas, Europe (TTF 연동)",World Bank Pink Sheet monthly
WB_TTF_EU,2005-05,5.89,USD(원문단위),"Natural gas, Europe (TTF 연동)",World Bank Pink Sheet monthly
WB_TTF_EU,2005-06,5.91,USD(원문단위),"Natural gas, Europe (TTF 연동)",World Bank Pink Sheet monthly
WB_TTF_EU,2005-07,6.42,USD(원문단위),"Natural gas, Europe (TTF 연동)",World Bank Pink Sheet monthly
WB_TTF_EU,2005-08,6.56,USD(원문단위),"Natural gas, Europe (TTF 연동)",World Bank Pink Sheet monthly
WB_TTF_EU,2005-09,6.58,USD(원문단위),"Natural gas, Europe (TTF 연동)",World Bank Pink Sheet monthly
WB_TTF_EU,2005-10,7.28,USD(원문단위),"Natural gas, Europe (TTF 연동)",World Bank Pink Sheet monthly
WB_TTF_EU,2005-11,7.46,USD(원문단위),"Natural gas, Europe (TTF 연동)",World Bank Pink Sheet monthly
WB_TTF_EU,2005-12,7.49,USD(원문단위),"Natural gas, Europe (TTF 연동)",World Bank Pink Sheet monthly
WB_TTF_EU,2006-01,7.96,USD(원문단위),"Natural gas, Europe (TTF 연동)",World Bank Pink Sheet monthly
WB_TTF_EU,2006-02,7.95,USD(원문단위),"Natural gas, Europe (TTF 연동)",World Bank Pink Sheet monthly
WB_TTF_EU,2006-03,7.99,USD(원문단위),"Natural gas, Europe (TTF 연동)",World Bank Pink Sheet monthly
WB_TTF_EU,2006-04,8.24,USD(원문단위),"Natural gas, Europe (TTF 연동)",World Bank Pink Sheet monthly
WB_TTF_EU,2006-05,8.28,USD(원문단위),"Natural gas, Europe (TTF 연동)",World Bank Pink Sheet monthly
WB_TTF_EU,2006-06,8.29,USD(원문단위),"Natural gas, Europe (TTF 연동)",World Bank Pink Sheet monthly
WB_TTF_EU,2006-07,8.58,USD(원문단위),"Natural gas, Europe (TTF 연동)",World Bank Pink Sheet monthly
WB_TTF_EU,2006-08,8.71,USD(원문단위),"Natural gas, Europe (TTF 연동)",World Bank Pink Sheet monthly
WB_TTF_EU,2006-09,8.77,USD(원문단위),"Natural gas, Europe (TTF 연동)",World Bank Pink Sheet monthly
WB_TTF_EU,2006-10,8.97,USD(원문단위),"Natural gas, Europe (TTF 연동)",World Bank Pink Sheet monthly
WB_TTF_EU,2006-11,8.99,USD(원문단위),"Natural gas, Europe (TTF 연동)",World Bank Pink Sheet monthly
WB_TTF_EU,2006-12,8.92,USD(원문단위),"Natural gas, Europe (TTF 연동)",World Bank Pink Sheet monthly
WB_TTF_EU,2007-01,8.59,USD(원문단위),"Natural gas, Europe (TTF 연동)",World Bank Pink Sheet monthly
WB_TTF_EU,2007-02,8.56,USD(원문단위),"Natural gas, Europe (TTF 연동)",World Bank Pink Sheet monthly
WB_TTF_EU,2007-03,8.37,USD(원문단위),"Natural gas, Europe (TTF 연동)",World Bank Pink Sheet monthly
WB_TTF_EU,2007-04,8.0,USD(원문단위),"Natural gas, Europe (TTF 연동)",World Bank Pink Sheet monthly
WB_TTF_EU,2007-05,7.98,USD(원문단위),"Natural gas, Europe (TTF 연동)",World Bank Pink Sheet monthly
WB_TTF_EU,2007-06,8.03,USD(원문단위),"Natural gas, Europe (TTF 연동)",World Bank Pink Sheet monthly
WB_TTF_EU,2007-07,8.13,USD(원문단위),"Natural gas, Europe (TTF 연동)",World Bank Pink Sheet monthly
WB_TTF_EU,2007-08,8.34,USD(원문단위),"Natural gas, Europe (TTF 연동)",World Bank Pink Sheet monthly
WB_TTF_EU,2007-09,8.54,USD(원문단위),"Natural gas, Europe (TTF 연동)",World Bank Pink Sheet monthly
WB_TTF_EU,2007-10,9.16,USD(원문단위),"Natural gas, Europe (TTF 연동)",World Bank Pink Sheet monthly
WB_TTF_EU,2007-11,9.47,USD(원문단위),"Natural gas, Europe (TTF 연동)",World Bank Pink Sheet monthly
WB_TTF_EU,2007-12,9.49,USD(원문단위),"Natural gas, Europe (TTF 연동)",World Bank Pink Sheet monthly
WB_TTF_EU,2008-01,10.7,USD(원문단위),"Natural gas, Europe (TTF 연동)",World Bank Pink Sheet monthly
WB_TTF_EU,2008-02,10.84,USD(원문단위),"Natural gas, Europe (TTF 연동)",World Bank Pink Sheet monthly
WB_TTF_EU,2008-03,11.04,USD(원문단위),"Natural gas, Europe (TTF 연동)",World Bank Pink Sheet monthly
WB_TTF_EU,2008-04,12.19,USD(원문단위),"Natural gas, Europe (TTF 연동)",World Bank Pink Sheet monthly
WB_TTF_EU,2008-05,12.38,USD(원문단위),"Natural gas, Europe (TTF 연동)",World Bank Pink Sheet monthly
WB_TTF_EU,2008-06,12.63,USD(원문단위),"Natural gas, Europe (TTF 연동)",World Bank Pink Sheet monthly
WB_TTF_EU,2008-07,14.37,USD(원문단위),"Natural gas, Europe (TTF 연동)",World Bank Pink Sheet monthly
WB_TTF_EU,2008-08,14.64,USD(원문단위),"Natural gas, Europe (TTF 연동)",World Bank Pink Sheet monthly
WB_TTF_EU,2008-09,14.85,USD(원문단위),"Natural gas, Europe (TTF 연동)",World Bank Pink Sheet monthly
WB_TTF_EU,2008-10,15.93,USD(원문단위),"Natural gas, Europe (TTF 연동)",World Bank Pink Sheet monthly
WB_TTF_EU,2008-11,15.81,USD(원문단위),"Natural gas, Europe (TTF 연동)",World Bank Pink Sheet monthly
WB_TTF_EU,2008-12,15.5,USD(원문단위),"Natural gas, Europe (TTF 연동)",World Bank Pink Sheet monthly
WB_TTF_EU,2009-01,13.89,USD(원문단위),"Natural gas, Europe (TTF 연동)",World Bank Pink Sheet monthly
WB_TTF_EU,2009-02,11.04,USD(원문단위),"Natural gas, Europe (TTF 연동)",World Bank Pink Sheet monthly
WB_TTF_EU,2009-03,10.9,USD(원문단위),"Natural gas, Europe (TTF 연동)",World Bank Pink Sheet monthly
WB_TTF_EU,2009-04,8.51,USD(원문단위),"Natural gas, Europe (TTF 연동)",World Bank Pink Sheet monthly
WB_TTF_EU,2009-05,8.09,USD(원문단위),"Natural gas, Europe (TTF 연동)",World Bank Pink Sheet monthly
WB_TTF_EU,2009-06,7.95,USD(원문단위),"Natural gas, Europe (TTF 연동)",World Bank Pink Sheet monthly
WB_TTF_EU,2009-07,6.67,USD(원문단위),"Natural gas, Europe (TTF 연동)",World Bank Pink Sheet monthly
WB_TTF_EU,2009-08,6.92,USD(원문단위),"Natural gas, Europe (TTF 연동)",World Bank Pink Sheet monthly
WB_TTF_EU,2009-09,7.13,USD(원문단위),"Natural gas, Europe (TTF 연동)",World Bank Pink Sheet monthly
WB_TTF_EU,2009-10,7.6,USD(원문단위),"Natural gas, Europe (TTF 연동)",World Bank Pink Sheet monthly
WB_TTF_EU,2009-11,7.81,USD(원문단위),"Natural gas, Europe (TTF 연동)",World Bank Pink Sheet monthly
WB_TTF_EU,2009-12,8.01,USD(원문단위),"Natural gas, Europe (TTF 연동)",World Bank Pink Sheet monthly
WB_TTF_EU,2010-01,8.8,USD(원문단위),"Natural gas, Europe (TTF 연동)",World Bank Pink Sheet monthly
WB_TTF_EU,2010-02,8.8,USD(원문단위),"Natural gas, Europe (TTF 연동)",World Bank Pink Sheet monthly
WB_TTF_EU,2010-03,8.93,USD(원문단위),"Natural gas, Europe (TTF 연동)",World Bank Pink Sheet monthly
WB_TTF_EU,2010-04,7.52,USD(원문단위),"Natural gas, Europe (TTF 연동)",World Bank Pink Sheet monthly
WB_TTF_EU,2010-05,7.27,USD(원문단위),"Natural gas, Europe (TTF 연동)",World Bank Pink Sheet monthly
WB_TTF_EU,2010-06,7.74,USD(원문단위),"Natural gas, Europe (TTF 연동)",World Bank Pink Sheet monthly
WB_TTF_EU,2010-07,8.04,USD(원문단위),"Natural gas, Europe (TTF 연동)",World Bank Pink Sheet monthly
WB_TTF_EU,2010-08,8.45,USD(원문단위),"Natural gas, Europe (TTF 연동)",World Bank Pink Sheet monthly
WB_TTF_EU,2010-09,8.28,USD(원문단위),"Natural gas, Europe (TTF 연동)",World Bank Pink Sheet monthly
WB_TTF_EU,2010-10,8.29,USD(원문단위),"Natural gas, Europe (TTF 연동)",World Bank Pink Sheet monthly
WB_TTF_EU,2010-11,8.59,USD(원문단위),"Natural gas, Europe (TTF 연동)",World Bank Pink Sheet monthly
WB_TTF_EU,2010-12,8.74,USD(원문단위),"Natural gas, Europe (TTF 연동)",World Bank Pink Sheet monthly
WB_TTF_EU,2011-01,9.61,USD(원문단위),"Natural gas, Europe (TTF 연동)",World Bank Pink Sheet monthly
WB_TTF_EU,2011-02,9.36,USD(원문단위),"Natural gas, Europe (TTF 연동)",World Bank Pink Sheet monthly
WB_TTF_EU,2011-03,9.37,USD(원문단위),"Natural gas, Europe (TTF 연동)",World Bank Pink Sheet monthly
WB_TTF_EU,2011-04,10.36,USD(원문단위),"Natural gas, Europe (TTF 연동)",World Bank Pink Sheet monthly
WB_TTF_EU,2011-05,10.3,USD(원문단위),"Natural gas, Europe (TTF 연동)",World Bank Pink Sheet monthly
WB_TTF_EU,2011-06,10.26,USD(원문단위),"Natural gas, Europe (TTF 연동)",World Bank Pink Sheet monthly
WB_TTF_EU,2011-07,10.99,USD(원문단위),"Natural gas, Europe (TTF 연동)",World Bank Pink Sheet monthly
WB_TTF_EU,2011-08,10.81,USD(원문단위),"Natural gas, Europe (TTF 연동)",World Bank Pink Sheet monthly
WB_TTF_EU,2011-09,10.85,USD(원문단위),"Natural gas, Europe (TTF 연동)",World Bank Pink Sheet monthly
WB_TTF_EU,2011-10,11.42,USD(원문단위),"Natural gas, Europe (TTF 연동)",World Bank Pink Sheet monthly
WB_TTF_EU,2011-11,11.32,USD(원문단위),"Natural gas, Europe (TTF 연동)",World Bank Pink Sheet monthly
WB_TTF_EU,2011-12,11.53,USD(원문단위),"Natural gas, Europe (TTF 연동)",World Bank Pink Sheet monthly
WB_TTF_EU,2012-01,11.45,USD(원문단위),"Natural gas, Europe (TTF 연동)",World Bank Pink Sheet monthly
WB_TTF_EU,2012-02,11.12,USD(원문단위),"Natural gas, Europe (TTF 연동)",World Bank Pink Sheet monthly
WB_TTF_EU,2012-03,11.97,USD(원문단위),"Natural gas, Europe (TTF 연동)",World Bank Pink Sheet monthly
WB_TTF_EU,2012-04,11.42,USD(원문단위),"Natural gas, Europe (TTF 연동)",World Bank Pink Sheet monthly
WB_TTF_EU,2012-05,11.64,USD(원문단위),"Natural gas, Europe (TTF 연동)",World Bank Pink Sheet monthly
WB_TTF_EU,2012-06,11.49,USD(원문단위),"Natural gas, Europe (TTF 연동)",World Bank Pink Sheet monthly
WB_TTF_EU,2012-07,11.13,USD(원문단위),"Natural gas, Europe (TTF 연동)",World Bank Pink Sheet monthly
WB_TTF_EU,2012-08,11.18,USD(원문단위),"Natural gas, Europe (TTF 연동)",World Bank Pink Sheet monthly
WB_TTF_EU,2012-09,11.08,USD(원문단위),"Natural gas, Europe (TTF 연동)",World Bank Pink Sheet monthly
WB_TTF_EU,2012-10,11.58,USD(원문단위),"Natural gas, Europe (TTF 연동)",World Bank Pink Sheet monthly
WB_TTF_EU,2012-11,11.83,USD(원문단위),"Natural gas, Europe (TTF 연동)",World Bank Pink Sheet monthly
WB_TTF_EU,2012-12,11.79,USD(원문단위),"Natural gas, Europe (TTF 연동)",World Bank Pink Sheet monthly
WB_TTF_EU,2013-01,11.87,USD(원문단위),"Natural gas, Europe (TTF 연동)",World Bank Pink Sheet monthly
WB_TTF_EU,2013-02,11.77,USD(원문단위),"Natural gas, Europe (TTF 연동)",World Bank Pink Sheet monthly
WB_TTF_EU,2013-03,11.87,USD(원문단위),"Natural gas, Europe (TTF 연동)",World Bank Pink Sheet monthly
WB_TTF_EU,2013-04,12.88,USD(원문단위),"Natural gas, Europe (TTF 연동)",World Bank Pink Sheet monthly
WB_TTF_EU,2013-05,12.29,USD(원문단위),"Natural gas, Europe (TTF 연동)",World Bank Pink Sheet monthly
WB_TTF_EU,2013-06,11.92,USD(원문단위),"Natural gas, Europe (TTF 연동)",World Bank Pink Sheet monthly
WB_TTF_EU,2013-07,11.6,USD(원문단위),"Natural gas, Europe (TTF 연동)",World Bank Pink Sheet monthly
WB_TTF_EU,2013-08,11.64,USD(원문단위),"Natural gas, Europe (TTF 연동)",World Bank Pink Sheet monthly
WB_TTF_EU,2013-09,11.25,USD(원문단위),"Natural gas, Europe (TTF 연동)",World Bank Pink Sheet monthly
WB_TTF_EU,2013-10,11.37,USD(원문단위),"Natural gas, Europe (TTF 연동)",World Bank Pink Sheet monthly
WB_TTF_EU,2013-11,11.42,USD(원문단위),"Natural gas, Europe (TTF 연동)",World Bank Pink Sheet monthly
WB_TTF_EU,2013-12,11.55,USD(원문단위),"Natural gas, Europe (TTF 연동)",World Bank Pink Sheet monthly
WB_TTF_EU,2014-01,11.59,USD(원문단위),"Natural gas, Europe (TTF 연동)",World Bank Pink Sheet monthly
WB_TTF_EU,2014-02,11.3,USD(원문단위),"Natural gas, Europe (TTF 연동)",World Bank Pink Sheet monthly
WB_TTF_EU,2014-03,10.88,USD(원문단위),"Natural gas, Europe (TTF 연동)",World Bank Pink Sheet monthly
WB_TTF_EU,2014-04,10.73,USD(원문단위),"Natural gas, Europe (TTF 연동)",World Bank Pink Sheet monthly
WB_TTF_EU,2014-05,10.2,USD(원문단위),"Natural gas, Europe (TTF 연동)",World Bank Pink Sheet monthly
WB_TTF_EU,2014-06,9.77,USD(원문단위),"Natural gas, Europe (TTF 연동)",World Bank Pink Sheet monthly
WB_TTF_EU,2014-07,9.27,USD(원문단위),"Natural gas, Europe (TTF 연동)",World Bank Pink Sheet monthly
WB_TTF_EU,2014-08,9.14,USD(원문단위),"Natural gas, Europe (TTF 연동)",World Bank Pink Sheet monthly
WB_TTF_EU,2014-09,9.24,USD(원문단위),"Natural gas, Europe (TTF 연동)",World Bank Pink Sheet monthly
WB_TTF_EU,2014-10,9.77,USD(원문단위),"Natural gas, Europe (TTF 연동)",World Bank Pink Sheet monthly
WB_TTF_EU,2014-11,8.9,USD(원문단위),"Natural gas, Europe (TTF 연동)",World Bank Pink Sheet monthly
WB_TTF_EU,2014-12,9.83,USD(원문단위),"Natural gas, Europe (TTF 연동)",World Bank Pink Sheet monthly
WB_TTF_EU,2015-01,9.25,USD(원문단위),"Natural gas, Europe (TTF 연동)",World Bank Pink Sheet monthly
WB_TTF_EU,2015-02,8.27,USD(원문단위),"Natural gas, Europe (TTF 연동)",World Bank Pink Sheet monthly
WB_TTF_EU,2015-03,8.27,USD(원문단위),"Natural gas, Europe (TTF 연동)",World Bank Pink Sheet monthly
WB_TTF_EU,2015-04,6.77,USD(원문단위),"Natural gas, Europe (TTF 연동)",World Bank Pink Sheet monthly
WB_TTF_EU,2015-05,6.68,USD(원문단위),"Natural gas, Europe (TTF 연동)",World Bank Pink Sheet monthly
WB_TTF_EU,2015-06,6.67,USD(원문단위),"Natural gas, Europe (TTF 연동)",World Bank Pink Sheet monthly
WB_TTF_EU,2015-07,6.69,USD(원문단위),"Natural gas, Europe (TTF 연동)",World Bank Pink Sheet monthly
WB_TTF_EU,2015-08,6.35,USD(원문단위),"Natural gas, Europe (TTF 연동)",World Bank Pink Sheet monthly
WB_TTF_EU,2015-09,6.28,USD(원문단위),"Natural gas, Europe (TTF 연동)",World Bank Pink Sheet monthly
WB_TTF_EU,2015-10,6.03,USD(원문단위),"Natural gas, Europe (TTF 연동)",World Bank Pink Sheet monthly
WB_TTF_EU,2015-11,5.5,USD(원문단위),"Natural gas, Europe (TTF 연동)",World Bank Pink Sheet monthly
WB_TTF_EU,2015-12,5.09,USD(원문단위),"Natural gas, Europe (TTF 연동)",World Bank Pink Sheet monthly
WB_TTF_EU,2016-01,4.4,USD(원문단위),"Natural gas, Europe (TTF 연동)",World Bank Pink Sheet monthly
WB_TTF_EU,2016-02,3.97,USD(원문단위),"Natural gas, Europe (TTF 연동)",World Bank Pink Sheet monthly
WB_TTF_EU,2016-03,3.91,USD(원문단위),"Natural gas, Europe (TTF 연동)",World Bank Pink Sheet monthly
WB_TTF_EU,2016-04,3.97,USD(원문단위),"Natural gas, Europe (TTF 연동)",World Bank Pink Sheet monthly
WB_TTF_EU,2016-05,4.33,USD(원문단위),"Natural gas, Europe (TTF 연동)",World Bank Pink Sheet monthly
WB_TTF_EU,2016-06,4.76,USD(원문단위),"Natural gas, Europe (TTF 연동)",World Bank Pink Sheet monthly
WB_TTF_EU,2016-07,4.67,USD(원문단위),"Natural gas, Europe (TTF 연동)",World Bank Pink Sheet monthly
WB_TTF_EU,2016-08,4.05,USD(원문단위),"Natural gas, Europe (TTF 연동)",World Bank Pink Sheet monthly
WB_TTF_EU,2016-09,4.25,USD(원문단위),"Natural gas, Europe (TTF 연동)",World Bank Pink Sheet monthly
WB_TTF_EU,2016-10,5.34,USD(원문단위),"Natural gas, Europe (TTF 연동)",World Bank Pink Sheet monthly
WB_TTF_EU,2016-11,5.69,USD(원문단위),"Natural gas, Europe (TTF 연동)",World Bank Pink Sheet monthly
WB_TTF_EU,2016-12,5.42,USD(원문단위),"Natural gas, Europe (TTF 연동)",World Bank Pink Sheet monthly
WB_TTF_EU,2017-01,6.14,USD(원문단위),"Natural gas, Europe (TTF 연동)",World Bank Pink Sheet monthly
WB_TTF_EU,2017-02,6.05,USD(원문단위),"Natural gas, Europe (TTF 연동)",World Bank Pink Sheet monthly
WB_TTF_EU,2017-03,5.0,USD(원문단위),"Natural gas, Europe (TTF 연동)",World Bank Pink Sheet monthly
WB_TTF_EU,2017-04,5.01,USD(원문단위),"Natural gas, Europe (TTF 연동)",World Bank Pink Sheet monthly
WB_TTF_EU,2017-05,5.06,USD(원문단위),"Natural gas, Europe (TTF 연동)",World Bank Pink Sheet monthly
WB_TTF_EU,2017-06,4.89,USD(원문단위),"Natural gas, Europe (TTF 연동)",World Bank Pink Sheet monthly
WB_TTF_EU,2017-07,5.0,USD(원문단위),"Natural gas, Europe (TTF 연동)",World Bank Pink Sheet monthly
WB_TTF_EU,2017-08,5.48,USD(원문단위),"Natural gas, Europe (TTF 연동)",World Bank Pink Sheet monthly
WB_TTF_EU,2017-09,5.96,USD(원문단위),"Natural gas, Europe (TTF 연동)",World Bank Pink Sheet monthly
WB_TTF_EU,2017-10,6.18,USD(원문단위),"Natural gas, Europe (TTF 연동)",World Bank Pink Sheet monthly
WB_TTF_EU,2017-11,6.69,USD(원문단위),"Natural gas, Europe (TTF 연동)",World Bank Pink Sheet monthly
WB_TTF_EU,2017-12,7.14,USD(원문단위),"Natural gas, Europe (TTF 연동)",World Bank Pink Sheet monthly
WB_TTF_EU,2018-01,6.66,USD(원문단위),"Natural gas, Europe (TTF 연동)",World Bank Pink Sheet monthly
WB_TTF_EU,2018-02,6.72,USD(원문단위),"Natural gas, Europe (TTF 연동)",World Bank Pink Sheet monthly
WB_TTF_EU,2018-03,6.7,USD(원문단위),"Natural gas, Europe (TTF 연동)",World Bank Pink Sheet monthly
WB_TTF_EU,2018-04,6.93,USD(원문단위),"Natural gas, Europe (TTF 연동)",World Bank Pink Sheet monthly
WB_TTF_EU,2018-05,7.49,USD(원문단위),"Natural gas, Europe (TTF 연동)",World Bank Pink Sheet monthly
WB_TTF_EU,2018-06,7.45,USD(원문단위),"Natural gas, Europe (TTF 연동)",World Bank Pink Sheet monthly
WB_TTF_EU,2018-07,7.6,USD(원문단위),"Natural gas, Europe (TTF 연동)",World Bank Pink Sheet monthly
WB_TTF_EU,2018-08,8.08,USD(원문단위),"Natural gas, Europe (TTF 연동)",World Bank Pink Sheet monthly
WB_TTF_EU,2018-09,9.52,USD(원문단위),"Natural gas, Europe (TTF 연동)",World Bank Pink Sheet monthly
WB_TTF_EU,2018-10,8.79,USD(원문단위),"Natural gas, Europe (TTF 연동)",World Bank Pink Sheet monthly
WB_TTF_EU,2018-11,8.27,USD(원문단위),"Natural gas, Europe (TTF 연동)",World Bank Pink Sheet monthly
WB_TTF_EU,2018-12,7.98,USD(원문단위),"Natural gas, Europe (TTF 연동)",World Bank Pink Sheet monthly
WB_TTF_EU,2019-01,7.26,USD(원문단위),"Natural gas, Europe (TTF 연동)",World Bank Pink Sheet monthly
WB_TTF_EU,2019-02,6.01,USD(원문단위),"Natural gas, Europe (TTF 연동)",World Bank Pink Sheet monthly
WB_TTF_EU,2019-03,5.18,USD(원문단위),"Natural gas, Europe (TTF 연동)",World Bank Pink Sheet monthly
WB_TTF_EU,2019-04,4.92,USD(원문단위),"Natural gas, Europe (TTF 연동)",World Bank Pink Sheet monthly
WB_TTF_EU,2019-05,4.34,USD(원문단위),"Natural gas, Europe (TTF 연동)",World Bank Pink Sheet monthly
WB_TTF_EU,2019-06,3.59,USD(원문단위),"Natural gas, Europe (TTF 연동)",World Bank Pink Sheet monthly
WB_TTF_EU,2019-07,3.62,USD(원문단위),"Natural gas, Europe (TTF 연동)",World Bank Pink Sheet monthly
WB_TTF_EU,2019-08,3.68,USD(원문단위),"Natural gas, Europe (TTF 연동)",World Bank Pink Sheet monthly
WB_TTF_EU,2019-09,4.21,USD(원문단위),"Natural gas, Europe (TTF 연동)",World Bank Pink Sheet monthly
WB_TTF_EU,2019-10,5.06,USD(원문단위),"Natural gas, Europe (TTF 연동)",World Bank Pink Sheet monthly
WB_TTF_EU,2019-11,5.15,USD(원문단위),"Natural gas, Europe (TTF 연동)",World Bank Pink Sheet monthly
WB_TTF_EU,2019-12,4.62,USD(원문단위),"Natural gas, Europe (TTF 연동)",World Bank Pink Sheet monthly
WB_TTF_EU,2020-01,3.63,USD(원문단위),"Natural gas, Europe (TTF 연동)",World Bank Pink Sheet monthly
WB_TTF_EU,2020-02,2.91,USD(원문단위),"Natural gas, Europe (TTF 연동)",World Bank Pink Sheet monthly
WB_TTF_EU,2020-03,2.72,USD(원문단위),"Natural gas, Europe (TTF 연동)",World Bank Pink Sheet monthly
WB_TTF_EU,2020-04,2.12,USD(원문단위),"Natural gas, Europe (TTF 연동)",World Bank Pink Sheet monthly
WB_TTF_EU,2020-05,1.58,USD(원문단위),"Natural gas, Europe (TTF 연동)",World Bank Pink Sheet monthly
WB_TTF_EU,2020-06,1.75,USD(원문단위),"Natural gas, Europe (TTF 연동)",World Bank Pink Sheet monthly
WB_TTF_EU,2020-07,1.8,USD(원문단위),"Natural gas, Europe (TTF 연동)",World Bank Pink Sheet monthly
WB_TTF_EU,2020-08,2.86,USD(원문단위),"Natural gas, Europe (TTF 연동)",World Bank Pink Sheet monthly
WB_TTF_EU,2020-09,3.95,USD(원문단위),"Natural gas, Europe (TTF 연동)",World Bank Pink Sheet monthly
WB_TTF_EU,2020-10,4.89,USD(원문단위),"Natural gas, Europe (TTF 연동)",World Bank Pink Sheet monthly
WB_TTF_EU,2020-11,4.84,USD(원문단위),"Natural gas, Europe (TTF 연동)",World Bank Pink Sheet monthly
WB_TTF_EU,2020-12,5.86,USD(원문단위),"Natural gas, Europe (TTF 연동)",World Bank Pink Sheet monthly
WB_TTF_EU,2021-01,7.27,USD(원문단위),"Natural gas, Europe (TTF 연동)",World Bank Pink Sheet monthly
WB_TTF_EU,2021-02,6.16,USD(원문단위),"Natural gas, Europe (TTF 연동)",World Bank Pink Sheet monthly
WB_TTF_EU,2021-03,6.13,USD(원문단위),"Natural gas, Europe (TTF 연동)",World Bank Pink Sheet monthly
WB_TTF_EU,2021-04,7.15,USD(원문단위),"Natural gas, Europe (TTF 연동)",World Bank Pink Sheet monthly
WB_TTF_EU,2021-05,8.91,USD(원문단위),"Natural gas, Europe (TTF 연동)",World Bank Pink Sheet monthly
WB_TTF_EU,2021-06,10.3,USD(원문단위),"Natural gas, Europe (TTF 연동)",World Bank Pink Sheet monthly
WB_TTF_EU,2021-07,12.51,USD(원문단위),"Natural gas, Europe (TTF 연동)",World Bank Pink Sheet monthly
WB_TTF_EU,2021-08,15.43,USD(원문단위),"Natural gas, Europe (TTF 연동)",World Bank Pink Sheet monthly
WB_TTF_EU,2021-09,22.84,USD(원문단위),"Natural gas, Europe (TTF 연동)",World Bank Pink Sheet monthly
WB_TTF_EU,2021-10,31.05,USD(원문단위),"Natural gas, Europe (TTF 연동)",World Bank Pink Sheet monthly
WB_TTF_EU,2021-11,27.62,USD(원문단위),"Natural gas, Europe (TTF 연동)",World Bank Pink Sheet monthly
WB_TTF_EU,2021-12,38.03,USD(원문단위),"Natural gas, Europe (TTF 연동)",World Bank Pink Sheet monthly
WB_TTF_EU,2022-01,28.26,USD(원문단위),"Natural gas, Europe (TTF 연동)",World Bank Pink Sheet monthly
WB_TTF_EU,2022-02,27.23,USD(원문단위),"Natural gas, Europe (TTF 연동)",World Bank Pink Sheet monthly
WB_TTF_EU,2022-03,42.39,USD(원문단위),"Natural gas, Europe (TTF 연동)",World Bank Pink Sheet monthly
WB_TTF_EU,2022-04,32.2,USD(원문단위),"Natural gas, Europe (TTF 연동)",World Bank Pink Sheet monthly
WB_TTF_EU,2022-05,29.17,USD(원문단위),"Natural gas, Europe (TTF 연동)",World Bank Pink Sheet monthly
WB_TTF_EU,2022-06,33.56,USD(원문단위),"Natural gas, Europe (TTF 연동)",World Bank Pink Sheet monthly
WB_TTF_EU,2022-07,51.33,USD(원문단위),"Natural gas, Europe (TTF 연동)",World Bank Pink Sheet monthly
WB_TTF_EU,2022-08,70.04,USD(원문단위),"Natural gas, Europe (TTF 연동)",World Bank Pink Sheet monthly
WB_TTF_EU,2022-09,59.1,USD(원문단위),"Natural gas, Europe (TTF 연동)",World Bank Pink Sheet monthly
WB_TTF_EU,2022-10,39.02,USD(원문단위),"Natural gas, Europe (TTF 연동)",World Bank Pink Sheet monthly
WB_TTF_EU,2022-11,35.72,USD(원문단위),"Natural gas, Europe (TTF 연동)",World Bank Pink Sheet monthly
WB_TTF_EU,2022-12,36.04,USD(원문단위),"Natural gas, Europe (TTF 연동)",World Bank Pink Sheet monthly
WB_TTF_EU,2023-01,20.18,USD(원문단위),"Natural gas, Europe (TTF 연동)",World Bank Pink Sheet monthly
WB_TTF_EU,2023-02,16.54,USD(원문단위),"Natural gas, Europe (TTF 연동)",World Bank Pink Sheet monthly
WB_TTF_EU,2023-03,13.81,USD(원문단위),"Natural gas, Europe (TTF 연동)",World Bank Pink Sheet monthly
WB_TTF_EU,2023-04,13.52,USD(원문단위),"Natural gas, Europe (TTF 연동)",World Bank Pink Sheet monthly
WB_TTF_EU,2023-05,10.11,USD(원문단위),"Natural gas, Europe (TTF 연동)",World Bank Pink Sheet monthly
WB_TTF_EU,2023-06,10.35,USD(원문단위),"Natural gas, Europe (TTF 연동)",World Bank Pink Sheet monthly
WB_TTF_EU,2023-07,9.55,USD(원문단위),"Natural gas, Europe (TTF 연동)",World Bank Pink Sheet monthly
WB_TTF_EU,2023-08,11.19,USD(원문단위),"Natural gas, Europe (TTF 연동)",World Bank Pink Sheet monthly
WB_TTF_EU,2023-09,11.55,USD(원문단위),"Natural gas, Europe (TTF 연동)",World Bank Pink Sheet monthly
WB_TTF_EU,2023-10,14.57,USD(원문단위),"Natural gas, Europe (TTF 연동)",World Bank Pink Sheet monthly
WB_TTF_EU,2023-11,14.49,USD(원문단위),"Natural gas, Europe (TTF 연동)",World Bank Pink Sheet monthly
WB_TTF_EU,2023-12,11.51,USD(원문단위),"Natural gas, Europe (TTF 연동)",World Bank Pink Sheet monthly
WB_TTF_EU,2024-01,9.56,USD(원문단위),"Natural gas, Europe (TTF 연동)",World Bank Pink Sheet monthly
WB_TTF_EU,2024-02,8.15,USD(원문단위),"Natural gas, Europe (TTF 연동)",World Bank Pink Sheet monthly
WB_TTF_EU,2024-03,8.55,USD(원문단위),"Natural gas, Europe (TTF 연동)",World Bank Pink Sheet monthly
WB_TTF_EU,2024-04,9.09,USD(원문단위),"Natural gas, Europe (TTF 연동)",World Bank Pink Sheet monthly
WB_TTF_EU,2024-05,10.12,USD(원문단위),"Natural gas, Europe (TTF 연동)",World Bank Pink Sheet monthly
WB_TTF_EU,2024-06,10.87,USD(원문단위),"Natural gas, Europe (TTF 연동)",World Bank Pink Sheet monthly
WB_TTF_EU,2024-07,10.35,USD(원문단위),"Natural gas, Europe (TTF 연동)",World Bank Pink Sheet monthly
WB_TTF_EU,2024-08,12.37,USD(원문단위),"Natural gas, Europe (TTF 연동)",World Bank Pink Sheet monthly
WB_TTF_EU,2024-09,11.78,USD(원문단위),"Natural gas, Europe (TTF 연동)",World Bank Pink Sheet monthly
WB_TTF_EU,2024-10,12.92,USD(원문단위),"Natural gas, Europe (TTF 연동)",World Bank Pink Sheet monthly
WB_TTF_EU,2024-11,13.93,USD(원문단위),"Natural gas, Europe (TTF 연동)",World Bank Pink Sheet monthly
WB_TTF_EU,2024-12,13.86,USD(원문단위),"Natural gas, Europe (TTF 연동)",World Bank Pink Sheet monthly
WB_TTF_EU,2025-01,14.66,USD(원문단위),"Natural gas, Europe (TTF 연동)",World Bank Pink Sheet monthly
WB_TTF_EU,2025-02,15.34,USD(원문단위),"Natural gas, Europe (TTF 연동)",World Bank Pink Sheet monthly
WB_TTF_EU,2025-03,13.24,USD(원문단위),"Natural gas, Europe (TTF 연동)",World Bank Pink Sheet monthly
WB_TTF_EU,2025-04,11.59,USD(원문단위),"Natural gas, Europe (TTF 연동)",World Bank Pink Sheet monthly
WB_TTF_EU,2025-05,11.66,USD(원문단위),"Natural gas, Europe (TTF 연동)",World Bank Pink Sheet monthly
WB_TTF_EU,2025-06,12.37,USD(원문단위),"Natural gas, Europe (TTF 연동)",World Bank Pink Sheet monthly
WB_TTF_EU,2025-07,11.62,USD(원문단위),"Natural gas, Europe (TTF 연동)",World Bank Pink Sheet monthly
WB_TTF_EU,2025-08,11.15,USD(원문단위),"Natural gas, Europe (TTF 연동)",World Bank Pink Sheet monthly
WB_TTF_EU,2025-09,11.12,USD(원문단위),"Natural gas, Europe (TTF 연동)",World Bank Pink Sheet monthly
WB_TTF_EU,2025-10,10.89,USD(원문단위),"Natural gas, Europe (TTF 연동)",World Bank Pink Sheet monthly
WB_TTF_EU,2025-11,10.42,USD(원문단위),"Natural gas, Europe (TTF 연동)",World Bank Pink Sheet monthly
WB_TTF_EU,2025-12,9.48,USD(원문단위),"Natural gas, Europe (TTF 연동)",World Bank Pink Sheet monthly
WB_TTF_EU,2026-01,11.76,USD(원문단위),"Natural gas, Europe (TTF 연동)",World Bank Pink Sheet monthly
WB_TTF_EU,2026-02,11.24,USD(원문단위),"Natural gas, Europe (TTF 연동)",World Bank Pink Sheet monthly
WB_TTF_EU,2026-03,17.91,USD(원문단위),"Natural gas, Europe (TTF 연동)",World Bank Pink Sheet monthly
WB_TTF_EU,2026-04,15.41,USD(원문단위),"Natural gas, Europe (TTF 연동)",World Bank Pink Sheet monthly
WB_TTF_EU,2026-05,16.17,USD(원문단위),"Natural gas, Europe (TTF 연동)",World Bank Pink Sheet monthly
WB_TTF_EU,2026-06,15.17,USD(원문단위),"Natural gas, Europe (TTF 연동)",World Bank Pink Sheet monthly
WB_TTF_EU,2026-07,18.06,USD(원문단위),"Natural gas, Europe (TTF 연동)",World Bank Pink Sheet monthly
WB_HH_US,1960-01,0.14,USD(원문단위),"Natural gas, US (Henry Hub)",World Bank Pink Sheet monthly
WB_HH_US,1960-02,0.14,USD(원문단위),"Natural gas, US (Henry Hub)",World Bank Pink Sheet monthly
WB_HH_US,1960-03,0.14,USD(원문단위),"Natural gas, US (Henry Hub)",World Bank Pink Sheet monthly
WB_HH_US,1960-04,0.14,USD(원문단위),"Natural gas, US (Henry Hub)",World Bank Pink Sheet monthly
WB_HH_US,1960-05,0.14,USD(원문단위),"Natural gas, US (Henry Hub)",World Bank Pink Sheet monthly
WB_HH_US,1960-06,0.14,USD(원문단위),"Natural gas, US (Henry Hub)",World Bank Pink Sheet monthly
WB_HH_US,1960-07,0.14,USD(원문단위),"Natural gas, US (Henry Hub)",World Bank Pink Sheet monthly
WB_HH_US,1960-08,0.14,USD(원문단위),"Natural gas, US (Henry Hub)",World Bank Pink Sheet monthly
WB_HH_US,1960-09,0.14,USD(원문단위),"Natural gas, US (Henry Hub)",World Bank Pink Sheet monthly
WB_HH_US,1960-10,0.14,USD(원문단위),"Natural gas, US (Henry Hub)",World Bank Pink Sheet monthly
WB_HH_US,1960-11,0.14,USD(원문단위),"Natural gas, US (Henry Hub)",World Bank Pink Sheet monthly
WB_HH_US,1960-12,0.14,USD(원문단위),"Natural gas, US (Henry Hub)",World Bank Pink Sheet monthly
WB_HH_US,1961-01,0.15,USD(원문단위),"Natural gas, US (Henry Hub)",World Bank Pink Sheet monthly
WB_HH_US,1961-02,0.15,USD(원문단위),"Natural gas, US (Henry Hub)",World Bank Pink Sheet monthly
WB_HH_US,1961-03,0.15,USD(원문단위),"Natural gas, US (Henry Hub)",World Bank Pink Sheet monthly
WB_HH_US,1961-04,0.15,USD(원문단위),"Natural gas, US (Henry Hub)",World Bank Pink Sheet monthly
WB_HH_US,1961-05,0.15,USD(원문단위),"Natural gas, US (Henry Hub)",World Bank Pink Sheet monthly
WB_HH_US,1961-06,0.15,USD(원문단위),"Natural gas, US (Henry Hub)",World Bank Pink Sheet monthly
WB_HH_US,1961-07,0.15,USD(원문단위),"Natural gas, US (Henry Hub)",World Bank Pink Sheet monthly
WB_HH_US,1961-08,0.15,USD(원문단위),"Natural gas, US (Henry Hub)",World Bank Pink Sheet monthly
WB_HH_US,1961-09,0.15,USD(원문단위),"Natural gas, US (Henry Hub)",World Bank Pink Sheet monthly
WB_HH_US,1961-10,0.15,USD(원문단위),"Natural gas, US (Henry Hub)",World Bank Pink Sheet monthly
WB_HH_US,1961-11,0.15,USD(원문단위),"Natural gas, US (Henry Hub)",World Bank Pink Sheet monthly
WB_HH_US,1961-12,0.15,USD(원문단위),"Natural gas, US (Henry Hub)",World Bank Pink Sheet monthly
WB_HH_US,1962-01,0.16,USD(원문단위),"Natural gas, US (Henry Hub)",World Bank Pink Sheet monthly
WB_HH_US,1962-02,0.16,USD(원문단위),"Natural gas, US (Henry Hub)",World Bank Pink Sheet monthly
WB_HH_US,1962-03,0.16,USD(원문단위),"Natural gas, US (Henry Hub)",World Bank Pink Sheet monthly
WB_HH_US,1962-04,0.16,USD(원문단위),"Natural gas, US (Henry Hub)",World Bank Pink Sheet monthly
WB_HH_US,1962-05,0.16,USD(원문단위),"Natural gas, US (Henry Hub)",World Bank Pink Sheet monthly
WB_HH_US,1962-06,0.16,USD(원문단위),"Natural gas, US (Henry Hub)",World Bank Pink Sheet monthly
WB_HH_US,1962-07,0.16,USD(원문단위),"Natural gas, US (Henry Hub)",World Bank Pink Sheet monthly
WB_HH_US,1962-08,0.16,USD(원문단위),"Natural gas, US (Henry Hub)",World Bank Pink Sheet monthly
WB_HH_US,1962-09,0.16,USD(원문단위),"Natural gas, US (Henry Hub)",World Bank Pink Sheet monthly
WB_HH_US,1962-10,0.16,USD(원문단위),"Natural gas, US (Henry Hub)",World Bank Pink Sheet monthly
WB_HH_US,1962-11,0.16,USD(원문단위),"Natural gas, US (Henry Hub)",World Bank Pink Sheet monthly
WB_HH_US,1962-12,0.16,USD(원문단위),"Natural gas, US (Henry Hub)",World Bank Pink Sheet monthly
WB_HH_US,1963-01,0.16,USD(원문단위),"Natural gas, US (Henry Hub)",World Bank Pink Sheet monthly
WB_HH_US,1963-02,0.16,USD(원문단위),"Natural gas, US (Henry Hub)",World Bank Pink Sheet monthly
WB_HH_US,1963-03,0.16,USD(원문단위),"Natural gas, US (Henry Hub)",World Bank Pink Sheet monthly
WB_HH_US,1963-04,0.16,USD(원문단위),"Natural gas, US (Henry Hub)",World Bank Pink Sheet monthly
WB_HH_US,1963-05,0.16,USD(원문단위),"Natural gas, US (Henry Hub)",World Bank Pink Sheet monthly
WB_HH_US,1963-06,0.16,USD(원문단위),"Natural gas, US (Henry Hub)",World Bank Pink Sheet monthly
WB_HH_US,1963-07,0.16,USD(원문단위),"Natural gas, US (Henry Hub)",World Bank Pink Sheet monthly
WB_HH_US,1963-08,0.16,USD(원문단위),"Natural gas, US (Henry Hub)",World Bank Pink Sheet monthly
WB_HH_US,1963-09,0.16,USD(원문단위),"Natural gas, US (Henry Hub)",World Bank Pink Sheet monthly
WB_HH_US,1963-10,0.16,USD(원문단위),"Natural gas, US (Henry Hub)",World Bank Pink Sheet monthly
WB_HH_US,1963-11,0.16,USD(원문단위),"Natural gas, US (Henry Hub)",World Bank Pink Sheet monthly
WB_HH_US,1963-12,0.16,USD(원문단위),"Natural gas, US (Henry Hub)",World Bank Pink Sheet monthly
WB_HH_US,1964-01,0.15,USD(원문단위),"Natural gas, US (Henry Hub)",World Bank Pink Sheet monthly
WB_HH_US,1964-02,0.15,USD(원문단위),"Natural gas, US (Henry Hub)",World Bank Pink Sheet monthly
WB_HH_US,1964-03,0.15,USD(원문단위),"Natural gas, US (Henry Hub)",World Bank Pink Sheet monthly
WB_HH_US,1964-04,0.15,USD(원문단위),"Natural gas, US (Henry Hub)",World Bank Pink Sheet monthly
WB_HH_US,1964-05,0.15,USD(원문단위),"Natural gas, US (Henry Hub)",World Bank Pink Sheet monthly
WB_HH_US,1964-06,0.15,USD(원문단위),"Natural gas, US (Henry Hub)",World Bank Pink Sheet monthly
WB_HH_US,1964-07,0.15,USD(원문단위),"Natural gas, US (Henry Hub)",World Bank Pink Sheet monthly
WB_HH_US,1964-08,0.15,USD(원문단위),"Natural gas, US (Henry Hub)",World Bank Pink Sheet monthly
WB_HH_US,1964-09,0.15,USD(원문단위),"Natural gas, US (Henry Hub)",World Bank Pink Sheet monthly
WB_HH_US,1964-10,0.15,USD(원문단위),"Natural gas, US (Henry Hub)",World Bank Pink Sheet monthly
WB_HH_US,1964-11,0.15,USD(원문단위),"Natural gas, US (Henry Hub)",World Bank Pink Sheet monthly
WB_HH_US,1964-12,0.15,USD(원문단위),"Natural gas, US (Henry Hub)",World Bank Pink Sheet monthly
WB_HH_US,1965-01,0.16,USD(원문단위),"Natural gas, US (Henry Hub)",World Bank Pink Sheet monthly
WB_HH_US,1965-02,0.16,USD(원문단위),"Natural gas, US (Henry Hub)",World Bank Pink Sheet monthly
WB_HH_US,1965-03,0.16,USD(원문단위),"Natural gas, US (Henry Hub)",World Bank Pink Sheet monthly
WB_HH_US,1965-04,0.16,USD(원문단위),"Natural gas, US (Henry Hub)",World Bank Pink Sheet monthly
WB_HH_US,1965-05,0.16,USD(원문단위),"Natural gas, US (Henry Hub)",World Bank Pink Sheet monthly
WB_HH_US,1965-06,0.16,USD(원문단위),"Natural gas, US (Henry Hub)",World Bank Pink Sheet monthly
WB_HH_US,1965-07,0.16,USD(원문단위),"Natural gas, US (Henry Hub)",World Bank Pink Sheet monthly
WB_HH_US,1965-08,0.16,USD(원문단위),"Natural gas, US (Henry Hub)",World Bank Pink Sheet monthly
WB_HH_US,1965-09,0.16,USD(원문단위),"Natural gas, US (Henry Hub)",World Bank Pink Sheet monthly
WB_HH_US,1965-10,0.16,USD(원문단위),"Natural gas, US (Henry Hub)",World Bank Pink Sheet monthly
WB_HH_US,1965-11,0.16,USD(원문단위),"Natural gas, US (Henry Hub)",World Bank Pink Sheet monthly
WB_HH_US,1965-12,0.16,USD(원문단위),"Natural gas, US (Henry Hub)",World Bank Pink Sheet monthly
WB_HH_US,1966-01,0.16,USD(원문단위),"Natural gas, US (Henry Hub)",World Bank Pink Sheet monthly
WB_HH_US,1966-02,0.16,USD(원문단위),"Natural gas, US (Henry Hub)",World Bank Pink Sheet monthly
WB_HH_US,1966-03,0.16,USD(원문단위),"Natural gas, US (Henry Hub)",World Bank Pink Sheet monthly
WB_HH_US,1966-04,0.16,USD(원문단위),"Natural gas, US (Henry Hub)",World Bank Pink Sheet monthly
WB_HH_US,1966-05,0.16,USD(원문단위),"Natural gas, US (Henry Hub)",World Bank Pink Sheet monthly
WB_HH_US,1966-06,0.16,USD(원문단위),"Natural gas, US (Henry Hub)",World Bank Pink Sheet monthly
WB_HH_US,1966-07,0.16,USD(원문단위),"Natural gas, US (Henry Hub)",World Bank Pink Sheet monthly
WB_HH_US,1966-08,0.16,USD(원문단위),"Natural gas, US (Henry Hub)",World Bank Pink Sheet monthly
WB_HH_US,1966-09,0.16,USD(원문단위),"Natural gas, US (Henry Hub)",World Bank Pink Sheet monthly
WB_HH_US,1966-10,0.16,USD(원문단위),"Natural gas, US (Henry Hub)",World Bank Pink Sheet monthly
WB_HH_US,1966-11,0.16,USD(원문단위),"Natural gas, US (Henry Hub)",World Bank Pink Sheet monthly
WB_HH_US,1966-12,0.16,USD(원문단위),"Natural gas, US (Henry Hub)",World Bank Pink Sheet monthly
WB_HH_US,1967-01,0.16,USD(원문단위),"Natural gas, US (Henry Hub)",World Bank Pink Sheet monthly
WB_HH_US,1967-02,0.16,USD(원문단위),"Natural gas, US (Henry Hub)",World Bank Pink Sheet monthly
WB_HH_US,1967-03,0.16,USD(원문단위),"Natural gas, US (Henry Hub)",World Bank Pink Sheet monthly
WB_HH_US,1967-04,0.16,USD(원문단위),"Natural gas, US (Henry Hub)",World Bank Pink Sheet monthly
WB_HH_US,1967-05,0.16,USD(원문단위),"Natural gas, US (Henry Hub)",World Bank Pink Sheet monthly
WB_HH_US,1967-06,0.16,USD(원문단위),"Natural gas, US (Henry Hub)",World Bank Pink Sheet monthly
WB_HH_US,1967-07,0.16,USD(원문단위),"Natural gas, US (Henry Hub)",World Bank Pink Sheet monthly
WB_HH_US,1967-08,0.16,USD(원문단위),"Natural gas, US (Henry Hub)",World Bank Pink Sheet monthly
WB_HH_US,1967-09,0.16,USD(원문단위),"Natural gas, US (Henry Hub)",World Bank Pink Sheet monthly
WB_HH_US,1967-10,0.16,USD(원문단위),"Natural gas, US (Henry Hub)",World Bank Pink Sheet monthly
WB_HH_US,1967-11,0.16,USD(원문단위),"Natural gas, US (Henry Hub)",World Bank Pink Sheet monthly
WB_HH_US,1967-12,0.16,USD(원문단위),"Natural gas, US (Henry Hub)",World Bank Pink Sheet monthly
WB_HH_US,1968-01,0.16,USD(원문단위),"Natural gas, US (Henry Hub)",World Bank Pink Sheet monthly
WB_HH_US,1968-02,0.16,USD(원문단위),"Natural gas, US (Henry Hub)",World Bank Pink Sheet monthly
WB_HH_US,1968-03,0.16,USD(원문단위),"Natural gas, US (Henry Hub)",World Bank Pink Sheet monthly
WB_HH_US,1968-04,0.16,USD(원문단위),"Natural gas, US (Henry Hub)",World Bank Pink Sheet monthly
WB_HH_US,1968-05,0.16,USD(원문단위),"Natural gas, US (Henry Hub)",World Bank Pink Sheet monthly
WB_HH_US,1968-06,0.16,USD(원문단위),"Natural gas, US (Henry Hub)",World Bank Pink Sheet monthly
WB_HH_US,1968-07,0.16,USD(원문단위),"Natural gas, US (Henry Hub)",World Bank Pink Sheet monthly
WB_HH_US,1968-08,0.16,USD(원문단위),"Natural gas, US (Henry Hub)",World Bank Pink Sheet monthly
WB_HH_US,1968-09,0.16,USD(원문단위),"Natural gas, US (Henry Hub)",World Bank Pink Sheet monthly
WB_HH_US,1968-10,0.16,USD(원문단위),"Natural gas, US (Henry Hub)",World Bank Pink Sheet monthly
WB_HH_US,1968-11,0.16,USD(원문단위),"Natural gas, US (Henry Hub)",World Bank Pink Sheet monthly
WB_HH_US,1968-12,0.16,USD(원문단위),"Natural gas, US (Henry Hub)",World Bank Pink Sheet monthly
WB_HH_US,1969-01,0.17,USD(원문단위),"Natural gas, US (Henry Hub)",World Bank Pink Sheet monthly
WB_HH_US,1969-02,0.17,USD(원문단위),"Natural gas, US (Henry Hub)",World Bank Pink Sheet monthly
WB_HH_US,1969-03,0.17,USD(원문단위),"Natural gas, US (Henry Hub)",World Bank Pink Sheet monthly
WB_HH_US,1969-04,0.17,USD(원문단위),"Natural gas, US (Henry Hub)",World Bank Pink Sheet monthly
WB_HH_US,1969-05,0.17,USD(원문단위),"Natural gas, US (Henry Hub)",World Bank Pink Sheet monthly
WB_HH_US,1969-06,0.17,USD(원문단위),"Natural gas, US (Henry Hub)",World Bank Pink Sheet monthly
WB_HH_US,1969-07,0.17,USD(원문단위),"Natural gas, US (Henry Hub)",World Bank Pink Sheet monthly
WB_HH_US,1969-08,0.17,USD(원문단위),"Natural gas, US (Henry Hub)",World Bank Pink Sheet monthly
WB_HH_US,1969-09,0.17,USD(원문단위),"Natural gas, US (Henry Hub)",World Bank Pink Sheet monthly
WB_HH_US,1969-10,0.17,USD(원문단위),"Natural gas, US (Henry Hub)",World Bank Pink Sheet monthly
WB_HH_US,1969-11,0.17,USD(원문단위),"Natural gas, US (Henry Hub)",World Bank Pink Sheet monthly
WB_HH_US,1969-12,0.17,USD(원문단위),"Natural gas, US (Henry Hub)",World Bank Pink Sheet monthly
WB_HH_US,1970-01,0.17,USD(원문단위),"Natural gas, US (Henry Hub)",World Bank Pink Sheet monthly
WB_HH_US,1970-02,0.17,USD(원문단위),"Natural gas, US (Henry Hub)",World Bank Pink Sheet monthly
WB_HH_US,1970-03,0.17,USD(원문단위),"Natural gas, US (Henry Hub)",World Bank Pink Sheet monthly
WB_HH_US,1970-04,0.17,USD(원문단위),"Natural gas, US (Henry Hub)",World Bank Pink Sheet monthly
WB_HH_US,1970-05,0.17,USD(원문단위),"Natural gas, US (Henry Hub)",World Bank Pink Sheet monthly
WB_HH_US,1970-06,0.17,USD(원문단위),"Natural gas, US (Henry Hub)",World Bank Pink Sheet monthly
WB_HH_US,1970-07,0.17,USD(원문단위),"Natural gas, US (Henry Hub)",World Bank Pink Sheet monthly
WB_HH_US,1970-08,0.17,USD(원문단위),"Natural gas, US (Henry Hub)",World Bank Pink Sheet monthly
WB_HH_US,1970-09,0.17,USD(원문단위),"Natural gas, US (Henry Hub)",World Bank Pink Sheet monthly
WB_HH_US,1970-10,0.17,USD(원문단위),"Natural gas, US (Henry Hub)",World Bank Pink Sheet monthly
WB_HH_US,1970-11,0.17,USD(원문단위),"Natural gas, US (Henry Hub)",World Bank Pink Sheet monthly
WB_HH_US,1970-12,0.17,USD(원문단위),"Natural gas, US (Henry Hub)",World Bank Pink Sheet monthly
WB_HH_US,1971-01,0.18,USD(원문단위),"Natural gas, US (Henry Hub)",World Bank Pink Sheet monthly
WB_HH_US,1971-02,0.18,USD(원문단위),"Natural gas, US (Henry Hub)",World Bank Pink Sheet monthly
WB_HH_US,1971-03,0.18,USD(원문단위),"Natural gas, US (Henry Hub)",World Bank Pink Sheet monthly
WB_HH_US,1971-04,0.18,USD(원문단위),"Natural gas, US (Henry Hub)",World Bank Pink Sheet monthly
WB_HH_US,1971-05,0.18,USD(원문단위),"Natural gas, US (Henry Hub)",World Bank Pink Sheet monthly
WB_HH_US,1971-06,0.18,USD(원문단위),"Natural gas, US (Henry Hub)",World Bank Pink Sheet monthly
WB_HH_US,1971-07,0.18,USD(원문단위),"Natural gas, US (Henry Hub)",World Bank Pink Sheet monthly
WB_HH_US,1971-08,0.18,USD(원문단위),"Natural gas, US (Henry Hub)",World Bank Pink Sheet monthly
WB_HH_US,1971-09,0.18,USD(원문단위),"Natural gas, US (Henry Hub)",World Bank Pink Sheet monthly
WB_HH_US,1971-10,0.18,USD(원문단위),"Natural gas, US (Henry Hub)",World Bank Pink Sheet monthly
WB_HH_US,1971-11,0.18,USD(원문단위),"Natural gas, US (Henry Hub)",World Bank Pink Sheet monthly
WB_HH_US,1971-12,0.18,USD(원문단위),"Natural gas, US (Henry Hub)",World Bank Pink Sheet monthly
WB_HH_US,1972-01,0.19,USD(원문단위),"Natural gas, US (Henry Hub)",World Bank Pink Sheet monthly
WB_HH_US,1972-02,0.19,USD(원문단위),"Natural gas, US (Henry Hub)",World Bank Pink Sheet monthly
WB_HH_US,1972-03,0.19,USD(원문단위),"Natural gas, US (Henry Hub)",World Bank Pink Sheet monthly
WB_HH_US,1972-04,0.19,USD(원문단위),"Natural gas, US (Henry Hub)",World Bank Pink Sheet monthly
WB_HH_US,1972-05,0.19,USD(원문단위),"Natural gas, US (Henry Hub)",World Bank Pink Sheet monthly
WB_HH_US,1972-06,0.19,USD(원문단위),"Natural gas, US (Henry Hub)",World Bank Pink Sheet monthly
WB_HH_US,1972-07,0.19,USD(원문단위),"Natural gas, US (Henry Hub)",World Bank Pink Sheet monthly
WB_HH_US,1972-08,0.19,USD(원문단위),"Natural gas, US (Henry Hub)",World Bank Pink Sheet monthly
WB_HH_US,1972-09,0.19,USD(원문단위),"Natural gas, US (Henry Hub)",World Bank Pink Sheet monthly
WB_HH_US,1972-10,0.19,USD(원문단위),"Natural gas, US (Henry Hub)",World Bank Pink Sheet monthly
WB_HH_US,1972-11,0.19,USD(원문단위),"Natural gas, US (Henry Hub)",World Bank Pink Sheet monthly
WB_HH_US,1972-12,0.19,USD(원문단위),"Natural gas, US (Henry Hub)",World Bank Pink Sheet monthly
WB_HH_US,1973-01,0.21,USD(원문단위),"Natural gas, US (Henry Hub)",World Bank Pink Sheet monthly
WB_HH_US,1973-02,0.21,USD(원문단위),"Natural gas, US (Henry Hub)",World Bank Pink Sheet monthly
WB_HH_US,1973-03,0.21,USD(원문단위),"Natural gas, US (Henry Hub)",World Bank Pink Sheet monthly
WB_HH_US,1973-04,0.21,USD(원문단위),"Natural gas, US (Henry Hub)",World Bank Pink Sheet monthly
WB_HH_US,1973-05,0.21,USD(원문단위),"Natural gas, US (Henry Hub)",World Bank Pink Sheet monthly
WB_HH_US,1973-06,0.21,USD(원문단위),"Natural gas, US (Henry Hub)",World Bank Pink Sheet monthly
WB_HH_US,1973-07,0.21,USD(원문단위),"Natural gas, US (Henry Hub)",World Bank Pink Sheet monthly
WB_HH_US,1973-08,0.21,USD(원문단위),"Natural gas, US (Henry Hub)",World Bank Pink Sheet monthly
WB_HH_US,1973-09,0.21,USD(원문단위),"Natural gas, US (Henry Hub)",World Bank Pink Sheet monthly
WB_HH_US,1973-10,0.21,USD(원문단위),"Natural gas, US (Henry Hub)",World Bank Pink Sheet monthly
WB_HH_US,1973-11,0.21,USD(원문단위),"Natural gas, US (Henry Hub)",World Bank Pink Sheet monthly
WB_HH_US,1973-12,0.21,USD(원문단위),"Natural gas, US (Henry Hub)",World Bank Pink Sheet monthly
WB_HH_US,1974-01,0.29,USD(원문단위),"Natural gas, US (Henry Hub)",World Bank Pink Sheet monthly
WB_HH_US,1974-02,0.29,USD(원문단위),"Natural gas, US (Henry Hub)",World Bank Pink Sheet monthly
WB_HH_US,1974-03,0.29,USD(원문단위),"Natural gas, US (Henry Hub)",World Bank Pink Sheet monthly
WB_HH_US,1974-04,0.29,USD(원문단위),"Natural gas, US (Henry Hub)",World Bank Pink Sheet monthly
WB_HH_US,1974-05,0.29,USD(원문단위),"Natural gas, US (Henry Hub)",World Bank Pink Sheet monthly
WB_HH_US,1974-06,0.29,USD(원문단위),"Natural gas, US (Henry Hub)",World Bank Pink Sheet monthly
WB_HH_US,1974-07,0.29,USD(원문단위),"Natural gas, US (Henry Hub)",World Bank Pink Sheet monthly
WB_HH_US,1974-08,0.29,USD(원문단위),"Natural gas, US (Henry Hub)",World Bank Pink Sheet monthly
WB_HH_US,1974-09,0.29,USD(원문단위),"Natural gas, US (Henry Hub)",World Bank Pink Sheet monthly
WB_HH_US,1974-10,0.29,USD(원문단위),"Natural gas, US (Henry Hub)",World Bank Pink Sheet monthly
WB_HH_US,1974-11,0.29,USD(원문단위),"Natural gas, US (Henry Hub)",World Bank Pink Sheet monthly
WB_HH_US,1974-12,0.29,USD(원문단위),"Natural gas, US (Henry Hub)",World Bank Pink Sheet monthly
WB_HH_US,1975-01,0.43,USD(원문단위),"Natural gas, US (Henry Hub)",World Bank Pink Sheet monthly
WB_HH_US,1975-02,0.43,USD(원문단위),"Natural gas, US (Henry Hub)",World Bank Pink Sheet monthly
WB_HH_US,1975-03,0.43,USD(원문단위),"Natural gas, US (Henry Hub)",World Bank Pink Sheet monthly
WB_HH_US,1975-04,0.43,USD(원문단위),"Natural gas, US (Henry Hub)",World Bank Pink Sheet monthly
WB_HH_US,1975-05,0.43,USD(원문단위),"Natural gas, US (Henry Hub)",World Bank Pink Sheet monthly
WB_HH_US,1975-06,0.43,USD(원문단위),"Natural gas, US (Henry Hub)",World Bank Pink Sheet monthly
WB_HH_US,1975-07,0.43,USD(원문단위),"Natural gas, US (Henry Hub)",World Bank Pink Sheet monthly
WB_HH_US,1975-08,0.43,USD(원문단위),"Natural gas, US (Henry Hub)",World Bank Pink Sheet monthly
WB_HH_US,1975-09,0.43,USD(원문단위),"Natural gas, US (Henry Hub)",World Bank Pink Sheet monthly
WB_HH_US,1975-10,0.43,USD(원문단위),"Natural gas, US (Henry Hub)",World Bank Pink Sheet monthly
WB_HH_US,1975-11,0.43,USD(원문단위),"Natural gas, US (Henry Hub)",World Bank Pink Sheet monthly
WB_HH_US,1975-12,0.43,USD(원문단위),"Natural gas, US (Henry Hub)",World Bank Pink Sheet monthly
WB_HH_US,1976-01,0.54,USD(원문단위),"Natural gas, US (Henry Hub)",World Bank Pink Sheet monthly
WB_HH_US,1976-02,0.54,USD(원문단위),"Natural gas, US (Henry Hub)",World Bank Pink Sheet monthly
WB_HH_US,1976-03,0.54,USD(원문단위),"Natural gas, US (Henry Hub)",World Bank Pink Sheet monthly
WB_HH_US,1976-04,0.55,USD(원문단위),"Natural gas, US (Henry Hub)",World Bank Pink Sheet monthly
WB_HH_US,1976-05,0.55,USD(원문단위),"Natural gas, US (Henry Hub)",World Bank Pink Sheet monthly
WB_HH_US,1976-06,0.58,USD(원문단위),"Natural gas, US (Henry Hub)",World Bank Pink Sheet monthly
WB_HH_US,1976-07,0.58,USD(원문단위),"Natural gas, US (Henry Hub)",World Bank Pink Sheet monthly
WB_HH_US,1976-08,0.6,USD(원문단위),"Natural gas, US (Henry Hub)",World Bank Pink Sheet monthly
WB_HH_US,1976-09,0.6,USD(원문단위),"Natural gas, US (Henry Hub)",World Bank Pink Sheet monthly
WB_HH_US,1976-10,0.62,USD(원문단위),"Natural gas, US (Henry Hub)",World Bank Pink Sheet monthly
WB_HH_US,1976-11,0.63,USD(원문단위),"Natural gas, US (Henry Hub)",World Bank Pink Sheet monthly
WB_HH_US,1976-12,0.64,USD(원문단위),"Natural gas, US (Henry Hub)",World Bank Pink Sheet monthly
WB_HH_US,1977-01,0.67,USD(원문단위),"Natural gas, US (Henry Hub)",World Bank Pink Sheet monthly
WB_HH_US,1977-02,0.71,USD(원문단위),"Natural gas, US (Henry Hub)",World Bank Pink Sheet monthly
WB_HH_US,1977-03,0.75,USD(원문단위),"Natural gas, US (Henry Hub)",World Bank Pink Sheet monthly
WB_HH_US,1977-04,0.77,USD(원문단위),"Natural gas, US (Henry Hub)",World Bank Pink Sheet monthly
WB_HH_US,1977-05,0.77,USD(원문단위),"Natural gas, US (Henry Hub)",World Bank Pink Sheet monthly
WB_HH_US,1977-06,0.82,USD(원문단위),"Natural gas, US (Henry Hub)",World Bank Pink Sheet monthly
WB_HH_US,1977-07,0.83,USD(원문단위),"Natural gas, US (Henry Hub)",World Bank Pink Sheet monthly
WB_HH_US,1977-08,0.82,USD(원문단위),"Natural gas, US (Henry Hub)",World Bank Pink Sheet monthly
WB_HH_US,1977-09,0.83,USD(원문단위),"Natural gas, US (Henry Hub)",World Bank Pink Sheet monthly
WB_HH_US,1977-10,0.84,USD(원문단위),"Natural gas, US (Henry Hub)",World Bank Pink Sheet monthly
WB_HH_US,1977-11,0.83,USD(원문단위),"Natural gas, US (Henry Hub)",World Bank Pink Sheet monthly
WB_HH_US,1977-12,0.84,USD(원문단위),"Natural gas, US (Henry Hub)",World Bank Pink Sheet monthly
WB_HH_US,1978-01,0.87,USD(원문단위),"Natural gas, US (Henry Hub)",World Bank Pink Sheet monthly
WB_HH_US,1978-02,0.88,USD(원문단위),"Natural gas, US (Henry Hub)",World Bank Pink Sheet monthly
WB_HH_US,1978-03,0.89,USD(원문단위),"Natural gas, US (Henry Hub)",World Bank Pink Sheet monthly
WB_HH_US,1978-04,0.88,USD(원문단위),"Natural gas, US (Henry Hub)",World Bank Pink Sheet monthly
WB_HH_US,1978-05,0.91,USD(원문단위),"Natural gas, US (Henry Hub)",World Bank Pink Sheet monthly
WB_HH_US,1978-06,0.91,USD(원문단위),"Natural gas, US (Henry Hub)",World Bank Pink Sheet monthly
WB_HH_US,1978-07,0.89,USD(원문단위),"Natural gas, US (Henry Hub)",World Bank Pink Sheet monthly
WB_HH_US,1978-08,0.91,USD(원문단위),"Natural gas, US (Henry Hub)",World Bank Pink Sheet monthly
WB_HH_US,1978-09,0.92,USD(원문단위),"Natural gas, US (Henry Hub)",World Bank Pink Sheet monthly
WB_HH_US,1978-10,0.92,USD(원문단위),"Natural gas, US (Henry Hub)",World Bank Pink Sheet monthly
WB_HH_US,1978-11,0.93,USD(원문단위),"Natural gas, US (Henry Hub)",World Bank Pink Sheet monthly
WB_HH_US,1978-12,0.96,USD(원문단위),"Natural gas, US (Henry Hub)",World Bank Pink Sheet monthly
WB_HH_US,1979-01,1.02,USD(원문단위),"Natural gas, US (Henry Hub)",World Bank Pink Sheet monthly
WB_HH_US,1979-02,1.05,USD(원문단위),"Natural gas, US (Henry Hub)",World Bank Pink Sheet monthly
WB_HH_US,1979-03,1.1,USD(원문단위),"Natural gas, US (Henry Hub)",World Bank Pink Sheet monthly
WB_HH_US,1979-04,1.11,USD(원문단위),"Natural gas, US (Henry Hub)",World Bank Pink Sheet monthly
WB_HH_US,1979-05,1.15,USD(원문단위),"Natural gas, US (Henry Hub)",World Bank Pink Sheet monthly
WB_HH_US,1979-06,1.17,USD(원문단위),"Natural gas, US (Henry Hub)",World Bank Pink Sheet monthly
WB_HH_US,1979-07,1.2,USD(원문단위),"Natural gas, US (Henry Hub)",World Bank Pink Sheet monthly
WB_HH_US,1979-08,1.24,USD(원문단위),"Natural gas, US (Henry Hub)",World Bank Pink Sheet monthly
WB_HH_US,1979-09,1.24,USD(원문단위),"Natural gas, US (Henry Hub)",World Bank Pink Sheet monthly
WB_HH_US,1979-10,1.28,USD(원문단위),"Natural gas, US (Henry Hub)",World Bank Pink Sheet monthly
WB_HH_US,1979-11,1.29,USD(원문단위),"Natural gas, US (Henry Hub)",World Bank Pink Sheet monthly
WB_HH_US,1979-12,1.31,USD(원문단위),"Natural gas, US (Henry Hub)",World Bank Pink Sheet monthly
WB_HH_US,1980-01,1.37,USD(원문단위),"Natural gas, US (Henry Hub)",World Bank Pink Sheet monthly
WB_HH_US,1980-02,1.42,USD(원문단위),"Natural gas, US (Henry Hub)",World Bank Pink Sheet monthly
WB_HH_US,1980-03,1.46,USD(원문단위),"Natural gas, US (Henry Hub)",World Bank Pink Sheet monthly
WB_HH_US,1980-04,1.51,USD(원문단위),"Natural gas, US (Henry Hub)",World Bank Pink Sheet monthly
WB_HH_US,1980-05,1.56,USD(원문단위),"Natural gas, US (Henry Hub)",World Bank Pink Sheet monthly
WB_HH_US,1980-06,1.57,USD(원문단위),"Natural gas, US (Henry Hub)",World Bank Pink Sheet monthly
WB_HH_US,1980-07,1.64,USD(원문단위),"Natural gas, US (Henry Hub)",World Bank Pink Sheet monthly
WB_HH_US,1980-08,1.64,USD(원문단위),"Natural gas, US (Henry Hub)",World Bank Pink Sheet monthly
WB_HH_US,1980-09,1.69,USD(원문단위),"Natural gas, US (Henry Hub)",World Bank Pink Sheet monthly
WB_HH_US,1980-10,1.71,USD(원문단위),"Natural gas, US (Henry Hub)",World Bank Pink Sheet monthly
WB_HH_US,1980-11,1.76,USD(원문단위),"Natural gas, US (Henry Hub)",World Bank Pink Sheet monthly
WB_HH_US,1980-12,1.74,USD(원문단위),"Natural gas, US (Henry Hub)",World Bank Pink Sheet monthly
WB_HH_US,1981-01,1.77,USD(원문단위),"Natural gas, US (Henry Hub)",World Bank Pink Sheet monthly
WB_HH_US,1981-02,1.81,USD(원문단위),"Natural gas, US (Henry Hub)",World Bank Pink Sheet monthly
WB_HH_US,1981-03,1.86,USD(원문단위),"Natural gas, US (Henry Hub)",World Bank Pink Sheet monthly
WB_HH_US,1981-04,1.93,USD(원문단위),"Natural gas, US (Henry Hub)",World Bank Pink Sheet monthly
WB_HH_US,1981-05,1.95,USD(원문단위),"Natural gas, US (Henry Hub)",World Bank Pink Sheet monthly
WB_HH_US,1981-06,1.95,USD(원문단위),"Natural gas, US (Henry Hub)",World Bank Pink Sheet monthly
WB_HH_US,1981-07,2.01,USD(원문단위),"Natural gas, US (Henry Hub)",World Bank Pink Sheet monthly
WB_HH_US,1981-08,2.02,USD(원문단위),"Natural gas, US (Henry Hub)",World Bank Pink Sheet monthly
WB_HH_US,1981-09,2.08,USD(원문단위),"Natural gas, US (Henry Hub)",World Bank Pink Sheet monthly
WB_HH_US,1981-10,2.11,USD(원문단위),"Natural gas, US (Henry Hub)",World Bank Pink Sheet monthly
WB_HH_US,1981-11,2.15,USD(원문단위),"Natural gas, US (Henry Hub)",World Bank Pink Sheet monthly
WB_HH_US,1981-12,2.16,USD(원문단위),"Natural gas, US (Henry Hub)",World Bank Pink Sheet monthly
WB_HH_US,1982-01,2.23,USD(원문단위),"Natural gas, US (Henry Hub)",World Bank Pink Sheet monthly
WB_HH_US,1982-02,2.3,USD(원문단위),"Natural gas, US (Henry Hub)",World Bank Pink Sheet monthly
WB_HH_US,1982-03,2.35,USD(원문단위),"Natural gas, US (Henry Hub)",World Bank Pink Sheet monthly
WB_HH_US,1982-04,2.4,USD(원문단위),"Natural gas, US (Henry Hub)",World Bank Pink Sheet monthly
WB_HH_US,1982-05,2.45,USD(원문단위),"Natural gas, US (Henry Hub)",World Bank Pink Sheet monthly
WB_HH_US,1982-06,2.45,USD(원문단위),"Natural gas, US (Henry Hub)",World Bank Pink Sheet monthly
WB_HH_US,1982-07,2.47,USD(원문단위),"Natural gas, US (Henry Hub)",World Bank Pink Sheet monthly
WB_HH_US,1982-08,2.53,USD(원문단위),"Natural gas, US (Henry Hub)",World Bank Pink Sheet monthly
WB_HH_US,1982-09,2.56,USD(원문단위),"Natural gas, US (Henry Hub)",World Bank Pink Sheet monthly
WB_HH_US,1982-10,2.6,USD(원문단위),"Natural gas, US (Henry Hub)",World Bank Pink Sheet monthly
WB_HH_US,1982-11,2.62,USD(원문단위),"Natural gas, US (Henry Hub)",World Bank Pink Sheet monthly
WB_HH_US,1982-12,2.62,USD(원문단위),"Natural gas, US (Henry Hub)",World Bank Pink Sheet monthly
WB_HH_US,1983-01,2.66,USD(원문단위),"Natural gas, US (Henry Hub)",World Bank Pink Sheet monthly
WB_HH_US,1983-02,2.66,USD(원문단위),"Natural gas, US (Henry Hub)",World Bank Pink Sheet monthly
WB_HH_US,1983-03,2.58,USD(원문단위),"Natural gas, US (Henry Hub)",World Bank Pink Sheet monthly
WB_HH_US,1983-04,2.53,USD(원문단위),"Natural gas, US (Henry Hub)",World Bank Pink Sheet monthly
WB_HH_US,1983-05,2.53,USD(원문단위),"Natural gas, US (Henry Hub)",World Bank Pink Sheet monthly
WB_HH_US,1983-06,2.59,USD(원문단위),"Natural gas, US (Henry Hub)",World Bank Pink Sheet monthly
WB_HH_US,1983-07,2.52,USD(원문단위),"Natural gas, US (Henry Hub)",World Bank Pink Sheet monthly
WB_HH_US,1983-08,2.58,USD(원문단위),"Natural gas, US (Henry Hub)",World Bank Pink Sheet monthly
WB_HH_US,1983-09,2.67,USD(원문단위),"Natural gas, US (Henry Hub)",World Bank Pink Sheet monthly
WB_HH_US,1983-10,2.58,USD(원문단위),"Natural gas, US (Henry Hub)",World Bank Pink Sheet monthly
WB_HH_US,1983-11,2.6,USD(원문단위),"Natural gas, US (Henry Hub)",World Bank Pink Sheet monthly
WB_HH_US,1983-12,2.61,USD(원문단위),"Natural gas, US (Henry Hub)",World Bank Pink Sheet monthly
WB_HH_US,1984-01,2.67,USD(원문단위),"Natural gas, US (Henry Hub)",World Bank Pink Sheet monthly
WB_HH_US,1984-02,2.71,USD(원문단위),"Natural gas, US (Henry Hub)",World Bank Pink Sheet monthly
WB_HH_US,1984-03,2.67,USD(원문단위),"Natural gas, US (Henry Hub)",World Bank Pink Sheet monthly
WB_HH_US,1984-04,2.64,USD(원문단위),"Natural gas, US (Henry Hub)",World Bank Pink Sheet monthly
WB_HH_US,1984-05,2.67,USD(원문단위),"Natural gas, US (Henry Hub)",World Bank Pink Sheet monthly
WB_HH_US,1984-06,2.7,USD(원문단위),"Natural gas, US (Henry Hub)",World Bank Pink Sheet monthly
WB_HH_US,1984-07,2.68,USD(원문단위),"Natural gas, US (Henry Hub)",World Bank Pink Sheet monthly
WB_HH_US,1984-08,2.69,USD(원문단위),"Natural gas, US (Henry Hub)",World Bank Pink Sheet monthly
WB_HH_US,1984-09,2.62,USD(원문단위),"Natural gas, US (Henry Hub)",World Bank Pink Sheet monthly
WB_HH_US,1984-10,2.63,USD(원문단위),"Natural gas, US (Henry Hub)",World Bank Pink Sheet monthly
WB_HH_US,1984-11,2.61,USD(원문단위),"Natural gas, US (Henry Hub)",World Bank Pink Sheet monthly
WB_HH_US,1984-12,2.57,USD(원문단위),"Natural gas, US (Henry Hub)",World Bank Pink Sheet monthly
WB_HH_US,1985-01,2.64,USD(원문단위),"Natural gas, US (Henry Hub)",World Bank Pink Sheet monthly
WB_HH_US,1985-02,2.71,USD(원문단위),"Natural gas, US (Henry Hub)",World Bank Pink Sheet monthly
WB_HH_US,1985-03,2.62,USD(원문단위),"Natural gas, US (Henry Hub)",World Bank Pink Sheet monthly
WB_HH_US,1985-04,2.64,USD(원문단위),"Natural gas, US (Henry Hub)",World Bank Pink Sheet monthly
WB_HH_US,1985-05,2.53,USD(원문단위),"Natural gas, US (Henry Hub)",World Bank Pink Sheet monthly
WB_HH_US,1985-06,2.58,USD(원문단위),"Natural gas, US (Henry Hub)",World Bank Pink Sheet monthly
WB_HH_US,1985-07,2.51,USD(원문단위),"Natural gas, US (Henry Hub)",World Bank Pink Sheet monthly
WB_HH_US,1985-08,2.47,USD(원문단위),"Natural gas, US (Henry Hub)",World Bank Pink Sheet monthly
WB_HH_US,1985-09,2.42,USD(원문단위),"Natural gas, US (Henry Hub)",World Bank Pink Sheet monthly
WB_HH_US,1985-10,2.37,USD(원문단위),"Natural gas, US (Henry Hub)",World Bank Pink Sheet monthly
WB_HH_US,1985-11,2.36,USD(원문단위),"Natural gas, US (Henry Hub)",World Bank Pink Sheet monthly
WB_HH_US,1985-12,2.28,USD(원문단위),"Natural gas, US (Henry Hub)",World Bank Pink Sheet monthly
WB_HH_US,1986-01,2.28,USD(원문단위),"Natural gas, US (Henry Hub)",World Bank Pink Sheet monthly
WB_HH_US,1986-02,2.26,USD(원문단위),"Natural gas, US (Henry Hub)",World Bank Pink Sheet monthly
WB_HH_US,1986-03,2.16,USD(원문단위),"Natural gas, US (Henry Hub)",World Bank Pink Sheet monthly
WB_HH_US,1986-04,2.1,USD(원문단위),"Natural gas, US (Henry Hub)",World Bank Pink Sheet monthly
WB_HH_US,1986-05,1.96,USD(원문단위),"Natural gas, US (Henry Hub)",World Bank Pink Sheet monthly
WB_HH_US,1986-06,1.85,USD(원문단위),"Natural gas, US (Henry Hub)",World Bank Pink Sheet monthly
WB_HH_US,1986-07,1.8,USD(원문단위),"Natural gas, US (Henry Hub)",World Bank Pink Sheet monthly
WB_HH_US,1986-08,1.77,USD(원문단위),"Natural gas, US (Henry Hub)",World Bank Pink Sheet monthly
WB_HH_US,1986-09,1.78,USD(원문단위),"Natural gas, US (Henry Hub)",World Bank Pink Sheet monthly
WB_HH_US,1986-10,1.73,USD(원문단위),"Natural gas, US (Henry Hub)",World Bank Pink Sheet monthly
WB_HH_US,1986-11,1.77,USD(원문단위),"Natural gas, US (Henry Hub)",World Bank Pink Sheet monthly
WB_HH_US,1986-12,1.76,USD(원문단위),"Natural gas, US (Henry Hub)",World Bank Pink Sheet monthly
WB_HH_US,1987-01,1.74,USD(원문단위),"Natural gas, US (Henry Hub)",World Bank Pink Sheet monthly
WB_HH_US,1987-02,1.73,USD(원문단위),"Natural gas, US (Henry Hub)",World Bank Pink Sheet monthly
WB_HH_US,1987-03,1.73,USD(원문단위),"Natural gas, US (Henry Hub)",World Bank Pink Sheet monthly
WB_HH_US,1987-04,1.69,USD(원문단위),"Natural gas, US (Henry Hub)",World Bank Pink Sheet monthly
WB_HH_US,1987-05,1.65,USD(원문단위),"Natural gas, US (Henry Hub)",World Bank Pink Sheet monthly
WB_HH_US,1987-06,1.65,USD(원문단위),"Natural gas, US (Henry Hub)",World Bank Pink Sheet monthly
WB_HH_US,1987-07,1.66,USD(원문단위),"Natural gas, US (Henry Hub)",World Bank Pink Sheet monthly
WB_HH_US,1987-08,1.63,USD(원문단위),"Natural gas, US (Henry Hub)",World Bank Pink Sheet monthly
WB_HH_US,1987-09,1.56,USD(원문단위),"Natural gas, US (Henry Hub)",World Bank Pink Sheet monthly
WB_HH_US,1987-10,1.57,USD(원문단위),"Natural gas, US (Henry Hub)",World Bank Pink Sheet monthly
WB_HH_US,1987-11,1.64,USD(원문단위),"Natural gas, US (Henry Hub)",World Bank Pink Sheet monthly
WB_HH_US,1987-12,1.7,USD(원문단위),"Natural gas, US (Henry Hub)",World Bank Pink Sheet monthly
WB_HH_US,1988-01,1.96,USD(원문단위),"Natural gas, US (Henry Hub)",World Bank Pink Sheet monthly
WB_HH_US,1988-02,1.84,USD(원문단위),"Natural gas, US (Henry Hub)",World Bank Pink Sheet monthly
WB_HH_US,1988-03,1.7,USD(원문단위),"Natural gas, US (Henry Hub)",World Bank Pink Sheet monthly
WB_HH_US,1988-04,1.59,USD(원문단위),"Natural gas, US (Henry Hub)",World Bank Pink Sheet monthly
WB_HH_US,1988-05,1.52,USD(원문단위),"Natural gas, US (Henry Hub)",World Bank Pink Sheet monthly
WB_HH_US,1988-06,1.53,USD(원문단위),"Natural gas, US (Henry Hub)",World Bank Pink Sheet monthly
WB_HH_US,1988-07,1.56,USD(원문단위),"Natural gas, US (Henry Hub)",World Bank Pink Sheet monthly
WB_HH_US,1988-08,1.62,USD(원문단위),"Natural gas, US (Henry Hub)",World Bank Pink Sheet monthly
WB_HH_US,1988-09,1.53,USD(원문단위),"Natural gas, US (Henry Hub)",World Bank Pink Sheet monthly
WB_HH_US,1988-10,1.68,USD(원문단위),"Natural gas, US (Henry Hub)",World Bank Pink Sheet monthly
WB_HH_US,1988-11,1.76,USD(원문단위),"Natural gas, US (Henry Hub)",World Bank Pink Sheet monthly
WB_HH_US,1988-12,1.89,USD(원문단위),"Natural gas, US (Henry Hub)",World Bank Pink Sheet monthly
WB_HH_US,1989-01,1.78,USD(원문단위),"Natural gas, US (Henry Hub)",World Bank Pink Sheet monthly
WB_HH_US,1989-02,1.71,USD(원문단위),"Natural gas, US (Henry Hub)",World Bank Pink Sheet monthly
WB_HH_US,1989-03,1.49,USD(원문단위),"Natural gas, US (Henry Hub)",World Bank Pink Sheet monthly
WB_HH_US,1989-04,1.53,USD(원문단위),"Natural gas, US (Henry Hub)",World Bank Pink Sheet monthly
WB_HH_US,1989-05,1.66,USD(원문단위),"Natural gas, US (Henry Hub)",World Bank Pink Sheet monthly
WB_HH_US,1989-06,1.7,USD(원문단위),"Natural gas, US (Henry Hub)",World Bank Pink Sheet monthly
WB_HH_US,1989-07,1.64,USD(원문단위),"Natural gas, US (Henry Hub)",World Bank Pink Sheet monthly
WB_HH_US,1989-08,1.58,USD(원문단위),"Natural gas, US (Henry Hub)",World Bank Pink Sheet monthly
WB_HH_US,1989-09,1.53,USD(원문단위),"Natural gas, US (Henry Hub)",World Bank Pink Sheet monthly
WB_HH_US,1989-10,1.6,USD(원문단위),"Natural gas, US (Henry Hub)",World Bank Pink Sheet monthly
WB_HH_US,1989-11,1.9,USD(원문단위),"Natural gas, US (Henry Hub)",World Bank Pink Sheet monthly
WB_HH_US,1989-12,2.24,USD(원문단위),"Natural gas, US (Henry Hub)",World Bank Pink Sheet monthly
WB_HH_US,1990-01,2.39,USD(원문단위),"Natural gas, US (Henry Hub)",World Bank Pink Sheet monthly
WB_HH_US,1990-02,1.9,USD(원문단위),"Natural gas, US (Henry Hub)",World Bank Pink Sheet monthly
WB_HH_US,1990-03,1.55,USD(원문단위),"Natural gas, US (Henry Hub)",World Bank Pink Sheet monthly
WB_HH_US,1990-04,1.49,USD(원문단위),"Natural gas, US (Henry Hub)",World Bank Pink Sheet monthly
WB_HH_US,1990-05,1.47,USD(원문단위),"Natural gas, US (Henry Hub)",World Bank Pink Sheet monthly
WB_HH_US,1990-06,1.47,USD(원문단위),"Natural gas, US (Henry Hub)",World Bank Pink Sheet monthly
WB_HH_US,1990-07,1.41,USD(원문단위),"Natural gas, US (Henry Hub)",World Bank Pink Sheet monthly
WB_HH_US,1990-08,1.36,USD(원문단위),"Natural gas, US (Henry Hub)",World Bank Pink Sheet monthly
WB_HH_US,1990-09,1.44,USD(원문단위),"Natural gas, US (Henry Hub)",World Bank Pink Sheet monthly
WB_HH_US,1990-10,1.69,USD(원문단위),"Natural gas, US (Henry Hub)",World Bank Pink Sheet monthly
WB_HH_US,1990-11,2.1,USD(원문단위),"Natural gas, US (Henry Hub)",World Bank Pink Sheet monthly
WB_HH_US,1990-12,2.11,USD(원문단위),"Natural gas, US (Henry Hub)",World Bank Pink Sheet monthly
WB_HH_US,1991-01,1.67,USD(원문단위),"Natural gas, US (Henry Hub)",World Bank Pink Sheet monthly
WB_HH_US,1991-02,1.36,USD(원문단위),"Natural gas, US (Henry Hub)",World Bank Pink Sheet monthly
WB_HH_US,1991-03,1.34,USD(원문단위),"Natural gas, US (Henry Hub)",World Bank Pink Sheet monthly
WB_HH_US,1991-04,1.33,USD(원문단위),"Natural gas, US (Henry Hub)",World Bank Pink Sheet monthly
WB_HH_US,1991-05,1.31,USD(원문단위),"Natural gas, US (Henry Hub)",World Bank Pink Sheet monthly
WB_HH_US,1991-06,1.2,USD(원문단위),"Natural gas, US (Henry Hub)",World Bank Pink Sheet monthly
WB_HH_US,1991-07,1.19,USD(원문단위),"Natural gas, US (Henry Hub)",World Bank Pink Sheet monthly
WB_HH_US,1991-08,1.31,USD(원문단위),"Natural gas, US (Henry Hub)",World Bank Pink Sheet monthly
WB_HH_US,1991-09,1.63,USD(원문단위),"Natural gas, US (Henry Hub)",World Bank Pink Sheet monthly
WB_HH_US,1991-10,1.77,USD(원문단위),"Natural gas, US (Henry Hub)",World Bank Pink Sheet monthly
WB_HH_US,1991-11,1.81,USD(원문단위),"Natural gas, US (Henry Hub)",World Bank Pink Sheet monthly
WB_HH_US,1991-12,1.92,USD(원문단위),"Natural gas, US (Henry Hub)",World Bank Pink Sheet monthly
WB_HH_US,1992-01,1.28,USD(원문단위),"Natural gas, US (Henry Hub)",World Bank Pink Sheet monthly
WB_HH_US,1992-02,1.21,USD(원문단위),"Natural gas, US (Henry Hub)",World Bank Pink Sheet monthly
WB_HH_US,1992-03,1.28,USD(원문단위),"Natural gas, US (Henry Hub)",World Bank Pink Sheet monthly
WB_HH_US,1992-04,1.47,USD(원문단위),"Natural gas, US (Henry Hub)",World Bank Pink Sheet monthly
WB_HH_US,1992-05,1.59,USD(원문단위),"Natural gas, US (Henry Hub)",World Bank Pink Sheet monthly
WB_HH_US,1992-06,1.56,USD(원문단위),"Natural gas, US (Henry Hub)",World Bank Pink Sheet monthly
WB_HH_US,1992-07,1.75,USD(원문단위),"Natural gas, US (Henry Hub)",World Bank Pink Sheet monthly
WB_HH_US,1992-08,1.97,USD(원문단위),"Natural gas, US (Henry Hub)",World Bank Pink Sheet monthly
WB_HH_US,1992-09,2.33,USD(원문단위),"Natural gas, US (Henry Hub)",World Bank Pink Sheet monthly
WB_HH_US,1992-10,2.42,USD(원문단위),"Natural gas, US (Henry Hub)",World Bank Pink Sheet monthly
WB_HH_US,1992-11,2.24,USD(원문단위),"Natural gas, US (Henry Hub)",World Bank Pink Sheet monthly
WB_HH_US,1992-12,2.16,USD(원문단위),"Natural gas, US (Henry Hub)",World Bank Pink Sheet monthly
WB_HH_US,1993-01,1.88,USD(원문단위),"Natural gas, US (Henry Hub)",World Bank Pink Sheet monthly
WB_HH_US,1993-02,1.69,USD(원문단위),"Natural gas, US (Henry Hub)",World Bank Pink Sheet monthly
WB_HH_US,1993-03,2.18,USD(원문단위),"Natural gas, US (Henry Hub)",World Bank Pink Sheet monthly
WB_HH_US,1993-04,2.35,USD(원문단위),"Natural gas, US (Henry Hub)",World Bank Pink Sheet monthly
WB_HH_US,1993-05,2.17,USD(원문단위),"Natural gas, US (Henry Hub)",World Bank Pink Sheet monthly
WB_HH_US,1993-06,1.97,USD(원문단위),"Natural gas, US (Henry Hub)",World Bank Pink Sheet monthly
WB_HH_US,1993-07,2.06,USD(원문단위),"Natural gas, US (Henry Hub)",World Bank Pink Sheet monthly
WB_HH_US,1993-08,2.26,USD(원문단위),"Natural gas, US (Henry Hub)",World Bank Pink Sheet monthly
WB_HH_US,1993-09,2.27,USD(원문단위),"Natural gas, US (Henry Hub)",World Bank Pink Sheet monthly
WB_HH_US,1993-10,2.02,USD(원문단위),"Natural gas, US (Henry Hub)",World Bank Pink Sheet monthly
WB_HH_US,1993-11,2.26,USD(원문단위),"Natural gas, US (Henry Hub)",World Bank Pink Sheet monthly
WB_HH_US,1993-12,2.34,USD(원문단위),"Natural gas, US (Henry Hub)",World Bank Pink Sheet monthly
WB_HH_US,1994-01,2.34,USD(원문단위),"Natural gas, US (Henry Hub)",World Bank Pink Sheet monthly
WB_HH_US,1994-02,2.71,USD(원문단위),"Natural gas, US (Henry Hub)",World Bank Pink Sheet monthly
WB_HH_US,1994-03,2.21,USD(원문단위),"Natural gas, US (Henry Hub)",World Bank Pink Sheet monthly
WB_HH_US,1994-04,2.04,USD(원문단위),"Natural gas, US (Henry Hub)",World Bank Pink Sheet monthly
WB_HH_US,1994-05,1.92,USD(원문단위),"Natural gas, US (Henry Hub)",World Bank Pink Sheet monthly
WB_HH_US,1994-06,1.9,USD(원문단위),"Natural gas, US (Henry Hub)",World Bank Pink Sheet monthly
WB_HH_US,1994-07,1.96,USD(원문단위),"Natural gas, US (Henry Hub)",World Bank Pink Sheet monthly
WB_HH_US,1994-08,1.66,USD(원문단위),"Natural gas, US (Henry Hub)",World Bank Pink Sheet monthly
WB_HH_US,1994-09,1.49,USD(원문단위),"Natural gas, US (Henry Hub)",World Bank Pink Sheet monthly
WB_HH_US,1994-10,1.51,USD(원문단위),"Natural gas, US (Henry Hub)",World Bank Pink Sheet monthly
WB_HH_US,1994-11,1.58,USD(원문단위),"Natural gas, US (Henry Hub)",World Bank Pink Sheet monthly
WB_HH_US,1994-12,1.72,USD(원문단위),"Natural gas, US (Henry Hub)",World Bank Pink Sheet monthly
WB_HH_US,1995-01,1.51,USD(원문단위),"Natural gas, US (Henry Hub)",World Bank Pink Sheet monthly
WB_HH_US,1995-02,1.58,USD(원문단위),"Natural gas, US (Henry Hub)",World Bank Pink Sheet monthly
WB_HH_US,1995-03,1.54,USD(원문단위),"Natural gas, US (Henry Hub)",World Bank Pink Sheet monthly
WB_HH_US,1995-04,1.62,USD(원문단위),"Natural gas, US (Henry Hub)",World Bank Pink Sheet monthly
WB_HH_US,1995-05,1.64,USD(원문단위),"Natural gas, US (Henry Hub)",World Bank Pink Sheet monthly
WB_HH_US,1995-06,1.62,USD(원문단위),"Natural gas, US (Henry Hub)",World Bank Pink Sheet monthly
WB_HH_US,1995-07,1.44,USD(원문단위),"Natural gas, US (Henry Hub)",World Bank Pink Sheet monthly
WB_HH_US,1995-08,1.56,USD(원문단위),"Natural gas, US (Henry Hub)",World Bank Pink Sheet monthly
WB_HH_US,1995-09,1.64,USD(원문단위),"Natural gas, US (Henry Hub)",World Bank Pink Sheet monthly
WB_HH_US,1995-10,1.77,USD(원문단위),"Natural gas, US (Henry Hub)",World Bank Pink Sheet monthly
WB_HH_US,1995-11,2.04,USD(원문단위),"Natural gas, US (Henry Hub)",World Bank Pink Sheet monthly
WB_HH_US,1995-12,2.71,USD(원문단위),"Natural gas, US (Henry Hub)",World Bank Pink Sheet monthly
WB_HH_US,1996-01,2.93,USD(원문단위),"Natural gas, US (Henry Hub)",World Bank Pink Sheet monthly
WB_HH_US,1996-02,4.4,USD(원문단위),"Natural gas, US (Henry Hub)",World Bank Pink Sheet monthly
WB_HH_US,1996-03,2.95,USD(원문단위),"Natural gas, US (Henry Hub)",World Bank Pink Sheet monthly
WB_HH_US,1996-04,2.23,USD(원문단위),"Natural gas, US (Henry Hub)",World Bank Pink Sheet monthly
WB_HH_US,1996-05,2.24,USD(원문단위),"Natural gas, US (Henry Hub)",World Bank Pink Sheet monthly
WB_HH_US,1996-06,2.49,USD(원문단위),"Natural gas, US (Henry Hub)",World Bank Pink Sheet monthly
WB_HH_US,1996-07,2.48,USD(원문단위),"Natural gas, US (Henry Hub)",World Bank Pink Sheet monthly
WB_HH_US,1996-08,2.03,USD(원문단위),"Natural gas, US (Henry Hub)",World Bank Pink Sheet monthly
WB_HH_US,1996-09,1.84,USD(원문단위),"Natural gas, US (Henry Hub)",World Bank Pink Sheet monthly
WB_HH_US,1996-10,2.37,USD(원문단위),"Natural gas, US (Henry Hub)",World Bank Pink Sheet monthly
WB_HH_US,1996-11,3.03,USD(원문단위),"Natural gas, US (Henry Hub)",World Bank Pink Sheet monthly
WB_HH_US,1996-12,3.82,USD(원문단위),"Natural gas, US (Henry Hub)",World Bank Pink Sheet monthly
WB_HH_US,1997-01,3.31,USD(원문단위),"Natural gas, US (Henry Hub)",World Bank Pink Sheet monthly
WB_HH_US,1997-02,2.22,USD(원문단위),"Natural gas, US (Henry Hub)",World Bank Pink Sheet monthly
WB_HH_US,1997-03,1.89,USD(원문단위),"Natural gas, US (Henry Hub)",World Bank Pink Sheet monthly
WB_HH_US,1997-04,2.03,USD(원문단위),"Natural gas, US (Henry Hub)",World Bank Pink Sheet monthly
WB_HH_US,1997-05,2.24,USD(원문단위),"Natural gas, US (Henry Hub)",World Bank Pink Sheet monthly
WB_HH_US,1997-06,2.2,USD(원문단위),"Natural gas, US (Henry Hub)",World Bank Pink Sheet monthly
WB_HH_US,1997-07,2.19,USD(원문단위),"Natural gas, US (Henry Hub)",World Bank Pink Sheet monthly
WB_HH_US,1997-08,2.47,USD(원문단위),"Natural gas, US (Henry Hub)",World Bank Pink Sheet monthly
WB_HH_US,1997-09,2.84,USD(원문단위),"Natural gas, US (Henry Hub)",World Bank Pink Sheet monthly
WB_HH_US,1997-10,3.04,USD(원문단위),"Natural gas, US (Henry Hub)",World Bank Pink Sheet monthly
WB_HH_US,1997-11,3.02,USD(원문단위),"Natural gas, US (Henry Hub)",World Bank Pink Sheet monthly
WB_HH_US,1997-12,2.33,USD(원문단위),"Natural gas, US (Henry Hub)",World Bank Pink Sheet monthly
WB_HH_US,1998-01,2.1,USD(원문단위),"Natural gas, US (Henry Hub)",World Bank Pink Sheet monthly
WB_HH_US,1998-02,2.22,USD(원문단위),"Natural gas, US (Henry Hub)",World Bank Pink Sheet monthly
WB_HH_US,1998-03,2.23,USD(원문단위),"Natural gas, US (Henry Hub)",World Bank Pink Sheet monthly
WB_HH_US,1998-04,2.42,USD(원문단위),"Natural gas, US (Henry Hub)",World Bank Pink Sheet monthly
WB_HH_US,1998-05,2.14,USD(원문단위),"Natural gas, US (Henry Hub)",World Bank Pink Sheet monthly
WB_HH_US,1998-06,2.17,USD(원문단위),"Natural gas, US (Henry Hub)",World Bank Pink Sheet monthly
WB_HH_US,1998-07,2.17,USD(원문단위),"Natural gas, US (Henry Hub)",World Bank Pink Sheet monthly
WB_HH_US,1998-08,1.85,USD(원문단위),"Natural gas, US (Henry Hub)",World Bank Pink Sheet monthly
WB_HH_US,1998-09,2.01,USD(원문단위),"Natural gas, US (Henry Hub)",World Bank Pink Sheet monthly
WB_HH_US,1998-10,1.89,USD(원문단위),"Natural gas, US (Henry Hub)",World Bank Pink Sheet monthly
WB_HH_US,1998-11,2.1,USD(원문단위),"Natural gas, US (Henry Hub)",World Bank Pink Sheet monthly
WB_HH_US,1998-12,1.74,USD(원문단위),"Natural gas, US (Henry Hub)",World Bank Pink Sheet monthly
WB_HH_US,1999-01,1.86,USD(원문단위),"Natural gas, US (Henry Hub)",World Bank Pink Sheet monthly
WB_HH_US,1999-02,1.77,USD(원문단위),"Natural gas, US (Henry Hub)",World Bank Pink Sheet monthly
WB_HH_US,1999-03,1.79,USD(원문단위),"Natural gas, US (Henry Hub)",World Bank Pink Sheet monthly
WB_HH_US,1999-04,2.15,USD(원문단위),"Natural gas, US (Henry Hub)",World Bank Pink Sheet monthly
WB_HH_US,1999-05,2.25,USD(원문단위),"Natural gas, US (Henry Hub)",World Bank Pink Sheet monthly
WB_HH_US,1999-06,2.3,USD(원문단위),"Natural gas, US (Henry Hub)",World Bank Pink Sheet monthly
WB_HH_US,1999-07,2.31,USD(원문단위),"Natural gas, US (Henry Hub)",World Bank Pink Sheet monthly
WB_HH_US,1999-08,2.79,USD(원문단위),"Natural gas, US (Henry Hub)",World Bank Pink Sheet monthly
WB_HH_US,1999-09,2.54,USD(원문단위),"Natural gas, US (Henry Hub)",World Bank Pink Sheet monthly
WB_HH_US,1999-10,2.72,USD(원문단위),"Natural gas, US (Henry Hub)",World Bank Pink Sheet monthly
WB_HH_US,1999-11,2.36,USD(원문단위),"Natural gas, US (Henry Hub)",World Bank Pink Sheet monthly
WB_HH_US,1999-12,2.36,USD(원문단위),"Natural gas, US (Henry Hub)",World Bank Pink Sheet monthly
WB_HH_US,2000-01,2.42,USD(원문단위),"Natural gas, US (Henry Hub)",World Bank Pink Sheet monthly
WB_HH_US,2000-02,2.65,USD(원문단위),"Natural gas, US (Henry Hub)",World Bank Pink Sheet monthly
WB_HH_US,2000-03,2.79,USD(원문단위),"Natural gas, US (Henry Hub)",World Bank Pink Sheet monthly
WB_HH_US,2000-04,3.03,USD(원문단위),"Natural gas, US (Henry Hub)",World Bank Pink Sheet monthly
WB_HH_US,2000-05,3.58,USD(원문단위),"Natural gas, US (Henry Hub)",World Bank Pink Sheet monthly
WB_HH_US,2000-06,4.28,USD(원문단위),"Natural gas, US (Henry Hub)",World Bank Pink Sheet monthly
WB_HH_US,2000-07,3.96,USD(원문단위),"Natural gas, US (Henry Hub)",World Bank Pink Sheet monthly
WB_HH_US,2000-08,4.41,USD(원문단위),"Natural gas, US (Henry Hub)",World Bank Pink Sheet monthly
WB_HH_US,2000-09,5.06,USD(원문단위),"Natural gas, US (Henry Hub)",World Bank Pink Sheet monthly
WB_HH_US,2000-10,5.02,USD(원문단위),"Natural gas, US (Henry Hub)",World Bank Pink Sheet monthly
WB_HH_US,2000-11,5.55,USD(원문단위),"Natural gas, US (Henry Hub)",World Bank Pink Sheet monthly
WB_HH_US,2000-12,8.95,USD(원문단위),"Natural gas, US (Henry Hub)",World Bank Pink Sheet monthly
WB_HH_US,2001-01,8.17,USD(원문단위),"Natural gas, US (Henry Hub)",World Bank Pink Sheet monthly
WB_HH_US,2001-02,5.63,USD(원문단위),"Natural gas, US (Henry Hub)",World Bank Pink Sheet monthly
WB_HH_US,2001-03,5.16,USD(원문단위),"Natural gas, US (Henry Hub)",World Bank Pink Sheet monthly
WB_HH_US,2001-04,5.17,USD(원문단위),"Natural gas, US (Henry Hub)",World Bank Pink Sheet monthly
WB_HH_US,2001-05,4.21,USD(원문단위),"Natural gas, US (Henry Hub)",World Bank Pink Sheet monthly
WB_HH_US,2001-06,3.71,USD(원문단위),"Natural gas, US (Henry Hub)",World Bank Pink Sheet monthly
WB_HH_US,2001-07,3.1,USD(원문단위),"Natural gas, US (Henry Hub)",World Bank Pink Sheet monthly
WB_HH_US,2001-08,2.95,USD(원문단위),"Natural gas, US (Henry Hub)",World Bank Pink Sheet monthly
WB_HH_US,2001-09,2.15,USD(원문단위),"Natural gas, US (Henry Hub)",World Bank Pink Sheet monthly
WB_HH_US,2001-10,2.45,USD(원문단위),"Natural gas, US (Henry Hub)",World Bank Pink Sheet monthly
WB_HH_US,2001-11,2.36,USD(원문단위),"Natural gas, US (Henry Hub)",World Bank Pink Sheet monthly
WB_HH_US,2001-12,2.41,USD(원문단위),"Natural gas, US (Henry Hub)",World Bank Pink Sheet monthly
WB_HH_US,2002-01,2.25,USD(원문단위),"Natural gas, US (Henry Hub)",World Bank Pink Sheet monthly
WB_HH_US,2002-02,2.31,USD(원문단위),"Natural gas, US (Henry Hub)",World Bank Pink Sheet monthly
WB_HH_US,2002-03,3.03,USD(원문단위),"Natural gas, US (Henry Hub)",World Bank Pink Sheet monthly
WB_HH_US,2002-04,3.42,USD(원문단위),"Natural gas, US (Henry Hub)",World Bank Pink Sheet monthly
WB_HH_US,2002-05,3.49,USD(원문단위),"Natural gas, US (Henry Hub)",World Bank Pink Sheet monthly
WB_HH_US,2002-06,3.22,USD(원문단위),"Natural gas, US (Henry Hub)",World Bank Pink Sheet monthly
WB_HH_US,2002-07,2.98,USD(원문단위),"Natural gas, US (Henry Hub)",World Bank Pink Sheet monthly
WB_HH_US,2002-08,3.09,USD(원문단위),"Natural gas, US (Henry Hub)",World Bank Pink Sheet monthly
WB_HH_US,2002-09,3.57,USD(원문단위),"Natural gas, US (Henry Hub)",World Bank Pink Sheet monthly
WB_HH_US,2002-10,4.12,USD(원문단위),"Natural gas, US (Henry Hub)",World Bank Pink Sheet monthly
WB_HH_US,2002-11,4.04,USD(원문단위),"Natural gas, US (Henry Hub)",World Bank Pink Sheet monthly
WB_HH_US,2002-12,4.74,USD(원문단위),"Natural gas, US (Henry Hub)",World Bank Pink Sheet monthly
WB_HH_US,2003-01,5.41,USD(원문단위),"Natural gas, US (Henry Hub)",World Bank Pink Sheet monthly
WB_HH_US,2003-02,7.77,USD(원문단위),"Natural gas, US (Henry Hub)",World Bank Pink Sheet monthly
WB_HH_US,2003-03,5.95,USD(원문단위),"Natural gas, US (Henry Hub)",World Bank Pink Sheet monthly
WB_HH_US,2003-04,5.29,USD(원문단위),"Natural gas, US (Henry Hub)",World Bank Pink Sheet monthly
WB_HH_US,2003-05,5.84,USD(원문단위),"Natural gas, US (Henry Hub)",World Bank Pink Sheet monthly
WB_HH_US,2003-06,5.77,USD(원문단위),"Natural gas, US (Henry Hub)",World Bank Pink Sheet monthly
WB_HH_US,2003-07,5.01,USD(원문단위),"Natural gas, US (Henry Hub)",World Bank Pink Sheet monthly
WB_HH_US,2003-08,4.97,USD(원문단위),"Natural gas, US (Henry Hub)",World Bank Pink Sheet monthly
WB_HH_US,2003-09,4.61,USD(원문단위),"Natural gas, US (Henry Hub)",World Bank Pink Sheet monthly
WB_HH_US,2003-10,4.64,USD(원문단위),"Natural gas, US (Henry Hub)",World Bank Pink Sheet monthly
WB_HH_US,2003-11,4.53,USD(원문단위),"Natural gas, US (Henry Hub)",World Bank Pink Sheet monthly
WB_HH_US,2003-12,6.13,USD(원문단위),"Natural gas, US (Henry Hub)",World Bank Pink Sheet monthly
WB_HH_US,2004-01,6.09,USD(원문단위),"Natural gas, US (Henry Hub)",World Bank Pink Sheet monthly
WB_HH_US,2004-02,5.38,USD(원문단위),"Natural gas, US (Henry Hub)",World Bank Pink Sheet monthly
WB_HH_US,2004-03,5.4,USD(원문단위),"Natural gas, US (Henry Hub)",World Bank Pink Sheet monthly
WB_HH_US,2004-04,5.72,USD(원문단위),"Natural gas, US (Henry Hub)",World Bank Pink Sheet monthly
WB_HH_US,2004-05,6.34,USD(원문단위),"Natural gas, US (Henry Hub)",World Bank Pink Sheet monthly
WB_HH_US,2004-06,6.27,USD(원문단위),"Natural gas, US (Henry Hub)",World Bank Pink Sheet monthly
WB_HH_US,2004-07,5.93,USD(원문단위),"Natural gas, US (Henry Hub)",World Bank Pink Sheet monthly
WB_HH_US,2004-08,5.4,USD(원문단위),"Natural gas, US (Henry Hub)",World Bank Pink Sheet monthly
WB_HH_US,2004-09,5.14,USD(원문단위),"Natural gas, US (Henry Hub)",World Bank Pink Sheet monthly
WB_HH_US,2004-10,6.41,USD(원문단위),"Natural gas, US (Henry Hub)",World Bank Pink Sheet monthly
WB_HH_US,2004-11,6.09,USD(원문단위),"Natural gas, US (Henry Hub)",World Bank Pink Sheet monthly
WB_HH_US,2004-12,6.58,USD(원문단위),"Natural gas, US (Henry Hub)",World Bank Pink Sheet monthly
WB_HH_US,2005-01,6.15,USD(원문단위),"Natural gas, US (Henry Hub)",World Bank Pink Sheet monthly
WB_HH_US,2005-02,6.14,USD(원문단위),"Natural gas, US (Henry Hub)",World Bank Pink Sheet monthly
WB_HH_US,2005-03,6.97,USD(원문단위),"Natural gas, US (Henry Hub)",World Bank Pink Sheet monthly
WB_HH_US,2005-04,7.15,USD(원문단위),"Natural gas, US (Henry Hub)",World Bank Pink Sheet monthly
WB_HH_US,2005-05,6.47,USD(원문단위),"Natural gas, US (Henry Hub)",World Bank Pink Sheet monthly
WB_HH_US,2005-06,7.19,USD(원문단위),"Natural gas, US (Henry Hub)",World Bank Pink Sheet monthly
WB_HH_US,2005-07,7.63,USD(원문단위),"Natural gas, US (Henry Hub)",World Bank Pink Sheet monthly
WB_HH_US,2005-08,9.63,USD(원문단위),"Natural gas, US (Henry Hub)",World Bank Pink Sheet monthly
WB_HH_US,2005-09,12.88,USD(원문단위),"Natural gas, US (Henry Hub)",World Bank Pink Sheet monthly
WB_HH_US,2005-10,13.52,USD(원문단위),"Natural gas, US (Henry Hub)",World Bank Pink Sheet monthly
WB_HH_US,2005-11,10.43,USD(원문단위),"Natural gas, US (Henry Hub)",World Bank Pink Sheet monthly
WB_HH_US,2005-12,12.83,USD(원문단위),"Natural gas, US (Henry Hub)",World Bank Pink Sheet monthly
WB_HH_US,2006-01,8.66,USD(원문단위),"Natural gas, US (Henry Hub)",World Bank Pink Sheet monthly
WB_HH_US,2006-02,7.49,USD(원문단위),"Natural gas, US (Henry Hub)",World Bank Pink Sheet monthly
WB_HH_US,2006-03,6.9,USD(원문단위),"Natural gas, US (Henry Hub)",World Bank Pink Sheet monthly
WB_HH_US,2006-04,7.09,USD(원문단위),"Natural gas, US (Henry Hub)",World Bank Pink Sheet monthly
WB_HH_US,2006-05,6.2,USD(원문단위),"Natural gas, US (Henry Hub)",World Bank Pink Sheet monthly
WB_HH_US,2006-06,6.19,USD(원문단위),"Natural gas, US (Henry Hub)",World Bank Pink Sheet monthly
WB_HH_US,2006-07,6.25,USD(원문단위),"Natural gas, US (Henry Hub)",World Bank Pink Sheet monthly
WB_HH_US,2006-08,7.0,USD(원문단위),"Natural gas, US (Henry Hub)",World Bank Pink Sheet monthly
WB_HH_US,2006-09,4.86,USD(원문단위),"Natural gas, US (Henry Hub)",World Bank Pink Sheet monthly
WB_HH_US,2006-10,5.96,USD(원문단위),"Natural gas, US (Henry Hub)",World Bank Pink Sheet monthly
WB_HH_US,2006-11,7.45,USD(원문단위),"Natural gas, US (Henry Hub)",World Bank Pink Sheet monthly
WB_HH_US,2006-12,6.58,USD(원문단위),"Natural gas, US (Henry Hub)",World Bank Pink Sheet monthly
WB_HH_US,2007-01,6.58,USD(원문단위),"Natural gas, US (Henry Hub)",World Bank Pink Sheet monthly
WB_HH_US,2007-02,7.97,USD(원문단위),"Natural gas, US (Henry Hub)",World Bank Pink Sheet monthly
WB_HH_US,2007-03,7.12,USD(원문단위),"Natural gas, US (Henry Hub)",World Bank Pink Sheet monthly
WB_HH_US,2007-04,7.59,USD(원문단위),"Natural gas, US (Henry Hub)",World Bank Pink Sheet monthly
WB_HH_US,2007-05,7.61,USD(원문단위),"Natural gas, US (Henry Hub)",World Bank Pink Sheet monthly
WB_HH_US,2007-06,7.3,USD(원문단위),"Natural gas, US (Henry Hub)",World Bank Pink Sheet monthly
WB_HH_US,2007-07,6.22,USD(원문단위),"Natural gas, US (Henry Hub)",World Bank Pink Sheet monthly
WB_HH_US,2007-08,6.2,USD(원문단위),"Natural gas, US (Henry Hub)",World Bank Pink Sheet monthly
WB_HH_US,2007-09,6.1,USD(원문단위),"Natural gas, US (Henry Hub)",World Bank Pink Sheet monthly
WB_HH_US,2007-10,6.8,USD(원문단위),"Natural gas, US (Henry Hub)",World Bank Pink Sheet monthly
WB_HH_US,2007-11,7.14,USD(원문단위),"Natural gas, US (Henry Hub)",World Bank Pink Sheet monthly
WB_HH_US,2007-12,7.15,USD(원문단위),"Natural gas, US (Henry Hub)",World Bank Pink Sheet monthly
WB_HH_US,2008-01,8.0,USD(원문단위),"Natural gas, US (Henry Hub)",World Bank Pink Sheet monthly
WB_HH_US,2008-02,8.55,USD(원문단위),"Natural gas, US (Henry Hub)",World Bank Pink Sheet monthly
WB_HH_US,2008-03,9.4,USD(원문단위),"Natural gas, US (Henry Hub)",World Bank Pink Sheet monthly
WB_HH_US,2008-04,10.13,USD(원문단위),"Natural gas, US (Henry Hub)",World Bank Pink Sheet monthly
WB_HH_US,2008-05,11.23,USD(원문단위),"Natural gas, US (Henry Hub)",World Bank Pink Sheet monthly
WB_HH_US,2008-06,12.68,USD(원문단위),"Natural gas, US (Henry Hub)",World Bank Pink Sheet monthly
WB_HH_US,2008-07,11.15,USD(원문단위),"Natural gas, US (Henry Hub)",World Bank Pink Sheet monthly
WB_HH_US,2008-08,8.25,USD(원문단위),"Natural gas, US (Henry Hub)",World Bank Pink Sheet monthly
WB_HH_US,2008-09,7.69,USD(원문단위),"Natural gas, US (Henry Hub)",World Bank Pink Sheet monthly
WB_HH_US,2008-10,6.73,USD(원문단위),"Natural gas, US (Henry Hub)",World Bank Pink Sheet monthly
WB_HH_US,2008-11,6.67,USD(원문단위),"Natural gas, US (Henry Hub)",World Bank Pink Sheet monthly
WB_HH_US,2008-12,5.79,USD(원문단위),"Natural gas, US (Henry Hub)",World Bank Pink Sheet monthly
WB_HH_US,2009-01,5.24,USD(원문단위),"Natural gas, US (Henry Hub)",World Bank Pink Sheet monthly
WB_HH_US,2009-02,4.52,USD(원문단위),"Natural gas, US (Henry Hub)",World Bank Pink Sheet monthly
WB_HH_US,2009-03,3.95,USD(원문단위),"Natural gas, US (Henry Hub)",World Bank Pink Sheet monthly
WB_HH_US,2009-04,3.5,USD(원문단위),"Natural gas, US (Henry Hub)",World Bank Pink Sheet monthly
WB_HH_US,2009-05,3.81,USD(원문단위),"Natural gas, US (Henry Hub)",World Bank Pink Sheet monthly
WB_HH_US,2009-06,3.8,USD(원문단위),"Natural gas, US (Henry Hub)",World Bank Pink Sheet monthly
WB_HH_US,2009-07,3.39,USD(원문단위),"Natural gas, US (Henry Hub)",World Bank Pink Sheet monthly
WB_HH_US,2009-08,3.15,USD(원문단위),"Natural gas, US (Henry Hub)",World Bank Pink Sheet monthly
WB_HH_US,2009-09,2.96,USD(원문단위),"Natural gas, US (Henry Hub)",World Bank Pink Sheet monthly
WB_HH_US,2009-10,4.02,USD(원문단위),"Natural gas, US (Henry Hub)",World Bank Pink Sheet monthly
WB_HH_US,2009-11,3.69,USD(원문단위),"Natural gas, US (Henry Hub)",World Bank Pink Sheet monthly
WB_HH_US,2009-12,5.37,USD(원문단위),"Natural gas, US (Henry Hub)",World Bank Pink Sheet monthly
WB_HH_US,2010-01,5.81,USD(원문단위),"Natural gas, US (Henry Hub)",World Bank Pink Sheet monthly
WB_HH_US,2010-02,5.34,USD(원문단위),"Natural gas, US (Henry Hub)",World Bank Pink Sheet monthly
WB_HH_US,2010-03,4.29,USD(원문단위),"Natural gas, US (Henry Hub)",World Bank Pink Sheet monthly
WB_HH_US,2010-04,4.01,USD(원문단위),"Natural gas, US (Henry Hub)",World Bank Pink Sheet monthly
WB_HH_US,2010-05,4.16,USD(원문단위),"Natural gas, US (Henry Hub)",World Bank Pink Sheet monthly
WB_HH_US,2010-06,4.79,USD(원문단위),"Natural gas, US (Henry Hub)",World Bank Pink Sheet monthly
WB_HH_US,2010-07,4.63,USD(원문단위),"Natural gas, US (Henry Hub)",World Bank Pink Sheet monthly
WB_HH_US,2010-08,4.31,USD(원문단위),"Natural gas, US (Henry Hub)",World Bank Pink Sheet monthly
WB_HH_US,2010-09,3.9,USD(원문단위),"Natural gas, US (Henry Hub)",World Bank Pink Sheet monthly
WB_HH_US,2010-10,3.43,USD(원문단위),"Natural gas, US (Henry Hub)",World Bank Pink Sheet monthly
WB_HH_US,2010-11,3.73,USD(원문단위),"Natural gas, US (Henry Hub)",World Bank Pink Sheet monthly
WB_HH_US,2010-12,4.24,USD(원문단위),"Natural gas, US (Henry Hub)",World Bank Pink Sheet monthly
WB_HH_US,2011-01,4.49,USD(원문단위),"Natural gas, US (Henry Hub)",World Bank Pink Sheet monthly
WB_HH_US,2011-02,4.07,USD(원문단위),"Natural gas, US (Henry Hub)",World Bank Pink Sheet monthly
WB_HH_US,2011-03,3.97,USD(원문단위),"Natural gas, US (Henry Hub)",World Bank Pink Sheet monthly
WB_HH_US,2011-04,4.24,USD(원문단위),"Natural gas, US (Henry Hub)",World Bank Pink Sheet monthly
WB_HH_US,2011-05,4.31,USD(원문단위),"Natural gas, US (Henry Hub)",World Bank Pink Sheet monthly
WB_HH_US,2011-06,4.55,USD(원문단위),"Natural gas, US (Henry Hub)",World Bank Pink Sheet monthly
WB_HH_US,2011-07,4.41,USD(원문단위),"Natural gas, US (Henry Hub)",World Bank Pink Sheet monthly
WB_HH_US,2011-08,4.05,USD(원문단위),"Natural gas, US (Henry Hub)",World Bank Pink Sheet monthly
WB_HH_US,2011-09,3.9,USD(원문단위),"Natural gas, US (Henry Hub)",World Bank Pink Sheet monthly
WB_HH_US,2011-10,3.57,USD(원문단위),"Natural gas, US (Henry Hub)",World Bank Pink Sheet monthly
WB_HH_US,2011-11,3.24,USD(원문단위),"Natural gas, US (Henry Hub)",World Bank Pink Sheet monthly
WB_HH_US,2011-12,3.16,USD(원문단위),"Natural gas, US (Henry Hub)",World Bank Pink Sheet monthly
WB_HH_US,2012-01,2.68,USD(원문단위),"Natural gas, US (Henry Hub)",World Bank Pink Sheet monthly
WB_HH_US,2012-02,2.52,USD(원문단위),"Natural gas, US (Henry Hub)",World Bank Pink Sheet monthly
WB_HH_US,2012-03,2.17,USD(원문단위),"Natural gas, US (Henry Hub)",World Bank Pink Sheet monthly
WB_HH_US,2012-04,1.95,USD(원문단위),"Natural gas, US (Henry Hub)",World Bank Pink Sheet monthly
WB_HH_US,2012-05,2.44,USD(원문단위),"Natural gas, US (Henry Hub)",World Bank Pink Sheet monthly
WB_HH_US,2012-06,2.46,USD(원문단위),"Natural gas, US (Henry Hub)",World Bank Pink Sheet monthly
WB_HH_US,2012-07,2.95,USD(원문단위),"Natural gas, US (Henry Hub)",World Bank Pink Sheet monthly
WB_HH_US,2012-08,2.84,USD(원문단위),"Natural gas, US (Henry Hub)",World Bank Pink Sheet monthly
WB_HH_US,2012-09,2.84,USD(원문단위),"Natural gas, US (Henry Hub)",World Bank Pink Sheet monthly
WB_HH_US,2012-10,3.32,USD(원문단위),"Natural gas, US (Henry Hub)",World Bank Pink Sheet monthly
WB_HH_US,2012-11,3.54,USD(원문단위),"Natural gas, US (Henry Hub)",World Bank Pink Sheet monthly
WB_HH_US,2012-12,3.34,USD(원문단위),"Natural gas, US (Henry Hub)",World Bank Pink Sheet monthly
WB_HH_US,2013-01,3.33,USD(원문단위),"Natural gas, US (Henry Hub)",World Bank Pink Sheet monthly
WB_HH_US,2013-02,3.33,USD(원문단위),"Natural gas, US (Henry Hub)",World Bank Pink Sheet monthly
WB_HH_US,2013-03,3.81,USD(원문단위),"Natural gas, US (Henry Hub)",World Bank Pink Sheet monthly
WB_HH_US,2013-04,4.17,USD(원문단위),"Natural gas, US (Henry Hub)",World Bank Pink Sheet monthly
WB_HH_US,2013-05,4.04,USD(원문단위),"Natural gas, US (Henry Hub)",World Bank Pink Sheet monthly
WB_HH_US,2013-06,3.83,USD(원문단위),"Natural gas, US (Henry Hub)",World Bank Pink Sheet monthly
WB_HH_US,2013-07,3.62,USD(원문단위),"Natural gas, US (Henry Hub)",World Bank Pink Sheet monthly
WB_HH_US,2013-08,3.43,USD(원문단위),"Natural gas, US (Henry Hub)",World Bank Pink Sheet monthly
WB_HH_US,2013-09,3.62,USD(원문단위),"Natural gas, US (Henry Hub)",World Bank Pink Sheet monthly
WB_HH_US,2013-10,3.67,USD(원문단위),"Natural gas, US (Henry Hub)",World Bank Pink Sheet monthly
WB_HH_US,2013-11,3.62,USD(원문단위),"Natural gas, US (Henry Hub)",World Bank Pink Sheet monthly
WB_HH_US,2013-12,4.24,USD(원문단위),"Natural gas, US (Henry Hub)",World Bank Pink Sheet monthly
WB_HH_US,2014-01,4.7,USD(원문단위),"Natural gas, US (Henry Hub)",World Bank Pink Sheet monthly
WB_HH_US,2014-02,5.97,USD(원문단위),"Natural gas, US (Henry Hub)",World Bank Pink Sheet monthly
WB_HH_US,2014-03,4.88,USD(원문단위),"Natural gas, US (Henry Hub)",World Bank Pink Sheet monthly
WB_HH_US,2014-04,4.63,USD(원문단위),"Natural gas, US (Henry Hub)",World Bank Pink Sheet monthly
WB_HH_US,2014-05,4.56,USD(원문단위),"Natural gas, US (Henry Hub)",World Bank Pink Sheet monthly
WB_HH_US,2014-06,4.57,USD(원문단위),"Natural gas, US (Henry Hub)",World Bank Pink Sheet monthly
WB_HH_US,2014-07,4.01,USD(원문단위),"Natural gas, US (Henry Hub)",World Bank Pink Sheet monthly
WB_HH_US,2014-08,3.88,USD(원문단위),"Natural gas, US (Henry Hub)",World Bank Pink Sheet monthly
WB_HH_US,2014-09,3.92,USD(원문단위),"Natural gas, US (Henry Hub)",World Bank Pink Sheet monthly
WB_HH_US,2014-10,3.77,USD(원문단위),"Natural gas, US (Henry Hub)",World Bank Pink Sheet monthly
WB_HH_US,2014-11,4.1,USD(원문단위),"Natural gas, US (Henry Hub)",World Bank Pink Sheet monthly
WB_HH_US,2014-12,3.43,USD(원문단위),"Natural gas, US (Henry Hub)",World Bank Pink Sheet monthly
WB_HH_US,2015-01,2.97,USD(원문단위),"Natural gas, US (Henry Hub)",World Bank Pink Sheet monthly
WB_HH_US,2015-02,2.85,USD(원문단위),"Natural gas, US (Henry Hub)",World Bank Pink Sheet monthly
WB_HH_US,2015-03,2.8,USD(원문단위),"Natural gas, US (Henry Hub)",World Bank Pink Sheet monthly
WB_HH_US,2015-04,2.58,USD(원문단위),"Natural gas, US (Henry Hub)",World Bank Pink Sheet monthly
WB_HH_US,2015-05,2.84,USD(원문단위),"Natural gas, US (Henry Hub)",World Bank Pink Sheet monthly
WB_HH_US,2015-06,2.77,USD(원문단위),"Natural gas, US (Henry Hub)",World Bank Pink Sheet monthly
WB_HH_US,2015-07,2.83,USD(원문단위),"Natural gas, US (Henry Hub)",World Bank Pink Sheet monthly
WB_HH_US,2015-08,2.76,USD(원문단위),"Natural gas, US (Henry Hub)",World Bank Pink Sheet monthly
WB_HH_US,2015-09,2.65,USD(원문단위),"Natural gas, US (Henry Hub)",World Bank Pink Sheet monthly
WB_HH_US,2015-10,2.32,USD(원문단위),"Natural gas, US (Henry Hub)",World Bank Pink Sheet monthly
WB_HH_US,2015-11,2.08,USD(원문단위),"Natural gas, US (Henry Hub)",World Bank Pink Sheet monthly
WB_HH_US,2015-12,1.92,USD(원문단위),"Natural gas, US (Henry Hub)",World Bank Pink Sheet monthly
WB_HH_US,2016-01,2.27,USD(원문단위),"Natural gas, US (Henry Hub)",World Bank Pink Sheet monthly
WB_HH_US,2016-02,1.96,USD(원문단위),"Natural gas, US (Henry Hub)",World Bank Pink Sheet monthly
WB_HH_US,2016-03,1.7,USD(원문단위),"Natural gas, US (Henry Hub)",World Bank Pink Sheet monthly
WB_HH_US,2016-04,1.9,USD(원문단위),"Natural gas, US (Henry Hub)",World Bank Pink Sheet monthly
WB_HH_US,2016-05,1.92,USD(원문단위),"Natural gas, US (Henry Hub)",World Bank Pink Sheet monthly
WB_HH_US,2016-06,2.57,USD(원문단위),"Natural gas, US (Henry Hub)",World Bank Pink Sheet monthly
WB_HH_US,2016-07,2.79,USD(원문단위),"Natural gas, US (Henry Hub)",World Bank Pink Sheet monthly
WB_HH_US,2016-08,2.79,USD(원문단위),"Natural gas, US (Henry Hub)",World Bank Pink Sheet monthly
WB_HH_US,2016-09,2.97,USD(원문단위),"Natural gas, US (Henry Hub)",World Bank Pink Sheet monthly
WB_HH_US,2016-10,2.95,USD(원문단위),"Natural gas, US (Henry Hub)",World Bank Pink Sheet monthly
WB_HH_US,2016-11,2.5,USD(원문단위),"Natural gas, US (Henry Hub)",World Bank Pink Sheet monthly
WB_HH_US,2016-12,3.58,USD(원문단위),"Natural gas, US (Henry Hub)",World Bank Pink Sheet monthly
WB_HH_US,2017-01,3.26,USD(원문단위),"Natural gas, US (Henry Hub)",World Bank Pink Sheet monthly
WB_HH_US,2017-02,2.82,USD(원문단위),"Natural gas, US (Henry Hub)",World Bank Pink Sheet monthly
WB_HH_US,2017-03,2.89,USD(원문단위),"Natural gas, US (Henry Hub)",World Bank Pink Sheet monthly
WB_HH_US,2017-04,3.08,USD(원문단위),"Natural gas, US (Henry Hub)",World Bank Pink Sheet monthly
WB_HH_US,2017-05,3.12,USD(원문단위),"Natural gas, US (Henry Hub)",World Bank Pink Sheet monthly
WB_HH_US,2017-06,2.94,USD(원문단위),"Natural gas, US (Henry Hub)",World Bank Pink Sheet monthly
WB_HH_US,2017-07,2.96,USD(원문단위),"Natural gas, US (Henry Hub)",World Bank Pink Sheet monthly
WB_HH_US,2017-08,2.88,USD(원문단위),"Natural gas, US (Henry Hub)",World Bank Pink Sheet monthly
WB_HH_US,2017-09,2.96,USD(원문단위),"Natural gas, US (Henry Hub)",World Bank Pink Sheet monthly
WB_HH_US,2017-10,2.86,USD(원문단위),"Natural gas, US (Henry Hub)",World Bank Pink Sheet monthly
WB_HH_US,2017-11,2.99,USD(원문단위),"Natural gas, US (Henry Hub)",World Bank Pink Sheet monthly
WB_HH_US,2017-12,2.76,USD(원문단위),"Natural gas, US (Henry Hub)",World Bank Pink Sheet monthly
WB_HH_US,2018-01,3.86,USD(원문단위),"Natural gas, US (Henry Hub)",World Bank Pink Sheet monthly
WB_HH_US,2018-02,2.67,USD(원문단위),"Natural gas, US (Henry Hub)",World Bank Pink Sheet monthly
WB_HH_US,2018-03,2.7,USD(원문단위),"Natural gas, US (Henry Hub)",World Bank Pink Sheet monthly
WB_HH_US,2018-04,2.78,USD(원문단위),"Natural gas, US (Henry Hub)",World Bank Pink Sheet monthly
WB_HH_US,2018-05,2.8,USD(원문단위),"Natural gas, US (Henry Hub)",World Bank Pink Sheet monthly
WB_HH_US,2018-06,2.95,USD(원문단위),"Natural gas, US (Henry Hub)",World Bank Pink Sheet monthly
WB_HH_US,2018-07,2.83,USD(원문단위),"Natural gas, US (Henry Hub)",World Bank Pink Sheet monthly
WB_HH_US,2018-08,2.96,USD(원문단위),"Natural gas, US (Henry Hub)",World Bank Pink Sheet monthly
WB_HH_US,2018-09,2.98,USD(원문단위),"Natural gas, US (Henry Hub)",World Bank Pink Sheet monthly
WB_HH_US,2018-10,3.28,USD(원문단위),"Natural gas, US (Henry Hub)",World Bank Pink Sheet monthly
WB_HH_US,2018-11,4.13,USD(원문단위),"Natural gas, US (Henry Hub)",World Bank Pink Sheet monthly
WB_HH_US,2018-12,3.98,USD(원문단위),"Natural gas, US (Henry Hub)",World Bank Pink Sheet monthly
WB_HH_US,2019-01,3.08,USD(원문단위),"Natural gas, US (Henry Hub)",World Bank Pink Sheet monthly
WB_HH_US,2019-02,2.72,USD(원문단위),"Natural gas, US (Henry Hub)",World Bank Pink Sheet monthly
WB_HH_US,2019-03,2.94,USD(원문단위),"Natural gas, US (Henry Hub)",World Bank Pink Sheet monthly
WB_HH_US,2019-04,2.65,USD(원문단위),"Natural gas, US (Henry Hub)",World Bank Pink Sheet monthly
WB_HH_US,2019-05,2.63,USD(원문단위),"Natural gas, US (Henry Hub)",World Bank Pink Sheet monthly
WB_HH_US,2019-06,2.4,USD(원문단위),"Natural gas, US (Henry Hub)",World Bank Pink Sheet monthly
WB_HH_US,2019-07,2.36,USD(원문단위),"Natural gas, US (Henry Hub)",World Bank Pink Sheet monthly
WB_HH_US,2019-08,2.22,USD(원문단위),"Natural gas, US (Henry Hub)",World Bank Pink Sheet monthly
WB_HH_US,2019-09,2.58,USD(원문단위),"Natural gas, US (Henry Hub)",World Bank Pink Sheet monthly
WB_HH_US,2019-10,2.33,USD(원문단위),"Natural gas, US (Henry Hub)",World Bank Pink Sheet monthly
WB_HH_US,2019-11,2.65,USD(원문단위),"Natural gas, US (Henry Hub)",World Bank Pink Sheet monthly
WB_HH_US,2019-12,2.24,USD(원문단위),"Natural gas, US (Henry Hub)",World Bank Pink Sheet monthly
WB_HH_US,2020-01,2.03,USD(원문단위),"Natural gas, US (Henry Hub)",World Bank Pink Sheet monthly
WB_HH_US,2020-02,1.92,USD(원문단위),"Natural gas, US (Henry Hub)",World Bank Pink Sheet monthly
WB_HH_US,2020-03,1.79,USD(원문단위),"Natural gas, US (Henry Hub)",World Bank Pink Sheet monthly
WB_HH_US,2020-04,1.74,USD(원문단위),"Natural gas, US (Henry Hub)",World Bank Pink Sheet monthly
WB_HH_US,2020-05,1.75,USD(원문단위),"Natural gas, US (Henry Hub)",World Bank Pink Sheet monthly
WB_HH_US,2020-06,1.61,USD(원문단위),"Natural gas, US (Henry Hub)",World Bank Pink Sheet monthly
WB_HH_US,2020-07,1.74,USD(원문단위),"Natural gas, US (Henry Hub)",World Bank Pink Sheet monthly
WB_HH_US,2020-08,2.3,USD(원문단위),"Natural gas, US (Henry Hub)",World Bank Pink Sheet monthly
WB_HH_US,2020-09,1.92,USD(원문단위),"Natural gas, US (Henry Hub)",World Bank Pink Sheet monthly
WB_HH_US,2020-10,2.25,USD(원문단위),"Natural gas, US (Henry Hub)",World Bank Pink Sheet monthly
WB_HH_US,2020-11,2.59,USD(원문단위),"Natural gas, US (Henry Hub)",World Bank Pink Sheet monthly
WB_HH_US,2020-12,2.54,USD(원문단위),"Natural gas, US (Henry Hub)",World Bank Pink Sheet monthly
WB_HH_US,2021-01,2.67,USD(원문단위),"Natural gas, US (Henry Hub)",World Bank Pink Sheet monthly
WB_HH_US,2021-02,5.07,USD(원문단위),"Natural gas, US (Henry Hub)",World Bank Pink Sheet monthly
WB_HH_US,2021-03,2.56,USD(원문단위),"Natural gas, US (Henry Hub)",World Bank Pink Sheet monthly
WB_HH_US,2021-04,2.61,USD(원문단위),"Natural gas, US (Henry Hub)",World Bank Pink Sheet monthly
WB_HH_US,2021-05,2.89,USD(원문단위),"Natural gas, US (Henry Hub)",World Bank Pink Sheet monthly
WB_HH_US,2021-06,3.23,USD(원문단위),"Natural gas, US (Henry Hub)",World Bank Pink Sheet monthly
WB_HH_US,2021-07,3.8,USD(원문단위),"Natural gas, US (Henry Hub)",World Bank Pink Sheet monthly
WB_HH_US,2021-08,4.05,USD(원문단위),"Natural gas, US (Henry Hub)",World Bank Pink Sheet monthly
WB_HH_US,2021-09,5.11,USD(원문단위),"Natural gas, US (Henry Hub)",World Bank Pink Sheet monthly
WB_HH_US,2021-10,5.48,USD(원문단위),"Natural gas, US (Henry Hub)",World Bank Pink Sheet monthly
WB_HH_US,2021-11,5.02,USD(원문단위),"Natural gas, US (Henry Hub)",World Bank Pink Sheet monthly
WB_HH_US,2021-12,3.73,USD(원문단위),"Natural gas, US (Henry Hub)",World Bank Pink Sheet monthly
WB_HH_US,2022-01,4.33,USD(원문단위),"Natural gas, US (Henry Hub)",World Bank Pink Sheet monthly
WB_HH_US,2022-02,4.66,USD(원문단위),"Natural gas, US (Henry Hub)",World Bank Pink Sheet monthly
WB_HH_US,2022-03,4.88,USD(원문단위),"Natural gas, US (Henry Hub)",World Bank Pink Sheet monthly
WB_HH_US,2022-04,6.53,USD(원문단위),"Natural gas, US (Henry Hub)",World Bank Pink Sheet monthly
WB_HH_US,2022-05,8.14,USD(원문단위),"Natural gas, US (Henry Hub)",World Bank Pink Sheet monthly
WB_HH_US,2022-06,7.67,USD(원문단위),"Natural gas, US (Henry Hub)",World Bank Pink Sheet monthly
WB_HH_US,2022-07,7.26,USD(원문단위),"Natural gas, US (Henry Hub)",World Bank Pink Sheet monthly
WB_HH_US,2022-08,8.79,USD(원문단위),"Natural gas, US (Henry Hub)",World Bank Pink Sheet monthly
WB_HH_US,2022-09,7.76,USD(원문단위),"Natural gas, US (Henry Hub)",World Bank Pink Sheet monthly
WB_HH_US,2022-10,5.62,USD(원문단위),"Natural gas, US (Henry Hub)",World Bank Pink Sheet monthly
WB_HH_US,2022-11,5.28,USD(원문단위),"Natural gas, US (Henry Hub)",World Bank Pink Sheet monthly
WB_HH_US,2022-12,5.5,USD(원문단위),"Natural gas, US (Henry Hub)",World Bank Pink Sheet monthly
WB_HH_US,2023-01,3.27,USD(원문단위),"Natural gas, US (Henry Hub)",World Bank Pink Sheet monthly
WB_HH_US,2023-02,2.38,USD(원문단위),"Natural gas, US (Henry Hub)",World Bank Pink Sheet monthly
WB_HH_US,2023-03,2.3,USD(원문단위),"Natural gas, US (Henry Hub)",World Bank Pink Sheet monthly
WB_HH_US,2023-04,2.16,USD(원문단위),"Natural gas, US (Henry Hub)",World Bank Pink Sheet monthly
WB_HH_US,2023-05,2.15,USD(원문단위),"Natural gas, US (Henry Hub)",World Bank Pink Sheet monthly
WB_HH_US,2023-06,2.18,USD(원문단위),"Natural gas, US (Henry Hub)",World Bank Pink Sheet monthly
WB_HH_US,2023-07,2.55,USD(원문단위),"Natural gas, US (Henry Hub)",World Bank Pink Sheet monthly
WB_HH_US,2023-08,2.58,USD(원문단위),"Natural gas, US (Henry Hub)",World Bank Pink Sheet monthly
WB_HH_US,2023-09,2.64,USD(원문단위),"Natural gas, US (Henry Hub)",World Bank Pink Sheet monthly
WB_HH_US,2023-10,2.99,USD(원문단위),"Natural gas, US (Henry Hub)",World Bank Pink Sheet monthly
WB_HH_US,2023-11,2.71,USD(원문단위),"Natural gas, US (Henry Hub)",World Bank Pink Sheet monthly
WB_HH_US,2023-12,2.53,USD(원문단위),"Natural gas, US (Henry Hub)",World Bank Pink Sheet monthly
WB_HH_US,2024-01,3.18,USD(원문단위),"Natural gas, US (Henry Hub)",World Bank Pink Sheet monthly
WB_HH_US,2024-02,1.72,USD(원문단위),"Natural gas, US (Henry Hub)",World Bank Pink Sheet monthly
WB_HH_US,2024-03,1.5,USD(원문단위),"Natural gas, US (Henry Hub)",World Bank Pink Sheet monthly
WB_HH_US,2024-04,1.6,USD(원문단위),"Natural gas, US (Henry Hub)",World Bank Pink Sheet monthly
WB_HH_US,2024-05,2.13,USD(원문단위),"Natural gas, US (Henry Hub)",World Bank Pink Sheet monthly
WB_HH_US,2024-06,2.51,USD(원문단위),"Natural gas, US (Henry Hub)",World Bank Pink Sheet monthly
WB_HH_US,2024-07,2.08,USD(원문단위),"Natural gas, US (Henry Hub)",World Bank Pink Sheet monthly
WB_HH_US,2024-08,1.99,USD(원문단위),"Natural gas, US (Henry Hub)",World Bank Pink Sheet monthly
WB_HH_US,2024-09,2.25,USD(원문단위),"Natural gas, US (Henry Hub)",World Bank Pink Sheet monthly
WB_HH_US,2024-10,2.21,USD(원문단위),"Natural gas, US (Henry Hub)",World Bank Pink Sheet monthly
WB_HH_US,2024-11,2.1,USD(원문단위),"Natural gas, US (Henry Hub)",World Bank Pink Sheet monthly
WB_HH_US,2024-12,3.02,USD(원문단위),"Natural gas, US (Henry Hub)",World Bank Pink Sheet monthly
WB_HH_US,2025-01,4.1,USD(원문단위),"Natural gas, US (Henry Hub)",World Bank Pink Sheet monthly
WB_HH_US,2025-02,4.22,USD(원문단위),"Natural gas, US (Henry Hub)",World Bank Pink Sheet monthly
WB_HH_US,2025-03,4.13,USD(원문단위),"Natural gas, US (Henry Hub)",World Bank Pink Sheet monthly
WB_HH_US,2025-04,3.4,USD(원문단위),"Natural gas, US (Henry Hub)",World Bank Pink Sheet monthly
WB_HH_US,2025-05,3.12,USD(원문단위),"Natural gas, US (Henry Hub)",World Bank Pink Sheet monthly
WB_HH_US,2025-06,3.02,USD(원문단위),"Natural gas, US (Henry Hub)",World Bank Pink Sheet monthly
WB_HH_US,2025-07,3.19,USD(원문단위),"Natural gas, US (Henry Hub)",World Bank Pink Sheet monthly
WB_HH_US,2025-08,2.91,USD(원문단위),"Natural gas, US (Henry Hub)",World Bank Pink Sheet monthly
WB_HH_US,2025-09,2.97,USD(원문단위),"Natural gas, US (Henry Hub)",World Bank Pink Sheet monthly
WB_HH_US,2025-10,3.2,USD(원문단위),"Natural gas, US (Henry Hub)",World Bank Pink Sheet monthly
WB_HH_US,2025-11,3.79,USD(원문단위),"Natural gas, US (Henry Hub)",World Bank Pink Sheet monthly
WB_HH_US,2025-12,4.25,USD(원문단위),"Natural gas, US (Henry Hub)",World Bank Pink Sheet monthly
WB_HH_US,2026-01,7.58,USD(원문단위),"Natural gas, US (Henry Hub)",World Bank Pink Sheet monthly
WB_HH_US,2026-02,3.61,USD(원문단위),"Natural gas, US (Henry Hub)",World Bank Pink Sheet monthly
WB_HH_US,2026-03,3.06,USD(원문단위),"Natural gas, US (Henry Hub)",World Bank Pink Sheet monthly
WB_HH_US,2026-04,2.77,USD(원문단위),"Natural gas, US (Henry Hub)",World Bank Pink Sheet monthly
WB_HH_US,2026-05,2.93,USD(원문단위),"Natural gas, US (Henry Hub)",World Bank Pink Sheet monthly
WB_HH_US,2026-06,3.15,USD(원문단위),"Natural gas, US (Henry Hub)",World Bank Pink Sheet monthly
WB_HH_US,2026-07,2.89,USD(원문단위),"Natural gas, US (Henry Hub)",World Bank Pink Sheet monthly
WB_LNG_JP,1977-01,2.77,USD(원문단위),"LNG, Japan",World Bank Pink Sheet monthly
WB_LNG_JP,1977-02,2.77,USD(원문단위),"LNG, Japan",World Bank Pink Sheet monthly
WB_LNG_JP,1977-03,2.77,USD(원문단위),"LNG, Japan",World Bank Pink Sheet monthly
WB_LNG_JP,1977-04,2.77,USD(원문단위),"LNG, Japan",World Bank Pink Sheet monthly
WB_LNG_JP,1977-05,2.77,USD(원문단위),"LNG, Japan",World Bank Pink Sheet monthly
WB_LNG_JP,1977-06,2.77,USD(원문단위),"LNG, Japan",World Bank Pink Sheet monthly
WB_LNG_JP,1977-07,2.77,USD(원문단위),"LNG, Japan",World Bank Pink Sheet monthly
WB_LNG_JP,1977-08,2.77,USD(원문단위),"LNG, Japan",World Bank Pink Sheet monthly
WB_LNG_JP,1977-09,2.77,USD(원문단위),"LNG, Japan",World Bank Pink Sheet monthly
WB_LNG_JP,1977-10,2.77,USD(원문단위),"LNG, Japan",World Bank Pink Sheet monthly
WB_LNG_JP,1977-11,2.77,USD(원문단위),"LNG, Japan",World Bank Pink Sheet monthly
WB_LNG_JP,1977-12,2.77,USD(원문단위),"LNG, Japan",World Bank Pink Sheet monthly
WB_LNG_JP,1978-01,3.04,USD(원문단위),"LNG, Japan",World Bank Pink Sheet monthly
WB_LNG_JP,1978-02,3.04,USD(원문단위),"LNG, Japan",World Bank Pink Sheet monthly
WB_LNG_JP,1978-03,3.04,USD(원문단위),"LNG, Japan",World Bank Pink Sheet monthly
WB_LNG_JP,1978-04,3.04,USD(원문단위),"LNG, Japan",World Bank Pink Sheet monthly
WB_LNG_JP,1978-05,3.04,USD(원문단위),"LNG, Japan",World Bank Pink Sheet monthly
WB_LNG_JP,1978-06,3.04,USD(원문단위),"LNG, Japan",World Bank Pink Sheet monthly
WB_LNG_JP,1978-07,3.04,USD(원문단위),"LNG, Japan",World Bank Pink Sheet monthly
WB_LNG_JP,1978-08,3.04,USD(원문단위),"LNG, Japan",World Bank Pink Sheet monthly
WB_LNG_JP,1978-09,3.04,USD(원문단위),"LNG, Japan",World Bank Pink Sheet monthly
WB_LNG_JP,1978-10,3.04,USD(원문단위),"LNG, Japan",World Bank Pink Sheet monthly
WB_LNG_JP,1978-11,3.04,USD(원문단위),"LNG, Japan",World Bank Pink Sheet monthly
WB_LNG_JP,1978-12,3.04,USD(원문단위),"LNG, Japan",World Bank Pink Sheet monthly
WB_LNG_JP,1979-01,3.69,USD(원문단위),"LNG, Japan",World Bank Pink Sheet monthly
WB_LNG_JP,1979-02,3.69,USD(원문단위),"LNG, Japan",World Bank Pink Sheet monthly
WB_LNG_JP,1979-03,3.69,USD(원문단위),"LNG, Japan",World Bank Pink Sheet monthly
WB_LNG_JP,1979-04,3.69,USD(원문단위),"LNG, Japan",World Bank Pink Sheet monthly
WB_LNG_JP,1979-05,3.69,USD(원문단위),"LNG, Japan",World Bank Pink Sheet monthly
WB_LNG_JP,1979-06,3.69,USD(원문단위),"LNG, Japan",World Bank Pink Sheet monthly
WB_LNG_JP,1979-07,3.69,USD(원문단위),"LNG, Japan",World Bank Pink Sheet monthly
WB_LNG_JP,1979-08,3.69,USD(원문단위),"LNG, Japan",World Bank Pink Sheet monthly
WB_LNG_JP,1979-09,3.69,USD(원문단위),"LNG, Japan",World Bank Pink Sheet monthly
WB_LNG_JP,1979-10,3.69,USD(원문단위),"LNG, Japan",World Bank Pink Sheet monthly
WB_LNG_JP,1979-11,3.69,USD(원문단위),"LNG, Japan",World Bank Pink Sheet monthly
WB_LNG_JP,1979-12,3.69,USD(원문단위),"LNG, Japan",World Bank Pink Sheet monthly
WB_LNG_JP,1980-01,5.7,USD(원문단위),"LNG, Japan",World Bank Pink Sheet monthly
WB_LNG_JP,1980-02,5.7,USD(원문단위),"LNG, Japan",World Bank Pink Sheet monthly
WB_LNG_JP,1980-03,5.7,USD(원문단위),"LNG, Japan",World Bank Pink Sheet monthly
WB_LNG_JP,1980-04,5.7,USD(원문단위),"LNG, Japan",World Bank Pink Sheet monthly
WB_LNG_JP,1980-05,5.7,USD(원문단위),"LNG, Japan",World Bank Pink Sheet monthly
WB_LNG_JP,1980-06,5.7,USD(원문단위),"LNG, Japan",World Bank Pink Sheet monthly
WB_LNG_JP,1980-07,5.7,USD(원문단위),"LNG, Japan",World Bank Pink Sheet monthly
WB_LNG_JP,1980-08,5.7,USD(원문단위),"LNG, Japan",World Bank Pink Sheet monthly
WB_LNG_JP,1980-09,5.7,USD(원문단위),"LNG, Japan",World Bank Pink Sheet monthly
WB_LNG_JP,1980-10,5.7,USD(원문단위),"LNG, Japan",World Bank Pink Sheet monthly
WB_LNG_JP,1980-11,5.7,USD(원문단위),"LNG, Japan",World Bank Pink Sheet monthly
WB_LNG_JP,1980-12,5.7,USD(원문단위),"LNG, Japan",World Bank Pink Sheet monthly
WB_LNG_JP,1981-01,6.03,USD(원문단위),"LNG, Japan",World Bank Pink Sheet monthly
WB_LNG_JP,1981-02,6.03,USD(원문단위),"LNG, Japan",World Bank Pink Sheet monthly
WB_LNG_JP,1981-03,6.03,USD(원문단위),"LNG, Japan",World Bank Pink Sheet monthly
WB_LNG_JP,1981-04,6.03,USD(원문단위),"LNG, Japan",World Bank Pink Sheet monthly
WB_LNG_JP,1981-05,6.03,USD(원문단위),"LNG, Japan",World Bank Pink Sheet monthly
WB_LNG_JP,1981-06,6.03,USD(원문단위),"LNG, Japan",World Bank Pink Sheet monthly
WB_LNG_JP,1981-07,6.03,USD(원문단위),"LNG, Japan",World Bank Pink Sheet monthly
WB_LNG_JP,1981-08,6.03,USD(원문단위),"LNG, Japan",World Bank Pink Sheet monthly
WB_LNG_JP,1981-09,6.03,USD(원문단위),"LNG, Japan",World Bank Pink Sheet monthly
WB_LNG_JP,1981-10,6.03,USD(원문단위),"LNG, Japan",World Bank Pink Sheet monthly
WB_LNG_JP,1981-11,6.03,USD(원문단위),"LNG, Japan",World Bank Pink Sheet monthly
WB_LNG_JP,1981-12,6.03,USD(원문단위),"LNG, Japan",World Bank Pink Sheet monthly
WB_LNG_JP,1982-01,6.05,USD(원문단위),"LNG, Japan",World Bank Pink Sheet monthly
WB_LNG_JP,1982-02,6.05,USD(원문단위),"LNG, Japan",World Bank Pink Sheet monthly
WB_LNG_JP,1982-03,6.05,USD(원문단위),"LNG, Japan",World Bank Pink Sheet monthly
WB_LNG_JP,1982-04,6.05,USD(원문단위),"LNG, Japan",World Bank Pink Sheet monthly
WB_LNG_JP,1982-05,6.05,USD(원문단위),"LNG, Japan",World Bank Pink Sheet monthly
WB_LNG_JP,1982-06,6.05,USD(원문단위),"LNG, Japan",World Bank Pink Sheet monthly
WB_LNG_JP,1982-07,6.05,USD(원문단위),"LNG, Japan",World Bank Pink Sheet monthly
WB_LNG_JP,1982-08,6.05,USD(원문단위),"LNG, Japan",World Bank Pink Sheet monthly
WB_LNG_JP,1982-09,6.05,USD(원문단위),"LNG, Japan",World Bank Pink Sheet monthly
WB_LNG_JP,1982-10,6.05,USD(원문단위),"LNG, Japan",World Bank Pink Sheet monthly
WB_LNG_JP,1982-11,6.05,USD(원문단위),"LNG, Japan",World Bank Pink Sheet monthly
WB_LNG_JP,1982-12,6.05,USD(원문단위),"LNG, Japan",World Bank Pink Sheet monthly
WB_LNG_JP,1983-01,5.55,USD(원문단위),"LNG, Japan",World Bank Pink Sheet monthly
WB_LNG_JP,1983-02,5.55,USD(원문단위),"LNG, Japan",World Bank Pink Sheet monthly
WB_LNG_JP,1983-03,5.55,USD(원문단위),"LNG, Japan",World Bank Pink Sheet monthly
WB_LNG_JP,1983-04,5.55,USD(원문단위),"LNG, Japan",World Bank Pink Sheet monthly
WB_LNG_JP,1983-05,5.55,USD(원문단위),"LNG, Japan",World Bank Pink Sheet monthly
WB_LNG_JP,1983-06,5.55,USD(원문단위),"LNG, Japan",World Bank Pink Sheet monthly
WB_LNG_JP,1983-07,5.55,USD(원문단위),"LNG, Japan",World Bank Pink Sheet monthly
WB_LNG_JP,1983-08,5.55,USD(원문단위),"LNG, Japan",World Bank Pink Sheet monthly
WB_LNG_JP,1983-09,5.55,USD(원문단위),"LNG, Japan",World Bank Pink Sheet monthly
WB_LNG_JP,1983-10,5.55,USD(원문단위),"LNG, Japan",World Bank Pink Sheet monthly
WB_LNG_JP,1983-11,5.55,USD(원문단위),"LNG, Japan",World Bank Pink Sheet monthly
WB_LNG_JP,1983-12,5.55,USD(원문단위),"LNG, Japan",World Bank Pink Sheet monthly
WB_LNG_JP,1984-01,5.24,USD(원문단위),"LNG, Japan",World Bank Pink Sheet monthly
WB_LNG_JP,1984-02,5.24,USD(원문단위),"LNG, Japan",World Bank Pink Sheet monthly
WB_LNG_JP,1984-03,5.24,USD(원문단위),"LNG, Japan",World Bank Pink Sheet monthly
WB_LNG_JP,1984-04,5.24,USD(원문단위),"LNG, Japan",World Bank Pink Sheet monthly
WB_LNG_JP,1984-05,5.24,USD(원문단위),"LNG, Japan",World Bank Pink Sheet monthly
WB_LNG_JP,1984-06,5.24,USD(원문단위),"LNG, Japan",World Bank Pink Sheet monthly
WB_LNG_JP,1984-07,5.24,USD(원문단위),"LNG, Japan",World Bank Pink Sheet monthly
WB_LNG_JP,1984-08,5.24,USD(원문단위),"LNG, Japan",World Bank Pink Sheet monthly
WB_LNG_JP,1984-09,5.24,USD(원문단위),"LNG, Japan",World Bank Pink Sheet monthly
WB_LNG_JP,1984-10,5.24,USD(원문단위),"LNG, Japan",World Bank Pink Sheet monthly
WB_LNG_JP,1984-11,5.24,USD(원문단위),"LNG, Japan",World Bank Pink Sheet monthly
WB_LNG_JP,1984-12,5.24,USD(원문단위),"LNG, Japan",World Bank Pink Sheet monthly
WB_LNG_JP,1985-01,5.23,USD(원문단위),"LNG, Japan",World Bank Pink Sheet monthly
WB_LNG_JP,1985-02,5.23,USD(원문단위),"LNG, Japan",World Bank Pink Sheet monthly
WB_LNG_JP,1985-03,5.23,USD(원문단위),"LNG, Japan",World Bank Pink Sheet monthly
WB_LNG_JP,1985-04,5.23,USD(원문단위),"LNG, Japan",World Bank Pink Sheet monthly
WB_LNG_JP,1985-05,5.23,USD(원문단위),"LNG, Japan",World Bank Pink Sheet monthly
WB_LNG_JP,1985-06,5.23,USD(원문단위),"LNG, Japan",World Bank Pink Sheet monthly
WB_LNG_JP,1985-07,5.23,USD(원문단위),"LNG, Japan",World Bank Pink Sheet monthly
WB_LNG_JP,1985-08,5.23,USD(원문단위),"LNG, Japan",World Bank Pink Sheet monthly
WB_LNG_JP,1985-09,5.23,USD(원문단위),"LNG, Japan",World Bank Pink Sheet monthly
WB_LNG_JP,1985-10,5.23,USD(원문단위),"LNG, Japan",World Bank Pink Sheet monthly
WB_LNG_JP,1985-11,5.23,USD(원문단위),"LNG, Japan",World Bank Pink Sheet monthly
WB_LNG_JP,1985-12,5.23,USD(원문단위),"LNG, Japan",World Bank Pink Sheet monthly
WB_LNG_JP,1986-01,4.1,USD(원문단위),"LNG, Japan",World Bank Pink Sheet monthly
WB_LNG_JP,1986-02,4.1,USD(원문단위),"LNG, Japan",World Bank Pink Sheet monthly
WB_LNG_JP,1986-03,4.1,USD(원문단위),"LNG, Japan",World Bank Pink Sheet monthly
WB_LNG_JP,1986-04,4.1,USD(원문단위),"LNG, Japan",World Bank Pink Sheet monthly
WB_LNG_JP,1986-05,4.1,USD(원문단위),"LNG, Japan",World Bank Pink Sheet monthly
WB_LNG_JP,1986-06,4.1,USD(원문단위),"LNG, Japan",World Bank Pink Sheet monthly
WB_LNG_JP,1986-07,4.1,USD(원문단위),"LNG, Japan",World Bank Pink Sheet monthly
WB_LNG_JP,1986-08,4.1,USD(원문단위),"LNG, Japan",World Bank Pink Sheet monthly
WB_LNG_JP,1986-09,4.1,USD(원문단위),"LNG, Japan",World Bank Pink Sheet monthly
WB_LNG_JP,1986-10,4.1,USD(원문단위),"LNG, Japan",World Bank Pink Sheet monthly
WB_LNG_JP,1986-11,4.1,USD(원문단위),"LNG, Japan",World Bank Pink Sheet monthly
WB_LNG_JP,1986-12,4.1,USD(원문단위),"LNG, Japan",World Bank Pink Sheet monthly
WB_LNG_JP,1987-01,3.35,USD(원문단위),"LNG, Japan",World Bank Pink Sheet monthly
WB_LNG_JP,1987-02,3.35,USD(원문단위),"LNG, Japan",World Bank Pink Sheet monthly
WB_LNG_JP,1987-03,3.35,USD(원문단위),"LNG, Japan",World Bank Pink Sheet monthly
WB_LNG_JP,1987-04,3.35,USD(원문단위),"LNG, Japan",World Bank Pink Sheet monthly
WB_LNG_JP,1987-05,3.35,USD(원문단위),"LNG, Japan",World Bank Pink Sheet monthly
WB_LNG_JP,1987-06,3.35,USD(원문단위),"LNG, Japan",World Bank Pink Sheet monthly
WB_LNG_JP,1987-07,3.35,USD(원문단위),"LNG, Japan",World Bank Pink Sheet monthly
WB_LNG_JP,1987-08,3.35,USD(원문단위),"LNG, Japan",World Bank Pink Sheet monthly
WB_LNG_JP,1987-09,3.35,USD(원문단위),"LNG, Japan",World Bank Pink Sheet monthly
WB_LNG_JP,1987-10,3.35,USD(원문단위),"LNG, Japan",World Bank Pink Sheet monthly
WB_LNG_JP,1987-11,3.35,USD(원문단위),"LNG, Japan",World Bank Pink Sheet monthly
WB_LNG_JP,1987-12,3.35,USD(원문단위),"LNG, Japan",World Bank Pink Sheet monthly
WB_LNG_JP,1988-01,3.34,USD(원문단위),"LNG, Japan",World Bank Pink Sheet monthly
WB_LNG_JP,1988-02,3.34,USD(원문단위),"LNG, Japan",World Bank Pink Sheet monthly
WB_LNG_JP,1988-03,3.34,USD(원문단위),"LNG, Japan",World Bank Pink Sheet monthly
WB_LNG_JP,1988-04,3.34,USD(원문단위),"LNG, Japan",World Bank Pink Sheet monthly
WB_LNG_JP,1988-05,3.34,USD(원문단위),"LNG, Japan",World Bank Pink Sheet monthly
WB_LNG_JP,1988-06,3.34,USD(원문단위),"LNG, Japan",World Bank Pink Sheet monthly
WB_LNG_JP,1988-07,3.34,USD(원문단위),"LNG, Japan",World Bank Pink Sheet monthly
WB_LNG_JP,1988-08,3.34,USD(원문단위),"LNG, Japan",World Bank Pink Sheet monthly
WB_LNG_JP,1988-09,3.34,USD(원문단위),"LNG, Japan",World Bank Pink Sheet monthly
WB_LNG_JP,1988-10,3.34,USD(원문단위),"LNG, Japan",World Bank Pink Sheet monthly
WB_LNG_JP,1988-11,3.34,USD(원문단위),"LNG, Japan",World Bank Pink Sheet monthly
WB_LNG_JP,1988-12,3.34,USD(원문단위),"LNG, Japan",World Bank Pink Sheet monthly
WB_LNG_JP,1989-01,3.28,USD(원문단위),"LNG, Japan",World Bank Pink Sheet monthly
WB_LNG_JP,1989-02,3.28,USD(원문단위),"LNG, Japan",World Bank Pink Sheet monthly
WB_LNG_JP,1989-03,3.28,USD(원문단위),"LNG, Japan",World Bank Pink Sheet monthly
WB_LNG_JP,1989-04,3.28,USD(원문단위),"LNG, Japan",World Bank Pink Sheet monthly
WB_LNG_JP,1989-05,3.28,USD(원문단위),"LNG, Japan",World Bank Pink Sheet monthly
WB_LNG_JP,1989-06,3.28,USD(원문단위),"LNG, Japan",World Bank Pink Sheet monthly
WB_LNG_JP,1989-07,3.28,USD(원문단위),"LNG, Japan",World Bank Pink Sheet monthly
WB_LNG_JP,1989-08,3.28,USD(원문단위),"LNG, Japan",World Bank Pink Sheet monthly
WB_LNG_JP,1989-09,3.28,USD(원문단위),"LNG, Japan",World Bank Pink Sheet monthly
WB_LNG_JP,1989-10,3.28,USD(원문단위),"LNG, Japan",World Bank Pink Sheet monthly
WB_LNG_JP,1989-11,3.28,USD(원문단위),"LNG, Japan",World Bank Pink Sheet monthly
WB_LNG_JP,1989-12,3.28,USD(원문단위),"LNG, Japan",World Bank Pink Sheet monthly
WB_LNG_JP,1990-01,3.64,USD(원문단위),"LNG, Japan",World Bank Pink Sheet monthly
WB_LNG_JP,1990-02,3.64,USD(원문단위),"LNG, Japan",World Bank Pink Sheet monthly
WB_LNG_JP,1990-03,3.64,USD(원문단위),"LNG, Japan",World Bank Pink Sheet monthly
WB_LNG_JP,1990-04,3.64,USD(원문단위),"LNG, Japan",World Bank Pink Sheet monthly
WB_LNG_JP,1990-05,3.64,USD(원문단위),"LNG, Japan",World Bank Pink Sheet monthly
WB_LNG_JP,1990-06,3.64,USD(원문단위),"LNG, Japan",World Bank Pink Sheet monthly
WB_LNG_JP,1990-07,3.64,USD(원문단위),"LNG, Japan",World Bank Pink Sheet monthly
WB_LNG_JP,1990-08,3.64,USD(원문단위),"LNG, Japan",World Bank Pink Sheet monthly
WB_LNG_JP,1990-09,3.64,USD(원문단위),"LNG, Japan",World Bank Pink Sheet monthly
WB_LNG_JP,1990-10,3.64,USD(원문단위),"LNG, Japan",World Bank Pink Sheet monthly
WB_LNG_JP,1990-11,3.64,USD(원문단위),"LNG, Japan",World Bank Pink Sheet monthly
WB_LNG_JP,1990-12,3.64,USD(원문단위),"LNG, Japan",World Bank Pink Sheet monthly
WB_LNG_JP,1991-01,3.99,USD(원문단위),"LNG, Japan",World Bank Pink Sheet monthly
WB_LNG_JP,1991-02,3.99,USD(원문단위),"LNG, Japan",World Bank Pink Sheet monthly
WB_LNG_JP,1991-03,3.99,USD(원문단위),"LNG, Japan",World Bank Pink Sheet monthly
WB_LNG_JP,1991-04,3.99,USD(원문단위),"LNG, Japan",World Bank Pink Sheet monthly
WB_LNG_JP,1991-05,3.99,USD(원문단위),"LNG, Japan",World Bank Pink Sheet monthly
WB_LNG_JP,1991-06,3.99,USD(원문단위),"LNG, Japan",World Bank Pink Sheet monthly
WB_LNG_JP,1991-07,3.99,USD(원문단위),"LNG, Japan",World Bank Pink Sheet monthly
WB_LNG_JP,1991-08,3.99,USD(원문단위),"LNG, Japan",World Bank Pink Sheet monthly
WB_LNG_JP,1991-09,3.99,USD(원문단위),"LNG, Japan",World Bank Pink Sheet monthly
WB_LNG_JP,1991-10,3.99,USD(원문단위),"LNG, Japan",World Bank Pink Sheet monthly
WB_LNG_JP,1991-11,3.99,USD(원문단위),"LNG, Japan",World Bank Pink Sheet monthly
WB_LNG_JP,1991-12,3.99,USD(원문단위),"LNG, Japan",World Bank Pink Sheet monthly
WB_LNG_JP,1992-01,3.6,USD(원문단위),"LNG, Japan",World Bank Pink Sheet monthly
WB_LNG_JP,1992-02,3.51,USD(원문단위),"LNG, Japan",World Bank Pink Sheet monthly
WB_LNG_JP,1992-03,3.59,USD(원문단위),"LNG, Japan",World Bank Pink Sheet monthly
WB_LNG_JP,1992-04,3.53,USD(원문단위),"LNG, Japan",World Bank Pink Sheet monthly
WB_LNG_JP,1992-05,3.47,USD(원문단위),"LNG, Japan",World Bank Pink Sheet monthly
WB_LNG_JP,1992-06,3.49,USD(원문단위),"LNG, Japan",World Bank Pink Sheet monthly
WB_LNG_JP,1992-07,3.61,USD(원문단위),"LNG, Japan",World Bank Pink Sheet monthly
WB_LNG_JP,1992-08,3.65,USD(원문단위),"LNG, Japan",World Bank Pink Sheet monthly
WB_LNG_JP,1992-09,3.63,USD(원문단위),"LNG, Japan",World Bank Pink Sheet monthly
WB_LNG_JP,1992-10,3.7,USD(원문단위),"LNG, Japan",World Bank Pink Sheet monthly
WB_LNG_JP,1992-11,3.65,USD(원문단위),"LNG, Japan",World Bank Pink Sheet monthly
WB_LNG_JP,1992-12,3.71,USD(원문단위),"LNG, Japan",World Bank Pink Sheet monthly
WB_LNG_JP,1993-01,3.64,USD(원문단위),"LNG, Japan",World Bank Pink Sheet monthly
WB_LNG_JP,1993-02,3.61,USD(원문단위),"LNG, Japan",World Bank Pink Sheet monthly
WB_LNG_JP,1993-03,3.59,USD(원문단위),"LNG, Japan",World Bank Pink Sheet monthly
WB_LNG_JP,1993-04,3.62,USD(원문단위),"LNG, Japan",World Bank Pink Sheet monthly
WB_LNG_JP,1993-05,3.57,USD(원문단위),"LNG, Japan",World Bank Pink Sheet monthly
WB_LNG_JP,1993-06,3.54,USD(원문단위),"LNG, Japan",World Bank Pink Sheet monthly
WB_LNG_JP,1993-07,3.54,USD(원문단위),"LNG, Japan",World Bank Pink Sheet monthly
WB_LNG_JP,1993-08,3.49,USD(원문단위),"LNG, Japan",World Bank Pink Sheet monthly
WB_LNG_JP,1993-09,3.48,USD(원문단위),"LNG, Japan",World Bank Pink Sheet monthly
WB_LNG_JP,1993-10,3.39,USD(원문단위),"LNG, Japan",World Bank Pink Sheet monthly
WB_LNG_JP,1993-11,3.36,USD(원문단위),"LNG, Japan",World Bank Pink Sheet monthly
WB_LNG_JP,1993-12,3.25,USD(원문단위),"LNG, Japan",World Bank Pink Sheet monthly
WB_LNG_JP,1994-01,3.12,USD(원문단위),"LNG, Japan",World Bank Pink Sheet monthly
WB_LNG_JP,1994-02,3.19,USD(원문단위),"LNG, Japan",World Bank Pink Sheet monthly
WB_LNG_JP,1994-03,3.15,USD(원문단위),"LNG, Japan",World Bank Pink Sheet monthly
WB_LNG_JP,1994-04,3.07,USD(원문단위),"LNG, Japan",World Bank Pink Sheet monthly
WB_LNG_JP,1994-05,3.06,USD(원문단위),"LNG, Japan",World Bank Pink Sheet monthly
WB_LNG_JP,1994-06,3.1,USD(원문단위),"LNG, Japan",World Bank Pink Sheet monthly
WB_LNG_JP,1994-07,3.14,USD(원문단위),"LNG, Japan",World Bank Pink Sheet monthly
WB_LNG_JP,1994-08,3.24,USD(원문단위),"LNG, Japan",World Bank Pink Sheet monthly
WB_LNG_JP,1994-09,3.28,USD(원문단위),"LNG, Japan",World Bank Pink Sheet monthly
WB_LNG_JP,1994-10,3.26,USD(원문단위),"LNG, Japan",World Bank Pink Sheet monthly
WB_LNG_JP,1994-11,3.26,USD(원문단위),"LNG, Japan",World Bank Pink Sheet monthly
WB_LNG_JP,1994-12,3.29,USD(원문단위),"LNG, Japan",World Bank Pink Sheet monthly
WB_LNG_JP,1995-01,3.36,USD(원문단위),"LNG, Japan",World Bank Pink Sheet monthly
WB_LNG_JP,1995-02,3.4,USD(원문단위),"LNG, Japan",World Bank Pink Sheet monthly
WB_LNG_JP,1995-03,3.46,USD(원문단위),"LNG, Japan",World Bank Pink Sheet monthly
WB_LNG_JP,1995-04,3.45,USD(원문단위),"LNG, Japan",World Bank Pink Sheet monthly
WB_LNG_JP,1995-05,3.53,USD(원문단위),"LNG, Japan",World Bank Pink Sheet monthly
WB_LNG_JP,1995-06,3.56,USD(원문단위),"LNG, Japan",World Bank Pink Sheet monthly
WB_LNG_JP,1995-07,3.48,USD(원문단위),"LNG, Japan",World Bank Pink Sheet monthly
WB_LNG_JP,1995-08,3.46,USD(원문단위),"LNG, Japan",World Bank Pink Sheet monthly
WB_LNG_JP,1995-09,3.46,USD(원문단위),"LNG, Japan",World Bank Pink Sheet monthly
WB_LNG_JP,1995-10,3.45,USD(원문단위),"LNG, Japan",World Bank Pink Sheet monthly
WB_LNG_JP,1995-11,3.41,USD(원문단위),"LNG, Japan",World Bank Pink Sheet monthly
WB_LNG_JP,1995-12,3.37,USD(원문단위),"LNG, Japan",World Bank Pink Sheet monthly
WB_LNG_JP,1996-01,3.43,USD(원문단위),"LNG, Japan",World Bank Pink Sheet monthly
WB_LNG_JP,1996-02,3.48,USD(원문단위),"LNG, Japan",World Bank Pink Sheet monthly
WB_LNG_JP,1996-03,3.47,USD(원문단위),"LNG, Japan",World Bank Pink Sheet monthly
WB_LNG_JP,1996-04,3.56,USD(원문단위),"LNG, Japan",World Bank Pink Sheet monthly
WB_LNG_JP,1996-05,3.6,USD(원문단위),"LNG, Japan",World Bank Pink Sheet monthly
WB_LNG_JP,1996-06,3.6,USD(원문단위),"LNG, Japan",World Bank Pink Sheet monthly
WB_LNG_JP,1996-07,3.61,USD(원문단위),"LNG, Japan",World Bank Pink Sheet monthly
WB_LNG_JP,1996-08,3.68,USD(원문단위),"LNG, Japan",World Bank Pink Sheet monthly
WB_LNG_JP,1996-09,3.68,USD(원문단위),"LNG, Japan",World Bank Pink Sheet monthly
WB_LNG_JP,1996-10,3.79,USD(원문단위),"LNG, Japan",World Bank Pink Sheet monthly
WB_LNG_JP,1996-11,4.03,USD(원문단위),"LNG, Japan",World Bank Pink Sheet monthly
WB_LNG_JP,1996-12,4.08,USD(원문단위),"LNG, Japan",World Bank Pink Sheet monthly
WB_LNG_JP,1997-01,4.13,USD(원문단위),"LNG, Japan",World Bank Pink Sheet monthly
WB_LNG_JP,1997-02,4.22,USD(원문단위),"LNG, Japan",World Bank Pink Sheet monthly
WB_LNG_JP,1997-03,4.25,USD(원문단위),"LNG, Japan",World Bank Pink Sheet monthly
WB_LNG_JP,1997-04,4.07,USD(원문단위),"LNG, Japan",World Bank Pink Sheet monthly
WB_LNG_JP,1997-05,4.03,USD(원문단위),"LNG, Japan",World Bank Pink Sheet monthly
WB_LNG_JP,1997-06,4.03,USD(원문단위),"LNG, Japan",World Bank Pink Sheet monthly
WB_LNG_JP,1997-07,3.89,USD(원문단위),"LNG, Japan",World Bank Pink Sheet monthly
WB_LNG_JP,1997-08,3.69,USD(원문단위),"LNG, Japan",World Bank Pink Sheet monthly
WB_LNG_JP,1997-09,3.69,USD(원문단위),"LNG, Japan",World Bank Pink Sheet monthly
WB_LNG_JP,1997-10,3.62,USD(원문단위),"LNG, Japan",World Bank Pink Sheet monthly
WB_LNG_JP,1997-11,3.68,USD(원문단위),"LNG, Japan",World Bank Pink Sheet monthly
WB_LNG_JP,1997-12,3.6,USD(원문단위),"LNG, Japan",World Bank Pink Sheet monthly
WB_LNG_JP,1998-01,3.54,USD(원문단위),"LNG, Japan",World Bank Pink Sheet monthly
WB_LNG_JP,1998-02,3.43,USD(원문단위),"LNG, Japan",World Bank Pink Sheet monthly
WB_LNG_JP,1998-03,3.44,USD(원문단위),"LNG, Japan",World Bank Pink Sheet monthly
WB_LNG_JP,1998-04,3.19,USD(원문단위),"LNG, Japan",World Bank Pink Sheet monthly
WB_LNG_JP,1998-05,3.0,USD(원문단위),"LNG, Japan",World Bank Pink Sheet monthly
WB_LNG_JP,1998-06,3.0,USD(원문단위),"LNG, Japan",World Bank Pink Sheet monthly
WB_LNG_JP,1998-07,2.84,USD(원문단위),"LNG, Japan",World Bank Pink Sheet monthly
WB_LNG_JP,1998-08,2.79,USD(원문단위),"LNG, Japan",World Bank Pink Sheet monthly
WB_LNG_JP,1998-09,2.74,USD(원문단위),"LNG, Japan",World Bank Pink Sheet monthly
WB_LNG_JP,1998-10,2.76,USD(원문단위),"LNG, Japan",World Bank Pink Sheet monthly
WB_LNG_JP,1998-11,2.78,USD(원문단위),"LNG, Japan",World Bank Pink Sheet monthly
WB_LNG_JP,1998-12,2.72,USD(원문단위),"LNG, Japan",World Bank Pink Sheet monthly
WB_LNG_JP,1999-01,2.77,USD(원문단위),"LNG, Japan",World Bank Pink Sheet monthly
WB_LNG_JP,1999-02,2.78,USD(원문단위),"LNG, Japan",World Bank Pink Sheet monthly
WB_LNG_JP,1999-03,2.78,USD(원문단위),"LNG, Japan",World Bank Pink Sheet monthly
WB_LNG_JP,1999-04,2.76,USD(원문단위),"LNG, Japan",World Bank Pink Sheet monthly
WB_LNG_JP,1999-05,2.88,USD(원문단위),"LNG, Japan",World Bank Pink Sheet monthly
WB_LNG_JP,1999-06,2.93,USD(원문단위),"LNG, Japan",World Bank Pink Sheet monthly
WB_LNG_JP,1999-07,2.99,USD(원문단위),"LNG, Japan",World Bank Pink Sheet monthly
WB_LNG_JP,1999-08,3.17,USD(원문단위),"LNG, Japan",World Bank Pink Sheet monthly
WB_LNG_JP,1999-09,3.35,USD(원문단위),"LNG, Japan",World Bank Pink Sheet monthly
WB_LNG_JP,1999-10,3.57,USD(원문단위),"LNG, Japan",World Bank Pink Sheet monthly
WB_LNG_JP,1999-11,3.73,USD(원문단위),"LNG, Japan",World Bank Pink Sheet monthly
WB_LNG_JP,1999-12,3.94,USD(원문단위),"LNG, Japan",World Bank Pink Sheet monthly
WB_LNG_JP,2000-01,4.15,USD(원문단위),"LNG, Japan",World Bank Pink Sheet monthly
WB_LNG_JP,2000-02,4.21,USD(원문단위),"LNG, Japan",World Bank Pink Sheet monthly
WB_LNG_JP,2000-03,4.46,USD(원문단위),"LNG, Japan",World Bank Pink Sheet monthly
WB_LNG_JP,2000-04,4.64,USD(원문단위),"LNG, Japan",World Bank Pink Sheet monthly
WB_LNG_JP,2000-05,4.53,USD(원문단위),"LNG, Japan",World Bank Pink Sheet monthly
WB_LNG_JP,2000-06,4.74,USD(원문단위),"LNG, Japan",World Bank Pink Sheet monthly
WB_LNG_JP,2000-07,4.86,USD(원문단위),"LNG, Japan",World Bank Pink Sheet monthly
WB_LNG_JP,2000-08,4.84,USD(원문단위),"LNG, Japan",World Bank Pink Sheet monthly
WB_LNG_JP,2000-09,4.9,USD(원문단위),"LNG, Japan",World Bank Pink Sheet monthly
WB_LNG_JP,2000-10,5.04,USD(원문단위),"LNG, Japan",World Bank Pink Sheet monthly
WB_LNG_JP,2000-11,5.13,USD(원문단위),"LNG, Japan",World Bank Pink Sheet monthly
WB_LNG_JP,2000-12,5.05,USD(원문단위),"LNG, Japan",World Bank Pink Sheet monthly
WB_LNG_JP,2001-01,4.88,USD(원문단위),"LNG, Japan",World Bank Pink Sheet monthly
WB_LNG_JP,2001-02,4.8,USD(원문단위),"LNG, Japan",World Bank Pink Sheet monthly
WB_LNG_JP,2001-03,4.87,USD(원문단위),"LNG, Japan",World Bank Pink Sheet monthly
WB_LNG_JP,2001-04,4.73,USD(원문단위),"LNG, Japan",World Bank Pink Sheet monthly
WB_LNG_JP,2001-05,4.66,USD(원문단위),"LNG, Japan",World Bank Pink Sheet monthly
WB_LNG_JP,2001-06,4.69,USD(원문단위),"LNG, Japan",World Bank Pink Sheet monthly
WB_LNG_JP,2001-07,4.66,USD(원문단위),"LNG, Japan",World Bank Pink Sheet monthly
WB_LNG_JP,2001-08,4.54,USD(원문단위),"LNG, Japan",World Bank Pink Sheet monthly
WB_LNG_JP,2001-09,4.54,USD(원문단위),"LNG, Japan",World Bank Pink Sheet monthly
WB_LNG_JP,2001-10,4.59,USD(원문단위),"LNG, Japan",World Bank Pink Sheet monthly
WB_LNG_JP,2001-11,4.38,USD(원문단위),"LNG, Japan",World Bank Pink Sheet monthly
WB_LNG_JP,2001-12,4.27,USD(원문단위),"LNG, Japan",World Bank Pink Sheet monthly
WB_LNG_JP,2002-01,4.21,USD(원문단위),"LNG, Japan",World Bank Pink Sheet monthly
WB_LNG_JP,2002-02,4.12,USD(원문단위),"LNG, Japan",World Bank Pink Sheet monthly
WB_LNG_JP,2002-03,3.99,USD(원문단위),"LNG, Japan",World Bank Pink Sheet monthly
WB_LNG_JP,2002-04,3.96,USD(원문단위),"LNG, Japan",World Bank Pink Sheet monthly
WB_LNG_JP,2002-05,4.01,USD(원문단위),"LNG, Japan",World Bank Pink Sheet monthly
WB_LNG_JP,2002-06,4.06,USD(원문단위),"LNG, Japan",World Bank Pink Sheet monthly
WB_LNG_JP,2002-07,4.56,USD(원문단위),"LNG, Japan",World Bank Pink Sheet monthly
WB_LNG_JP,2002-08,4.35,USD(원문단위),"LNG, Japan",World Bank Pink Sheet monthly
WB_LNG_JP,2002-09,4.46,USD(원문단위),"LNG, Japan",World Bank Pink Sheet monthly
WB_LNG_JP,2002-10,4.54,USD(원문단위),"LNG, Japan",World Bank Pink Sheet monthly
WB_LNG_JP,2002-11,4.56,USD(원문단위),"LNG, Japan",World Bank Pink Sheet monthly
WB_LNG_JP,2002-12,4.56,USD(원문단위),"LNG, Japan",World Bank Pink Sheet monthly
WB_LNG_JP,2003-01,4.69,USD(원문단위),"LNG, Japan",World Bank Pink Sheet monthly
WB_LNG_JP,2003-02,4.8,USD(원문단위),"LNG, Japan",World Bank Pink Sheet monthly
WB_LNG_JP,2003-03,4.78,USD(원문단위),"LNG, Japan",World Bank Pink Sheet monthly
WB_LNG_JP,2003-04,4.78,USD(원문단위),"LNG, Japan",World Bank Pink Sheet monthly
WB_LNG_JP,2003-05,4.74,USD(원문단위),"LNG, Japan",World Bank Pink Sheet monthly
WB_LNG_JP,2003-06,4.77,USD(원문단위),"LNG, Japan",World Bank Pink Sheet monthly
WB_LNG_JP,2003-07,4.75,USD(원문단위),"LNG, Japan",World Bank Pink Sheet monthly
WB_LNG_JP,2003-08,4.67,USD(원문단위),"LNG, Japan",World Bank Pink Sheet monthly
WB_LNG_JP,2003-09,4.7,USD(원문단위),"LNG, Japan",World Bank Pink Sheet monthly
WB_LNG_JP,2003-10,4.62,USD(원문단위),"LNG, Japan",World Bank Pink Sheet monthly
WB_LNG_JP,2003-11,4.72,USD(원문단위),"LNG, Japan",World Bank Pink Sheet monthly
WB_LNG_JP,2003-12,4.75,USD(원문단위),"LNG, Japan",World Bank Pink Sheet monthly
WB_LNG_JP,2004-01,4.75,USD(원문단위),"LNG, Japan",World Bank Pink Sheet monthly
WB_LNG_JP,2004-02,4.81,USD(원문단위),"LNG, Japan",World Bank Pink Sheet monthly
WB_LNG_JP,2004-03,4.88,USD(원문단위),"LNG, Japan",World Bank Pink Sheet monthly
WB_LNG_JP,2004-04,4.91,USD(원문단위),"LNG, Japan",World Bank Pink Sheet monthly
WB_LNG_JP,2004-05,4.91,USD(원문단위),"LNG, Japan",World Bank Pink Sheet monthly
WB_LNG_JP,2004-06,5.04,USD(원문단위),"LNG, Japan",World Bank Pink Sheet monthly
WB_LNG_JP,2004-07,5.07,USD(원문단위),"LNG, Japan",World Bank Pink Sheet monthly
WB_LNG_JP,2004-08,5.16,USD(원문단위),"LNG, Japan",World Bank Pink Sheet monthly
WB_LNG_JP,2004-09,5.43,USD(원문단위),"LNG, Japan",World Bank Pink Sheet monthly
WB_LNG_JP,2004-10,5.55,USD(원문단위),"LNG, Japan",World Bank Pink Sheet monthly
WB_LNG_JP,2004-11,5.45,USD(원문단위),"LNG, Japan",World Bank Pink Sheet monthly
WB_LNG_JP,2004-12,5.57,USD(원문단위),"LNG, Japan",World Bank Pink Sheet monthly
WB_LNG_JP,2005-01,5.42,USD(원문단위),"LNG, Japan",World Bank Pink Sheet monthly
WB_LNG_JP,2005-02,5.58,USD(원문단위),"LNG, Japan",World Bank Pink Sheet monthly
WB_LNG_JP,2005-03,5.59,USD(원문단위),"LNG, Japan",World Bank Pink Sheet monthly
WB_LNG_JP,2005-04,5.67,USD(원문단위),"LNG, Japan",World Bank Pink Sheet monthly
WB_LNG_JP,2005-05,5.74,USD(원문단위),"LNG, Japan",World Bank Pink Sheet monthly
WB_LNG_JP,2005-06,5.68,USD(원문단위),"LNG, Japan",World Bank Pink Sheet monthly
WB_LNG_JP,2005-07,6.03,USD(원문단위),"LNG, Japan",World Bank Pink Sheet monthly
WB_LNG_JP,2005-08,6.2,USD(원문단위),"LNG, Japan",World Bank Pink Sheet monthly
WB_LNG_JP,2005-09,6.39,USD(원문단위),"LNG, Japan",World Bank Pink Sheet monthly
WB_LNG_JP,2005-10,6.48,USD(원문단위),"LNG, Japan",World Bank Pink Sheet monthly
WB_LNG_JP,2005-11,6.61,USD(원문단위),"LNG, Japan",World Bank Pink Sheet monthly
WB_LNG_JP,2005-12,6.49,USD(원문단위),"LNG, Japan",World Bank Pink Sheet monthly
WB_LNG_JP,2006-01,6.53,USD(원문단위),"LNG, Japan",World Bank Pink Sheet monthly
WB_LNG_JP,2006-02,7.04,USD(원문단위),"LNG, Japan",World Bank Pink Sheet monthly
WB_LNG_JP,2006-03,6.88,USD(원문단위),"LNG, Japan",World Bank Pink Sheet monthly
WB_LNG_JP,2006-04,6.93,USD(원문단위),"LNG, Japan",World Bank Pink Sheet monthly
WB_LNG_JP,2006-05,6.92,USD(원문단위),"LNG, Japan",World Bank Pink Sheet monthly
WB_LNG_JP,2006-06,7.1,USD(원문단위),"LNG, Japan",World Bank Pink Sheet monthly
WB_LNG_JP,2006-07,6.86,USD(원문단위),"LNG, Japan",World Bank Pink Sheet monthly
WB_LNG_JP,2006-08,7.23,USD(원문단위),"LNG, Japan",World Bank Pink Sheet monthly
WB_LNG_JP,2006-09,7.65,USD(원문단위),"LNG, Japan",World Bank Pink Sheet monthly
WB_LNG_JP,2006-10,7.2,USD(원문단위),"LNG, Japan",World Bank Pink Sheet monthly
WB_LNG_JP,2006-11,7.21,USD(원문단위),"LNG, Japan",World Bank Pink Sheet monthly
WB_LNG_JP,2006-12,7.35,USD(원문단위),"LNG, Japan",World Bank Pink Sheet monthly
WB_LNG_JP,2007-01,7.11,USD(원문단위),"LNG, Japan",World Bank Pink Sheet monthly
WB_LNG_JP,2007-02,6.89,USD(원문단위),"LNG, Japan",World Bank Pink Sheet monthly
WB_LNG_JP,2007-03,6.86,USD(원문단위),"LNG, Japan",World Bank Pink Sheet monthly
WB_LNG_JP,2007-04,7.09,USD(원문단위),"LNG, Japan",World Bank Pink Sheet monthly
WB_LNG_JP,2007-05,7.22,USD(원문단위),"LNG, Japan",World Bank Pink Sheet monthly
WB_LNG_JP,2007-06,7.11,USD(원문단위),"LNG, Japan",World Bank Pink Sheet monthly
WB_LNG_JP,2007-07,7.26,USD(원문단위),"LNG, Japan",World Bank Pink Sheet monthly
WB_LNG_JP,2007-08,7.7,USD(원문단위),"LNG, Japan",World Bank Pink Sheet monthly
WB_LNG_JP,2007-09,8.09,USD(원문단위),"LNG, Japan",World Bank Pink Sheet monthly
WB_LNG_JP,2007-10,8.55,USD(원문단위),"LNG, Japan",World Bank Pink Sheet monthly
WB_LNG_JP,2007-11,9.14,USD(원문단위),"LNG, Japan",World Bank Pink Sheet monthly
WB_LNG_JP,2007-12,9.18,USD(원문단위),"LNG, Japan",World Bank Pink Sheet monthly
WB_LNG_JP,2008-01,9.94,USD(원문단위),"LNG, Japan",World Bank Pink Sheet monthly
WB_LNG_JP,2008-02,10.46,USD(원문단위),"LNG, Japan",World Bank Pink Sheet monthly
WB_LNG_JP,2008-03,10.96,USD(원문단위),"LNG, Japan",World Bank Pink Sheet monthly
WB_LNG_JP,2008-04,11.42,USD(원문단위),"LNG, Japan",World Bank Pink Sheet monthly
WB_LNG_JP,2008-05,11.63,USD(원문단위),"LNG, Japan",World Bank Pink Sheet monthly
WB_LNG_JP,2008-06,12.07,USD(원문단위),"LNG, Japan",World Bank Pink Sheet monthly
WB_LNG_JP,2008-07,12.35,USD(원문단위),"LNG, Japan",World Bank Pink Sheet monthly
WB_LNG_JP,2008-08,13.25,USD(원문단위),"LNG, Japan",World Bank Pink Sheet monthly
WB_LNG_JP,2008-09,14.39,USD(원문단위),"LNG, Japan",World Bank Pink Sheet monthly
WB_LNG_JP,2008-10,15.01,USD(원문단위),"LNG, Japan",World Bank Pink Sheet monthly
WB_LNG_JP,2008-11,15.06,USD(원문단위),"LNG, Japan",World Bank Pink Sheet monthly
WB_LNG_JP,2008-12,13.78,USD(원문단위),"LNG, Japan",World Bank Pink Sheet monthly
WB_LNG_JP,2009-01,12.71,USD(원문단위),"LNG, Japan",World Bank Pink Sheet monthly
WB_LNG_JP,2009-02,10.52,USD(원문단위),"LNG, Japan",World Bank Pink Sheet monthly
WB_LNG_JP,2009-03,9.48,USD(원문단위),"LNG, Japan",World Bank Pink Sheet monthly
WB_LNG_JP,2009-04,8.12,USD(원문단위),"LNG, Japan",World Bank Pink Sheet monthly
WB_LNG_JP,2009-05,7.5,USD(원문단위),"LNG, Japan",World Bank Pink Sheet monthly
WB_LNG_JP,2009-06,7.18,USD(원문단위),"LNG, Japan",World Bank Pink Sheet monthly
WB_LNG_JP,2009-07,7.55,USD(원문단위),"LNG, Japan",World Bank Pink Sheet monthly
WB_LNG_JP,2009-08,7.76,USD(원문단위),"LNG, Japan",World Bank Pink Sheet monthly
WB_LNG_JP,2009-09,8.42,USD(원문단위),"LNG, Japan",World Bank Pink Sheet monthly
WB_LNG_JP,2009-10,9.1,USD(원문단위),"LNG, Japan",World Bank Pink Sheet monthly
WB_LNG_JP,2009-11,9.13,USD(원문단위),"LNG, Japan",World Bank Pink Sheet monthly
WB_LNG_JP,2009-12,9.76,USD(원문단위),"LNG, Japan",World Bank Pink Sheet monthly
WB_LNG_JP,2010-01,10.02,USD(원문단위),"LNG, Japan",World Bank Pink Sheet monthly
WB_LNG_JP,2010-02,10.52,USD(원문단위),"LNG, Japan",World Bank Pink Sheet monthly
WB_LNG_JP,2010-03,10.42,USD(원문단위),"LNG, Japan",World Bank Pink Sheet monthly
WB_LNG_JP,2010-04,10.98,USD(원문단위),"LNG, Japan",World Bank Pink Sheet monthly
WB_LNG_JP,2010-05,11.39,USD(원문단위),"LNG, Japan",World Bank Pink Sheet monthly
WB_LNG_JP,2010-06,10.48,USD(원문단위),"LNG, Japan",World Bank Pink Sheet monthly
WB_LNG_JP,2010-07,11.32,USD(원문단위),"LNG, Japan",World Bank Pink Sheet monthly
WB_LNG_JP,2010-08,11.3,USD(원문단위),"LNG, Japan",World Bank Pink Sheet monthly
WB_LNG_JP,2010-09,11.03,USD(원문단위),"LNG, Japan",World Bank Pink Sheet monthly
WB_LNG_JP,2010-10,11.13,USD(원문단위),"LNG, Japan",World Bank Pink Sheet monthly
WB_LNG_JP,2010-11,10.84,USD(원문단위),"LNG, Japan",World Bank Pink Sheet monthly
WB_LNG_JP,2010-12,10.75,USD(원문단위),"LNG, Japan",World Bank Pink Sheet monthly
WB_LNG_JP,2011-01,11.45,USD(원문단위),"LNG, Japan",World Bank Pink Sheet monthly
WB_LNG_JP,2011-02,12.02,USD(원문단위),"LNG, Japan",World Bank Pink Sheet monthly
WB_LNG_JP,2011-03,12.5,USD(원문단위),"LNG, Japan",World Bank Pink Sheet monthly
WB_LNG_JP,2011-04,12.99,USD(원문단위),"LNG, Japan",World Bank Pink Sheet monthly
WB_LNG_JP,2011-05,13.61,USD(원문단위),"LNG, Japan",World Bank Pink Sheet monthly
WB_LNG_JP,2011-06,14.52,USD(원문단위),"LNG, Japan",World Bank Pink Sheet monthly
WB_LNG_JP,2011-07,16.22,USD(원문단위),"LNG, Japan",World Bank Pink Sheet monthly
WB_LNG_JP,2011-08,16.55,USD(원문단위),"LNG, Japan",World Bank Pink Sheet monthly
WB_LNG_JP,2011-09,16.27,USD(원문단위),"LNG, Japan",World Bank Pink Sheet monthly
WB_LNG_JP,2011-10,16.48,USD(원문단위),"LNG, Japan",World Bank Pink Sheet monthly
WB_LNG_JP,2011-11,16.78,USD(원문단위),"LNG, Japan",World Bank Pink Sheet monthly
WB_LNG_JP,2011-12,16.48,USD(원문단위),"LNG, Japan",World Bank Pink Sheet monthly
WB_LNG_JP,2012-01,16.71,USD(원문단위),"LNG, Japan",World Bank Pink Sheet monthly
WB_LNG_JP,2012-02,16.03,USD(원문단위),"LNG, Japan",World Bank Pink Sheet monthly
WB_LNG_JP,2012-03,16.34,USD(원문단위),"LNG, Japan",World Bank Pink Sheet monthly
WB_LNG_JP,2012-04,16.85,USD(원문단위),"LNG, Japan",World Bank Pink Sheet monthly
WB_LNG_JP,2012-05,17.12,USD(원문단위),"LNG, Japan",World Bank Pink Sheet monthly
WB_LNG_JP,2012-06,17.2,USD(원문단위),"LNG, Japan",World Bank Pink Sheet monthly
WB_LNG_JP,2012-07,18.11,USD(원문단위),"LNG, Japan",World Bank Pink Sheet monthly
WB_LNG_JP,2012-08,17.74,USD(원문단위),"LNG, Japan",World Bank Pink Sheet monthly
WB_LNG_JP,2012-09,16.83,USD(원문단위),"LNG, Japan",World Bank Pink Sheet monthly
WB_LNG_JP,2012-10,15.3,USD(원문단위),"LNG, Japan",World Bank Pink Sheet monthly
WB_LNG_JP,2012-11,15.0,USD(원문단위),"LNG, Japan",World Bank Pink Sheet monthly
WB_LNG_JP,2012-12,15.41,USD(원문단위),"LNG, Japan",World Bank Pink Sheet monthly
WB_LNG_JP,2013-01,15.89,USD(원문단위),"LNG, Japan",World Bank Pink Sheet monthly
WB_LNG_JP,2013-02,16.47,USD(원문단위),"LNG, Japan",World Bank Pink Sheet monthly
WB_LNG_JP,2013-03,16.27,USD(원문단위),"LNG, Japan",World Bank Pink Sheet monthly
WB_LNG_JP,2013-04,16.2,USD(원문단위),"LNG, Japan",World Bank Pink Sheet monthly
WB_LNG_JP,2013-05,16.22,USD(원문단위),"LNG, Japan",World Bank Pink Sheet monthly
WB_LNG_JP,2013-06,16.61,USD(원문단위),"LNG, Japan",World Bank Pink Sheet monthly
WB_LNG_JP,2013-07,16.17,USD(원문단위),"LNG, Japan",World Bank Pink Sheet monthly
WB_LNG_JP,2013-08,15.6,USD(원문단위),"LNG, Japan",World Bank Pink Sheet monthly
WB_LNG_JP,2013-09,14.96,USD(원문단위),"LNG, Japan",World Bank Pink Sheet monthly
WB_LNG_JP,2013-10,15.3,USD(원문단위),"LNG, Japan",World Bank Pink Sheet monthly
WB_LNG_JP,2013-11,15.4,USD(원문단위),"LNG, Japan",World Bank Pink Sheet monthly
WB_LNG_JP,2013-12,16.38,USD(원문단위),"LNG, Japan",World Bank Pink Sheet monthly
WB_LNG_JP,2014-01,16.67,USD(원문단위),"LNG, Japan",World Bank Pink Sheet monthly
WB_LNG_JP,2014-02,16.76,USD(원문단위),"LNG, Japan",World Bank Pink Sheet monthly
WB_LNG_JP,2014-03,16.55,USD(원문단위),"LNG, Japan",World Bank Pink Sheet monthly
WB_LNG_JP,2014-04,16.79,USD(원문단위),"LNG, Japan",World Bank Pink Sheet monthly
WB_LNG_JP,2014-05,16.32,USD(원문단위),"LNG, Japan",World Bank Pink Sheet monthly
WB_LNG_JP,2014-06,16.13,USD(원문단위),"LNG, Japan",World Bank Pink Sheet monthly
WB_LNG_JP,2014-07,15.21,USD(원문단위),"LNG, Japan",World Bank Pink Sheet monthly
WB_LNG_JP,2014-08,15.74,USD(원문단위),"LNG, Japan",World Bank Pink Sheet monthly
WB_LNG_JP,2014-09,15.16,USD(원문단위),"LNG, Japan",World Bank Pink Sheet monthly
WB_LNG_JP,2014-10,15.89,USD(원문단위),"LNG, Japan",World Bank Pink Sheet monthly
WB_LNG_JP,2014-11,15.59,USD(원문단위),"LNG, Japan",World Bank Pink Sheet monthly
WB_LNG_JP,2014-12,15.62,USD(원문단위),"LNG, Japan",World Bank Pink Sheet monthly
WB_LNG_JP,2015-01,16.19,USD(원문단위),"LNG, Japan",World Bank Pink Sheet monthly
WB_LNG_JP,2015-02,14.2,USD(원문단위),"LNG, Japan",World Bank Pink Sheet monthly
WB_LNG_JP,2015-03,13.04,USD(원문단위),"LNG, Japan",World Bank Pink Sheet monthly
WB_LNG_JP,2015-04,10.94,USD(원문단위),"LNG, Japan",World Bank Pink Sheet monthly
WB_LNG_JP,2015-05,9.34,USD(원문단위),"LNG, Japan",World Bank Pink Sheet monthly
WB_LNG_JP,2015-06,9.19,USD(원문단위),"LNG, Japan",World Bank Pink Sheet monthly
WB_LNG_JP,2015-07,9.5,USD(원문단위),"LNG, Japan",World Bank Pink Sheet monthly
WB_LNG_JP,2015-08,9.82,USD(원문단위),"LNG, Japan",World Bank Pink Sheet monthly
WB_LNG_JP,2015-09,10.31,USD(원문단위),"LNG, Japan",World Bank Pink Sheet monthly
WB_LNG_JP,2015-10,10.11,USD(원문단위),"LNG, Japan",World Bank Pink Sheet monthly
WB_LNG_JP,2015-11,9.52,USD(원문단위),"LNG, Japan",World Bank Pink Sheet monthly
WB_LNG_JP,2015-12,9.08,USD(원문단위),"LNG, Japan",World Bank Pink Sheet monthly
WB_LNG_JP,2016-01,8.4,USD(원문단위),"LNG, Japan",World Bank Pink Sheet monthly
WB_LNG_JP,2016-02,8.56,USD(원문단위),"LNG, Japan",World Bank Pink Sheet monthly
WB_LNG_JP,2016-03,7.74,USD(원문단위),"LNG, Japan",World Bank Pink Sheet monthly
WB_LNG_JP,2016-04,6.82,USD(원문단위),"LNG, Japan",World Bank Pink Sheet monthly
WB_LNG_JP,2016-05,6.27,USD(원문단위),"LNG, Japan",World Bank Pink Sheet monthly
WB_LNG_JP,2016-06,6.4,USD(원문단위),"LNG, Japan",World Bank Pink Sheet monthly
WB_LNG_JP,2016-07,6.76,USD(원문단위),"LNG, Japan",World Bank Pink Sheet monthly
WB_LNG_JP,2016-08,7.14,USD(원문단위),"LNG, Japan",World Bank Pink Sheet monthly
WB_LNG_JP,2016-09,7.54,USD(원문단위),"LNG, Japan",World Bank Pink Sheet monthly
WB_LNG_JP,2016-10,7.65,USD(원문단위),"LNG, Japan",World Bank Pink Sheet monthly
WB_LNG_JP,2016-11,7.59,USD(원문단위),"LNG, Japan",World Bank Pink Sheet monthly
WB_LNG_JP,2016-12,7.59,USD(원문단위),"LNG, Japan",World Bank Pink Sheet monthly
WB_LNG_JP,2017-01,8.04,USD(원문단위),"LNG, Japan",World Bank Pink Sheet monthly
WB_LNG_JP,2017-02,8.41,USD(원문단위),"LNG, Japan",World Bank Pink Sheet monthly
WB_LNG_JP,2017-03,8.25,USD(원문단위),"LNG, Japan",World Bank Pink Sheet monthly
WB_LNG_JP,2017-04,8.76,USD(원문단위),"LNG, Japan",World Bank Pink Sheet monthly
WB_LNG_JP,2017-05,9.1,USD(원문단위),"LNG, Japan",World Bank Pink Sheet monthly
WB_LNG_JP,2017-06,8.88,USD(원문단위),"LNG, Japan",World Bank Pink Sheet monthly
WB_LNG_JP,2017-07,8.86,USD(원문단위),"LNG, Japan",World Bank Pink Sheet monthly
WB_LNG_JP,2017-08,8.92,USD(원문단위),"LNG, Japan",World Bank Pink Sheet monthly
WB_LNG_JP,2017-09,8.64,USD(원문단위),"LNG, Japan",World Bank Pink Sheet monthly
WB_LNG_JP,2017-10,8.31,USD(원문단위),"LNG, Japan",World Bank Pink Sheet monthly
WB_LNG_JP,2017-11,8.45,USD(원문단위),"LNG, Japan",World Bank Pink Sheet monthly
WB_LNG_JP,2017-12,8.65,USD(원문단위),"LNG, Japan",World Bank Pink Sheet monthly
WB_LNG_JP,2018-01,9.34,USD(원문단위),"LNG, Japan",World Bank Pink Sheet monthly
WB_LNG_JP,2018-02,9.83,USD(원문단위),"LNG, Japan",World Bank Pink Sheet monthly
WB_LNG_JP,2018-03,10.11,USD(원문단위),"LNG, Japan",World Bank Pink Sheet monthly
WB_LNG_JP,2018-04,10.09,USD(원문단위),"LNG, Japan",World Bank Pink Sheet monthly
WB_LNG_JP,2018-05,10.25,USD(원문단위),"LNG, Japan",World Bank Pink Sheet monthly
WB_LNG_JP,2018-06,10.44,USD(원문단위),"LNG, Japan",World Bank Pink Sheet monthly
WB_LNG_JP,2018-07,10.44,USD(원문단위),"LNG, Japan",World Bank Pink Sheet monthly
WB_LNG_JP,2018-08,10.88,USD(원문단위),"LNG, Japan",World Bank Pink Sheet monthly
WB_LNG_JP,2018-09,11.3,USD(원문단위),"LNG, Japan",World Bank Pink Sheet monthly
WB_LNG_JP,2018-10,11.66,USD(원문단위),"LNG, Japan",World Bank Pink Sheet monthly
WB_LNG_JP,2018-11,11.7,USD(원문단위),"LNG, Japan",World Bank Pink Sheet monthly
WB_LNG_JP,2018-12,12.0,USD(원문단위),"LNG, Japan",World Bank Pink Sheet monthly
WB_LNG_JP,2019-01,12.01,USD(원문단위),"LNG, Japan",World Bank Pink Sheet monthly
WB_LNG_JP,2019-02,11.81,USD(원문단위),"LNG, Japan",World Bank Pink Sheet monthly
WB_LNG_JP,2019-03,11.29,USD(원문단위),"LNG, Japan",World Bank Pink Sheet monthly
WB_LNG_JP,2019-04,10.27,USD(원문단위),"LNG, Japan",World Bank Pink Sheet monthly
WB_LNG_JP,2019-05,10.15,USD(원문단위),"LNG, Japan",World Bank Pink Sheet monthly
WB_LNG_JP,2019-06,10.04,USD(원문단위),"LNG, Japan",World Bank Pink Sheet monthly
WB_LNG_JP,2019-07,10.13,USD(원문단위),"LNG, Japan",World Bank Pink Sheet monthly
WB_LNG_JP,2019-08,10.86,USD(원문단위),"LNG, Japan",World Bank Pink Sheet monthly
WB_LNG_JP,2019-09,10.14,USD(원문단위),"LNG, Japan",World Bank Pink Sheet monthly
WB_LNG_JP,2019-10,9.98,USD(원문단위),"LNG, Japan",World Bank Pink Sheet monthly
WB_LNG_JP,2019-11,10.04,USD(원문단위),"LNG, Japan",World Bank Pink Sheet monthly
WB_LNG_JP,2019-12,10.06,USD(원문단위),"LNG, Japan",World Bank Pink Sheet monthly
WB_LNG_JP,2020-01,9.89,USD(원문단위),"LNG, Japan",World Bank Pink Sheet monthly
WB_LNG_JP,2020-02,9.89,USD(원문단위),"LNG, Japan",World Bank Pink Sheet monthly
WB_LNG_JP,2020-03,10.21,USD(원문단위),"LNG, Japan",World Bank Pink Sheet monthly
WB_LNG_JP,2020-04,10.01,USD(원문단위),"LNG, Japan",World Bank Pink Sheet monthly
WB_LNG_JP,2020-05,10.08,USD(원문단위),"LNG, Japan",World Bank Pink Sheet monthly
WB_LNG_JP,2020-06,8.97,USD(원문단위),"LNG, Japan",World Bank Pink Sheet monthly
WB_LNG_JP,2020-07,7.79,USD(원문단위),"LNG, Japan",World Bank Pink Sheet monthly
WB_LNG_JP,2020-08,6.34,USD(원문단위),"LNG, Japan",World Bank Pink Sheet monthly
WB_LNG_JP,2020-09,5.88,USD(원문단위),"LNG, Japan",World Bank Pink Sheet monthly
WB_LNG_JP,2020-10,6.18,USD(원문단위),"LNG, Japan",World Bank Pink Sheet monthly
WB_LNG_JP,2020-11,6.86,USD(원문단위),"LNG, Japan",World Bank Pink Sheet monthly
WB_LNG_JP,2020-12,7.66,USD(원문단위),"LNG, Japan",World Bank Pink Sheet monthly
WB_LNG_JP,2021-01,9.0,USD(원문단위),"LNG, Japan",World Bank Pink Sheet monthly
WB_LNG_JP,2021-02,9.88,USD(원문단위),"LNG, Japan",World Bank Pink Sheet monthly
WB_LNG_JP,2021-03,7.9,USD(원문단위),"LNG, Japan",World Bank Pink Sheet monthly
WB_LNG_JP,2021-04,8.28,USD(원문단위),"LNG, Japan",World Bank Pink Sheet monthly
WB_LNG_JP,2021-05,8.92,USD(원문단위),"LNG, Japan",World Bank Pink Sheet monthly
WB_LNG_JP,2021-06,9.62,USD(원문단위),"LNG, Japan",World Bank Pink Sheet monthly
WB_LNG_JP,2021-07,10.36,USD(원문단위),"LNG, Japan",World Bank Pink Sheet monthly
WB_LNG_JP,2021-08,10.8,USD(원문단위),"LNG, Japan",World Bank Pink Sheet monthly
WB_LNG_JP,2021-09,11.44,USD(원문단위),"LNG, Japan",World Bank Pink Sheet monthly
WB_LNG_JP,2021-10,12.38,USD(원문단위),"LNG, Japan",World Bank Pink Sheet monthly
WB_LNG_JP,2021-11,15.25,USD(원문단위),"LNG, Japan",World Bank Pink Sheet monthly
WB_LNG_JP,2021-12,15.32,USD(원문단위),"LNG, Japan",World Bank Pink Sheet monthly
WB_LNG_JP,2022-01,14.69,USD(원문단위),"LNG, Japan",World Bank Pink Sheet monthly
WB_LNG_JP,2022-02,17.0,USD(원문단위),"LNG, Japan",World Bank Pink Sheet monthly
WB_LNG_JP,2022-03,15.11,USD(원문단위),"LNG, Japan",World Bank Pink Sheet monthly
WB_LNG_JP,2022-04,16.29,USD(원문단위),"LNG, Japan",World Bank Pink Sheet monthly
WB_LNG_JP,2022-05,16.68,USD(원문단위),"LNG, Japan",World Bank Pink Sheet monthly
WB_LNG_JP,2022-06,15.53,USD(원문단위),"LNG, Japan",World Bank Pink Sheet monthly
WB_LNG_JP,2022-07,18.88,USD(원문단위),"LNG, Japan",World Bank Pink Sheet monthly
WB_LNG_JP,2022-08,21.21,USD(원문단위),"LNG, Japan",World Bank Pink Sheet monthly
WB_LNG_JP,2022-09,23.73,USD(원문단위),"LNG, Japan",World Bank Pink Sheet monthly
WB_LNG_JP,2022-10,21.84,USD(원문단위),"LNG, Japan",World Bank Pink Sheet monthly
WB_LNG_JP,2022-11,19.59,USD(원문단위),"LNG, Japan",World Bank Pink Sheet monthly
WB_LNG_JP,2022-12,20.58,USD(원문단위),"LNG, Japan",World Bank Pink Sheet monthly
WB_LNG_JP,2023-01,20.19,USD(원문단위),"LNG, Japan",World Bank Pink Sheet monthly
WB_LNG_JP,2023-02,18.42,USD(원문단위),"LNG, Japan",World Bank Pink Sheet monthly
WB_LNG_JP,2023-03,16.03,USD(원문단위),"LNG, Japan",World Bank Pink Sheet monthly
WB_LNG_JP,2023-04,14.37,USD(원문단위),"LNG, Japan",World Bank Pink Sheet monthly
WB_LNG_JP,2023-05,13.43,USD(원문단위),"LNG, Japan",World Bank Pink Sheet monthly
WB_LNG_JP,2023-06,12.68,USD(원문단위),"LNG, Japan",World Bank Pink Sheet monthly
WB_LNG_JP,2023-07,12.99,USD(원문단위),"LNG, Japan",World Bank Pink Sheet monthly
WB_LNG_JP,2023-08,12.54,USD(원문단위),"LNG, Japan",World Bank Pink Sheet monthly
WB_LNG_JP,2023-09,12.21,USD(원문단위),"LNG, Japan",World Bank Pink Sheet monthly
WB_LNG_JP,2023-10,12.62,USD(원문단위),"LNG, Japan",World Bank Pink Sheet monthly
WB_LNG_JP,2023-11,12.72,USD(원문단위),"LNG, Japan",World Bank Pink Sheet monthly
WB_LNG_JP,2023-12,14.44,USD(원문단위),"LNG, Japan",World Bank Pink Sheet monthly
WB_LNG_JP,2024-01,14.34,USD(원문단위),"LNG, Japan",World Bank Pink Sheet monthly
WB_LNG_JP,2024-02,13.64,USD(원문단위),"LNG, Japan",World Bank Pink Sheet monthly
WB_LNG_JP,2024-03,13.19,USD(원문단위),"LNG, Japan",World Bank Pink Sheet monthly
WB_LNG_JP,2024-04,11.88,USD(원문단위),"LNG, Japan",World Bank Pink Sheet monthly
WB_LNG_JP,2024-05,12.16,USD(원문단위),"LNG, Japan",World Bank Pink Sheet monthly
WB_LNG_JP,2024-06,12.13,USD(원문단위),"LNG, Japan",World Bank Pink Sheet monthly
WB_LNG_JP,2024-07,12.49,USD(원문단위),"LNG, Japan",World Bank Pink Sheet monthly
WB_LNG_JP,2024-08,13.32,USD(원문단위),"LNG, Japan",World Bank Pink Sheet monthly
WB_LNG_JP,2024-09,12.97,USD(원문단위),"LNG, Japan",World Bank Pink Sheet monthly
WB_LNG_JP,2024-10,12.54,USD(원문단위),"LNG, Japan",World Bank Pink Sheet monthly
WB_LNG_JP,2024-11,12.82,USD(원문단위),"LNG, Japan",World Bank Pink Sheet monthly
WB_LNG_JP,2024-12,12.64,USD(원문단위),"LNG, Japan",World Bank Pink Sheet monthly
WB_LNG_JP,2025-01,13.19,USD(원문단위),"LNG, Japan",World Bank Pink Sheet monthly
WB_LNG_JP,2025-02,12.78,USD(원문단위),"LNG, Japan",World Bank Pink Sheet monthly
WB_LNG_JP,2025-03,12.55,USD(원문단위),"LNG, Japan",World Bank Pink Sheet monthly
WB_LNG_JP,2025-04,12.68,USD(원문단위),"LNG, Japan",World Bank Pink Sheet monthly
WB_LNG_JP,2025-05,12.32,USD(원문단위),"LNG, Japan",World Bank Pink Sheet monthly
WB_LNG_JP,2025-06,12.17,USD(원문단위),"LNG, Japan",World Bank Pink Sheet monthly
WB_LNG_JP,2025-07,11.91,USD(원문단위),"LNG, Japan",World Bank Pink Sheet monthly
WB_LNG_JP,2025-08,11.79,USD(원문단위),"LNG, Japan",World Bank Pink Sheet monthly
WB_LNG_JP,2025-09,11.47,USD(원문단위),"LNG, Japan",World Bank Pink Sheet monthly
WB_LNG_JP,2025-10,11.1,USD(원문단위),"LNG, Japan",World Bank Pink Sheet monthly
WB_LNG_JP,2025-11,11.15,USD(원문단위),"LNG, Japan",World Bank Pink Sheet monthly
WB_LNG_JP,2025-12,11.32,USD(원문단위),"LNG, Japan",World Bank Pink Sheet monthly
WB_LNG_JP,2026-01,11.49,USD(원문단위),"LNG, Japan",World Bank Pink Sheet monthly
WB_LNG_JP,2026-02,11.32,USD(원문단위),"LNG, Japan",World Bank Pink Sheet monthly
WB_LNG_JP,2026-03,11.42,USD(원문단위),"LNG, Japan",World Bank Pink Sheet monthly
WB_LNG_JP,2026-04,15.65,USD(원문단위),"LNG, Japan",World Bank Pink Sheet monthly
WB_LNG_JP,2026-05,12.88,USD(원문단위),"LNG, Japan",World Bank Pink Sheet monthly
WB_LNG_JP,2026-06,11.79,USD(원문단위),"LNG, Japan",World Bank Pink Sheet monthly
WB_LNG_JP,2026-07,11.8,USD(원문단위),"LNG, Japan",World Bank Pink Sheet monthly
WB_COAL_ZA,1984-01,29.3,USD(원문단위),"Coal, South Africa (API4계열)",World Bank Pink Sheet monthly
WB_COAL_ZA,1984-02,29.3,USD(원문단위),"Coal, South Africa (API4계열)",World Bank Pink Sheet monthly
WB_COAL_ZA,1984-03,29.3,USD(원문단위),"Coal, South Africa (API4계열)",World Bank Pink Sheet monthly
WB_COAL_ZA,1984-04,29.3,USD(원문단위),"Coal, South Africa (API4계열)",World Bank Pink Sheet monthly
WB_COAL_ZA,1984-05,29.3,USD(원문단위),"Coal, South Africa (API4계열)",World Bank Pink Sheet monthly
WB_COAL_ZA,1984-06,34.3,USD(원문단위),"Coal, South Africa (API4계열)",World Bank Pink Sheet monthly
WB_COAL_ZA,1984-07,35.8,USD(원문단위),"Coal, South Africa (API4계열)",World Bank Pink Sheet monthly
WB_COAL_ZA,1984-08,35.8,USD(원문단위),"Coal, South Africa (API4계열)",World Bank Pink Sheet monthly
WB_COAL_ZA,1984-09,35.8,USD(원문단위),"Coal, South Africa (API4계열)",World Bank Pink Sheet monthly
WB_COAL_ZA,1984-10,35.8,USD(원문단위),"Coal, South Africa (API4계열)",World Bank Pink Sheet monthly
WB_COAL_ZA,1984-11,35.3,USD(원문단위),"Coal, South Africa (API4계열)",World Bank Pink Sheet monthly
WB_COAL_ZA,1984-12,34.9,USD(원문단위),"Coal, South Africa (API4계열)",World Bank Pink Sheet monthly
WB_COAL_ZA,1985-01,35.1,USD(원문단위),"Coal, South Africa (API4계열)",World Bank Pink Sheet monthly
WB_COAL_ZA,1985-02,35.1,USD(원문단위),"Coal, South Africa (API4계열)",World Bank Pink Sheet monthly
WB_COAL_ZA,1985-03,35.1,USD(원문단위),"Coal, South Africa (API4계열)",World Bank Pink Sheet monthly
WB_COAL_ZA,1985-04,35.1,USD(원문단위),"Coal, South Africa (API4계열)",World Bank Pink Sheet monthly
WB_COAL_ZA,1985-05,35.1,USD(원문단위),"Coal, South Africa (API4계열)",World Bank Pink Sheet monthly
WB_COAL_ZA,1985-06,35.1,USD(원문단위),"Coal, South Africa (API4계열)",World Bank Pink Sheet monthly
WB_COAL_ZA,1985-07,35.1,USD(원문단위),"Coal, South Africa (API4계열)",World Bank Pink Sheet monthly
WB_COAL_ZA,1985-08,35.1,USD(원문단위),"Coal, South Africa (API4계열)",World Bank Pink Sheet monthly
WB_COAL_ZA,1985-09,35.1,USD(원문단위),"Coal, South Africa (API4계열)",World Bank Pink Sheet monthly
WB_COAL_ZA,1985-10,34.5,USD(원문단위),"Coal, South Africa (API4계열)",World Bank Pink Sheet monthly
WB_COAL_ZA,1985-11,34.5,USD(원문단위),"Coal, South Africa (API4계열)",World Bank Pink Sheet monthly
WB_COAL_ZA,1985-12,34.5,USD(원문단위),"Coal, South Africa (API4계열)",World Bank Pink Sheet monthly
WB_COAL_ZA,1986-01,33.8,USD(원문단위),"Coal, South Africa (API4계열)",World Bank Pink Sheet monthly
WB_COAL_ZA,1986-02,33.8,USD(원문단위),"Coal, South Africa (API4계열)",World Bank Pink Sheet monthly
WB_COAL_ZA,1986-03,31.6,USD(원문단위),"Coal, South Africa (API4계열)",World Bank Pink Sheet monthly
WB_COAL_ZA,1986-04,31.6,USD(원문단위),"Coal, South Africa (API4계열)",World Bank Pink Sheet monthly
WB_COAL_ZA,1986-05,29.5,USD(원문단위),"Coal, South Africa (API4계열)",World Bank Pink Sheet monthly
WB_COAL_ZA,1986-06,29.5,USD(원문단위),"Coal, South Africa (API4계열)",World Bank Pink Sheet monthly
WB_COAL_ZA,1986-07,29.5,USD(원문단위),"Coal, South Africa (API4계열)",World Bank Pink Sheet monthly
WB_COAL_ZA,1986-08,29.5,USD(원문단위),"Coal, South Africa (API4계열)",World Bank Pink Sheet monthly
WB_COAL_ZA,1986-09,29.5,USD(원문단위),"Coal, South Africa (API4계열)",World Bank Pink Sheet monthly
WB_COAL_ZA,1986-10,29.5,USD(원문단위),"Coal, South Africa (API4계열)",World Bank Pink Sheet monthly
WB_COAL_ZA,1986-11,29.5,USD(원문단위),"Coal, South Africa (API4계열)",World Bank Pink Sheet monthly
WB_COAL_ZA,1986-12,27.3,USD(원문단위),"Coal, South Africa (API4계열)",World Bank Pink Sheet monthly
WB_COAL_ZA,1987-01,27.3,USD(원문단위),"Coal, South Africa (API4계열)",World Bank Pink Sheet monthly
WB_COAL_ZA,1987-02,27.3,USD(원문단위),"Coal, South Africa (API4계열)",World Bank Pink Sheet monthly
WB_COAL_ZA,1987-03,27.3,USD(원문단위),"Coal, South Africa (API4계열)",World Bank Pink Sheet monthly
WB_COAL_ZA,1987-04,26.2,USD(원문단위),"Coal, South Africa (API4계열)",World Bank Pink Sheet monthly
WB_COAL_ZA,1987-05,26.2,USD(원문단위),"Coal, South Africa (API4계열)",World Bank Pink Sheet monthly
WB_COAL_ZA,1987-06,26.2,USD(원문단위),"Coal, South Africa (API4계열)",World Bank Pink Sheet monthly
WB_COAL_ZA,1987-07,26.2,USD(원문단위),"Coal, South Africa (API4계열)",World Bank Pink Sheet monthly
WB_COAL_ZA,1987-08,26.2,USD(원문단위),"Coal, South Africa (API4계열)",World Bank Pink Sheet monthly
WB_COAL_ZA,1987-09,26.2,USD(원문단위),"Coal, South Africa (API4계열)",World Bank Pink Sheet monthly
WB_COAL_ZA,1987-10,26.2,USD(원문단위),"Coal, South Africa (API4계열)",World Bank Pink Sheet monthly
WB_COAL_ZA,1987-11,26.3,USD(원문단위),"Coal, South Africa (API4계열)",World Bank Pink Sheet monthly
WB_COAL_ZA,1987-12,26.5,USD(원문단위),"Coal, South Africa (API4계열)",World Bank Pink Sheet monthly
WB_COAL_ZA,1988-01,26.5,USD(원문단위),"Coal, South Africa (API4계열)",World Bank Pink Sheet monthly
WB_COAL_ZA,1988-02,26.0,USD(원문단위),"Coal, South Africa (API4계열)",World Bank Pink Sheet monthly
WB_COAL_ZA,1988-03,26.5,USD(원문단위),"Coal, South Africa (API4계열)",World Bank Pink Sheet monthly
WB_COAL_ZA,1988-04,27.0,USD(원문단위),"Coal, South Africa (API4계열)",World Bank Pink Sheet monthly
WB_COAL_ZA,1988-05,27.5,USD(원문단위),"Coal, South Africa (API4계열)",World Bank Pink Sheet monthly
WB_COAL_ZA,1988-06,27.5,USD(원문단위),"Coal, South Africa (API4계열)",World Bank Pink Sheet monthly
WB_COAL_ZA,1988-07,27.5,USD(원문단위),"Coal, South Africa (API4계열)",World Bank Pink Sheet monthly
WB_COAL_ZA,1988-08,28.5,USD(원문단위),"Coal, South Africa (API4계열)",World Bank Pink Sheet monthly
WB_COAL_ZA,1988-09,29.3,USD(원문단위),"Coal, South Africa (API4계열)",World Bank Pink Sheet monthly
WB_COAL_ZA,1988-10,30.0,USD(원문단위),"Coal, South Africa (API4계열)",World Bank Pink Sheet monthly
WB_COAL_ZA,1988-11,30.0,USD(원문단위),"Coal, South Africa (API4계열)",World Bank Pink Sheet monthly
WB_COAL_ZA,1988-12,31.0,USD(원문단위),"Coal, South Africa (API4계열)",World Bank Pink Sheet monthly
WB_COAL_ZA,1989-01,31.0,USD(원문단위),"Coal, South Africa (API4계열)",World Bank Pink Sheet monthly
WB_COAL_ZA,1989-02,31.0,USD(원문단위),"Coal, South Africa (API4계열)",World Bank Pink Sheet monthly
WB_COAL_ZA,1989-03,31.0,USD(원문단위),"Coal, South Africa (API4계열)",World Bank Pink Sheet monthly
WB_COAL_ZA,1989-04,31.0,USD(원문단위),"Coal, South Africa (API4계열)",World Bank Pink Sheet monthly
WB_COAL_ZA,1989-05,31.0,USD(원문단위),"Coal, South Africa (API4계열)",World Bank Pink Sheet monthly
WB_COAL_ZA,1989-06,31.0,USD(원문단위),"Coal, South Africa (API4계열)",World Bank Pink Sheet monthly
WB_COAL_ZA,1989-07,31.0,USD(원문단위),"Coal, South Africa (API4계열)",World Bank Pink Sheet monthly
WB_COAL_ZA,1989-08,31.0,USD(원문단위),"Coal, South Africa (API4계열)",World Bank Pink Sheet monthly
WB_COAL_ZA,1989-09,31.0,USD(원문단위),"Coal, South Africa (API4계열)",World Bank Pink Sheet monthly
WB_COAL_ZA,1989-10,31.0,USD(원문단위),"Coal, South Africa (API4계열)",World Bank Pink Sheet monthly
WB_COAL_ZA,1989-11,31.0,USD(원문단위),"Coal, South Africa (API4계열)",World Bank Pink Sheet monthly
WB_COAL_ZA,1989-12,31.0,USD(원문단위),"Coal, South Africa (API4계열)",World Bank Pink Sheet monthly
WB_COAL_ZA,1990-01,31.0,USD(원문단위),"Coal, South Africa (API4계열)",World Bank Pink Sheet monthly
WB_COAL_ZA,1990-02,31.0,USD(원문단위),"Coal, South Africa (API4계열)",World Bank Pink Sheet monthly
WB_COAL_ZA,1990-03,31.0,USD(원문단위),"Coal, South Africa (API4계열)",World Bank Pink Sheet monthly
WB_COAL_ZA,1990-04,31.0,USD(원문단위),"Coal, South Africa (API4계열)",World Bank Pink Sheet monthly
WB_COAL_ZA,1990-05,32.5,USD(원문단위),"Coal, South Africa (API4계열)",World Bank Pink Sheet monthly
WB_COAL_ZA,1990-06,34.0,USD(원문단위),"Coal, South Africa (API4계열)",World Bank Pink Sheet monthly
WB_COAL_ZA,1990-07,34.0,USD(원문단위),"Coal, South Africa (API4계열)",World Bank Pink Sheet monthly
WB_COAL_ZA,1990-08,34.0,USD(원문단위),"Coal, South Africa (API4계열)",World Bank Pink Sheet monthly
WB_COAL_ZA,1990-09,34.0,USD(원문단위),"Coal, South Africa (API4계열)",World Bank Pink Sheet monthly
WB_COAL_ZA,1990-10,34.0,USD(원문단위),"Coal, South Africa (API4계열)",World Bank Pink Sheet monthly
WB_COAL_ZA,1990-11,34.0,USD(원문단위),"Coal, South Africa (API4계열)",World Bank Pink Sheet monthly
WB_COAL_ZA,1990-12,34.0,USD(원문단위),"Coal, South Africa (API4계열)",World Bank Pink Sheet monthly
WB_COAL_ZA,1991-01,34.0,USD(원문단위),"Coal, South Africa (API4계열)",World Bank Pink Sheet monthly
WB_COAL_ZA,1991-02,34.0,USD(원문단위),"Coal, South Africa (API4계열)",World Bank Pink Sheet monthly
WB_COAL_ZA,1991-03,31.0,USD(원문단위),"Coal, South Africa (API4계열)",World Bank Pink Sheet monthly
WB_COAL_ZA,1991-04,31.0,USD(원문단위),"Coal, South Africa (API4계열)",World Bank Pink Sheet monthly
WB_COAL_ZA,1991-05,31.0,USD(원문단위),"Coal, South Africa (API4계열)",World Bank Pink Sheet monthly
WB_COAL_ZA,1991-06,31.0,USD(원문단위),"Coal, South Africa (API4계열)",World Bank Pink Sheet monthly
WB_COAL_ZA,1991-07,31.0,USD(원문단위),"Coal, South Africa (API4계열)",World Bank Pink Sheet monthly
WB_COAL_ZA,1991-08,31.0,USD(원문단위),"Coal, South Africa (API4계열)",World Bank Pink Sheet monthly
WB_COAL_ZA,1991-09,31.0,USD(원문단위),"Coal, South Africa (API4계열)",World Bank Pink Sheet monthly
WB_COAL_ZA,1991-10,31.0,USD(원문단위),"Coal, South Africa (API4계열)",World Bank Pink Sheet monthly
WB_COAL_ZA,1991-11,31.0,USD(원문단위),"Coal, South Africa (API4계열)",World Bank Pink Sheet monthly
WB_COAL_ZA,1991-12,31.0,USD(원문단위),"Coal, South Africa (API4계열)",World Bank Pink Sheet monthly
WB_COAL_ZA,1992-01,31.0,USD(원문단위),"Coal, South Africa (API4계열)",World Bank Pink Sheet monthly
WB_COAL_ZA,1992-02,31.0,USD(원문단위),"Coal, South Africa (API4계열)",World Bank Pink Sheet monthly
WB_COAL_ZA,1992-03,31.0,USD(원문단위),"Coal, South Africa (API4계열)",World Bank Pink Sheet monthly
WB_COAL_ZA,1992-04,31.0,USD(원문단위),"Coal, South Africa (API4계열)",World Bank Pink Sheet monthly
WB_COAL_ZA,1992-05,31.0,USD(원문단위),"Coal, South Africa (API4계열)",World Bank Pink Sheet monthly
WB_COAL_ZA,1992-06,29.0,USD(원문단위),"Coal, South Africa (API4계열)",World Bank Pink Sheet monthly
WB_COAL_ZA,1992-07,27.0,USD(원문단위),"Coal, South Africa (API4계열)",World Bank Pink Sheet monthly
WB_COAL_ZA,1992-08,27.0,USD(원문단위),"Coal, South Africa (API4계열)",World Bank Pink Sheet monthly
WB_COAL_ZA,1992-09,27.0,USD(원문단위),"Coal, South Africa (API4계열)",World Bank Pink Sheet monthly
WB_COAL_ZA,1992-10,27.0,USD(원문단위),"Coal, South Africa (API4계열)",World Bank Pink Sheet monthly
WB_COAL_ZA,1992-11,27.0,USD(원문단위),"Coal, South Africa (API4계열)",World Bank Pink Sheet monthly
WB_COAL_ZA,1992-12,27.0,USD(원문단위),"Coal, South Africa (API4계열)",World Bank Pink Sheet monthly
WB_COAL_ZA,1993-01,27.0,USD(원문단위),"Coal, South Africa (API4계열)",World Bank Pink Sheet monthly
WB_COAL_ZA,1993-02,27.0,USD(원문단위),"Coal, South Africa (API4계열)",World Bank Pink Sheet monthly
WB_COAL_ZA,1993-03,27.0,USD(원문단위),"Coal, South Africa (API4계열)",World Bank Pink Sheet monthly
WB_COAL_ZA,1993-04,27.0,USD(원문단위),"Coal, South Africa (API4계열)",World Bank Pink Sheet monthly
WB_COAL_ZA,1993-05,27.0,USD(원문단위),"Coal, South Africa (API4계열)",World Bank Pink Sheet monthly
WB_COAL_ZA,1993-06,27.0,USD(원문단위),"Coal, South Africa (API4계열)",World Bank Pink Sheet monthly
WB_COAL_ZA,1993-07,27.0,USD(원문단위),"Coal, South Africa (API4계열)",World Bank Pink Sheet monthly
WB_COAL_ZA,1993-08,27.0,USD(원문단위),"Coal, South Africa (API4계열)",World Bank Pink Sheet monthly
WB_COAL_ZA,1993-09,27.0,USD(원문단위),"Coal, South Africa (API4계열)",World Bank Pink Sheet monthly
WB_COAL_ZA,1993-10,27.0,USD(원문단위),"Coal, South Africa (API4계열)",World Bank Pink Sheet monthly
WB_COAL_ZA,1993-11,27.0,USD(원문단위),"Coal, South Africa (API4계열)",World Bank Pink Sheet monthly
WB_COAL_ZA,1993-12,26.5,USD(원문단위),"Coal, South Africa (API4계열)",World Bank Pink Sheet monthly
WB_COAL_ZA,1994-01,27.0,USD(원문단위),"Coal, South Africa (API4계열)",World Bank Pink Sheet monthly
WB_COAL_ZA,1994-02,27.0,USD(원문단위),"Coal, South Africa (API4계열)",World Bank Pink Sheet monthly
WB_COAL_ZA,1994-03,27.0,USD(원문단위),"Coal, South Africa (API4계열)",World Bank Pink Sheet monthly
WB_COAL_ZA,1994-04,27.0,USD(원문단위),"Coal, South Africa (API4계열)",World Bank Pink Sheet monthly
WB_COAL_ZA,1994-05,27.0,USD(원문단위),"Coal, South Africa (API4계열)",World Bank Pink Sheet monthly
WB_COAL_ZA,1994-06,28.5,USD(원문단위),"Coal, South Africa (API4계열)",World Bank Pink Sheet monthly
WB_COAL_ZA,1994-07,28.5,USD(원문단위),"Coal, South Africa (API4계열)",World Bank Pink Sheet monthly
WB_COAL_ZA,1994-08,28.5,USD(원문단위),"Coal, South Africa (API4계열)",World Bank Pink Sheet monthly
WB_COAL_ZA,1994-09,29.0,USD(원문단위),"Coal, South Africa (API4계열)",World Bank Pink Sheet monthly
WB_COAL_ZA,1994-10,30.8,USD(원문단위),"Coal, South Africa (API4계열)",World Bank Pink Sheet monthly
WB_COAL_ZA,1994-11,30.5,USD(원문단위),"Coal, South Africa (API4계열)",World Bank Pink Sheet monthly
WB_COAL_ZA,1994-12,32.0,USD(원문단위),"Coal, South Africa (API4계열)",World Bank Pink Sheet monthly
WB_COAL_ZA,1995-01,34.0,USD(원문단위),"Coal, South Africa (API4계열)",World Bank Pink Sheet monthly
WB_COAL_ZA,1995-02,34.5,USD(원문단위),"Coal, South Africa (API4계열)",World Bank Pink Sheet monthly
WB_COAL_ZA,1995-03,34.8,USD(원문단위),"Coal, South Africa (API4계열)",World Bank Pink Sheet monthly
WB_COAL_ZA,1995-04,35.0,USD(원문단위),"Coal, South Africa (API4계열)",World Bank Pink Sheet monthly
WB_COAL_ZA,1995-05,35.0,USD(원문단위),"Coal, South Africa (API4계열)",World Bank Pink Sheet monthly
WB_COAL_ZA,1995-06,34.9,USD(원문단위),"Coal, South Africa (API4계열)",World Bank Pink Sheet monthly
WB_COAL_ZA,1995-07,36.2,USD(원문단위),"Coal, South Africa (API4계열)",World Bank Pink Sheet monthly
WB_COAL_ZA,1995-08,35.7,USD(원문단위),"Coal, South Africa (API4계열)",World Bank Pink Sheet monthly
WB_COAL_ZA,1995-09,35.9,USD(원문단위),"Coal, South Africa (API4계열)",World Bank Pink Sheet monthly
WB_COAL_ZA,1995-10,35.8,USD(원문단위),"Coal, South Africa (API4계열)",World Bank Pink Sheet monthly
WB_COAL_ZA,1995-11,36.1,USD(원문단위),"Coal, South Africa (API4계열)",World Bank Pink Sheet monthly
WB_COAL_ZA,1995-12,35.0,USD(원문단위),"Coal, South Africa (API4계열)",World Bank Pink Sheet monthly
WB_COAL_ZA,1996-01,34.8,USD(원문단위),"Coal, South Africa (API4계열)",World Bank Pink Sheet monthly
WB_COAL_ZA,1996-02,34.3,USD(원문단위),"Coal, South Africa (API4계열)",World Bank Pink Sheet monthly
WB_COAL_ZA,1996-03,32.9,USD(원문단위),"Coal, South Africa (API4계열)",World Bank Pink Sheet monthly
WB_COAL_ZA,1996-04,33.7,USD(원문단위),"Coal, South Africa (API4계열)",World Bank Pink Sheet monthly
WB_COAL_ZA,1996-05,33.3,USD(원문단위),"Coal, South Africa (API4계열)",World Bank Pink Sheet monthly
WB_COAL_ZA,1996-06,32.4,USD(원문단위),"Coal, South Africa (API4계열)",World Bank Pink Sheet monthly
WB_COAL_ZA,1996-07,32.1,USD(원문단위),"Coal, South Africa (API4계열)",World Bank Pink Sheet monthly
WB_COAL_ZA,1996-08,32.0,USD(원문단위),"Coal, South Africa (API4계열)",World Bank Pink Sheet monthly
WB_COAL_ZA,1996-09,33.4,USD(원문단위),"Coal, South Africa (API4계열)",World Bank Pink Sheet monthly
WB_COAL_ZA,1996-10,34.3,USD(원문단위),"Coal, South Africa (API4계열)",World Bank Pink Sheet monthly
WB_COAL_ZA,1996-11,34.1,USD(원문단위),"Coal, South Africa (API4계열)",World Bank Pink Sheet monthly
WB_COAL_ZA,1996-12,35.0,USD(원문단위),"Coal, South Africa (API4계열)",World Bank Pink Sheet monthly
WB_COAL_ZA,1997-01,34.6,USD(원문단위),"Coal, South Africa (API4계열)",World Bank Pink Sheet monthly
WB_COAL_ZA,1997-02,33.8,USD(원문단위),"Coal, South Africa (API4계열)",World Bank Pink Sheet monthly
WB_COAL_ZA,1997-03,33.4,USD(원문단위),"Coal, South Africa (API4계열)",World Bank Pink Sheet monthly
WB_COAL_ZA,1997-04,33.0,USD(원문단위),"Coal, South Africa (API4계열)",World Bank Pink Sheet monthly
WB_COAL_ZA,1997-05,32.5,USD(원문단위),"Coal, South Africa (API4계열)",World Bank Pink Sheet monthly
WB_COAL_ZA,1997-06,32.3,USD(원문단위),"Coal, South Africa (API4계열)",World Bank Pink Sheet monthly
WB_COAL_ZA,1997-07,31.3,USD(원문단위),"Coal, South Africa (API4계열)",World Bank Pink Sheet monthly
WB_COAL_ZA,1997-08,31.0,USD(원문단위),"Coal, South Africa (API4계열)",World Bank Pink Sheet monthly
WB_COAL_ZA,1997-09,29.9,USD(원문단위),"Coal, South Africa (API4계열)",World Bank Pink Sheet monthly
WB_COAL_ZA,1997-10,29.0,USD(원문단위),"Coal, South Africa (API4계열)",World Bank Pink Sheet monthly
WB_COAL_ZA,1997-11,27.7,USD(원문단위),"Coal, South Africa (API4계열)",World Bank Pink Sheet monthly
WB_COAL_ZA,1997-12,27.8,USD(원문단위),"Coal, South Africa (API4계열)",World Bank Pink Sheet monthly
WB_COAL_ZA,1998-01,27.5,USD(원문단위),"Coal, South Africa (API4계열)",World Bank Pink Sheet monthly
WB_COAL_ZA,1998-02,26.8,USD(원문단위),"Coal, South Africa (API4계열)",World Bank Pink Sheet monthly
WB_COAL_ZA,1998-03,26.7,USD(원문단위),"Coal, South Africa (API4계열)",World Bank Pink Sheet monthly
WB_COAL_ZA,1998-04,27.4,USD(원문단위),"Coal, South Africa (API4계열)",World Bank Pink Sheet monthly
WB_COAL_ZA,1998-05,27.6,USD(원문단위),"Coal, South Africa (API4계열)",World Bank Pink Sheet monthly
WB_COAL_ZA,1998-06,27.3,USD(원문단위),"Coal, South Africa (API4계열)",World Bank Pink Sheet monthly
WB_COAL_ZA,1998-07,26.6,USD(원문단위),"Coal, South Africa (API4계열)",World Bank Pink Sheet monthly
WB_COAL_ZA,1998-08,26.3,USD(원문단위),"Coal, South Africa (API4계열)",World Bank Pink Sheet monthly
WB_COAL_ZA,1998-09,26.4,USD(원문단위),"Coal, South Africa (API4계열)",World Bank Pink Sheet monthly
WB_COAL_ZA,1998-10,26.1,USD(원문단위),"Coal, South Africa (API4계열)",World Bank Pink Sheet monthly
WB_COAL_ZA,1998-11,26.7,USD(원문단위),"Coal, South Africa (API4계열)",World Bank Pink Sheet monthly
WB_COAL_ZA,1998-12,26.7,USD(원문단위),"Coal, South Africa (API4계열)",World Bank Pink Sheet monthly
WB_COAL_ZA,1999-01,26.5,USD(원문단위),"Coal, South Africa (API4계열)",World Bank Pink Sheet monthly
WB_COAL_ZA,1999-02,26.4,USD(원문단위),"Coal, South Africa (API4계열)",World Bank Pink Sheet monthly
WB_COAL_ZA,1999-03,25.1,USD(원문단위),"Coal, South Africa (API4계열)",World Bank Pink Sheet monthly
WB_COAL_ZA,1999-04,25.1,USD(원문단위),"Coal, South Africa (API4계열)",World Bank Pink Sheet monthly
WB_COAL_ZA,1999-05,25.1,USD(원문단위),"Coal, South Africa (API4계열)",World Bank Pink Sheet monthly
WB_COAL_ZA,1999-06,25.3,USD(원문단위),"Coal, South Africa (API4계열)",World Bank Pink Sheet monthly
WB_COAL_ZA,1999-07,23.8,USD(원문단위),"Coal, South Africa (API4계열)",World Bank Pink Sheet monthly
WB_COAL_ZA,1999-08,23.1,USD(원문단위),"Coal, South Africa (API4계열)",World Bank Pink Sheet monthly
WB_COAL_ZA,1999-09,22.5,USD(원문단위),"Coal, South Africa (API4계열)",World Bank Pink Sheet monthly
WB_COAL_ZA,1999-10,22.5,USD(원문단위),"Coal, South Africa (API4계열)",World Bank Pink Sheet monthly
WB_COAL_ZA,1999-11,23.5,USD(원문단위),"Coal, South Africa (API4계열)",World Bank Pink Sheet monthly
WB_COAL_ZA,1999-12,22.6,USD(원문단위),"Coal, South Africa (API4계열)",World Bank Pink Sheet monthly
WB_COAL_ZA,2000-01,22.8,USD(원문단위),"Coal, South Africa (API4계열)",World Bank Pink Sheet monthly
WB_COAL_ZA,2000-02,23.6,USD(원문단위),"Coal, South Africa (API4계열)",World Bank Pink Sheet monthly
WB_COAL_ZA,2000-03,24.4,USD(원문단위),"Coal, South Africa (API4계열)",World Bank Pink Sheet monthly
WB_COAL_ZA,2000-04,24.9,USD(원문단위),"Coal, South Africa (API4계열)",World Bank Pink Sheet monthly
WB_COAL_ZA,2000-05,26.1,USD(원문단위),"Coal, South Africa (API4계열)",World Bank Pink Sheet monthly
WB_COAL_ZA,2000-06,27.0,USD(원문단위),"Coal, South Africa (API4계열)",World Bank Pink Sheet monthly
WB_COAL_ZA,2000-07,27.0,USD(원문단위),"Coal, South Africa (API4계열)",World Bank Pink Sheet monthly
WB_COAL_ZA,2000-08,27.0,USD(원문단위),"Coal, South Africa (API4계열)",World Bank Pink Sheet monthly
WB_COAL_ZA,2000-09,27.0,USD(원문단위),"Coal, South Africa (API4계열)",World Bank Pink Sheet monthly
WB_COAL_ZA,2000-10,28.2,USD(원문단위),"Coal, South Africa (API4계열)",World Bank Pink Sheet monthly
WB_COAL_ZA,2000-11,26.2,USD(원문단위),"Coal, South Africa (API4계열)",World Bank Pink Sheet monthly
WB_COAL_ZA,2000-12,34.7,USD(원문단위),"Coal, South Africa (API4계열)",World Bank Pink Sheet monthly
WB_COAL_ZA,2001-01,35.0,USD(원문단위),"Coal, South Africa (API4계열)",World Bank Pink Sheet monthly
WB_COAL_ZA,2001-02,34.4,USD(원문단위),"Coal, South Africa (API4계열)",World Bank Pink Sheet monthly
WB_COAL_ZA,2001-03,35.5,USD(원문단위),"Coal, South Africa (API4계열)",World Bank Pink Sheet monthly
WB_COAL_ZA,2001-04,35.5,USD(원문단위),"Coal, South Africa (API4계열)",World Bank Pink Sheet monthly
WB_COAL_ZA,2001-05,34.8,USD(원문단위),"Coal, South Africa (API4계열)",World Bank Pink Sheet monthly
WB_COAL_ZA,2001-06,34.8,USD(원문단위),"Coal, South Africa (API4계열)",World Bank Pink Sheet monthly
WB_COAL_ZA,2001-07,34.4,USD(원문단위),"Coal, South Africa (API4계열)",World Bank Pink Sheet monthly
WB_COAL_ZA,2001-08,34.2,USD(원문단위),"Coal, South Africa (API4계열)",World Bank Pink Sheet monthly
WB_COAL_ZA,2001-09,33.1,USD(원문단위),"Coal, South Africa (API4계열)",World Bank Pink Sheet monthly
WB_COAL_ZA,2001-10,33.0,USD(원문단위),"Coal, South Africa (API4계열)",World Bank Pink Sheet monthly
WB_COAL_ZA,2001-11,31.5,USD(원문단위),"Coal, South Africa (API4계열)",World Bank Pink Sheet monthly
WB_COAL_ZA,2001-12,30.5,USD(원문단위),"Coal, South Africa (API4계열)",World Bank Pink Sheet monthly
WB_COAL_ZA,2002-01,29.7,USD(원문단위),"Coal, South Africa (API4계열)",World Bank Pink Sheet monthly
WB_COAL_ZA,2002-02,29.0,USD(원문단위),"Coal, South Africa (API4계열)",World Bank Pink Sheet monthly
WB_COAL_ZA,2002-03,28.4,USD(원문단위),"Coal, South Africa (API4계열)",World Bank Pink Sheet monthly
WB_COAL_ZA,2002-04,26.8,USD(원문단위),"Coal, South Africa (API4계열)",World Bank Pink Sheet monthly
WB_COAL_ZA,2002-05,25.8,USD(원문단위),"Coal, South Africa (API4계열)",World Bank Pink Sheet monthly
WB_COAL_ZA,2002-06,24.4,USD(원문단위),"Coal, South Africa (API4계열)",World Bank Pink Sheet monthly
WB_COAL_ZA,2002-07,22.7,USD(원문단위),"Coal, South Africa (API4계열)",World Bank Pink Sheet monthly
WB_COAL_ZA,2002-08,21.3,USD(원문단위),"Coal, South Africa (API4계열)",World Bank Pink Sheet monthly
WB_COAL_ZA,2002-09,23.1,USD(원문단위),"Coal, South Africa (API4계열)",World Bank Pink Sheet monthly
WB_COAL_ZA,2002-10,27.4,USD(원문단위),"Coal, South Africa (API4계열)",World Bank Pink Sheet monthly
WB_COAL_ZA,2002-11,27.0,USD(원문단위),"Coal, South Africa (API4계열)",World Bank Pink Sheet monthly
WB_COAL_ZA,2002-12,26.9,USD(원문단위),"Coal, South Africa (API4계열)",World Bank Pink Sheet monthly
WB_COAL_ZA,2003-01,27.5,USD(원문단위),"Coal, South Africa (API4계열)",World Bank Pink Sheet monthly
WB_COAL_ZA,2003-02,27.0,USD(원문단위),"Coal, South Africa (API4계열)",World Bank Pink Sheet monthly
WB_COAL_ZA,2003-03,25.8,USD(원문단위),"Coal, South Africa (API4계열)",World Bank Pink Sheet monthly
WB_COAL_ZA,2003-04,23.8,USD(원문단위),"Coal, South Africa (API4계열)",World Bank Pink Sheet monthly
WB_COAL_ZA,2003-05,23.7,USD(원문단위),"Coal, South Africa (API4계열)",World Bank Pink Sheet monthly
WB_COAL_ZA,2003-06,26.8,USD(원문단위),"Coal, South Africa (API4계열)",World Bank Pink Sheet monthly
WB_COAL_ZA,2003-07,29.5,USD(원문단위),"Coal, South Africa (API4계열)",World Bank Pink Sheet monthly
WB_COAL_ZA,2003-08,30.2,USD(원문단위),"Coal, South Africa (API4계열)",World Bank Pink Sheet monthly
WB_COAL_ZA,2003-09,34.1,USD(원문단위),"Coal, South Africa (API4계열)",World Bank Pink Sheet monthly
WB_COAL_ZA,2003-10,36.7,USD(원문단위),"Coal, South Africa (API4계열)",World Bank Pink Sheet monthly
WB_COAL_ZA,2003-11,39.2,USD(원문단위),"Coal, South Africa (API4계열)",World Bank Pink Sheet monthly
WB_COAL_ZA,2003-12,38.7,USD(원문단위),"Coal, South Africa (API4계열)",World Bank Pink Sheet monthly
WB_COAL_ZA,2004-01,41.3,USD(원문단위),"Coal, South Africa (API4계열)",World Bank Pink Sheet monthly
WB_COAL_ZA,2004-02,42.3,USD(원문단위),"Coal, South Africa (API4계열)",World Bank Pink Sheet monthly
WB_COAL_ZA,2004-03,42.5,USD(원문단위),"Coal, South Africa (API4계열)",World Bank Pink Sheet monthly
WB_COAL_ZA,2004-04,47.3,USD(원문단위),"Coal, South Africa (API4계열)",World Bank Pink Sheet monthly
WB_COAL_ZA,2004-05,52.6,USD(원문단위),"Coal, South Africa (API4계열)",World Bank Pink Sheet monthly
WB_COAL_ZA,2004-06,62.6,USD(원문단위),"Coal, South Africa (API4계열)",World Bank Pink Sheet monthly
WB_COAL_ZA,2004-07,68.5,USD(원문단위),"Coal, South Africa (API4계열)",World Bank Pink Sheet monthly
WB_COAL_ZA,2004-08,63.6,USD(원문단위),"Coal, South Africa (API4계열)",World Bank Pink Sheet monthly
WB_COAL_ZA,2004-09,61.0,USD(원문단위),"Coal, South Africa (API4계열)",World Bank Pink Sheet monthly
WB_COAL_ZA,2004-10,59.7,USD(원문단위),"Coal, South Africa (API4계열)",World Bank Pink Sheet monthly
WB_COAL_ZA,2004-11,60.8,USD(원문단위),"Coal, South Africa (API4계열)",World Bank Pink Sheet monthly
WB_COAL_ZA,2004-12,54.3,USD(원문단위),"Coal, South Africa (API4계열)",World Bank Pink Sheet monthly
WB_COAL_ZA,2005-01,51.4,USD(원문단위),"Coal, South Africa (API4계열)",World Bank Pink Sheet monthly
WB_COAL_ZA,2005-02,46.6,USD(원문단위),"Coal, South Africa (API4계열)",World Bank Pink Sheet monthly
WB_COAL_ZA,2005-03,45.3,USD(원문단위),"Coal, South Africa (API4계열)",World Bank Pink Sheet monthly
WB_COAL_ZA,2005-04,46.3,USD(원문단위),"Coal, South Africa (API4계열)",World Bank Pink Sheet monthly
WB_COAL_ZA,2005-05,45.9,USD(원문단위),"Coal, South Africa (API4계열)",World Bank Pink Sheet monthly
WB_COAL_ZA,2005-06,49.1,USD(원문단위),"Coal, South Africa (API4계열)",World Bank Pink Sheet monthly
WB_COAL_ZA,2005-07,51.3,USD(원문단위),"Coal, South Africa (API4계열)",World Bank Pink Sheet monthly
WB_COAL_ZA,2005-08,49.5,USD(원문단위),"Coal, South Africa (API4계열)",World Bank Pink Sheet monthly
WB_COAL_ZA,2005-09,46.6,USD(원문단위),"Coal, South Africa (API4계열)",World Bank Pink Sheet monthly
WB_COAL_ZA,2005-10,43.3,USD(원문단위),"Coal, South Africa (API4계열)",World Bank Pink Sheet monthly
WB_COAL_ZA,2005-11,38.1,USD(원문단위),"Coal, South Africa (API4계열)",World Bank Pink Sheet monthly
WB_COAL_ZA,2005-12,41.0,USD(원문단위),"Coal, South Africa (API4계열)",World Bank Pink Sheet monthly
WB_COAL_ZA,2006-01,44.7,USD(원문단위),"Coal, South Africa (API4계열)",World Bank Pink Sheet monthly
WB_COAL_ZA,2006-02,49.4,USD(원문단위),"Coal, South Africa (API4계열)",World Bank Pink Sheet monthly
WB_COAL_ZA,2006-03,54.5,USD(원문단위),"Coal, South Africa (API4계열)",World Bank Pink Sheet monthly
WB_COAL_ZA,2006-04,54.9,USD(원문단위),"Coal, South Africa (API4계열)",World Bank Pink Sheet monthly
WB_COAL_ZA,2006-05,50.4,USD(원문단위),"Coal, South Africa (API4계열)",World Bank Pink Sheet monthly
WB_COAL_ZA,2006-06,52.4,USD(원문단위),"Coal, South Africa (API4계열)",World Bank Pink Sheet monthly
WB_COAL_ZA,2006-07,51.7,USD(원문단위),"Coal, South Africa (API4계열)",World Bank Pink Sheet monthly
WB_COAL_ZA,2006-08,53.6,USD(원문단위),"Coal, South Africa (API4계열)",World Bank Pink Sheet monthly
WB_COAL_ZA,2006-09,48.8,USD(원문단위),"Coal, South Africa (API4계열)",World Bank Pink Sheet monthly
WB_COAL_ZA,2006-10,49.2,USD(원문단위),"Coal, South Africa (API4계열)",World Bank Pink Sheet monthly
WB_COAL_ZA,2006-11,48.2,USD(원문단위),"Coal, South Africa (API4계열)",World Bank Pink Sheet monthly
WB_COAL_ZA,2006-12,50.7,USD(원문단위),"Coal, South Africa (API4계열)",World Bank Pink Sheet monthly
WB_COAL_ZA,2007-01,50.1,USD(원문단위),"Coal, South Africa (API4계열)",World Bank Pink Sheet monthly
WB_COAL_ZA,2007-02,51.6,USD(원문단위),"Coal, South Africa (API4계열)",World Bank Pink Sheet monthly
WB_COAL_ZA,2007-03,53.5,USD(원문단위),"Coal, South Africa (API4계열)",World Bank Pink Sheet monthly
WB_COAL_ZA,2007-04,51.4,USD(원문단위),"Coal, South Africa (API4계열)",World Bank Pink Sheet monthly
WB_COAL_ZA,2007-05,50.3,USD(원문단위),"Coal, South Africa (API4계열)",World Bank Pink Sheet monthly
WB_COAL_ZA,2007-06,56.8,USD(원문단위),"Coal, South Africa (API4계열)",World Bank Pink Sheet monthly
WB_COAL_ZA,2007-07,58.1,USD(원문단위),"Coal, South Africa (API4계열)",World Bank Pink Sheet monthly
WB_COAL_ZA,2007-08,60.2,USD(원문단위),"Coal, South Africa (API4계열)",World Bank Pink Sheet monthly
WB_COAL_ZA,2007-09,62.8,USD(원문단위),"Coal, South Africa (API4계열)",World Bank Pink Sheet monthly
WB_COAL_ZA,2007-10,73.1,USD(원문단위),"Coal, South Africa (API4계열)",World Bank Pink Sheet monthly
WB_COAL_ZA,2007-11,89.8,USD(원문단위),"Coal, South Africa (API4계열)",World Bank Pink Sheet monthly
WB_COAL_ZA,2007-12,94.3,USD(원문단위),"Coal, South Africa (API4계열)",World Bank Pink Sheet monthly
WB_COAL_ZA,2008-01,100.6,USD(원문단위),"Coal, South Africa (API4계열)",World Bank Pink Sheet monthly
WB_COAL_ZA,2008-02,115.0,USD(원문단위),"Coal, South Africa (API4계열)",World Bank Pink Sheet monthly
WB_COAL_ZA,2008-03,111.0,USD(원문단위),"Coal, South Africa (API4계열)",World Bank Pink Sheet monthly
WB_COAL_ZA,2008-04,108.8,USD(원문단위),"Coal, South Africa (API4계열)",World Bank Pink Sheet monthly
WB_COAL_ZA,2008-05,120.7,USD(원문단위),"Coal, South Africa (API4계열)",World Bank Pink Sheet monthly
WB_COAL_ZA,2008-06,142.4,USD(원문단위),"Coal, South Africa (API4계열)",World Bank Pink Sheet monthly
WB_COAL_ZA,2008-07,167.8,USD(원문단위),"Coal, South Africa (API4계열)",World Bank Pink Sheet monthly
WB_COAL_ZA,2008-08,156.9,USD(원문단위),"Coal, South Africa (API4계열)",World Bank Pink Sheet monthly
WB_COAL_ZA,2008-09,147.8,USD(원문단위),"Coal, South Africa (API4계열)",World Bank Pink Sheet monthly
WB_COAL_ZA,2008-10,109.7,USD(원문단위),"Coal, South Africa (API4계열)",World Bank Pink Sheet monthly
WB_COAL_ZA,2008-11,89.4,USD(원문단위),"Coal, South Africa (API4계열)",World Bank Pink Sheet monthly
WB_COAL_ZA,2008-12,77.3,USD(원문단위),"Coal, South Africa (API4계열)",World Bank Pink Sheet monthly
WB_COAL_ZA,2009-01,76.4,USD(원문단위),"Coal, South Africa (API4계열)",World Bank Pink Sheet monthly
WB_COAL_ZA,2009-02,69.1,USD(원문단위),"Coal, South Africa (API4계열)",World Bank Pink Sheet monthly
WB_COAL_ZA,2009-03,58.6,USD(원문단위),"Coal, South Africa (API4계열)",World Bank Pink Sheet monthly
WB_COAL_ZA,2009-04,62.9,USD(원문단위),"Coal, South Africa (API4계열)",World Bank Pink Sheet monthly
WB_COAL_ZA,2009-05,58.0,USD(원문단위),"Coal, South Africa (API4계열)",World Bank Pink Sheet monthly
WB_COAL_ZA,2009-06,60.2,USD(원문단위),"Coal, South Africa (API4계열)",World Bank Pink Sheet monthly
WB_COAL_ZA,2009-07,61.1,USD(원문단위),"Coal, South Africa (API4계열)",World Bank Pink Sheet monthly
WB_COAL_ZA,2009-08,64.3,USD(원문단위),"Coal, South Africa (API4계열)",World Bank Pink Sheet monthly
WB_COAL_ZA,2009-09,61.1,USD(원문단위),"Coal, South Africa (API4계열)",World Bank Pink Sheet monthly
WB_COAL_ZA,2009-10,64.4,USD(원문단위),"Coal, South Africa (API4계열)",World Bank Pink Sheet monthly
WB_COAL_ZA,2009-11,66.4,USD(원문단위),"Coal, South Africa (API4계열)",World Bank Pink Sheet monthly
WB_COAL_ZA,2009-12,73.8,USD(원문단위),"Coal, South Africa (API4계열)",World Bank Pink Sheet monthly
WB_COAL_ZA,2010-01,86.9,USD(원문단위),"Coal, South Africa (API4계열)",World Bank Pink Sheet monthly
WB_COAL_ZA,2010-02,83.4,USD(원문단위),"Coal, South Africa (API4계열)",World Bank Pink Sheet monthly
WB_COAL_ZA,2010-03,83.0,USD(원문단위),"Coal, South Africa (API4계열)",World Bank Pink Sheet monthly
WB_COAL_ZA,2010-04,88.7,USD(원문단위),"Coal, South Africa (API4계열)",World Bank Pink Sheet monthly
WB_COAL_ZA,2010-05,90.9,USD(원문단위),"Coal, South Africa (API4계열)",World Bank Pink Sheet monthly
WB_COAL_ZA,2010-06,92.8,USD(원문단위),"Coal, South Africa (API4계열)",World Bank Pink Sheet monthly
WB_COAL_ZA,2010-07,90.6,USD(원문단위),"Coal, South Africa (API4계열)",World Bank Pink Sheet monthly
WB_COAL_ZA,2010-08,87.9,USD(원문단위),"Coal, South Africa (API4계열)",World Bank Pink Sheet monthly
WB_COAL_ZA,2010-09,85.8,USD(원문단위),"Coal, South Africa (API4계열)",World Bank Pink Sheet monthly
WB_COAL_ZA,2010-10,91.0,USD(원문단위),"Coal, South Africa (API4계열)",World Bank Pink Sheet monthly
WB_COAL_ZA,2010-11,103.2,USD(원문단위),"Coal, South Africa (API4계열)",World Bank Pink Sheet monthly
WB_COAL_ZA,2010-12,115.2,USD(원문단위),"Coal, South Africa (API4계열)",World Bank Pink Sheet monthly
WB_COAL_ZA,2011-01,122.6,USD(원문단위),"Coal, South Africa (API4계열)",World Bank Pink Sheet monthly
WB_COAL_ZA,2011-02,117.7,USD(원문단위),"Coal, South Africa (API4계열)",World Bank Pink Sheet monthly
WB_COAL_ZA,2011-03,121.0,USD(원문단위),"Coal, South Africa (API4계열)",World Bank Pink Sheet monthly
WB_COAL_ZA,2011-04,124.0,USD(원문단위),"Coal, South Africa (API4계열)",World Bank Pink Sheet monthly
WB_COAL_ZA,2011-05,120.5,USD(원문단위),"Coal, South Africa (API4계열)",World Bank Pink Sheet monthly
WB_COAL_ZA,2011-06,119.0,USD(원문단위),"Coal, South Africa (API4계열)",World Bank Pink Sheet monthly
WB_COAL_ZA,2011-07,116.3,USD(원문단위),"Coal, South Africa (API4계열)",World Bank Pink Sheet monthly
WB_COAL_ZA,2011-08,118.3,USD(원문단위),"Coal, South Africa (API4계열)",World Bank Pink Sheet monthly
WB_COAL_ZA,2011-09,115.6,USD(원문단위),"Coal, South Africa (API4계열)",World Bank Pink Sheet monthly
WB_COAL_ZA,2011-10,110.9,USD(원문단위),"Coal, South Africa (API4계열)",World Bank Pink Sheet monthly
WB_COAL_ZA,2011-11,105.5,USD(원문단위),"Coal, South Africa (API4계열)",World Bank Pink Sheet monthly
WB_COAL_ZA,2011-12,104.2,USD(원문단위),"Coal, South Africa (API4계열)",World Bank Pink Sheet monthly
WB_COAL_ZA,2012-01,106.3,USD(원문단위),"Coal, South Africa (API4계열)",World Bank Pink Sheet monthly
WB_COAL_ZA,2012-02,105.3,USD(원문단위),"Coal, South Africa (API4계열)",World Bank Pink Sheet monthly
WB_COAL_ZA,2012-03,103.4,USD(원문단위),"Coal, South Africa (API4계열)",World Bank Pink Sheet monthly
WB_COAL_ZA,2012-04,101.3,USD(원문단위),"Coal, South Africa (API4계열)",World Bank Pink Sheet monthly
WB_COAL_ZA,2012-05,93.8,USD(원문단위),"Coal, South Africa (API4계열)",World Bank Pink Sheet monthly
WB_COAL_ZA,2012-06,85.3,USD(원문단위),"Coal, South Africa (API4계열)",World Bank Pink Sheet monthly
WB_COAL_ZA,2012-07,87.3,USD(원문단위),"Coal, South Africa (API4계열)",World Bank Pink Sheet monthly
WB_COAL_ZA,2012-08,89.1,USD(원문단위),"Coal, South Africa (API4계열)",World Bank Pink Sheet monthly
WB_COAL_ZA,2012-09,85.8,USD(원문단위),"Coal, South Africa (API4계열)",World Bank Pink Sheet monthly
WB_COAL_ZA,2012-10,82.8,USD(원문단위),"Coal, South Africa (API4계열)",World Bank Pink Sheet monthly
WB_COAL_ZA,2012-11,85.7,USD(원문단위),"Coal, South Africa (API4계열)",World Bank Pink Sheet monthly
WB_COAL_ZA,2012-12,88.8,USD(원문단위),"Coal, South Africa (API4계열)",World Bank Pink Sheet monthly
WB_COAL_ZA,2013-01,86.1,USD(원문단위),"Coal, South Africa (API4계열)",World Bank Pink Sheet monthly
WB_COAL_ZA,2013-02,85.1,USD(원문단위),"Coal, South Africa (API4계열)",World Bank Pink Sheet monthly
WB_COAL_ZA,2013-03,82.8,USD(원문단위),"Coal, South Africa (API4계열)",World Bank Pink Sheet monthly
WB_COAL_ZA,2013-04,82.0,USD(원문단위),"Coal, South Africa (API4계열)",World Bank Pink Sheet monthly
WB_COAL_ZA,2013-05,81.8,USD(원문단위),"Coal, South Africa (API4계열)",World Bank Pink Sheet monthly
WB_COAL_ZA,2013-06,77.3,USD(원문단위),"Coal, South Africa (API4계열)",World Bank Pink Sheet monthly
WB_COAL_ZA,2013-07,72.6,USD(원문단위),"Coal, South Africa (API4계열)",World Bank Pink Sheet monthly
WB_COAL_ZA,2013-08,72.9,USD(원문단위),"Coal, South Africa (API4계열)",World Bank Pink Sheet monthly
WB_COAL_ZA,2013-09,73.1,USD(원문단위),"Coal, South Africa (API4계열)",World Bank Pink Sheet monthly
WB_COAL_ZA,2013-10,80.6,USD(원문단위),"Coal, South Africa (API4계열)",World Bank Pink Sheet monthly
WB_COAL_ZA,2013-11,83.8,USD(원문단위),"Coal, South Africa (API4계열)",World Bank Pink Sheet monthly
WB_COAL_ZA,2013-12,84.6,USD(원문단위),"Coal, South Africa (API4계열)",World Bank Pink Sheet monthly
WB_COAL_ZA,2014-01,82.9,USD(원문단위),"Coal, South Africa (API4계열)",World Bank Pink Sheet monthly
WB_COAL_ZA,2014-02,77.6,USD(원문단위),"Coal, South Africa (API4계열)",World Bank Pink Sheet monthly
WB_COAL_ZA,2014-03,74.6,USD(원문단위),"Coal, South Africa (API4계열)",World Bank Pink Sheet monthly
WB_COAL_ZA,2014-04,75.1,USD(원문단위),"Coal, South Africa (API4계열)",World Bank Pink Sheet monthly
WB_COAL_ZA,2014-05,75.8,USD(원문단위),"Coal, South Africa (API4계열)",World Bank Pink Sheet monthly
WB_COAL_ZA,2014-06,74.1,USD(원문단위),"Coal, South Africa (API4계열)",World Bank Pink Sheet monthly
WB_COAL_ZA,2014-07,71.4,USD(원문단위),"Coal, South Africa (API4계열)",World Bank Pink Sheet monthly
WB_COAL_ZA,2014-08,71.2,USD(원문단위),"Coal, South Africa (API4계열)",World Bank Pink Sheet monthly
WB_COAL_ZA,2014-09,67.9,USD(원문단위),"Coal, South Africa (API4계열)",World Bank Pink Sheet monthly
WB_COAL_ZA,2014-10,65.7,USD(원문단위),"Coal, South Africa (API4계열)",World Bank Pink Sheet monthly
WB_COAL_ZA,2014-11,65.7,USD(원문단위),"Coal, South Africa (API4계열)",World Bank Pink Sheet monthly
WB_COAL_ZA,2014-12,66.1,USD(원문단위),"Coal, South Africa (API4계열)",World Bank Pink Sheet monthly
WB_COAL_ZA,2015-01,59.3,USD(원문단위),"Coal, South Africa (API4계열)",World Bank Pink Sheet monthly
WB_COAL_ZA,2015-02,63.5,USD(원문단위),"Coal, South Africa (API4계열)",World Bank Pink Sheet monthly
WB_COAL_ZA,2015-03,59.9,USD(원문단위),"Coal, South Africa (API4계열)",World Bank Pink Sheet monthly
WB_COAL_ZA,2015-04,59.0,USD(원문단위),"Coal, South Africa (API4계열)",World Bank Pink Sheet monthly
WB_COAL_ZA,2015-05,61.6,USD(원문단위),"Coal, South Africa (API4계열)",World Bank Pink Sheet monthly
WB_COAL_ZA,2015-06,60.7,USD(원문단위),"Coal, South Africa (API4계열)",World Bank Pink Sheet monthly
WB_COAL_ZA,2015-07,57.9,USD(원문단위),"Coal, South Africa (API4계열)",World Bank Pink Sheet monthly
WB_COAL_ZA,2015-08,55.0,USD(원문단위),"Coal, South Africa (API4계열)",World Bank Pink Sheet monthly
WB_COAL_ZA,2015-09,51.4,USD(원문단위),"Coal, South Africa (API4계열)",World Bank Pink Sheet monthly
WB_COAL_ZA,2015-10,50.1,USD(원문단위),"Coal, South Africa (API4계열)",World Bank Pink Sheet monthly
WB_COAL_ZA,2015-11,53.3,USD(원문단위),"Coal, South Africa (API4계열)",World Bank Pink Sheet monthly
WB_COAL_ZA,2015-12,48.8,USD(원문단위),"Coal, South Africa (API4계열)",World Bank Pink Sheet monthly
WB_COAL_ZA,2016-01,49.1,USD(원문단위),"Coal, South Africa (API4계열)",World Bank Pink Sheet monthly
WB_COAL_ZA,2016-02,50.3,USD(원문단위),"Coal, South Africa (API4계열)",World Bank Pink Sheet monthly
WB_COAL_ZA,2016-03,52.6,USD(원문단위),"Coal, South Africa (API4계열)",World Bank Pink Sheet monthly
WB_COAL_ZA,2016-04,52.4,USD(원문단위),"Coal, South Africa (API4계열)",World Bank Pink Sheet monthly
WB_COAL_ZA,2016-05,54.2,USD(원문단위),"Coal, South Africa (API4계열)",World Bank Pink Sheet monthly
WB_COAL_ZA,2016-06,58.6,USD(원문단위),"Coal, South Africa (API4계열)",World Bank Pink Sheet monthly
WB_COAL_ZA,2016-07,62.4,USD(원문단위),"Coal, South Africa (API4계열)",World Bank Pink Sheet monthly
WB_COAL_ZA,2016-08,66.3,USD(원문단위),"Coal, South Africa (API4계열)",World Bank Pink Sheet monthly
WB_COAL_ZA,2016-09,68.3,USD(원문단위),"Coal, South Africa (API4계열)",World Bank Pink Sheet monthly
WB_COAL_ZA,2016-10,83.8,USD(원문단위),"Coal, South Africa (API4계열)",World Bank Pink Sheet monthly
WB_COAL_ZA,2016-11,89.2,USD(원문단위),"Coal, South Africa (API4계열)",World Bank Pink Sheet monthly
WB_COAL_ZA,2016-12,80.2,USD(원문단위),"Coal, South Africa (API4계열)",World Bank Pink Sheet monthly
WB_COAL_ZA,2017-01,86.5,USD(원문단위),"Coal, South Africa (API4계열)",World Bank Pink Sheet monthly
WB_COAL_ZA,2017-02,83.6,USD(원문단위),"Coal, South Africa (API4계열)",World Bank Pink Sheet monthly
WB_COAL_ZA,2017-03,79.1,USD(원문단위),"Coal, South Africa (API4계열)",World Bank Pink Sheet monthly
WB_COAL_ZA,2017-04,78.9,USD(원문단위),"Coal, South Africa (API4계열)",World Bank Pink Sheet monthly
WB_COAL_ZA,2017-05,74.4,USD(원문단위),"Coal, South Africa (API4계열)",World Bank Pink Sheet monthly
WB_COAL_ZA,2017-06,79.2,USD(원문단위),"Coal, South Africa (API4계열)",World Bank Pink Sheet monthly
WB_COAL_ZA,2017-07,81.7,USD(원문단위),"Coal, South Africa (API4계열)",World Bank Pink Sheet monthly
WB_COAL_ZA,2017-08,87.8,USD(원문단위),"Coal, South Africa (API4계열)",World Bank Pink Sheet monthly
WB_COAL_ZA,2017-09,92.3,USD(원문단위),"Coal, South Africa (API4계열)",World Bank Pink Sheet monthly
WB_COAL_ZA,2017-10,91.4,USD(원문단위),"Coal, South Africa (API4계열)",World Bank Pink Sheet monthly
WB_COAL_ZA,2017-11,91.4,USD(원문단위),"Coal, South Africa (API4계열)",World Bank Pink Sheet monthly
WB_COAL_ZA,2017-12,95.5,USD(원문단위),"Coal, South Africa (API4계열)",World Bank Pink Sheet monthly
WB_COAL_ZA,2018-01,97.5,USD(원문단위),"Coal, South Africa (API4계열)",World Bank Pink Sheet monthly
WB_COAL_ZA,2018-02,92.7,USD(원문단위),"Coal, South Africa (API4계열)",World Bank Pink Sheet monthly
WB_COAL_ZA,2018-03,89.5,USD(원문단위),"Coal, South Africa (API4계열)",World Bank Pink Sheet monthly
WB_COAL_ZA,2018-04,92.3,USD(원문단위),"Coal, South Africa (API4계열)",World Bank Pink Sheet monthly
WB_COAL_ZA,2018-05,101.9,USD(원문단위),"Coal, South Africa (API4계열)",World Bank Pink Sheet monthly
WB_COAL_ZA,2018-06,103.9,USD(원문단위),"Coal, South Africa (API4계열)",World Bank Pink Sheet monthly
WB_COAL_ZA,2018-07,106.0,USD(원문단위),"Coal, South Africa (API4계열)",World Bank Pink Sheet monthly
WB_COAL_ZA,2018-08,98.5,USD(원문단위),"Coal, South Africa (API4계열)",World Bank Pink Sheet monthly
WB_COAL_ZA,2018-09,102.1,USD(원문단위),"Coal, South Africa (API4계열)",World Bank Pink Sheet monthly
WB_COAL_ZA,2018-10,100.3,USD(원문단위),"Coal, South Africa (API4계열)",World Bank Pink Sheet monthly
WB_COAL_ZA,2018-11,91.6,USD(원문단위),"Coal, South Africa (API4계열)",World Bank Pink Sheet monthly
WB_COAL_ZA,2018-12,95.4,USD(원문단위),"Coal, South Africa (API4계열)",World Bank Pink Sheet monthly
WB_COAL_ZA,2019-01,91.3,USD(원문단위),"Coal, South Africa (API4계열)",World Bank Pink Sheet monthly
WB_COAL_ZA,2019-02,84.2,USD(원문단위),"Coal, South Africa (API4계열)",World Bank Pink Sheet monthly
WB_COAL_ZA,2019-03,78.8,USD(원문단위),"Coal, South Africa (API4계열)",World Bank Pink Sheet monthly
WB_COAL_ZA,2019-04,72.5,USD(원문단위),"Coal, South Africa (API4계열)",World Bank Pink Sheet monthly
WB_COAL_ZA,2019-05,68.9,USD(원문단위),"Coal, South Africa (API4계열)",World Bank Pink Sheet monthly
WB_COAL_ZA,2019-06,62.9,USD(원문단위),"Coal, South Africa (API4계열)",World Bank Pink Sheet monthly
WB_COAL_ZA,2019-07,65.8,USD(원문단위),"Coal, South Africa (API4계열)",World Bank Pink Sheet monthly
WB_COAL_ZA,2019-08,60.4,USD(원문단위),"Coal, South Africa (API4계열)",World Bank Pink Sheet monthly
WB_COAL_ZA,2019-09,61.4,USD(원문단위),"Coal, South Africa (API4계열)",World Bank Pink Sheet monthly
WB_COAL_ZA,2019-10,67.4,USD(원문단위),"Coal, South Africa (API4계열)",World Bank Pink Sheet monthly
WB_COAL_ZA,2019-11,73.6,USD(원문단위),"Coal, South Africa (API4계열)",World Bank Pink Sheet monthly
WB_COAL_ZA,2019-12,76.0,USD(원문단위),"Coal, South Africa (API4계열)",World Bank Pink Sheet monthly
WB_COAL_ZA,2020-01,82.1,USD(원문단위),"Coal, South Africa (API4계열)",World Bank Pink Sheet monthly
WB_COAL_ZA,2020-02,80.0,USD(원문단위),"Coal, South Africa (API4계열)",World Bank Pink Sheet monthly
WB_COAL_ZA,2020-03,67.9,USD(원문단위),"Coal, South Africa (API4계열)",World Bank Pink Sheet monthly
WB_COAL_ZA,2020-04,56.6,USD(원문단위),"Coal, South Africa (API4계열)",World Bank Pink Sheet monthly
WB_COAL_ZA,2020-05,57.4,USD(원문단위),"Coal, South Africa (API4계열)",World Bank Pink Sheet monthly
WB_COAL_ZA,2020-06,56.8,USD(원문단위),"Coal, South Africa (API4계열)",World Bank Pink Sheet monthly
WB_COAL_ZA,2020-07,56.6,USD(원문단위),"Coal, South Africa (API4계열)",World Bank Pink Sheet monthly
WB_COAL_ZA,2020-08,57.4,USD(원문단위),"Coal, South Africa (API4계열)",World Bank Pink Sheet monthly
WB_COAL_ZA,2020-09,57.5,USD(원문단위),"Coal, South Africa (API4계열)",World Bank Pink Sheet monthly
WB_COAL_ZA,2020-10,61.0,USD(원문단위),"Coal, South Africa (API4계열)",World Bank Pink Sheet monthly
WB_COAL_ZA,2020-11,69.4,USD(원문단위),"Coal, South Africa (API4계열)",World Bank Pink Sheet monthly
WB_COAL_ZA,2020-12,85.2,USD(원문단위),"Coal, South Africa (API4계열)",World Bank Pink Sheet monthly
WB_COAL_ZA,2021-01,86.9,USD(원문단위),"Coal, South Africa (API4계열)",World Bank Pink Sheet monthly
WB_COAL_ZA,2021-02,82.8,USD(원문단위),"Coal, South Africa (API4계열)",World Bank Pink Sheet monthly
WB_COAL_ZA,2021-03,90.7,USD(원문단위),"Coal, South Africa (API4계열)",World Bank Pink Sheet monthly
WB_COAL_ZA,2021-04,89.1,USD(원문단위),"Coal, South Africa (API4계열)",World Bank Pink Sheet monthly
WB_COAL_ZA,2021-05,99.3,USD(원문단위),"Coal, South Africa (API4계열)",World Bank Pink Sheet monthly
WB_COAL_ZA,2021-06,112.9,USD(원문단위),"Coal, South Africa (API4계열)",World Bank Pink Sheet monthly
WB_COAL_ZA,2021-07,122.3,USD(원문단위),"Coal, South Africa (API4계열)",World Bank Pink Sheet monthly
WB_COAL_ZA,2021-08,137.9,USD(원문단위),"Coal, South Africa (API4계열)",World Bank Pink Sheet monthly
WB_COAL_ZA,2021-09,146.1,USD(원문단위),"Coal, South Africa (API4계열)",World Bank Pink Sheet monthly
WB_COAL_ZA,2021-10,199.7,USD(원문단위),"Coal, South Africa (API4계열)",World Bank Pink Sheet monthly
WB_COAL_ZA,2021-11,128.0,USD(원문단위),"Coal, South Africa (API4계열)",World Bank Pink Sheet monthly
WB_COAL_ZA,2021-12,142.5,USD(원문단위),"Coal, South Africa (API4계열)",World Bank Pink Sheet monthly
WB_COAL_ZA,2022-01,168.5,USD(원문단위),"Coal, South Africa (API4계열)",World Bank Pink Sheet monthly
WB_COAL_ZA,2022-02,196.4,USD(원문단위),"Coal, South Africa (API4계열)",World Bank Pink Sheet monthly
WB_COAL_ZA,2022-03,294.4,USD(원문단위),"Coal, South Africa (API4계열)",World Bank Pink Sheet monthly
WB_COAL_ZA,2022-04,302.0,USD(원문단위),"Coal, South Africa (API4계열)",World Bank Pink Sheet monthly
WB_COAL_ZA,2022-05,280.0,USD(원문단위),"Coal, South Africa (API4계열)",World Bank Pink Sheet monthly
WB_COAL_ZA,2022-06,291.4,USD(원문단위),"Coal, South Africa (API4계열)",World Bank Pink Sheet monthly
WB_COAL_ZA,2022-07,269.1,USD(원문단위),"Coal, South Africa (API4계열)",World Bank Pink Sheet monthly
WB_COAL_ZA,2022-08,274.6,USD(원문단위),"Coal, South Africa (API4계열)",World Bank Pink Sheet monthly
WB_COAL_ZA,2022-09,235.0,USD(원문단위),"Coal, South Africa (API4계열)",World Bank Pink Sheet monthly
WB_COAL_ZA,2022-10,191.2,USD(원문단위),"Coal, South Africa (API4계열)",World Bank Pink Sheet monthly
WB_COAL_ZA,2022-11,169.1,USD(원문단위),"Coal, South Africa (API4계열)",World Bank Pink Sheet monthly
WB_COAL_ZA,2022-12,215.0,USD(원문단위),"Coal, South Africa (API4계열)",World Bank Pink Sheet monthly
WB_COAL_ZA,2023-01,172.0,USD(원문단위),"Coal, South Africa (API4계열)",World Bank Pink Sheet monthly
WB_COAL_ZA,2023-02,144.7,USD(원문단위),"Coal, South Africa (API4계열)",World Bank Pink Sheet monthly
WB_COAL_ZA,2023-03,136.8,USD(원문단위),"Coal, South Africa (API4계열)",World Bank Pink Sheet monthly
WB_COAL_ZA,2023-04,133.7,USD(원문단위),"Coal, South Africa (API4계열)",World Bank Pink Sheet monthly
WB_COAL_ZA,2023-05,103.0,USD(원문단위),"Coal, South Africa (API4계열)",World Bank Pink Sheet monthly
WB_COAL_ZA,2023-06,98.6,USD(원문단위),"Coal, South Africa (API4계열)",World Bank Pink Sheet monthly
WB_COAL_ZA,2023-07,96.8,USD(원문단위),"Coal, South Africa (API4계열)",World Bank Pink Sheet monthly
WB_COAL_ZA,2023-08,97.6,USD(원문단위),"Coal, South Africa (API4계열)",World Bank Pink Sheet monthly
WB_COAL_ZA,2023-09,99.9,USD(원문단위),"Coal, South Africa (API4계열)",World Bank Pink Sheet monthly
WB_COAL_ZA,2023-10,128.4,USD(원문단위),"Coal, South Africa (API4계열)",World Bank Pink Sheet monthly
WB_COAL_ZA,2023-11,109.0,USD(원문단위),"Coal, South Africa (API4계열)",World Bank Pink Sheet monthly
WB_COAL_ZA,2023-12,108.8,USD(원문단위),"Coal, South Africa (API4계열)",World Bank Pink Sheet monthly
WB_COAL_ZA,2024-01,106.8,USD(원문단위),"Coal, South Africa (API4계열)",World Bank Pink Sheet monthly
WB_COAL_ZA,2024-02,105.2,USD(원문단위),"Coal, South Africa (API4계열)",World Bank Pink Sheet monthly
WB_COAL_ZA,2024-03,104.8,USD(원문단위),"Coal, South Africa (API4계열)",World Bank Pink Sheet monthly
WB_COAL_ZA,2024-04,104.9,USD(원문단위),"Coal, South Africa (API4계열)",World Bank Pink Sheet monthly
WB_COAL_ZA,2024-05,105.6,USD(원문단위),"Coal, South Africa (API4계열)",World Bank Pink Sheet monthly
WB_COAL_ZA,2024-06,105.3,USD(원문단위),"Coal, South Africa (API4계열)",World Bank Pink Sheet monthly
WB_COAL_ZA,2024-07,105.3,USD(원문단위),"Coal, South Africa (API4계열)",World Bank Pink Sheet monthly
WB_COAL_ZA,2024-08,106.2,USD(원문단위),"Coal, South Africa (API4계열)",World Bank Pink Sheet monthly
WB_COAL_ZA,2024-09,106.1,USD(원문단위),"Coal, South Africa (API4계열)",World Bank Pink Sheet monthly
WB_COAL_ZA,2024-10,106.8,USD(원문단위),"Coal, South Africa (API4계열)",World Bank Pink Sheet monthly
WB_COAL_ZA,2024-11,106.8,USD(원문단위),"Coal, South Africa (API4계열)",World Bank Pink Sheet monthly
WB_COAL_ZA,2024-12,105.5,USD(원문단위),"Coal, South Africa (API4계열)",World Bank Pink Sheet monthly
WB_COAL_ZA,2025-01,103.3,USD(원문단위),"Coal, South Africa (API4계열)",World Bank Pink Sheet monthly
WB_COAL_ZA,2025-02,100.4,USD(원문단위),"Coal, South Africa (API4계열)",World Bank Pink Sheet monthly
WB_COAL_ZA,2025-03,98.0,USD(원문단위),"Coal, South Africa (API4계열)",World Bank Pink Sheet monthly
WB_COAL_ZA,2025-04,95.6,USD(원문단위),"Coal, South Africa (API4계열)",World Bank Pink Sheet monthly
WB_COAL_ZA,2025-05,94.3,USD(원문단위),"Coal, South Africa (API4계열)",World Bank Pink Sheet monthly
WB_COAL_ZA,2025-06,93.8,USD(원문단위),"Coal, South Africa (API4계열)",World Bank Pink Sheet monthly
WB_COAL_ZA,2025-07,93.6,USD(원문단위),"Coal, South Africa (API4계열)",World Bank Pink Sheet monthly
WB_COAL_ZA,2025-08,93.3,USD(원문단위),"Coal, South Africa (API4계열)",World Bank Pink Sheet monthly
WB_COAL_ZA,2025-09,92.3,USD(원문단위),"Coal, South Africa (API4계열)",World Bank Pink Sheet monthly
WB_COAL_ZA,2025-10,91.6,USD(원문단위),"Coal, South Africa (API4계열)",World Bank Pink Sheet monthly
WB_COAL_ZA,2025-11,91.6,USD(원문단위),"Coal, South Africa (API4계열)",World Bank Pink Sheet monthly
WB_COAL_ZA,2025-12,90.9,USD(원문단위),"Coal, South Africa (API4계열)",World Bank Pink Sheet monthly
WB_COAL_ZA,2026-01,90.6,USD(원문단위),"Coal, South Africa (API4계열)",World Bank Pink Sheet monthly
WB_COAL_ZA,2026-02,91.2,USD(원문단위),"Coal, South Africa (API4계열)",World Bank Pink Sheet monthly
WB_COAL_ZA,2026-03,93.8,USD(원문단위),"Coal, South Africa (API4계열)",World Bank Pink Sheet monthly
WB_COAL_ZA,2026-04,94.8,USD(원문단위),"Coal, South Africa (API4계열)",World Bank Pink Sheet monthly
WB_COAL_ZA,2026-05,95.6,USD(원문단위),"Coal, South Africa (API4계열)",World Bank Pink Sheet monthly
WB_COAL_ZA,2026-06,96.3,USD(원문단위),"Coal, South Africa (API4계열)",World Bank Pink Sheet monthly
WB_COAL_ZA,2026-07,96.3,USD(원문단위),"Coal, South Africa (API4계열)",World Bank Pink Sheet monthly
WB_COAL_AU,1970-01,7.8,USD(원문단위),"Coal, Australia (Newcastle)",World Bank Pink Sheet monthly
WB_COAL_AU,1970-02,7.8,USD(원문단위),"Coal, Australia (Newcastle)",World Bank Pink Sheet monthly
WB_COAL_AU,1970-03,7.8,USD(원문단위),"Coal, Australia (Newcastle)",World Bank Pink Sheet monthly
WB_COAL_AU,1970-04,7.8,USD(원문단위),"Coal, Australia (Newcastle)",World Bank Pink Sheet monthly
WB_COAL_AU,1970-05,7.8,USD(원문단위),"Coal, Australia (Newcastle)",World Bank Pink Sheet monthly
WB_COAL_AU,1970-06,7.8,USD(원문단위),"Coal, Australia (Newcastle)",World Bank Pink Sheet monthly
WB_COAL_AU,1970-07,7.8,USD(원문단위),"Coal, Australia (Newcastle)",World Bank Pink Sheet monthly
WB_COAL_AU,1970-08,7.8,USD(원문단위),"Coal, Australia (Newcastle)",World Bank Pink Sheet monthly
WB_COAL_AU,1970-09,7.8,USD(원문단위),"Coal, Australia (Newcastle)",World Bank Pink Sheet monthly
WB_COAL_AU,1970-10,7.8,USD(원문단위),"Coal, Australia (Newcastle)",World Bank Pink Sheet monthly
WB_COAL_AU,1970-11,7.8,USD(원문단위),"Coal, Australia (Newcastle)",World Bank Pink Sheet monthly
WB_COAL_AU,1970-12,7.8,USD(원문단위),"Coal, Australia (Newcastle)",World Bank Pink Sheet monthly
WB_COAL_AU,1971-01,8.7,USD(원문단위),"Coal, Australia (Newcastle)",World Bank Pink Sheet monthly
WB_COAL_AU,1971-02,8.7,USD(원문단위),"Coal, Australia (Newcastle)",World Bank Pink Sheet monthly
WB_COAL_AU,1971-03,8.7,USD(원문단위),"Coal, Australia (Newcastle)",World Bank Pink Sheet monthly
WB_COAL_AU,1971-04,8.7,USD(원문단위),"Coal, Australia (Newcastle)",World Bank Pink Sheet monthly
WB_COAL_AU,1971-05,8.7,USD(원문단위),"Coal, Australia (Newcastle)",World Bank Pink Sheet monthly
WB_COAL_AU,1971-06,8.7,USD(원문단위),"Coal, Australia (Newcastle)",World Bank Pink Sheet monthly
WB_COAL_AU,1971-07,8.7,USD(원문단위),"Coal, Australia (Newcastle)",World Bank Pink Sheet monthly
WB_COAL_AU,1971-08,8.7,USD(원문단위),"Coal, Australia (Newcastle)",World Bank Pink Sheet monthly
WB_COAL_AU,1971-09,8.7,USD(원문단위),"Coal, Australia (Newcastle)",World Bank Pink Sheet monthly
WB_COAL_AU,1971-10,8.7,USD(원문단위),"Coal, Australia (Newcastle)",World Bank Pink Sheet monthly
WB_COAL_AU,1971-11,8.7,USD(원문단위),"Coal, Australia (Newcastle)",World Bank Pink Sheet monthly
WB_COAL_AU,1971-12,8.7,USD(원문단위),"Coal, Australia (Newcastle)",World Bank Pink Sheet monthly
WB_COAL_AU,1972-01,9.6,USD(원문단위),"Coal, Australia (Newcastle)",World Bank Pink Sheet monthly
WB_COAL_AU,1972-02,9.6,USD(원문단위),"Coal, Australia (Newcastle)",World Bank Pink Sheet monthly
WB_COAL_AU,1972-03,9.6,USD(원문단위),"Coal, Australia (Newcastle)",World Bank Pink Sheet monthly
WB_COAL_AU,1972-04,9.6,USD(원문단위),"Coal, Australia (Newcastle)",World Bank Pink Sheet monthly
WB_COAL_AU,1972-05,9.6,USD(원문단위),"Coal, Australia (Newcastle)",World Bank Pink Sheet monthly
WB_COAL_AU,1972-06,9.6,USD(원문단위),"Coal, Australia (Newcastle)",World Bank Pink Sheet monthly
WB_COAL_AU,1972-07,9.6,USD(원문단위),"Coal, Australia (Newcastle)",World Bank Pink Sheet monthly
WB_COAL_AU,1972-08,9.6,USD(원문단위),"Coal, Australia (Newcastle)",World Bank Pink Sheet monthly
WB_COAL_AU,1972-09,9.6,USD(원문단위),"Coal, Australia (Newcastle)",World Bank Pink Sheet monthly
WB_COAL_AU,1972-10,9.6,USD(원문단위),"Coal, Australia (Newcastle)",World Bank Pink Sheet monthly
WB_COAL_AU,1972-11,9.6,USD(원문단위),"Coal, Australia (Newcastle)",World Bank Pink Sheet monthly
WB_COAL_AU,1972-12,9.6,USD(원문단위),"Coal, Australia (Newcastle)",World Bank Pink Sheet monthly
WB_COAL_AU,1973-01,11.5,USD(원문단위),"Coal, Australia (Newcastle)",World Bank Pink Sheet monthly
WB_COAL_AU,1973-02,11.5,USD(원문단위),"Coal, Australia (Newcastle)",World Bank Pink Sheet monthly
WB_COAL_AU,1973-03,11.5,USD(원문단위),"Coal, Australia (Newcastle)",World Bank Pink Sheet monthly
WB_COAL_AU,1973-04,11.5,USD(원문단위),"Coal, Australia (Newcastle)",World Bank Pink Sheet monthly
WB_COAL_AU,1973-05,11.5,USD(원문단위),"Coal, Australia (Newcastle)",World Bank Pink Sheet monthly
WB_COAL_AU,1973-06,11.5,USD(원문단위),"Coal, Australia (Newcastle)",World Bank Pink Sheet monthly
WB_COAL_AU,1973-07,11.5,USD(원문단위),"Coal, Australia (Newcastle)",World Bank Pink Sheet monthly
WB_COAL_AU,1973-08,11.5,USD(원문단위),"Coal, Australia (Newcastle)",World Bank Pink Sheet monthly
WB_COAL_AU,1973-09,11.5,USD(원문단위),"Coal, Australia (Newcastle)",World Bank Pink Sheet monthly
WB_COAL_AU,1973-10,11.5,USD(원문단위),"Coal, Australia (Newcastle)",World Bank Pink Sheet monthly
WB_COAL_AU,1973-11,11.5,USD(원문단위),"Coal, Australia (Newcastle)",World Bank Pink Sheet monthly
WB_COAL_AU,1973-12,11.5,USD(원문단위),"Coal, Australia (Newcastle)",World Bank Pink Sheet monthly
WB_COAL_AU,1974-01,16.9,USD(원문단위),"Coal, Australia (Newcastle)",World Bank Pink Sheet monthly
WB_COAL_AU,1974-02,16.9,USD(원문단위),"Coal, Australia (Newcastle)",World Bank Pink Sheet monthly
WB_COAL_AU,1974-03,16.9,USD(원문단위),"Coal, Australia (Newcastle)",World Bank Pink Sheet monthly
WB_COAL_AU,1974-04,16.9,USD(원문단위),"Coal, Australia (Newcastle)",World Bank Pink Sheet monthly
WB_COAL_AU,1974-05,16.9,USD(원문단위),"Coal, Australia (Newcastle)",World Bank Pink Sheet monthly
WB_COAL_AU,1974-06,16.9,USD(원문단위),"Coal, Australia (Newcastle)",World Bank Pink Sheet monthly
WB_COAL_AU,1974-07,16.9,USD(원문단위),"Coal, Australia (Newcastle)",World Bank Pink Sheet monthly
WB_COAL_AU,1974-08,16.9,USD(원문단위),"Coal, Australia (Newcastle)",World Bank Pink Sheet monthly
WB_COAL_AU,1974-09,16.9,USD(원문단위),"Coal, Australia (Newcastle)",World Bank Pink Sheet monthly
WB_COAL_AU,1974-10,16.9,USD(원문단위),"Coal, Australia (Newcastle)",World Bank Pink Sheet monthly
WB_COAL_AU,1974-11,16.9,USD(원문단위),"Coal, Australia (Newcastle)",World Bank Pink Sheet monthly
WB_COAL_AU,1974-12,16.9,USD(원문단위),"Coal, Australia (Newcastle)",World Bank Pink Sheet monthly
WB_COAL_AU,1975-01,26.8,USD(원문단위),"Coal, Australia (Newcastle)",World Bank Pink Sheet monthly
WB_COAL_AU,1975-02,26.8,USD(원문단위),"Coal, Australia (Newcastle)",World Bank Pink Sheet monthly
WB_COAL_AU,1975-03,26.8,USD(원문단위),"Coal, Australia (Newcastle)",World Bank Pink Sheet monthly
WB_COAL_AU,1975-04,26.8,USD(원문단위),"Coal, Australia (Newcastle)",World Bank Pink Sheet monthly
WB_COAL_AU,1975-05,26.8,USD(원문단위),"Coal, Australia (Newcastle)",World Bank Pink Sheet monthly
WB_COAL_AU,1975-06,26.8,USD(원문단위),"Coal, Australia (Newcastle)",World Bank Pink Sheet monthly
WB_COAL_AU,1975-07,26.8,USD(원문단위),"Coal, Australia (Newcastle)",World Bank Pink Sheet monthly
WB_COAL_AU,1975-08,26.8,USD(원문단위),"Coal, Australia (Newcastle)",World Bank Pink Sheet monthly
WB_COAL_AU,1975-09,26.8,USD(원문단위),"Coal, Australia (Newcastle)",World Bank Pink Sheet monthly
WB_COAL_AU,1975-10,26.8,USD(원문단위),"Coal, Australia (Newcastle)",World Bank Pink Sheet monthly
WB_COAL_AU,1975-11,26.8,USD(원문단위),"Coal, Australia (Newcastle)",World Bank Pink Sheet monthly
WB_COAL_AU,1975-12,26.8,USD(원문단위),"Coal, Australia (Newcastle)",World Bank Pink Sheet monthly
WB_COAL_AU,1976-01,27.2,USD(원문단위),"Coal, Australia (Newcastle)",World Bank Pink Sheet monthly
WB_COAL_AU,1976-02,27.2,USD(원문단위),"Coal, Australia (Newcastle)",World Bank Pink Sheet monthly
WB_COAL_AU,1976-03,27.2,USD(원문단위),"Coal, Australia (Newcastle)",World Bank Pink Sheet monthly
WB_COAL_AU,1976-04,27.2,USD(원문단위),"Coal, Australia (Newcastle)",World Bank Pink Sheet monthly
WB_COAL_AU,1976-05,27.2,USD(원문단위),"Coal, Australia (Newcastle)",World Bank Pink Sheet monthly
WB_COAL_AU,1976-06,27.2,USD(원문단위),"Coal, Australia (Newcastle)",World Bank Pink Sheet monthly
WB_COAL_AU,1976-07,27.2,USD(원문단위),"Coal, Australia (Newcastle)",World Bank Pink Sheet monthly
WB_COAL_AU,1976-08,27.2,USD(원문단위),"Coal, Australia (Newcastle)",World Bank Pink Sheet monthly
WB_COAL_AU,1976-09,27.2,USD(원문단위),"Coal, Australia (Newcastle)",World Bank Pink Sheet monthly
WB_COAL_AU,1976-10,27.2,USD(원문단위),"Coal, Australia (Newcastle)",World Bank Pink Sheet monthly
WB_COAL_AU,1976-11,27.2,USD(원문단위),"Coal, Australia (Newcastle)",World Bank Pink Sheet monthly
WB_COAL_AU,1976-12,27.2,USD(원문단위),"Coal, Australia (Newcastle)",World Bank Pink Sheet monthly
WB_COAL_AU,1977-01,28.7,USD(원문단위),"Coal, Australia (Newcastle)",World Bank Pink Sheet monthly
WB_COAL_AU,1977-02,28.7,USD(원문단위),"Coal, Australia (Newcastle)",World Bank Pink Sheet monthly
WB_COAL_AU,1977-03,28.7,USD(원문단위),"Coal, Australia (Newcastle)",World Bank Pink Sheet monthly
WB_COAL_AU,1977-04,28.7,USD(원문단위),"Coal, Australia (Newcastle)",World Bank Pink Sheet monthly
WB_COAL_AU,1977-05,28.7,USD(원문단위),"Coal, Australia (Newcastle)",World Bank Pink Sheet monthly
WB_COAL_AU,1977-06,28.7,USD(원문단위),"Coal, Australia (Newcastle)",World Bank Pink Sheet monthly
WB_COAL_AU,1977-07,28.7,USD(원문단위),"Coal, Australia (Newcastle)",World Bank Pink Sheet monthly
WB_COAL_AU,1977-08,28.7,USD(원문단위),"Coal, Australia (Newcastle)",World Bank Pink Sheet monthly
WB_COAL_AU,1977-09,28.7,USD(원문단위),"Coal, Australia (Newcastle)",World Bank Pink Sheet monthly
WB_COAL_AU,1977-10,28.7,USD(원문단위),"Coal, Australia (Newcastle)",World Bank Pink Sheet monthly
WB_COAL_AU,1977-11,28.7,USD(원문단위),"Coal, Australia (Newcastle)",World Bank Pink Sheet monthly
WB_COAL_AU,1977-12,28.7,USD(원문단위),"Coal, Australia (Newcastle)",World Bank Pink Sheet monthly
WB_COAL_AU,1978-01,27.9,USD(원문단위),"Coal, Australia (Newcastle)",World Bank Pink Sheet monthly
WB_COAL_AU,1978-02,27.1,USD(원문단위),"Coal, Australia (Newcastle)",World Bank Pink Sheet monthly
WB_COAL_AU,1978-03,27.1,USD(원문단위),"Coal, Australia (Newcastle)",World Bank Pink Sheet monthly
WB_COAL_AU,1978-04,27.1,USD(원문단위),"Coal, Australia (Newcastle)",World Bank Pink Sheet monthly
WB_COAL_AU,1978-05,28.6,USD(원문단위),"Coal, Australia (Newcastle)",World Bank Pink Sheet monthly
WB_COAL_AU,1978-06,30.2,USD(원문단위),"Coal, Australia (Newcastle)",World Bank Pink Sheet monthly
WB_COAL_AU,1978-07,30.2,USD(원문단위),"Coal, Australia (Newcastle)",World Bank Pink Sheet monthly
WB_COAL_AU,1978-08,30.2,USD(원문단위),"Coal, Australia (Newcastle)",World Bank Pink Sheet monthly
WB_COAL_AU,1978-09,30.2,USD(원문단위),"Coal, Australia (Newcastle)",World Bank Pink Sheet monthly
WB_COAL_AU,1978-10,30.2,USD(원문단위),"Coal, Australia (Newcastle)",World Bank Pink Sheet monthly
WB_COAL_AU,1978-11,30.2,USD(원문단위),"Coal, Australia (Newcastle)",World Bank Pink Sheet monthly
WB_COAL_AU,1978-12,30.2,USD(원문단위),"Coal, Australia (Newcastle)",World Bank Pink Sheet monthly
WB_COAL_AU,1979-01,30.2,USD(원문단위),"Coal, Australia (Newcastle)",World Bank Pink Sheet monthly
WB_COAL_AU,1979-02,30.2,USD(원문단위),"Coal, Australia (Newcastle)",World Bank Pink Sheet monthly
WB_COAL_AU,1979-03,30.2,USD(원문단위),"Coal, Australia (Newcastle)",World Bank Pink Sheet monthly
WB_COAL_AU,1979-04,30.2,USD(원문단위),"Coal, Australia (Newcastle)",World Bank Pink Sheet monthly
WB_COAL_AU,1979-05,30.2,USD(원문단위),"Coal, Australia (Newcastle)",World Bank Pink Sheet monthly
WB_COAL_AU,1979-06,30.2,USD(원문단위),"Coal, Australia (Newcastle)",World Bank Pink Sheet monthly
WB_COAL_AU,1979-07,30.2,USD(원문단위),"Coal, Australia (Newcastle)",World Bank Pink Sheet monthly
WB_COAL_AU,1979-08,31.3,USD(원문단위),"Coal, Australia (Newcastle)",World Bank Pink Sheet monthly
WB_COAL_AU,1979-09,31.3,USD(원문단위),"Coal, Australia (Newcastle)",World Bank Pink Sheet monthly
WB_COAL_AU,1979-10,32.4,USD(원문단위),"Coal, Australia (Newcastle)",World Bank Pink Sheet monthly
WB_COAL_AU,1979-11,32.4,USD(원문단위),"Coal, Australia (Newcastle)",World Bank Pink Sheet monthly
WB_COAL_AU,1979-12,32.4,USD(원문단위),"Coal, Australia (Newcastle)",World Bank Pink Sheet monthly
WB_COAL_AU,1980-01,32.4,USD(원문단위),"Coal, Australia (Newcastle)",World Bank Pink Sheet monthly
WB_COAL_AU,1980-02,32.4,USD(원문단위),"Coal, Australia (Newcastle)",World Bank Pink Sheet monthly
WB_COAL_AU,1980-03,32.4,USD(원문단위),"Coal, Australia (Newcastle)",World Bank Pink Sheet monthly
WB_COAL_AU,1980-04,39.5,USD(원문단위),"Coal, Australia (Newcastle)",World Bank Pink Sheet monthly
WB_COAL_AU,1980-05,40.1,USD(원문단위),"Coal, Australia (Newcastle)",World Bank Pink Sheet monthly
WB_COAL_AU,1980-06,40.7,USD(원문단위),"Coal, Australia (Newcastle)",World Bank Pink Sheet monthly
WB_COAL_AU,1980-07,40.7,USD(원문단위),"Coal, Australia (Newcastle)",World Bank Pink Sheet monthly
WB_COAL_AU,1980-08,44.2,USD(원문단위),"Coal, Australia (Newcastle)",World Bank Pink Sheet monthly
WB_COAL_AU,1980-09,44.6,USD(원문단위),"Coal, Australia (Newcastle)",World Bank Pink Sheet monthly
WB_COAL_AU,1980-10,44.6,USD(원문단위),"Coal, Australia (Newcastle)",World Bank Pink Sheet monthly
WB_COAL_AU,1980-11,45.0,USD(원문단위),"Coal, Australia (Newcastle)",World Bank Pink Sheet monthly
WB_COAL_AU,1980-12,45.0,USD(원문단위),"Coal, Australia (Newcastle)",World Bank Pink Sheet monthly
WB_COAL_AU,1981-01,45.0,USD(원문단위),"Coal, Australia (Newcastle)",World Bank Pink Sheet monthly
WB_COAL_AU,1981-02,45.0,USD(원문단위),"Coal, Australia (Newcastle)",World Bank Pink Sheet monthly
WB_COAL_AU,1981-03,45.0,USD(원문단위),"Coal, Australia (Newcastle)",World Bank Pink Sheet monthly
WB_COAL_AU,1981-04,56.5,USD(원문단위),"Coal, Australia (Newcastle)",World Bank Pink Sheet monthly
WB_COAL_AU,1981-05,56.5,USD(원문단위),"Coal, Australia (Newcastle)",World Bank Pink Sheet monthly
WB_COAL_AU,1981-06,56.5,USD(원문단위),"Coal, Australia (Newcastle)",World Bank Pink Sheet monthly
WB_COAL_AU,1981-07,56.5,USD(원문단위),"Coal, Australia (Newcastle)",World Bank Pink Sheet monthly
WB_COAL_AU,1981-08,56.5,USD(원문단위),"Coal, Australia (Newcastle)",World Bank Pink Sheet monthly
WB_COAL_AU,1981-09,56.5,USD(원문단위),"Coal, Australia (Newcastle)",World Bank Pink Sheet monthly
WB_COAL_AU,1981-10,56.5,USD(원문단위),"Coal, Australia (Newcastle)",World Bank Pink Sheet monthly
WB_COAL_AU,1981-11,56.5,USD(원문단위),"Coal, Australia (Newcastle)",World Bank Pink Sheet monthly
WB_COAL_AU,1981-12,56.5,USD(원문단위),"Coal, Australia (Newcastle)",World Bank Pink Sheet monthly
WB_COAL_AU,1982-01,55.6,USD(원문단위),"Coal, Australia (Newcastle)",World Bank Pink Sheet monthly
WB_COAL_AU,1982-02,55.6,USD(원문단위),"Coal, Australia (Newcastle)",World Bank Pink Sheet monthly
WB_COAL_AU,1982-03,55.6,USD(원문단위),"Coal, Australia (Newcastle)",World Bank Pink Sheet monthly
WB_COAL_AU,1982-04,55.6,USD(원문단위),"Coal, Australia (Newcastle)",World Bank Pink Sheet monthly
WB_COAL_AU,1982-05,55.6,USD(원문단위),"Coal, Australia (Newcastle)",World Bank Pink Sheet monthly
WB_COAL_AU,1982-06,55.6,USD(원문단위),"Coal, Australia (Newcastle)",World Bank Pink Sheet monthly
WB_COAL_AU,1982-07,55.6,USD(원문단위),"Coal, Australia (Newcastle)",World Bank Pink Sheet monthly
WB_COAL_AU,1982-08,55.6,USD(원문단위),"Coal, Australia (Newcastle)",World Bank Pink Sheet monthly
WB_COAL_AU,1982-09,55.6,USD(원문단위),"Coal, Australia (Newcastle)",World Bank Pink Sheet monthly
WB_COAL_AU,1982-10,55.6,USD(원문단위),"Coal, Australia (Newcastle)",World Bank Pink Sheet monthly
WB_COAL_AU,1982-11,55.6,USD(원문단위),"Coal, Australia (Newcastle)",World Bank Pink Sheet monthly
WB_COAL_AU,1982-12,45.5,USD(원문단위),"Coal, Australia (Newcastle)",World Bank Pink Sheet monthly
WB_COAL_AU,1983-01,43.0,USD(원문단위),"Coal, Australia (Newcastle)",World Bank Pink Sheet monthly
WB_COAL_AU,1983-02,43.0,USD(원문단위),"Coal, Australia (Newcastle)",World Bank Pink Sheet monthly
WB_COAL_AU,1983-03,43.0,USD(원문단위),"Coal, Australia (Newcastle)",World Bank Pink Sheet monthly
WB_COAL_AU,1983-04,43.0,USD(원문단위),"Coal, Australia (Newcastle)",World Bank Pink Sheet monthly
WB_COAL_AU,1983-05,43.0,USD(원문단위),"Coal, Australia (Newcastle)",World Bank Pink Sheet monthly
WB_COAL_AU,1983-06,43.0,USD(원문단위),"Coal, Australia (Newcastle)",World Bank Pink Sheet monthly
WB_COAL_AU,1983-07,34.8,USD(원문단위),"Coal, Australia (Newcastle)",World Bank Pink Sheet monthly
WB_COAL_AU,1983-08,34.8,USD(원문단위),"Coal, Australia (Newcastle)",World Bank Pink Sheet monthly
WB_COAL_AU,1983-09,34.8,USD(원문단위),"Coal, Australia (Newcastle)",World Bank Pink Sheet monthly
WB_COAL_AU,1983-10,34.8,USD(원문단위),"Coal, Australia (Newcastle)",World Bank Pink Sheet monthly
WB_COAL_AU,1983-11,32.0,USD(원문단위),"Coal, Australia (Newcastle)",World Bank Pink Sheet monthly
WB_COAL_AU,1983-12,29.3,USD(원문단위),"Coal, Australia (Newcastle)",World Bank Pink Sheet monthly
WB_COAL_AU,1984-01,29.3,USD(원문단위),"Coal, Australia (Newcastle)",World Bank Pink Sheet monthly
WB_COAL_AU,1984-02,29.3,USD(원문단위),"Coal, Australia (Newcastle)",World Bank Pink Sheet monthly
WB_COAL_AU,1984-03,29.3,USD(원문단위),"Coal, Australia (Newcastle)",World Bank Pink Sheet monthly
WB_COAL_AU,1984-04,29.3,USD(원문단위),"Coal, Australia (Newcastle)",World Bank Pink Sheet monthly
WB_COAL_AU,1984-05,29.3,USD(원문단위),"Coal, Australia (Newcastle)",World Bank Pink Sheet monthly
WB_COAL_AU,1984-06,31.8,USD(원문단위),"Coal, Australia (Newcastle)",World Bank Pink Sheet monthly
WB_COAL_AU,1984-07,31.8,USD(원문단위),"Coal, Australia (Newcastle)",World Bank Pink Sheet monthly
WB_COAL_AU,1984-08,31.8,USD(원문단위),"Coal, Australia (Newcastle)",World Bank Pink Sheet monthly
WB_COAL_AU,1984-09,31.8,USD(원문단위),"Coal, Australia (Newcastle)",World Bank Pink Sheet monthly
WB_COAL_AU,1984-10,31.8,USD(원문단위),"Coal, Australia (Newcastle)",World Bank Pink Sheet monthly
WB_COAL_AU,1984-11,32.8,USD(원문단위),"Coal, Australia (Newcastle)",World Bank Pink Sheet monthly
WB_COAL_AU,1984-12,33.8,USD(원문단위),"Coal, Australia (Newcastle)",World Bank Pink Sheet monthly
WB_COAL_AU,1985-01,33.8,USD(원문단위),"Coal, Australia (Newcastle)",World Bank Pink Sheet monthly
WB_COAL_AU,1985-02,33.8,USD(원문단위),"Coal, Australia (Newcastle)",World Bank Pink Sheet monthly
WB_COAL_AU,1985-03,33.8,USD(원문단위),"Coal, Australia (Newcastle)",World Bank Pink Sheet monthly
WB_COAL_AU,1985-04,33.8,USD(원문단위),"Coal, Australia (Newcastle)",World Bank Pink Sheet monthly
WB_COAL_AU,1985-05,33.8,USD(원문단위),"Coal, Australia (Newcastle)",World Bank Pink Sheet monthly
WB_COAL_AU,1985-06,33.8,USD(원문단위),"Coal, Australia (Newcastle)",World Bank Pink Sheet monthly
WB_COAL_AU,1985-07,33.8,USD(원문단위),"Coal, Australia (Newcastle)",World Bank Pink Sheet monthly
WB_COAL_AU,1985-08,33.8,USD(원문단위),"Coal, Australia (Newcastle)",World Bank Pink Sheet monthly
WB_COAL_AU,1985-09,33.8,USD(원문단위),"Coal, Australia (Newcastle)",World Bank Pink Sheet monthly
WB_COAL_AU,1985-10,33.8,USD(원문단위),"Coal, Australia (Newcastle)",World Bank Pink Sheet monthly
WB_COAL_AU,1985-11,33.8,USD(원문단위),"Coal, Australia (Newcastle)",World Bank Pink Sheet monthly
WB_COAL_AU,1985-12,33.8,USD(원문단위),"Coal, Australia (Newcastle)",World Bank Pink Sheet monthly
WB_COAL_AU,1986-01,33.8,USD(원문단위),"Coal, Australia (Newcastle)",World Bank Pink Sheet monthly
WB_COAL_AU,1986-02,33.8,USD(원문단위),"Coal, Australia (Newcastle)",World Bank Pink Sheet monthly
WB_COAL_AU,1986-03,30.8,USD(원문단위),"Coal, Australia (Newcastle)",World Bank Pink Sheet monthly
WB_COAL_AU,1986-04,30.8,USD(원문단위),"Coal, Australia (Newcastle)",World Bank Pink Sheet monthly
WB_COAL_AU,1986-05,30.8,USD(원문단위),"Coal, Australia (Newcastle)",World Bank Pink Sheet monthly
WB_COAL_AU,1986-06,30.8,USD(원문단위),"Coal, Australia (Newcastle)",World Bank Pink Sheet monthly
WB_COAL_AU,1986-07,30.8,USD(원문단위),"Coal, Australia (Newcastle)",World Bank Pink Sheet monthly
WB_COAL_AU,1986-08,30.8,USD(원문단위),"Coal, Australia (Newcastle)",World Bank Pink Sheet monthly
WB_COAL_AU,1986-09,30.8,USD(원문단위),"Coal, Australia (Newcastle)",World Bank Pink Sheet monthly
WB_COAL_AU,1986-10,30.8,USD(원문단위),"Coal, Australia (Newcastle)",World Bank Pink Sheet monthly
WB_COAL_AU,1986-11,30.8,USD(원문단위),"Coal, Australia (Newcastle)",World Bank Pink Sheet monthly
WB_COAL_AU,1986-12,29.3,USD(원문단위),"Coal, Australia (Newcastle)",World Bank Pink Sheet monthly
WB_COAL_AU,1987-01,29.3,USD(원문단위),"Coal, Australia (Newcastle)",World Bank Pink Sheet monthly
WB_COAL_AU,1987-02,29.3,USD(원문단위),"Coal, Australia (Newcastle)",World Bank Pink Sheet monthly
WB_COAL_AU,1987-03,29.3,USD(원문단위),"Coal, Australia (Newcastle)",World Bank Pink Sheet monthly
WB_COAL_AU,1987-04,24.8,USD(원문단위),"Coal, Australia (Newcastle)",World Bank Pink Sheet monthly
WB_COAL_AU,1987-05,24.8,USD(원문단위),"Coal, Australia (Newcastle)",World Bank Pink Sheet monthly
WB_COAL_AU,1987-06,24.8,USD(원문단위),"Coal, Australia (Newcastle)",World Bank Pink Sheet monthly
WB_COAL_AU,1987-07,27.0,USD(원문단위),"Coal, Australia (Newcastle)",World Bank Pink Sheet monthly
WB_COAL_AU,1987-08,27.0,USD(원문단위),"Coal, Australia (Newcastle)",World Bank Pink Sheet monthly
WB_COAL_AU,1987-09,27.0,USD(원문단위),"Coal, Australia (Newcastle)",World Bank Pink Sheet monthly
WB_COAL_AU,1987-10,27.0,USD(원문단위),"Coal, Australia (Newcastle)",World Bank Pink Sheet monthly
WB_COAL_AU,1987-11,29.0,USD(원문단위),"Coal, Australia (Newcastle)",World Bank Pink Sheet monthly
WB_COAL_AU,1987-12,31.0,USD(원문단위),"Coal, Australia (Newcastle)",World Bank Pink Sheet monthly
WB_COAL_AU,1988-01,31.0,USD(원문단위),"Coal, Australia (Newcastle)",World Bank Pink Sheet monthly
WB_COAL_AU,1988-02,31.0,USD(원문단위),"Coal, Australia (Newcastle)",World Bank Pink Sheet monthly
WB_COAL_AU,1988-03,33.0,USD(원문단위),"Coal, Australia (Newcastle)",World Bank Pink Sheet monthly
WB_COAL_AU,1988-04,33.0,USD(원문단위),"Coal, Australia (Newcastle)",World Bank Pink Sheet monthly
WB_COAL_AU,1988-05,33.0,USD(원문단위),"Coal, Australia (Newcastle)",World Bank Pink Sheet monthly
WB_COAL_AU,1988-06,36.0,USD(원문단위),"Coal, Australia (Newcastle)",World Bank Pink Sheet monthly
WB_COAL_AU,1988-07,36.0,USD(원문단위),"Coal, Australia (Newcastle)",World Bank Pink Sheet monthly
WB_COAL_AU,1988-08,36.0,USD(원문단위),"Coal, Australia (Newcastle)",World Bank Pink Sheet monthly
WB_COAL_AU,1988-09,37.0,USD(원문단위),"Coal, Australia (Newcastle)",World Bank Pink Sheet monthly
WB_COAL_AU,1988-10,37.0,USD(원문단위),"Coal, Australia (Newcastle)",World Bank Pink Sheet monthly
WB_COAL_AU,1988-11,37.5,USD(원문단위),"Coal, Australia (Newcastle)",World Bank Pink Sheet monthly
WB_COAL_AU,1988-12,38.0,USD(원문단위),"Coal, Australia (Newcastle)",World Bank Pink Sheet monthly
WB_COAL_AU,1989-01,38.0,USD(원문단위),"Coal, Australia (Newcastle)",World Bank Pink Sheet monthly
WB_COAL_AU,1989-02,38.0,USD(원문단위),"Coal, Australia (Newcastle)",World Bank Pink Sheet monthly
WB_COAL_AU,1989-03,38.0,USD(원문단위),"Coal, Australia (Newcastle)",World Bank Pink Sheet monthly
WB_COAL_AU,1989-04,38.0,USD(원문단위),"Coal, Australia (Newcastle)",World Bank Pink Sheet monthly
WB_COAL_AU,1989-05,38.0,USD(원문단위),"Coal, Australia (Newcastle)",World Bank Pink Sheet monthly
WB_COAL_AU,1989-06,38.0,USD(원문단위),"Coal, Australia (Newcastle)",World Bank Pink Sheet monthly
WB_COAL_AU,1989-07,38.0,USD(원문단위),"Coal, Australia (Newcastle)",World Bank Pink Sheet monthly
WB_COAL_AU,1989-08,38.0,USD(원문단위),"Coal, Australia (Newcastle)",World Bank Pink Sheet monthly
WB_COAL_AU,1989-09,38.0,USD(원문단위),"Coal, Australia (Newcastle)",World Bank Pink Sheet monthly
WB_COAL_AU,1989-10,38.0,USD(원문단위),"Coal, Australia (Newcastle)",World Bank Pink Sheet monthly
WB_COAL_AU,1989-11,38.0,USD(원문단위),"Coal, Australia (Newcastle)",World Bank Pink Sheet monthly
WB_COAL_AU,1989-12,38.0,USD(원문단위),"Coal, Australia (Newcastle)",World Bank Pink Sheet monthly
WB_COAL_AU,1990-01,38.0,USD(원문단위),"Coal, Australia (Newcastle)",World Bank Pink Sheet monthly
WB_COAL_AU,1990-02,38.0,USD(원문단위),"Coal, Australia (Newcastle)",World Bank Pink Sheet monthly
WB_COAL_AU,1990-03,38.0,USD(원문단위),"Coal, Australia (Newcastle)",World Bank Pink Sheet monthly
WB_COAL_AU,1990-04,38.0,USD(원문단위),"Coal, Australia (Newcastle)",World Bank Pink Sheet monthly
WB_COAL_AU,1990-05,40.5,USD(원문단위),"Coal, Australia (Newcastle)",World Bank Pink Sheet monthly
WB_COAL_AU,1990-06,40.5,USD(원문단위),"Coal, Australia (Newcastle)",World Bank Pink Sheet monthly
WB_COAL_AU,1990-07,40.5,USD(원문단위),"Coal, Australia (Newcastle)",World Bank Pink Sheet monthly
WB_COAL_AU,1990-08,40.5,USD(원문단위),"Coal, Australia (Newcastle)",World Bank Pink Sheet monthly
WB_COAL_AU,1990-09,40.5,USD(원문단위),"Coal, Australia (Newcastle)",World Bank Pink Sheet monthly
WB_COAL_AU,1990-10,40.5,USD(원문단위),"Coal, Australia (Newcastle)",World Bank Pink Sheet monthly
WB_COAL_AU,1990-11,40.5,USD(원문단위),"Coal, Australia (Newcastle)",World Bank Pink Sheet monthly
WB_COAL_AU,1990-12,40.5,USD(원문단위),"Coal, Australia (Newcastle)",World Bank Pink Sheet monthly
WB_COAL_AU,1991-01,40.5,USD(원문단위),"Coal, Australia (Newcastle)",World Bank Pink Sheet monthly
WB_COAL_AU,1991-02,40.5,USD(원문단위),"Coal, Australia (Newcastle)",World Bank Pink Sheet monthly
WB_COAL_AU,1991-03,39.5,USD(원문단위),"Coal, Australia (Newcastle)",World Bank Pink Sheet monthly
WB_COAL_AU,1991-04,39.5,USD(원문단위),"Coal, Australia (Newcastle)",World Bank Pink Sheet monthly
WB_COAL_AU,1991-05,39.5,USD(원문단위),"Coal, Australia (Newcastle)",World Bank Pink Sheet monthly
WB_COAL_AU,1991-06,39.5,USD(원문단위),"Coal, Australia (Newcastle)",World Bank Pink Sheet monthly
WB_COAL_AU,1991-07,39.5,USD(원문단위),"Coal, Australia (Newcastle)",World Bank Pink Sheet monthly
WB_COAL_AU,1991-08,39.5,USD(원문단위),"Coal, Australia (Newcastle)",World Bank Pink Sheet monthly
WB_COAL_AU,1991-09,39.5,USD(원문단위),"Coal, Australia (Newcastle)",World Bank Pink Sheet monthly
WB_COAL_AU,1991-10,39.5,USD(원문단위),"Coal, Australia (Newcastle)",World Bank Pink Sheet monthly
WB_COAL_AU,1991-11,39.5,USD(원문단위),"Coal, Australia (Newcastle)",World Bank Pink Sheet monthly
WB_COAL_AU,1991-12,39.5,USD(원문단위),"Coal, Australia (Newcastle)",World Bank Pink Sheet monthly
WB_COAL_AU,1992-01,39.5,USD(원문단위),"Coal, Australia (Newcastle)",World Bank Pink Sheet monthly
WB_COAL_AU,1992-02,39.5,USD(원문단위),"Coal, Australia (Newcastle)",World Bank Pink Sheet monthly
WB_COAL_AU,1992-03,39.5,USD(원문단위),"Coal, Australia (Newcastle)",World Bank Pink Sheet monthly
WB_COAL_AU,1992-04,39.5,USD(원문단위),"Coal, Australia (Newcastle)",World Bank Pink Sheet monthly
WB_COAL_AU,1992-05,39.5,USD(원문단위),"Coal, Australia (Newcastle)",World Bank Pink Sheet monthly
WB_COAL_AU,1992-06,39.5,USD(원문단위),"Coal, Australia (Newcastle)",World Bank Pink Sheet monthly
WB_COAL_AU,1992-07,39.5,USD(원문단위),"Coal, Australia (Newcastle)",World Bank Pink Sheet monthly
WB_COAL_AU,1992-08,39.5,USD(원문단위),"Coal, Australia (Newcastle)",World Bank Pink Sheet monthly
WB_COAL_AU,1992-09,39.5,USD(원문단위),"Coal, Australia (Newcastle)",World Bank Pink Sheet monthly
WB_COAL_AU,1992-10,37.3,USD(원문단위),"Coal, Australia (Newcastle)",World Bank Pink Sheet monthly
WB_COAL_AU,1992-11,35.0,USD(원문단위),"Coal, Australia (Newcastle)",World Bank Pink Sheet monthly
WB_COAL_AU,1992-12,35.0,USD(원문단위),"Coal, Australia (Newcastle)",World Bank Pink Sheet monthly
WB_COAL_AU,1993-01,35.0,USD(원문단위),"Coal, Australia (Newcastle)",World Bank Pink Sheet monthly
WB_COAL_AU,1993-02,31.0,USD(원문단위),"Coal, Australia (Newcastle)",World Bank Pink Sheet monthly
WB_COAL_AU,1993-03,31.0,USD(원문단위),"Coal, Australia (Newcastle)",World Bank Pink Sheet monthly
WB_COAL_AU,1993-04,31.0,USD(원문단위),"Coal, Australia (Newcastle)",World Bank Pink Sheet monthly
WB_COAL_AU,1993-05,31.0,USD(원문단위),"Coal, Australia (Newcastle)",World Bank Pink Sheet monthly
WB_COAL_AU,1993-06,31.0,USD(원문단위),"Coal, Australia (Newcastle)",World Bank Pink Sheet monthly
WB_COAL_AU,1993-07,31.0,USD(원문단위),"Coal, Australia (Newcastle)",World Bank Pink Sheet monthly
WB_COAL_AU,1993-08,31.0,USD(원문단위),"Coal, Australia (Newcastle)",World Bank Pink Sheet monthly
WB_COAL_AU,1993-09,31.0,USD(원문단위),"Coal, Australia (Newcastle)",World Bank Pink Sheet monthly
WB_COAL_AU,1993-10,31.0,USD(원문단위),"Coal, Australia (Newcastle)",World Bank Pink Sheet monthly
WB_COAL_AU,1993-11,31.0,USD(원문단위),"Coal, Australia (Newcastle)",World Bank Pink Sheet monthly
WB_COAL_AU,1993-12,31.0,USD(원문단위),"Coal, Australia (Newcastle)",World Bank Pink Sheet monthly
WB_COAL_AU,1994-01,31.0,USD(원문단위),"Coal, Australia (Newcastle)",World Bank Pink Sheet monthly
WB_COAL_AU,1994-02,31.0,USD(원문단위),"Coal, Australia (Newcastle)",World Bank Pink Sheet monthly
WB_COAL_AU,1994-03,29.5,USD(원문단위),"Coal, Australia (Newcastle)",World Bank Pink Sheet monthly
WB_COAL_AU,1994-04,29.5,USD(원문단위),"Coal, Australia (Newcastle)",World Bank Pink Sheet monthly
WB_COAL_AU,1994-05,31.4,USD(원문단위),"Coal, Australia (Newcastle)",World Bank Pink Sheet monthly
WB_COAL_AU,1994-06,33.6,USD(원문단위),"Coal, Australia (Newcastle)",World Bank Pink Sheet monthly
WB_COAL_AU,1994-07,33.1,USD(원문단위),"Coal, Australia (Newcastle)",World Bank Pink Sheet monthly
WB_COAL_AU,1994-08,33.1,USD(원문단위),"Coal, Australia (Newcastle)",World Bank Pink Sheet monthly
WB_COAL_AU,1994-09,33.1,USD(원문단위),"Coal, Australia (Newcastle)",World Bank Pink Sheet monthly
WB_COAL_AU,1994-10,33.1,USD(원문단위),"Coal, Australia (Newcastle)",World Bank Pink Sheet monthly
WB_COAL_AU,1994-11,33.1,USD(원문단위),"Coal, Australia (Newcastle)",World Bank Pink Sheet monthly
WB_COAL_AU,1994-12,36.1,USD(원문단위),"Coal, Australia (Newcastle)",World Bank Pink Sheet monthly
WB_COAL_AU,1995-01,37.1,USD(원문단위),"Coal, Australia (Newcastle)",World Bank Pink Sheet monthly
WB_COAL_AU,1995-02,37.6,USD(원문단위),"Coal, Australia (Newcastle)",World Bank Pink Sheet monthly
WB_COAL_AU,1995-03,38.4,USD(원문단위),"Coal, Australia (Newcastle)",World Bank Pink Sheet monthly
WB_COAL_AU,1995-04,37.1,USD(원문단위),"Coal, Australia (Newcastle)",World Bank Pink Sheet monthly
WB_COAL_AU,1995-05,38.8,USD(원문단위),"Coal, Australia (Newcastle)",World Bank Pink Sheet monthly
WB_COAL_AU,1995-06,40.8,USD(원문단위),"Coal, Australia (Newcastle)",World Bank Pink Sheet monthly
WB_COAL_AU,1995-07,41.1,USD(원문단위),"Coal, Australia (Newcastle)",World Bank Pink Sheet monthly
WB_COAL_AU,1995-08,40.9,USD(원문단위),"Coal, Australia (Newcastle)",World Bank Pink Sheet monthly
WB_COAL_AU,1995-09,40.9,USD(원문단위),"Coal, Australia (Newcastle)",World Bank Pink Sheet monthly
WB_COAL_AU,1995-10,41.0,USD(원문단위),"Coal, Australia (Newcastle)",World Bank Pink Sheet monthly
WB_COAL_AU,1995-11,39.6,USD(원문단위),"Coal, Australia (Newcastle)",World Bank Pink Sheet monthly
WB_COAL_AU,1995-12,39.4,USD(원문단위),"Coal, Australia (Newcastle)",World Bank Pink Sheet monthly
WB_COAL_AU,1996-01,39.4,USD(원문단위),"Coal, Australia (Newcastle)",World Bank Pink Sheet monthly
WB_COAL_AU,1996-02,39.3,USD(원문단위),"Coal, Australia (Newcastle)",World Bank Pink Sheet monthly
WB_COAL_AU,1996-03,39.0,USD(원문단위),"Coal, Australia (Newcastle)",World Bank Pink Sheet monthly
WB_COAL_AU,1996-04,39.3,USD(원문단위),"Coal, Australia (Newcastle)",World Bank Pink Sheet monthly
WB_COAL_AU,1996-05,38.2,USD(원문단위),"Coal, Australia (Newcastle)",World Bank Pink Sheet monthly
WB_COAL_AU,1996-06,38.2,USD(원문단위),"Coal, Australia (Newcastle)",World Bank Pink Sheet monthly
WB_COAL_AU,1996-07,38.4,USD(원문단위),"Coal, Australia (Newcastle)",World Bank Pink Sheet monthly
WB_COAL_AU,1996-08,38.4,USD(원문단위),"Coal, Australia (Newcastle)",World Bank Pink Sheet monthly
WB_COAL_AU,1996-09,38.1,USD(원문단위),"Coal, Australia (Newcastle)",World Bank Pink Sheet monthly
WB_COAL_AU,1996-10,37.6,USD(원문단위),"Coal, Australia (Newcastle)",World Bank Pink Sheet monthly
WB_COAL_AU,1996-11,35.7,USD(원문단위),"Coal, Australia (Newcastle)",World Bank Pink Sheet monthly
WB_COAL_AU,1996-12,35.4,USD(원문단위),"Coal, Australia (Newcastle)",World Bank Pink Sheet monthly
WB_COAL_AU,1997-01,35.2,USD(원문단위),"Coal, Australia (Newcastle)",World Bank Pink Sheet monthly
WB_COAL_AU,1997-02,34.6,USD(원문단위),"Coal, Australia (Newcastle)",World Bank Pink Sheet monthly
WB_COAL_AU,1997-03,34.5,USD(원문단위),"Coal, Australia (Newcastle)",World Bank Pink Sheet monthly
WB_COAL_AU,1997-04,35.4,USD(원문단위),"Coal, Australia (Newcastle)",World Bank Pink Sheet monthly
WB_COAL_AU,1997-05,35.7,USD(원문단위),"Coal, Australia (Newcastle)",World Bank Pink Sheet monthly
WB_COAL_AU,1997-06,34.5,USD(원문단위),"Coal, Australia (Newcastle)",World Bank Pink Sheet monthly
WB_COAL_AU,1997-07,35.0,USD(원문단위),"Coal, Australia (Newcastle)",World Bank Pink Sheet monthly
WB_COAL_AU,1997-08,36.9,USD(원문단위),"Coal, Australia (Newcastle)",World Bank Pink Sheet monthly
WB_COAL_AU,1997-09,37.2,USD(원문단위),"Coal, Australia (Newcastle)",World Bank Pink Sheet monthly
WB_COAL_AU,1997-10,37.2,USD(원문단위),"Coal, Australia (Newcastle)",World Bank Pink Sheet monthly
WB_COAL_AU,1997-11,33.6,USD(원문단위),"Coal, Australia (Newcastle)",World Bank Pink Sheet monthly
WB_COAL_AU,1997-12,31.4,USD(원문단위),"Coal, Australia (Newcastle)",World Bank Pink Sheet monthly
WB_COAL_AU,1998-01,31.4,USD(원문단위),"Coal, Australia (Newcastle)",World Bank Pink Sheet monthly
WB_COAL_AU,1998-02,33.4,USD(원문단위),"Coal, Australia (Newcastle)",World Bank Pink Sheet monthly
WB_COAL_AU,1998-03,31.9,USD(원문단위),"Coal, Australia (Newcastle)",World Bank Pink Sheet monthly
WB_COAL_AU,1998-04,31.2,USD(원문단위),"Coal, Australia (Newcastle)",World Bank Pink Sheet monthly
WB_COAL_AU,1998-05,30.3,USD(원문단위),"Coal, Australia (Newcastle)",World Bank Pink Sheet monthly
WB_COAL_AU,1998-06,30.0,USD(원문단위),"Coal, Australia (Newcastle)",World Bank Pink Sheet monthly
WB_COAL_AU,1998-07,30.0,USD(원문단위),"Coal, Australia (Newcastle)",World Bank Pink Sheet monthly
WB_COAL_AU,1998-08,26.2,USD(원문단위),"Coal, Australia (Newcastle)",World Bank Pink Sheet monthly
WB_COAL_AU,1998-09,27.1,USD(원문단위),"Coal, Australia (Newcastle)",World Bank Pink Sheet monthly
WB_COAL_AU,1998-10,27.1,USD(원문단위),"Coal, Australia (Newcastle)",World Bank Pink Sheet monthly
WB_COAL_AU,1998-11,26.1,USD(원문단위),"Coal, Australia (Newcastle)",World Bank Pink Sheet monthly
WB_COAL_AU,1998-12,26.1,USD(원문단위),"Coal, Australia (Newcastle)",World Bank Pink Sheet monthly
WB_COAL_AU,1999-01,26.1,USD(원문단위),"Coal, Australia (Newcastle)",World Bank Pink Sheet monthly
WB_COAL_AU,1999-02,26.1,USD(원문단위),"Coal, Australia (Newcastle)",World Bank Pink Sheet monthly
WB_COAL_AU,1999-03,26.1,USD(원문단위),"Coal, Australia (Newcastle)",World Bank Pink Sheet monthly
WB_COAL_AU,1999-04,26.1,USD(원문단위),"Coal, Australia (Newcastle)",World Bank Pink Sheet monthly
WB_COAL_AU,1999-05,26.1,USD(원문단위),"Coal, Australia (Newcastle)",World Bank Pink Sheet monthly
WB_COAL_AU,1999-06,26.1,USD(원문단위),"Coal, Australia (Newcastle)",World Bank Pink Sheet monthly
WB_COAL_AU,1999-07,26.1,USD(원문단위),"Coal, Australia (Newcastle)",World Bank Pink Sheet monthly
WB_COAL_AU,1999-08,26.1,USD(원문단위),"Coal, Australia (Newcastle)",World Bank Pink Sheet monthly
WB_COAL_AU,1999-09,26.1,USD(원문단위),"Coal, Australia (Newcastle)",World Bank Pink Sheet monthly
WB_COAL_AU,1999-10,25.6,USD(원문단위),"Coal, Australia (Newcastle)",World Bank Pink Sheet monthly
WB_COAL_AU,1999-11,25.1,USD(원문단위),"Coal, Australia (Newcastle)",World Bank Pink Sheet monthly
WB_COAL_AU,1999-12,25.1,USD(원문단위),"Coal, Australia (Newcastle)",World Bank Pink Sheet monthly
WB_COAL_AU,2000-01,25.1,USD(원문단위),"Coal, Australia (Newcastle)",World Bank Pink Sheet monthly
WB_COAL_AU,2000-02,25.1,USD(원문단위),"Coal, Australia (Newcastle)",World Bank Pink Sheet monthly
WB_COAL_AU,2000-03,25.1,USD(원문단위),"Coal, Australia (Newcastle)",World Bank Pink Sheet monthly
WB_COAL_AU,2000-04,25.1,USD(원문단위),"Coal, Australia (Newcastle)",World Bank Pink Sheet monthly
WB_COAL_AU,2000-05,25.6,USD(원문단위),"Coal, Australia (Newcastle)",World Bank Pink Sheet monthly
WB_COAL_AU,2000-06,25.6,USD(원문단위),"Coal, Australia (Newcastle)",World Bank Pink Sheet monthly
WB_COAL_AU,2000-07,25.6,USD(원문단위),"Coal, Australia (Newcastle)",World Bank Pink Sheet monthly
WB_COAL_AU,2000-08,25.6,USD(원문단위),"Coal, Australia (Newcastle)",World Bank Pink Sheet monthly
WB_COAL_AU,2000-09,27.2,USD(원문단위),"Coal, Australia (Newcastle)",World Bank Pink Sheet monthly
WB_COAL_AU,2000-10,27.2,USD(원문단위),"Coal, Australia (Newcastle)",World Bank Pink Sheet monthly
WB_COAL_AU,2000-11,27.2,USD(원문단위),"Coal, Australia (Newcastle)",World Bank Pink Sheet monthly
WB_COAL_AU,2000-12,30.8,USD(원문단위),"Coal, Australia (Newcastle)",World Bank Pink Sheet monthly
WB_COAL_AU,2001-01,32.1,USD(원문단위),"Coal, Australia (Newcastle)",World Bank Pink Sheet monthly
WB_COAL_AU,2001-02,32.1,USD(원문단위),"Coal, Australia (Newcastle)",World Bank Pink Sheet monthly
WB_COAL_AU,2001-03,32.6,USD(원문단위),"Coal, Australia (Newcastle)",World Bank Pink Sheet monthly
WB_COAL_AU,2001-04,33.5,USD(원문단위),"Coal, Australia (Newcastle)",World Bank Pink Sheet monthly
WB_COAL_AU,2001-05,33.8,USD(원문단위),"Coal, Australia (Newcastle)",World Bank Pink Sheet monthly
WB_COAL_AU,2001-06,33.9,USD(원문단위),"Coal, Australia (Newcastle)",World Bank Pink Sheet monthly
WB_COAL_AU,2001-07,34.0,USD(원문단위),"Coal, Australia (Newcastle)",World Bank Pink Sheet monthly
WB_COAL_AU,2001-08,33.8,USD(원문단위),"Coal, Australia (Newcastle)",World Bank Pink Sheet monthly
WB_COAL_AU,2001-09,32.8,USD(원문단위),"Coal, Australia (Newcastle)",World Bank Pink Sheet monthly
WB_COAL_AU,2001-10,32.4,USD(원문단위),"Coal, Australia (Newcastle)",World Bank Pink Sheet monthly
WB_COAL_AU,2001-11,29.4,USD(원문단위),"Coal, Australia (Newcastle)",World Bank Pink Sheet monthly
WB_COAL_AU,2001-12,27.4,USD(원문단위),"Coal, Australia (Newcastle)",World Bank Pink Sheet monthly
WB_COAL_AU,2002-01,27.4,USD(원문단위),"Coal, Australia (Newcastle)",World Bank Pink Sheet monthly
WB_COAL_AU,2002-02,28.1,USD(원문단위),"Coal, Australia (Newcastle)",World Bank Pink Sheet monthly
WB_COAL_AU,2002-03,27.8,USD(원문단위),"Coal, Australia (Newcastle)",World Bank Pink Sheet monthly
WB_COAL_AU,2002-04,27.1,USD(원문단위),"Coal, Australia (Newcastle)",World Bank Pink Sheet monthly
WB_COAL_AU,2002-05,26.9,USD(원문단위),"Coal, Australia (Newcastle)",World Bank Pink Sheet monthly
WB_COAL_AU,2002-06,24.9,USD(원문단위),"Coal, Australia (Newcastle)",World Bank Pink Sheet monthly
WB_COAL_AU,2002-07,23.2,USD(원문단위),"Coal, Australia (Newcastle)",World Bank Pink Sheet monthly
WB_COAL_AU,2002-08,22.3,USD(원문단위),"Coal, Australia (Newcastle)",World Bank Pink Sheet monthly
WB_COAL_AU,2002-09,22.7,USD(원문단위),"Coal, Australia (Newcastle)",World Bank Pink Sheet monthly
WB_COAL_AU,2002-10,24.5,USD(원문단위),"Coal, Australia (Newcastle)",World Bank Pink Sheet monthly
WB_COAL_AU,2002-11,24.5,USD(원문단위),"Coal, Australia (Newcastle)",World Bank Pink Sheet monthly
WB_COAL_AU,2002-12,24.5,USD(원문단위),"Coal, Australia (Newcastle)",World Bank Pink Sheet monthly
WB_COAL_AU,2003-01,24.9,USD(원문단위),"Coal, Australia (Newcastle)",World Bank Pink Sheet monthly
WB_COAL_AU,2003-02,25.2,USD(원문단위),"Coal, Australia (Newcastle)",World Bank Pink Sheet monthly
WB_COAL_AU,2003-03,24.4,USD(원문단위),"Coal, Australia (Newcastle)",World Bank Pink Sheet monthly
WB_COAL_AU,2003-04,23.5,USD(원문단위),"Coal, Australia (Newcastle)",World Bank Pink Sheet monthly
WB_COAL_AU,2003-05,23.3,USD(원문단위),"Coal, Australia (Newcastle)",World Bank Pink Sheet monthly
WB_COAL_AU,2003-06,24.1,USD(원문단위),"Coal, Australia (Newcastle)",World Bank Pink Sheet monthly
WB_COAL_AU,2003-07,24.4,USD(원문단위),"Coal, Australia (Newcastle)",World Bank Pink Sheet monthly
WB_COAL_AU,2003-08,25.3,USD(원문단위),"Coal, Australia (Newcastle)",World Bank Pink Sheet monthly
WB_COAL_AU,2003-09,26.7,USD(원문단위),"Coal, Australia (Newcastle)",World Bank Pink Sheet monthly
WB_COAL_AU,2003-10,27.5,USD(원문단위),"Coal, Australia (Newcastle)",World Bank Pink Sheet monthly
WB_COAL_AU,2003-11,29.9,USD(원문단위),"Coal, Australia (Newcastle)",World Bank Pink Sheet monthly
WB_COAL_AU,2003-12,34.0,USD(원문단위),"Coal, Australia (Newcastle)",World Bank Pink Sheet monthly
WB_COAL_AU,2004-01,37.8,USD(원문단위),"Coal, Australia (Newcastle)",World Bank Pink Sheet monthly
WB_COAL_AU,2004-02,41.8,USD(원문단위),"Coal, Australia (Newcastle)",World Bank Pink Sheet monthly
WB_COAL_AU,2004-03,48.9,USD(원문단위),"Coal, Australia (Newcastle)",World Bank Pink Sheet monthly
WB_COAL_AU,2004-04,53.3,USD(원문단위),"Coal, Australia (Newcastle)",World Bank Pink Sheet monthly
WB_COAL_AU,2004-05,56.4,USD(원문단위),"Coal, Australia (Newcastle)",World Bank Pink Sheet monthly
WB_COAL_AU,2004-06,59.6,USD(원문단위),"Coal, Australia (Newcastle)",World Bank Pink Sheet monthly
WB_COAL_AU,2004-07,61.4,USD(원문단위),"Coal, Australia (Newcastle)",World Bank Pink Sheet monthly
WB_COAL_AU,2004-08,59.3,USD(원문단위),"Coal, Australia (Newcastle)",World Bank Pink Sheet monthly
WB_COAL_AU,2004-09,55.4,USD(원문단위),"Coal, Australia (Newcastle)",World Bank Pink Sheet monthly
WB_COAL_AU,2004-10,56.6,USD(원문단위),"Coal, Australia (Newcastle)",World Bank Pink Sheet monthly
WB_COAL_AU,2004-11,52.8,USD(원문단위),"Coal, Australia (Newcastle)",World Bank Pink Sheet monthly
WB_COAL_AU,2004-12,52.3,USD(원문단위),"Coal, Australia (Newcastle)",World Bank Pink Sheet monthly
WB_COAL_AU,2005-01,53.0,USD(원문단위),"Coal, Australia (Newcastle)",World Bank Pink Sheet monthly
WB_COAL_AU,2005-02,49.9,USD(원문단위),"Coal, Australia (Newcastle)",World Bank Pink Sheet monthly
WB_COAL_AU,2005-03,50.9,USD(원문단위),"Coal, Australia (Newcastle)",World Bank Pink Sheet monthly
WB_COAL_AU,2005-04,51.3,USD(원문단위),"Coal, Australia (Newcastle)",World Bank Pink Sheet monthly
WB_COAL_AU,2005-05,51.3,USD(원문단위),"Coal, Australia (Newcastle)",World Bank Pink Sheet monthly
WB_COAL_AU,2005-06,51.0,USD(원문단위),"Coal, Australia (Newcastle)",World Bank Pink Sheet monthly
WB_COAL_AU,2005-07,50.9,USD(원문단위),"Coal, Australia (Newcastle)",World Bank Pink Sheet monthly
WB_COAL_AU,2005-08,49.1,USD(원문단위),"Coal, Australia (Newcastle)",World Bank Pink Sheet monthly
WB_COAL_AU,2005-09,45.3,USD(원문단위),"Coal, Australia (Newcastle)",World Bank Pink Sheet monthly
WB_COAL_AU,2005-10,42.5,USD(원문단위),"Coal, Australia (Newcastle)",World Bank Pink Sheet monthly
WB_COAL_AU,2005-11,38.1,USD(원문단위),"Coal, Australia (Newcastle)",World Bank Pink Sheet monthly
WB_COAL_AU,2005-12,38.2,USD(원문단위),"Coal, Australia (Newcastle)",World Bank Pink Sheet monthly
WB_COAL_AU,2006-01,43.2,USD(원문단위),"Coal, Australia (Newcastle)",World Bank Pink Sheet monthly
WB_COAL_AU,2006-02,47.7,USD(원문단위),"Coal, Australia (Newcastle)",World Bank Pink Sheet monthly
WB_COAL_AU,2006-03,49.8,USD(원문단위),"Coal, Australia (Newcastle)",World Bank Pink Sheet monthly
WB_COAL_AU,2006-04,52.9,USD(원문단위),"Coal, Australia (Newcastle)",World Bank Pink Sheet monthly
WB_COAL_AU,2006-05,52.6,USD(원문단위),"Coal, Australia (Newcastle)",World Bank Pink Sheet monthly
WB_COAL_AU,2006-06,52.4,USD(원문단위),"Coal, Australia (Newcastle)",World Bank Pink Sheet monthly
WB_COAL_AU,2006-07,52.8,USD(원문단위),"Coal, Australia (Newcastle)",World Bank Pink Sheet monthly
WB_COAL_AU,2006-08,50.9,USD(원문단위),"Coal, Australia (Newcastle)",World Bank Pink Sheet monthly
WB_COAL_AU,2006-09,47.1,USD(원문단위),"Coal, Australia (Newcastle)",World Bank Pink Sheet monthly
WB_COAL_AU,2006-10,44.1,USD(원문단위),"Coal, Australia (Newcastle)",World Bank Pink Sheet monthly
WB_COAL_AU,2006-11,46.0,USD(원문단위),"Coal, Australia (Newcastle)",World Bank Pink Sheet monthly
WB_COAL_AU,2006-12,49.8,USD(원문단위),"Coal, Australia (Newcastle)",World Bank Pink Sheet monthly
WB_COAL_AU,2007-01,51.3,USD(원문단위),"Coal, Australia (Newcastle)",World Bank Pink Sheet monthly
WB_COAL_AU,2007-02,52.9,USD(원문단위),"Coal, Australia (Newcastle)",World Bank Pink Sheet monthly
WB_COAL_AU,2007-03,55.4,USD(원문단위),"Coal, Australia (Newcastle)",World Bank Pink Sheet monthly
WB_COAL_AU,2007-04,56.1,USD(원문단위),"Coal, Australia (Newcastle)",World Bank Pink Sheet monthly
WB_COAL_AU,2007-05,56.0,USD(원문단위),"Coal, Australia (Newcastle)",World Bank Pink Sheet monthly
WB_COAL_AU,2007-06,61.6,USD(원문단위),"Coal, Australia (Newcastle)",World Bank Pink Sheet monthly
WB_COAL_AU,2007-07,67.3,USD(원문단위),"Coal, Australia (Newcastle)",World Bank Pink Sheet monthly
WB_COAL_AU,2007-08,69.4,USD(원문단위),"Coal, Australia (Newcastle)",World Bank Pink Sheet monthly
WB_COAL_AU,2007-09,68.4,USD(원문단위),"Coal, Australia (Newcastle)",World Bank Pink Sheet monthly
WB_COAL_AU,2007-10,74.8,USD(원문단위),"Coal, Australia (Newcastle)",World Bank Pink Sheet monthly
WB_COAL_AU,2007-11,84.6,USD(원문단위),"Coal, Australia (Newcastle)",World Bank Pink Sheet monthly
WB_COAL_AU,2007-12,91.0,USD(원문단위),"Coal, Australia (Newcastle)",World Bank Pink Sheet monthly
WB_COAL_AU,2008-01,91.8,USD(원문단위),"Coal, Australia (Newcastle)",World Bank Pink Sheet monthly
WB_COAL_AU,2008-02,132.0,USD(원문단위),"Coal, Australia (Newcastle)",World Bank Pink Sheet monthly
WB_COAL_AU,2008-03,118.3,USD(원문단위),"Coal, Australia (Newcastle)",World Bank Pink Sheet monthly
WB_COAL_AU,2008-04,123.0,USD(원문단위),"Coal, Australia (Newcastle)",World Bank Pink Sheet monthly
WB_COAL_AU,2008-05,133.2,USD(원문단위),"Coal, Australia (Newcastle)",World Bank Pink Sheet monthly
WB_COAL_AU,2008-06,159.8,USD(원문단위),"Coal, Australia (Newcastle)",World Bank Pink Sheet monthly
WB_COAL_AU,2008-07,180.0,USD(원문단위),"Coal, Australia (Newcastle)",World Bank Pink Sheet monthly
WB_COAL_AU,2008-08,158.4,USD(원문단위),"Coal, Australia (Newcastle)",World Bank Pink Sheet monthly
WB_COAL_AU,2008-09,150.0,USD(원문단위),"Coal, Australia (Newcastle)",World Bank Pink Sheet monthly
WB_COAL_AU,2008-10,108.0,USD(원문단위),"Coal, Australia (Newcastle)",World Bank Pink Sheet monthly
WB_COAL_AU,2008-11,92.3,USD(원문단위),"Coal, Australia (Newcastle)",World Bank Pink Sheet monthly
WB_COAL_AU,2008-12,78.7,USD(원문단위),"Coal, Australia (Newcastle)",World Bank Pink Sheet monthly
WB_COAL_AU,2009-01,79.4,USD(원문단위),"Coal, Australia (Newcastle)",World Bank Pink Sheet monthly
WB_COAL_AU,2009-02,75.4,USD(원문단위),"Coal, Australia (Newcastle)",World Bank Pink Sheet monthly
WB_COAL_AU,2009-03,61.0,USD(원문단위),"Coal, Australia (Newcastle)",World Bank Pink Sheet monthly
WB_COAL_AU,2009-04,63.6,USD(원문단위),"Coal, Australia (Newcastle)",World Bank Pink Sheet monthly
WB_COAL_AU,2009-05,64.5,USD(원문단위),"Coal, Australia (Newcastle)",World Bank Pink Sheet monthly
WB_COAL_AU,2009-06,71.4,USD(원문단위),"Coal, Australia (Newcastle)",World Bank Pink Sheet monthly
WB_COAL_AU,2009-07,73.8,USD(원문단위),"Coal, Australia (Newcastle)",World Bank Pink Sheet monthly
WB_COAL_AU,2009-08,72.5,USD(원문단위),"Coal, Australia (Newcastle)",World Bank Pink Sheet monthly
WB_COAL_AU,2009-09,67.6,USD(원문단위),"Coal, Australia (Newcastle)",World Bank Pink Sheet monthly
WB_COAL_AU,2009-10,71.1,USD(원문단위),"Coal, Australia (Newcastle)",World Bank Pink Sheet monthly
WB_COAL_AU,2009-11,78.8,USD(원문단위),"Coal, Australia (Newcastle)",World Bank Pink Sheet monthly
WB_COAL_AU,2009-12,83.1,USD(원문단위),"Coal, Australia (Newcastle)",World Bank Pink Sheet monthly
WB_COAL_AU,2010-01,97.0,USD(원문단위),"Coal, Australia (Newcastle)",World Bank Pink Sheet monthly
WB_COAL_AU,2010-02,94.2,USD(원문단위),"Coal, Australia (Newcastle)",World Bank Pink Sheet monthly
WB_COAL_AU,2010-03,94.4,USD(원문단위),"Coal, Australia (Newcastle)",World Bank Pink Sheet monthly
WB_COAL_AU,2010-04,100.2,USD(원문단위),"Coal, Australia (Newcastle)",World Bank Pink Sheet monthly
WB_COAL_AU,2010-05,100.1,USD(원문단위),"Coal, Australia (Newcastle)",World Bank Pink Sheet monthly
WB_COAL_AU,2010-06,98.2,USD(원문단위),"Coal, Australia (Newcastle)",World Bank Pink Sheet monthly
WB_COAL_AU,2010-07,96.0,USD(원문단위),"Coal, Australia (Newcastle)",World Bank Pink Sheet monthly
WB_COAL_AU,2010-08,89.8,USD(원문단위),"Coal, Australia (Newcastle)",World Bank Pink Sheet monthly
WB_COAL_AU,2010-09,94.9,USD(원문단위),"Coal, Australia (Newcastle)",World Bank Pink Sheet monthly
WB_COAL_AU,2010-10,97.5,USD(원문단위),"Coal, Australia (Newcastle)",World Bank Pink Sheet monthly
WB_COAL_AU,2010-11,107.2,USD(원문단위),"Coal, Australia (Newcastle)",World Bank Pink Sheet monthly
WB_COAL_AU,2010-12,118.3,USD(원문단위),"Coal, Australia (Newcastle)",World Bank Pink Sheet monthly
WB_COAL_AU,2011-01,132.5,USD(원문단위),"Coal, Australia (Newcastle)",World Bank Pink Sheet monthly
WB_COAL_AU,2011-02,128.4,USD(원문단위),"Coal, Australia (Newcastle)",World Bank Pink Sheet monthly
WB_COAL_AU,2011-03,126.1,USD(원문단위),"Coal, Australia (Newcastle)",World Bank Pink Sheet monthly
WB_COAL_AU,2011-04,122.5,USD(원문단위),"Coal, Australia (Newcastle)",World Bank Pink Sheet monthly
WB_COAL_AU,2011-05,119.1,USD(원문단위),"Coal, Australia (Newcastle)",World Bank Pink Sheet monthly
WB_COAL_AU,2011-06,120.1,USD(원문단위),"Coal, Australia (Newcastle)",World Bank Pink Sheet monthly
WB_COAL_AU,2011-07,120.8,USD(원문단위),"Coal, Australia (Newcastle)",World Bank Pink Sheet monthly
WB_COAL_AU,2011-08,120.1,USD(원문단위),"Coal, Australia (Newcastle)",World Bank Pink Sheet monthly
WB_COAL_AU,2011-09,123.1,USD(원문단위),"Coal, Australia (Newcastle)",World Bank Pink Sheet monthly
WB_COAL_AU,2011-10,119.4,USD(원문단위),"Coal, Australia (Newcastle)",World Bank Pink Sheet monthly
WB_COAL_AU,2011-11,113.8,USD(원문단위),"Coal, Australia (Newcastle)",World Bank Pink Sheet monthly
WB_COAL_AU,2011-12,111.6,USD(원문단위),"Coal, Australia (Newcastle)",World Bank Pink Sheet monthly
WB_COAL_AU,2012-01,116.5,USD(원문단위),"Coal, Australia (Newcastle)",World Bank Pink Sheet monthly
WB_COAL_AU,2012-02,117.0,USD(원문단위),"Coal, Australia (Newcastle)",World Bank Pink Sheet monthly
WB_COAL_AU,2012-03,107.5,USD(원문단위),"Coal, Australia (Newcastle)",World Bank Pink Sheet monthly
WB_COAL_AU,2012-04,103.6,USD(원문단위),"Coal, Australia (Newcastle)",World Bank Pink Sheet monthly
WB_COAL_AU,2012-05,95.8,USD(원문단위),"Coal, Australia (Newcastle)",World Bank Pink Sheet monthly
WB_COAL_AU,2012-06,87.2,USD(원문단위),"Coal, Australia (Newcastle)",World Bank Pink Sheet monthly
WB_COAL_AU,2012-07,88.2,USD(원문단위),"Coal, Australia (Newcastle)",World Bank Pink Sheet monthly
WB_COAL_AU,2012-08,91.0,USD(원문단위),"Coal, Australia (Newcastle)",World Bank Pink Sheet monthly
WB_COAL_AU,2012-09,89.0,USD(원문단위),"Coal, Australia (Newcastle)",World Bank Pink Sheet monthly
WB_COAL_AU,2012-10,81.9,USD(원문단위),"Coal, Australia (Newcastle)",World Bank Pink Sheet monthly
WB_COAL_AU,2012-11,85.9,USD(원문단위),"Coal, Australia (Newcastle)",World Bank Pink Sheet monthly
WB_COAL_AU,2012-12,92.9,USD(원문단위),"Coal, Australia (Newcastle)",World Bank Pink Sheet monthly
WB_COAL_AU,2013-01,92.8,USD(원문단위),"Coal, Australia (Newcastle)",World Bank Pink Sheet monthly
WB_COAL_AU,2013-02,94.9,USD(원문단위),"Coal, Australia (Newcastle)",World Bank Pink Sheet monthly
WB_COAL_AU,2013-03,91.0,USD(원문단위),"Coal, Australia (Newcastle)",World Bank Pink Sheet monthly
WB_COAL_AU,2013-04,87.8,USD(원문단위),"Coal, Australia (Newcastle)",World Bank Pink Sheet monthly
WB_COAL_AU,2013-05,87.7,USD(원문단위),"Coal, Australia (Newcastle)",World Bank Pink Sheet monthly
WB_COAL_AU,2013-06,82.8,USD(원문단위),"Coal, Australia (Newcastle)",World Bank Pink Sheet monthly
WB_COAL_AU,2013-07,77.3,USD(원문단위),"Coal, Australia (Newcastle)",World Bank Pink Sheet monthly
WB_COAL_AU,2013-08,77.0,USD(원문단위),"Coal, Australia (Newcastle)",World Bank Pink Sheet monthly
WB_COAL_AU,2013-09,77.6,USD(원문단위),"Coal, Australia (Newcastle)",World Bank Pink Sheet monthly
WB_COAL_AU,2013-10,79.4,USD(원문단위),"Coal, Australia (Newcastle)",World Bank Pink Sheet monthly
WB_COAL_AU,2013-11,82.3,USD(원문단위),"Coal, Australia (Newcastle)",World Bank Pink Sheet monthly
WB_COAL_AU,2013-12,84.3,USD(원문단위),"Coal, Australia (Newcastle)",World Bank Pink Sheet monthly
WB_COAL_AU,2014-01,81.6,USD(원문단위),"Coal, Australia (Newcastle)",World Bank Pink Sheet monthly
WB_COAL_AU,2014-02,76.3,USD(원문단위),"Coal, Australia (Newcastle)",World Bank Pink Sheet monthly
WB_COAL_AU,2014-03,73.3,USD(원문단위),"Coal, Australia (Newcastle)",World Bank Pink Sheet monthly
WB_COAL_AU,2014-04,72.8,USD(원문단위),"Coal, Australia (Newcastle)",World Bank Pink Sheet monthly
WB_COAL_AU,2014-05,73.7,USD(원문단위),"Coal, Australia (Newcastle)",World Bank Pink Sheet monthly
WB_COAL_AU,2014-06,71.5,USD(원문단위),"Coal, Australia (Newcastle)",World Bank Pink Sheet monthly
WB_COAL_AU,2014-07,68.8,USD(원문단위),"Coal, Australia (Newcastle)",World Bank Pink Sheet monthly
WB_COAL_AU,2014-08,68.9,USD(원문단위),"Coal, Australia (Newcastle)",World Bank Pink Sheet monthly
WB_COAL_AU,2014-09,65.9,USD(원문단위),"Coal, Australia (Newcastle)",World Bank Pink Sheet monthly
WB_COAL_AU,2014-10,63.7,USD(원문단위),"Coal, Australia (Newcastle)",World Bank Pink Sheet monthly
WB_COAL_AU,2014-11,62.6,USD(원문단위),"Coal, Australia (Newcastle)",World Bank Pink Sheet monthly
WB_COAL_AU,2014-12,62.4,USD(원문단위),"Coal, Australia (Newcastle)",World Bank Pink Sheet monthly
WB_COAL_AU,2015-01,61.4,USD(원문단위),"Coal, Australia (Newcastle)",World Bank Pink Sheet monthly
WB_COAL_AU,2015-02,69.1,USD(원문단위),"Coal, Australia (Newcastle)",World Bank Pink Sheet monthly
WB_COAL_AU,2015-03,64.8,USD(원문단위),"Coal, Australia (Newcastle)",World Bank Pink Sheet monthly
WB_COAL_AU,2015-04,56.2,USD(원문단위),"Coal, Australia (Newcastle)",World Bank Pink Sheet monthly
WB_COAL_AU,2015-05,61.2,USD(원문단위),"Coal, Australia (Newcastle)",World Bank Pink Sheet monthly
WB_COAL_AU,2015-06,59.0,USD(원문단위),"Coal, Australia (Newcastle)",World Bank Pink Sheet monthly
WB_COAL_AU,2015-07,59.9,USD(원문단위),"Coal, Australia (Newcastle)",World Bank Pink Sheet monthly
WB_COAL_AU,2015-08,59.1,USD(원문단위),"Coal, Australia (Newcastle)",World Bank Pink Sheet monthly
WB_COAL_AU,2015-09,57.7,USD(원문단위),"Coal, Australia (Newcastle)",World Bank Pink Sheet monthly
WB_COAL_AU,2015-10,54.3,USD(원문단위),"Coal, Australia (Newcastle)",World Bank Pink Sheet monthly
WB_COAL_AU,2015-11,52.5,USD(원문단위),"Coal, Australia (Newcastle)",World Bank Pink Sheet monthly
WB_COAL_AU,2015-12,52.2,USD(원문단위),"Coal, Australia (Newcastle)",World Bank Pink Sheet monthly
WB_COAL_AU,2016-01,49.0,USD(원문단위),"Coal, Australia (Newcastle)",World Bank Pink Sheet monthly
WB_COAL_AU,2016-02,50.3,USD(원문단위),"Coal, Australia (Newcastle)",World Bank Pink Sheet monthly
WB_COAL_AU,2016-03,52.2,USD(원문단위),"Coal, Australia (Newcastle)",World Bank Pink Sheet monthly
WB_COAL_AU,2016-04,50.7,USD(원문단위),"Coal, Australia (Newcastle)",World Bank Pink Sheet monthly
WB_COAL_AU,2016-05,51.3,USD(원문단위),"Coal, Australia (Newcastle)",World Bank Pink Sheet monthly
WB_COAL_AU,2016-06,52.9,USD(원문단위),"Coal, Australia (Newcastle)",World Bank Pink Sheet monthly
WB_COAL_AU,2016-07,61.2,USD(원문단위),"Coal, Australia (Newcastle)",World Bank Pink Sheet monthly
WB_COAL_AU,2016-08,67.4,USD(원문단위),"Coal, Australia (Newcastle)",World Bank Pink Sheet monthly
WB_COAL_AU,2016-09,72.7,USD(원문단위),"Coal, Australia (Newcastle)",World Bank Pink Sheet monthly
WB_COAL_AU,2016-10,94.2,USD(원문단위),"Coal, Australia (Newcastle)",World Bank Pink Sheet monthly
WB_COAL_AU,2016-11,103.4,USD(원문단위),"Coal, Australia (Newcastle)",World Bank Pink Sheet monthly
WB_COAL_AU,2016-12,88.2,USD(원문단위),"Coal, Australia (Newcastle)",World Bank Pink Sheet monthly
WB_COAL_AU,2017-01,83.7,USD(원문단위),"Coal, Australia (Newcastle)",World Bank Pink Sheet monthly
WB_COAL_AU,2017-02,80.0,USD(원문단위),"Coal, Australia (Newcastle)",World Bank Pink Sheet monthly
WB_COAL_AU,2017-03,80.9,USD(원문단위),"Coal, Australia (Newcastle)",World Bank Pink Sheet monthly
WB_COAL_AU,2017-04,83.7,USD(원문단위),"Coal, Australia (Newcastle)",World Bank Pink Sheet monthly
WB_COAL_AU,2017-05,74.4,USD(원문단위),"Coal, Australia (Newcastle)",World Bank Pink Sheet monthly
WB_COAL_AU,2017-06,81.1,USD(원문단위),"Coal, Australia (Newcastle)",World Bank Pink Sheet monthly
WB_COAL_AU,2017-07,87.5,USD(원문단위),"Coal, Australia (Newcastle)",World Bank Pink Sheet monthly
WB_COAL_AU,2017-08,98.6,USD(원문단위),"Coal, Australia (Newcastle)",World Bank Pink Sheet monthly
WB_COAL_AU,2017-09,97.8,USD(원문단위),"Coal, Australia (Newcastle)",World Bank Pink Sheet monthly
WB_COAL_AU,2017-10,97.1,USD(원문단위),"Coal, Australia (Newcastle)",World Bank Pink Sheet monthly
WB_COAL_AU,2017-11,96.6,USD(원문단위),"Coal, Australia (Newcastle)",World Bank Pink Sheet monthly
WB_COAL_AU,2017-12,100.8,USD(원문단위),"Coal, Australia (Newcastle)",World Bank Pink Sheet monthly
WB_COAL_AU,2018-01,106.5,USD(원문단위),"Coal, Australia (Newcastle)",World Bank Pink Sheet monthly
WB_COAL_AU,2018-02,106.0,USD(원문단위),"Coal, Australia (Newcastle)",World Bank Pink Sheet monthly
WB_COAL_AU,2018-03,96.7,USD(원문단위),"Coal, Australia (Newcastle)",World Bank Pink Sheet monthly
WB_COAL_AU,2018-04,93.7,USD(원문단위),"Coal, Australia (Newcastle)",World Bank Pink Sheet monthly
WB_COAL_AU,2018-05,105.3,USD(원문단위),"Coal, Australia (Newcastle)",World Bank Pink Sheet monthly
WB_COAL_AU,2018-06,114.3,USD(원문단위),"Coal, Australia (Newcastle)",World Bank Pink Sheet monthly
WB_COAL_AU,2018-07,119.6,USD(원문단위),"Coal, Australia (Newcastle)",World Bank Pink Sheet monthly
WB_COAL_AU,2018-08,117.3,USD(원문단위),"Coal, Australia (Newcastle)",World Bank Pink Sheet monthly
WB_COAL_AU,2018-09,114.2,USD(원문단위),"Coal, Australia (Newcastle)",World Bank Pink Sheet monthly
WB_COAL_AU,2018-10,108.7,USD(원문단위),"Coal, Australia (Newcastle)",World Bank Pink Sheet monthly
WB_COAL_AU,2018-11,100.7,USD(원문단위),"Coal, Australia (Newcastle)",World Bank Pink Sheet monthly
WB_COAL_AU,2018-12,101.4,USD(원문단위),"Coal, Australia (Newcastle)",World Bank Pink Sheet monthly
WB_COAL_AU,2019-01,98.6,USD(원문단위),"Coal, Australia (Newcastle)",World Bank Pink Sheet monthly
WB_COAL_AU,2019-02,95.4,USD(원문단위),"Coal, Australia (Newcastle)",World Bank Pink Sheet monthly
WB_COAL_AU,2019-03,93.1,USD(원문단위),"Coal, Australia (Newcastle)",World Bank Pink Sheet monthly
WB_COAL_AU,2019-04,86.8,USD(원문단위),"Coal, Australia (Newcastle)",World Bank Pink Sheet monthly
WB_COAL_AU,2019-05,82.3,USD(원문단위),"Coal, Australia (Newcastle)",World Bank Pink Sheet monthly
WB_COAL_AU,2019-06,72.5,USD(원문단위),"Coal, Australia (Newcastle)",World Bank Pink Sheet monthly
WB_COAL_AU,2019-07,72.1,USD(원문단위),"Coal, Australia (Newcastle)",World Bank Pink Sheet monthly
WB_COAL_AU,2019-08,65.6,USD(원문단위),"Coal, Australia (Newcastle)",World Bank Pink Sheet monthly
WB_COAL_AU,2019-09,66.0,USD(원문단위),"Coal, Australia (Newcastle)",World Bank Pink Sheet monthly
WB_COAL_AU,2019-10,69.2,USD(원문단위),"Coal, Australia (Newcastle)",World Bank Pink Sheet monthly
WB_COAL_AU,2019-11,67.0,USD(원문단위),"Coal, Australia (Newcastle)",World Bank Pink Sheet monthly
WB_COAL_AU,2019-12,66.2,USD(원문단위),"Coal, Australia (Newcastle)",World Bank Pink Sheet monthly
WB_COAL_AU,2020-01,69.7,USD(원문단위),"Coal, Australia (Newcastle)",World Bank Pink Sheet monthly
WB_COAL_AU,2020-02,67.6,USD(원문단위),"Coal, Australia (Newcastle)",World Bank Pink Sheet monthly
WB_COAL_AU,2020-03,66.7,USD(원문단위),"Coal, Australia (Newcastle)",World Bank Pink Sheet monthly
WB_COAL_AU,2020-04,58.6,USD(원문단위),"Coal, Australia (Newcastle)",World Bank Pink Sheet monthly
WB_COAL_AU,2020-05,52.5,USD(원문단위),"Coal, Australia (Newcastle)",World Bank Pink Sheet monthly
WB_COAL_AU,2020-06,52.2,USD(원문단위),"Coal, Australia (Newcastle)",World Bank Pink Sheet monthly
WB_COAL_AU,2020-07,51.6,USD(원문단위),"Coal, Australia (Newcastle)",World Bank Pink Sheet monthly
WB_COAL_AU,2020-08,50.1,USD(원문단위),"Coal, Australia (Newcastle)",World Bank Pink Sheet monthly
WB_COAL_AU,2020-09,54.6,USD(원문단위),"Coal, Australia (Newcastle)",World Bank Pink Sheet monthly
WB_COAL_AU,2020-10,58.4,USD(원문단위),"Coal, Australia (Newcastle)",World Bank Pink Sheet monthly
WB_COAL_AU,2020-11,64.4,USD(원문단위),"Coal, Australia (Newcastle)",World Bank Pink Sheet monthly
WB_COAL_AU,2020-12,83.0,USD(원문단위),"Coal, Australia (Newcastle)",World Bank Pink Sheet monthly
WB_COAL_AU,2021-01,86.8,USD(원문단위),"Coal, Australia (Newcastle)",World Bank Pink Sheet monthly
WB_COAL_AU,2021-02,86.7,USD(원문단위),"Coal, Australia (Newcastle)",World Bank Pink Sheet monthly
WB_COAL_AU,2021-03,94.9,USD(원문단위),"Coal, Australia (Newcastle)",World Bank Pink Sheet monthly
WB_COAL_AU,2021-04,92.2,USD(원문단위),"Coal, Australia (Newcastle)",World Bank Pink Sheet monthly
WB_COAL_AU,2021-05,107.0,USD(원문단위),"Coal, Australia (Newcastle)",World Bank Pink Sheet monthly
WB_COAL_AU,2021-06,130.0,USD(원문단위),"Coal, Australia (Newcastle)",World Bank Pink Sheet monthly
WB_COAL_AU,2021-07,152.0,USD(원문단위),"Coal, Australia (Newcastle)",World Bank Pink Sheet monthly
WB_COAL_AU,2021-08,169.6,USD(원문단위),"Coal, Australia (Newcastle)",World Bank Pink Sheet monthly
WB_COAL_AU,2021-09,185.7,USD(원문단위),"Coal, Australia (Newcastle)",World Bank Pink Sheet monthly
WB_COAL_AU,2021-10,224.5,USD(원문단위),"Coal, Australia (Newcastle)",World Bank Pink Sheet monthly
WB_COAL_AU,2021-11,157.5,USD(원문단위),"Coal, Australia (Newcastle)",World Bank Pink Sheet monthly
WB_COAL_AU,2021-12,169.7,USD(원문단위),"Coal, Australia (Newcastle)",World Bank Pink Sheet monthly
WB_COAL_AU,2022-01,197.0,USD(원문단위),"Coal, Australia (Newcastle)",World Bank Pink Sheet monthly
WB_COAL_AU,2022-02,219.8,USD(원문단위),"Coal, Australia (Newcastle)",World Bank Pink Sheet monthly
WB_COAL_AU,2022-03,314.0,USD(원문단위),"Coal, Australia (Newcastle)",World Bank Pink Sheet monthly
WB_COAL_AU,2022-04,310.9,USD(원문단위),"Coal, Australia (Newcastle)",World Bank Pink Sheet monthly
WB_COAL_AU,2022-05,371.9,USD(원문단위),"Coal, Australia (Newcastle)",World Bank Pink Sheet monthly
WB_COAL_AU,2022-06,374.1,USD(원문단위),"Coal, Australia (Newcastle)",World Bank Pink Sheet monthly
WB_COAL_AU,2022-07,402.2,USD(원문단위),"Coal, Australia (Newcastle)",World Bank Pink Sheet monthly
WB_COAL_AU,2022-08,407.0,USD(원문단위),"Coal, Australia (Newcastle)",World Bank Pink Sheet monthly
WB_COAL_AU,2022-09,430.8,USD(원문단위),"Coal, Australia (Newcastle)",World Bank Pink Sheet monthly
WB_COAL_AU,2022-10,389.8,USD(원문단위),"Coal, Australia (Newcastle)",World Bank Pink Sheet monthly
WB_COAL_AU,2022-11,342.2,USD(원문단위),"Coal, Australia (Newcastle)",World Bank Pink Sheet monthly
WB_COAL_AU,2022-12,379.2,USD(원문단위),"Coal, Australia (Newcastle)",World Bank Pink Sheet monthly
WB_COAL_AU,2023-01,318.0,USD(원문단위),"Coal, Australia (Newcastle)",World Bank Pink Sheet monthly
WB_COAL_AU,2023-02,207.5,USD(원문단위),"Coal, Australia (Newcastle)",World Bank Pink Sheet monthly
WB_COAL_AU,2023-03,187.2,USD(원문단위),"Coal, Australia (Newcastle)",World Bank Pink Sheet monthly
WB_COAL_AU,2023-04,194.3,USD(원문단위),"Coal, Australia (Newcastle)",World Bank Pink Sheet monthly
WB_COAL_AU,2023-05,160.5,USD(원문단위),"Coal, Australia (Newcastle)",World Bank Pink Sheet monthly
WB_COAL_AU,2023-06,139.4,USD(원문단위),"Coal, Australia (Newcastle)",World Bank Pink Sheet monthly
WB_COAL_AU,2023-07,140.6,USD(원문단위),"Coal, Australia (Newcastle)",World Bank Pink Sheet monthly
WB_COAL_AU,2023-08,152.6,USD(원문단위),"Coal, Australia (Newcastle)",World Bank Pink Sheet monthly
WB_COAL_AU,2023-09,162.5,USD(원문단위),"Coal, Australia (Newcastle)",World Bank Pink Sheet monthly
WB_COAL_AU,2023-10,142.1,USD(원문단위),"Coal, Australia (Newcastle)",World Bank Pink Sheet monthly
WB_COAL_AU,2023-11,126.8,USD(원문단위),"Coal, Australia (Newcastle)",World Bank Pink Sheet monthly
WB_COAL_AU,2023-12,141.8,USD(원문단위),"Coal, Australia (Newcastle)",World Bank Pink Sheet monthly
WB_COAL_AU,2024-01,124.9,USD(원문단위),"Coal, Australia (Newcastle)",World Bank Pink Sheet monthly
WB_COAL_AU,2024-02,124.2,USD(원문단위),"Coal, Australia (Newcastle)",World Bank Pink Sheet monthly
WB_COAL_AU,2024-03,131.5,USD(원문단위),"Coal, Australia (Newcastle)",World Bank Pink Sheet monthly
WB_COAL_AU,2024-04,135.0,USD(원문단위),"Coal, Australia (Newcastle)",World Bank Pink Sheet monthly
WB_COAL_AU,2024-05,142.0,USD(원문단위),"Coal, Australia (Newcastle)",World Bank Pink Sheet monthly
WB_COAL_AU,2024-06,135.1,USD(원문단위),"Coal, Australia (Newcastle)",World Bank Pink Sheet monthly
WB_COAL_AU,2024-07,137.6,USD(원문단위),"Coal, Australia (Newcastle)",World Bank Pink Sheet monthly
WB_COAL_AU,2024-08,145.8,USD(원문단위),"Coal, Australia (Newcastle)",World Bank Pink Sheet monthly
WB_COAL_AU,2024-09,139.2,USD(원문단위),"Coal, Australia (Newcastle)",World Bank Pink Sheet monthly
WB_COAL_AU,2024-10,146.6,USD(원문단위),"Coal, Australia (Newcastle)",World Bank Pink Sheet monthly
WB_COAL_AU,2024-11,142.1,USD(원문단위),"Coal, Australia (Newcastle)",World Bank Pink Sheet monthly
WB_COAL_AU,2024-12,129.8,USD(원문단위),"Coal, Australia (Newcastle)",World Bank Pink Sheet monthly
WB_COAL_AU,2025-01,118.6,USD(원문단위),"Coal, Australia (Newcastle)",World Bank Pink Sheet monthly
WB_COAL_AU,2025-02,106.9,USD(원문단위),"Coal, Australia (Newcastle)",World Bank Pink Sheet monthly
WB_COAL_AU,2025-03,104.0,USD(원문단위),"Coal, Australia (Newcastle)",World Bank Pink Sheet monthly
WB_COAL_AU,2025-04,98.6,USD(원문단위),"Coal, Australia (Newcastle)",World Bank Pink Sheet monthly
WB_COAL_AU,2025-05,104.4,USD(원문단위),"Coal, Australia (Newcastle)",World Bank Pink Sheet monthly
WB_COAL_AU,2025-06,109.0,USD(원문단위),"Coal, Australia (Newcastle)",World Bank Pink Sheet monthly
WB_COAL_AU,2025-07,112.9,USD(원문단위),"Coal, Australia (Newcastle)",World Bank Pink Sheet monthly
WB_COAL_AU,2025-08,112.2,USD(원문단위),"Coal, Australia (Newcastle)",World Bank Pink Sheet monthly
WB_COAL_AU,2025-09,106.3,USD(원문단위),"Coal, Australia (Newcastle)",World Bank Pink Sheet monthly
WB_COAL_AU,2025-10,107.5,USD(원문단위),"Coal, Australia (Newcastle)",World Bank Pink Sheet monthly
WB_COAL_AU,2025-11,112.6,USD(원문단위),"Coal, Australia (Newcastle)",World Bank Pink Sheet monthly
WB_COAL_AU,2025-12,107.7,USD(원문단위),"Coal, Australia (Newcastle)",World Bank Pink Sheet monthly
WB_COAL_AU,2026-01,109.8,USD(원문단위),"Coal, Australia (Newcastle)",World Bank Pink Sheet monthly
WB_COAL_AU,2026-02,118.4,USD(원문단위),"Coal, Australia (Newcastle)",World Bank Pink Sheet monthly
WB_COAL_AU,2026-03,138.6,USD(원문단위),"Coal, Australia (Newcastle)",World Bank Pink Sheet monthly
WB_COAL_AU,2026-04,130.9,USD(원문단위),"Coal, Australia (Newcastle)",World Bank Pink Sheet monthly
WB_COAL_AU,2026-05,136.9,USD(원문단위),"Coal, Australia (Newcastle)",World Bank Pink Sheet monthly
WB_COAL_AU,2026-06,138.5,USD(원문단위),"Coal, Australia (Newcastle)",World Bank Pink Sheet monthly
WB_COAL_AU,2026-07,131.9,USD(원문단위),"Coal, Australia (Newcastle)",World Bank Pink Sheet monthly
EUA_EUA_EEXauc,2026-01,86.50625,원문단위 · 확인 필요,EUA 배출권 (xlsx: emission-spot-primary-market-auc),https://www.eex.com/en/market-data/environmental-markets/eua-primary-auction-spot-download
EUA_EUA_EEXauc,2026-02,73.77333333333334,원문단위 · 확인 필요,EUA 배출권 (xlsx: emission-spot-primary-market-auc),https://www.eex.com/en/market-data/environmental-markets/eua-primary-auction-spot-download
EUA_EUA_EEXauc,2026-03,68.16999999999999,원문단위 · 확인 필요,EUA 배출권 (xlsx: emission-spot-primary-market-auc),https://www.eex.com/en/market-data/environmental-markets/eua-primary-auction-spot-download
EUA_EUA_EEXauc,2026-04,72.81277777777778,원문단위 · 확인 필요,EUA 배출권 (xlsx: emission-spot-primary-market-auc),https://www.eex.com/en/market-data/environmental-markets/eua-primary-auction-spot-download
EUA_EUA_EEXauc,2026-05,74.95,원문단위 · 확인 필요,EUA 배출권 (xlsx: emission-spot-primary-market-auc),https://www.eex.com/en/market-data/environmental-markets/eua-primary-auction-spot-download
EUA_EUA_EEXauc,2026-06,77.81649999999999,원문단위 · 확인 필요,EUA 배출권 (xlsx: emission-spot-primary-market-auc),https://www.eex.com/en/market-data/environmental-markets/eua-primary-auction-spot-download
EUA_EUA_EEXauc,2026-07,80.26050000000001,원문단위 · 확인 필요,EUA 배출권 (xlsx: emission-spot-primary-market-auc),https://www.eex.com/en/market-data/environmental-markets/eua-primary-auction-spot-download
EUA_EUA_EEXauc,2026-08,81.58333333333333,원문단위 · 확인 필요,EUA 배출권 (xlsx: emission-spot-primary-market-auc),https://www.eex.com/en/market-data/environmental-markets/eua-primary-auction-spot-download
