date,ccy,krw_per_unit
2014-12-31,USD,1091.1787
2014-12-31,EUR,1324.8
2014-12-31,PLN,310.0253
2014-12-31,CNY,175.8008
2014-12-31,CAD,942.0465
2014-12-31,IDR,0.0879
2015-01-02,USD,1106.236
2015-01-02,EUR,1332.24
2015-01-02,PLN,309.4419
2015-01-02,CNY,178.2046
2015-01-02,CAD,946.933
2015-01-02,IDR,0.0884
2015-01-05,USD,1110.9778
2015-01-05,EUR,1323.73
2015-01-05,PLN,307.9946
2015-01-05,CNY,178.6145
2015-01-05,CAD,942.7605
2015-01-05,IDR,0.0881
2015-01-06,USD,1100.9904
2015-01-06,EUR,1311.72
2015-01-06,PLN,304.52
2015-01-06,CNY,177.2068
2015-01-06,CAD,936.0069
2015-01-06,IDR,0.0869
2015-01-07,USD,1102.4258
2015-01-07,EUR,1304.28
2015-01-07,PLN,302.561
2015-01-07,CNY,177.4241
2015-01-07,CAD,931.8948
2015-01-07,IDR,0.0867
2015-01-08,USD,1097.5697
2015-01-08,EUR,1291.62
2015-01-08,PLN,301.0629
2015-01-08,CNY,176.5666
2015-01-08,CAD,928.8889
2015-01-08,IDR,0.0868
2015-01-09,USD,1092.2628
2015-01-09,EUR,1290.29
2015-01-09,PLN,302.1827
2015-01-09,CNY,175.9782
2015-01-09,CAD,924.0779
2015-01-09,IDR,0.0864
2015-01-12,USD,1085.4202
2015-01-12,EUR,1281.23
2015-01-12,PLN,299.5978
2015-01-12,CNY,175.0458
2015-01-12,CAD,912.362
2015-01-12,IDR,0.0861
2015-01-13,USD,1082.7958
2015-01-13,EUR,1275.75
2015-01-13,PLN,297.9054
2015-01-13,CNY,174.6933
2015-01-13,CAD,904.9156
2015-01-13,IDR,0.086
2015-01-14,USD,1085.2314
2015-01-14,EUR,1277.86
2015-01-14,PLN,298.1266
2015-01-14,CNY,175.1261
2015-01-14,CAD,906.9913
2015-01-14,IDR,0.086
2015-01-15,USD,1078.7069
2015-01-15,EUR,1262.95
2015-01-15,PLN,293.6547
2015-01-15,CNY,174.1784
2015-01-15,CAD,911.5482
2015-01-15,IDR,0.0861
2015-01-16,USD,1077.5803
2015-01-16,EUR,1248.7
2015-01-16,PLN,289.1915
2015-01-16,CNY,173.609
2015-01-16,CAD,895.3822
2015-01-16,IDR,0.0856
2015-01-19,USD,1078.0095
2015-01-19,EUR,1251.03
2015-01-19,PLN,289.8318
2015-01-19,CNY,173.3017
2015-01-19,CAD,899.6333
2015-01-19,IDR,0.0854
2015-01-20,USD,1087.8401
2015-01-20,EUR,1259.61
2015-01-20,PLN,291.0711
2015-01-20,CNY,175.0723
2015-01-20,CAD,905.5428
2015-01-20,IDR,0.0867
2015-01-21,USD,1082.8776
2015-01-21,EUR,1255.38
2015-01-21,PLN,291.5556
2015-01-21,CNY,174.3172
2015-01-21,CAD,896.7641
2015-01-21,IDR,0.0867
2015-01-22,USD,1083.9904
2015-01-22,EUR,1259.38
2015-01-22,PLN,292.8995
2015-01-22,CNY,174.5648
2015-01-22,CAD,877.4333
2015-01-22,IDR,0.087
2015-01-23,USD,1079.5678
2015-01-23,EUR,1208.9
2015-01-23,PLN,285.9339
2015-01-23,CNY,173.319
2015-01-23,CAD,867.4033
2015-01-23,IDR,0.0865
2015-01-26,USD,1082.3906
2015-01-26,EUR,1217.04
2015-01-26,PLN,288.6923
2015-01-26,CNY,173.0618
2015-01-26,CAD,868.7558
2015-01-26,IDR,0.0866
2015-01-27,USD,1078.8342
2015-01-27,EUR,1219.73
2015-01-27,PLN,288.3522
2015-01-27,CNY,172.7589
2015-01-27,CAD,865.978
2015-01-27,IDR,0.0864
2015-01-28,USD,1085.8251
2015-01-28,EUR,1231.76
2015-01-28,PLN,290.7494
2015-01-28,CNY,173.808
2015-01-28,CAD,874.2087
2015-01-28,IDR,0.0868
2015-01-29,USD,1096.129
2015-01-29,EUR,1240.27
2015-01-29,PLN,293.0418
2015-01-29,CNY,175.4967
2015-01-29,CAD,874.7232
2015-01-29,IDR,0.0869
2015-01-30,USD,1102.6448
2015-01-30,EUR,1246.54
2015-01-30,PLN,296.2662
2015-01-30,CNY,176.4663
2015-01-30,CAD,870.3065
2015-01-30,IDR,0.0869
2015-02-02,USD,1101.786
2015-02-02,EUR,1246.12
2015-02-02,PLN,298.3218
2015-02-02,CNY,176.0778
2015-02-02,CAD,869.4669
2015-02-02,IDR,0.0867
2015-02-03,USD,1099.9121
2015-02-03,EUR,1251.26
2015-02-03,PLN,300.6391
2015-02-03,CNY,175.7881
2015-02-03,CAD,874.0291
2015-02-03,IDR,0.0871
2015-02-04,USD,1086.1786
2015-02-04,EUR,1243.24
2015-02-04,PLN,298.8055
2015-02-04,CNY,173.8165
2015-02-04,CAD,872.2655
2015-02-04,IDR,0.0859
2015-02-05,USD,1089.5355
2015-02-05,EUR,1243.16
2015-02-05,PLN,298.442
2015-02-05,CNY,174.3391
2015-02-05,CAD,869.951
2015-02-05,IDR,0.0864
2015-02-06,USD,1087.4989
2015-02-06,EUR,1244.86
2015-02-06,PLN,298.886
2015-02-06,CNY,174.0211
2015-02-06,CAD,873.8313
2015-02-06,IDR,0.0863
2015-02-09,USD,1096.8958
2015-02-09,EUR,1236.75
2015-02-09,PLN,295.7176
2015-02-09,CNY,175.6049
2015-02-09,CAD,877.5011
2015-02-09,IDR,0.0866
2015-02-10,USD,1095.1492
2015-02-10,EUR,1237.19
2015-02-10,PLN,294.5129
2015-02-10,CNY,175.4581
2015-02-10,CAD,878.1871
2015-02-10,IDR,0.0862
2015-02-11,USD,1104.9938
2015-02-11,EUR,1250.19
2015-02-11,PLN,296.394
2015-02-11,CNY,177.0055
2015-02-11,CAD,876.2195
2015-02-11,IDR,0.0862
2015-02-12,USD,1108.4922
2015-02-12,EUR,1255.7
2015-02-12,PLN,299.5753
2015-02-12,CNY,177.5343
2015-02-12,CAD,882.5555
2015-02-12,IDR,0.0865
2015-02-13,USD,1099.6485
2015-02-13,EUR,1251.51
2015-02-13,PLN,299.6337
2015-02-13,CNY,176.2417
2015-02-13,CAD,879.1781
2015-02-13,IDR,0.0859
2015-02-16,USD,1102.06
2015-02-16,EUR,1257.23
2015-02-16,PLN,300.5426
2015-02-16,CNY,176.3494
2015-02-16,CAD,884.9993
2015-02-16,IDR,0.0866
2015-02-17,USD,1105.9483
2015-02-17,EUR,1262.44
2015-02-17,PLN,301.4998
2015-02-17,CNY,176.8049
2015-02-17,CAD,893.7628
2015-02-17,IDR,0.0866
2015-02-18,USD,1114.1576
2015-02-18,EUR,1267.02
2015-02-18,PLN,302.3265
2015-02-18,CNY,178.1199
2015-02-18,CAD,894.9145
2015-02-18,IDR,0.0865
2015-02-19,USD,1113.2256
2015-02-19,EUR,1267.63
2015-02-19,PLN,304.0245
2015-02-19,CNY,177.9654
2015-02-19,CAD,889.1281
2015-02-19,IDR,0.0866
2015-02-20,USD,1110.7276
2015-02-20,EUR,1254.9
2015-02-20,PLN,300.1291
2015-02-20,CNY,177.6422
2015-02-20,CAD,891.7075
2015-02-20,IDR,0.0865
2015-02-23,USD,1109.4264
2015-02-23,EUR,1253.43
2015-02-23,PLN,300.2515
2015-02-23,CNY,177.3237
2015-02-23,CAD,879.2298
2015-02-23,IDR,0.0858
2015-02-24,USD,1113.7359
2015-02-24,EUR,1261.64
2015-02-24,PLN,302.8275
2015-02-24,CNY,178.0921
2015-02-24,CAD,880.9105
2015-02-24,IDR,0.0862
2015-02-25,USD,1100.7315
2015-02-25,EUR,1248.89
2015-02-25,PLN,300.1057
2015-02-25,CNY,175.8381
2015-02-25,CAD,884.7336
2015-02-25,IDR,0.0854
2015-02-26,USD,1096.2269
2015-02-26,EUR,1240.6
2015-02-26,PLN,298.6879
2015-02-26,CNY,175.1493
2015-02-26,CAD,879.11
2015-02-26,IDR,0.0853
2015-02-27,USD,1099.7865
2015-02-27,EUR,1236.16
2015-02-27,PLN,297.6977
2015-02-27,CNY,175.3792
2015-02-27,CAD,883.2869
2015-02-27,IDR,0.0849
2015-03-02,USD,1100.6057
2015-03-02,EUR,1235.65
2015-03-02,PLN,297.2957
2015-03-02,CNY,175.379
2015-03-02,CAD,881.0339
2015-03-02,IDR,0.0849
2015-03-03,USD,1097.4749
2015-03-03,EUR,1225.66
2015-03-03,PLN,294.7573
2015-03-03,CNY,174.9868
2015-03-03,CAD,876.6612
2015-03-03,IDR,0.0845
2015-03-04,USD,1098.8763
2015-03-04,EUR,1222.39
2015-03-04,PLN,292.9494
2015-03-04,CNY,175.2933
2015-03-04,CAD,878.0276
2015-03-04,IDR,0.0846
2015-03-05,USD,1101.1293
2015-03-05,EUR,1218.84
2015-03-05,PLN,294.4271
2015-03-05,CNY,175.6709
2015-03-05,CAD,885.1416
2015-03-05,IDR,0.0849
2015-03-06,USD,1098.0845
2015-03-06,EUR,1203.83
2015-03-06,PLN,292.3479
2015-03-06,CNY,175.3551
2015-03-06,CAD,880.8942
2015-03-06,IDR,0.0849
2015-03-09,USD,1113.453
2015-03-09,EUR,1209.21
2015-03-09,PLN,293.633
2015-03-09,CNY,177.7361
2015-03-09,CAD,884.3133
2015-03-09,IDR,0.0852
2015-03-10,USD,1123.7288
2015-03-10,EUR,1206.66
2015-03-10,PLN,291.6892
2015-03-10,CNY,179.4664
2015-03-10,CAD,889.4737
2015-03-10,IDR,0.0858
2015-03-11,USD,1128.0393
2015-03-11,EUR,1193.24
2015-03-11,PLN,288.4661
2015-03-11,CNY,180.1253
2015-03-11,CAD,888.3562
2015-03-11,IDR,0.0856
2015-03-12,USD,1120.1168
2015-03-12,EUR,1188.78
2015-03-12,PLN,287.3462
2015-03-12,CNY,178.8769
2015-03-12,CAD,885.0357
2015-03-12,IDR,0.0853
2015-03-13,USD,1134.2981
2015-03-13,EUR,1199.18
2015-03-13,PLN,288.6877
2015-03-13,CNY,181.2217
2015-03-13,CAD,890.7889
2015-03-13,IDR,0.0858
2015-03-16,USD,1132.2535
2015-03-16,EUR,1195.32
2015-03-16,PLN,289.5569
2015-03-16,CNY,180.7995
2015-03-16,CAD,885.8816
2015-03-16,IDR,0.0855
2015-03-17,USD,1126.4316
2015-03-17,EUR,1197.96
2015-03-17,PLN,289.4182
2015-03-17,CNY,180.2311
2015-03-17,CAD,881.8255
2015-03-17,IDR,0.0856
2015-03-18,USD,1129.4279
2015-03-18,EUR,1196.29
2015-03-18,PLN,288.499
2015-03-18,CNY,181.3055
2015-03-18,CAD,880.7259
2015-03-18,IDR,0.0857
2015-03-19,USD,1121.9069
2015-03-19,EUR,1197.86
2015-03-19,PLN,290.123
2015-03-19,CNY,181.1098
2015-03-19,CAD,882.2065
2015-03-19,IDR,0.086
2015-03-20,USD,1120.9725
2015-03-20,EUR,1207.96
2015-03-20,PLN,292.6827
2015-03-20,CNY,180.6592
2015-03-20,CAD,884.6283
2015-03-20,IDR,0.0858
2015-03-23,USD,1107.4963
2015-03-23,EUR,1208.5
2015-03-23,PLN,293.2185
2015-03-23,CNY,178.2133
2015-03-23,CAD,884.2467
2015-03-23,IDR,0.0853
2015-03-24,USD,1104.4932
2015-03-24,EUR,1209.42
2015-03-24,PLN,294.041
2015-03-24,CNY,177.9056
2015-03-24,CAD,886.0869
2015-03-24,IDR,0.0855
2015-03-25,USD,1099.8817
2015-03-25,EUR,1208.22
2015-03-25,PLN,295.712
2015-03-25,CNY,177.0441
2015-03-25,CAD,881.2049
2015-03-25,IDR,0.0848
2015-03-26,USD,1104.6569
2015-03-26,EUR,1212.14
2015-03-26,PLN,297.3628
2015-03-26,CNY,177.8009
2015-03-26,CAD,887.8195
2015-03-26,IDR,0.0847
2015-03-27,USD,1104.8545
2015-03-27,EUR,1199.43
2015-03-27,PLN,292.701
2015-03-27,CNY,177.7513
2015-03-27,CAD,883.2327
2015-03-27,IDR,0.0848
2015-03-30,USD,1107.4597
2015-03-30,EUR,1201.04
2015-03-30,PLN,293.3802
2015-03-30,CNY,178.397
2015-03-30,CAD,876.096
2015-03-30,IDR,0.0847
2015-03-31,USD,1108.4487
2015-03-31,EUR,1192.58
2015-03-31,PLN,291.9127
2015-03-31,CNY,178.7708
2015-03-31,CAD,868.0885
2015-03-31,IDR,0.0849
2015-04-01,USD,1104.2957
2015-04-01,EUR,1187.67
2015-04-01,PLN,292.4719
2015-04-01,CNY,178.163
2015-04-01,CAD,871.2368
2015-04-01,IDR,0.0847
2015-04-02,USD,1092.6223
2015-04-02,EUR,1183.31
2015-04-02,PLN,291.1187
2015-04-02,CNY,176.3371
2015-04-02,CAD,864.1715
2015-04-02,IDR,0.084
2015-04-07,USD,1090.8823
2015-04-07,EUR,1183.28
2015-04-07,PLN,291.6063
2015-04-07,CNY,175.976
2015-04-07,CAD,872.4324
2015-04-07,IDR,0.084
2015-04-08,USD,1090.5818
2015-04-08,EUR,1184.59
2015-04-08,PLN,294.8869
2015-04-08,CNY,175.8152
2015-04-08,CAD,878.3199
2015-04-08,IDR,0.0843
2015-04-09,USD,1090.9504
2015-04-09,EUR,1175.39
2015-04-09,PLN,292.6258
2015-04-09,CNY,175.7908
2015-04-09,CAD,871.1109
2015-04-09,IDR,0.0846
2015-04-10,USD,1095.4778
2015-04-10,EUR,1157.92
2015-04-10,PLN,288.176
2015-04-10,CNY,176.4423
2015-04-10,CAD,865.0232
2015-04-10,IDR,0.0847
2015-04-13,USD,1102.445
2015-04-13,EUR,1163.3
2015-04-13,PLN,289.8395
2015-04-13,CNY,177.4622
2015-04-13,CAD,873.0862
2015-04-13,IDR,0.0848
2015-04-14,USD,1095.1723
2015-04-14,EUR,1156.94
2015-04-14,PLN,288.4777
2015-04-14,CNY,176.2741
2015-04-14,CAD,870.4033
2015-04-14,IDR,0.0844
2015-04-15,USD,1096.0393
2015-04-15,EUR,1159.5
2015-04-15,PLN,288.5908
2015-04-15,CNY,176.6346
2015-04-15,CAD,873.3148
2015-04-15,IDR,0.0847
2015-04-16,USD,1087.2561
2015-04-16,EUR,1164.56
2015-04-16,PLN,288.901
2015-04-16,CNY,175.4463
2015-04-16,CAD,883.5812
2015-04-16,IDR,0.0846
2015-04-17,USD,1079.2584
2015-04-17,EUR,1167.11
2015-04-17,PLN,290.4198
2015-04-17,CNY,174.1617
2015-04-17,CAD,885.3144
2015-04-17,IDR,0.0843
2015-04-20,USD,1082.02
2015-04-20,EUR,1160.25
2015-04-20,PLN,290.8551
2015-04-20,CNY,174.3609
2015-04-20,CAD,883.1253
2015-04-20,IDR,0.0838
2015-04-21,USD,1083.0093
2015-04-21,EUR,1158.82
2015-04-21,PLN,292.0193
2015-04-21,CNY,174.6315
2015-04-21,CAD,885.6095
2015-04-21,IDR,0.0836
2015-04-22,USD,1077.753
2015-04-22,EUR,1157.83
2015-04-22,PLN,289.2984
2015-04-22,CNY,173.9973
2015-04-22,CAD,880.3452
2015-04-22,IDR,0.0836
2015-04-23,USD,1083.9584
2015-04-23,EUR,1167.64
2015-04-23,PLN,290.5661
2015-04-23,CNY,174.8907
2015-04-23,CAD,886.5907
2015-04-23,IDR,0.0837
2015-04-24,USD,1078.252
2015-04-24,EUR,1167.1
2015-04-24,PLN,290.8226
2015-04-24,CNY,174.0563
2015-04-24,CAD,889.6936
2015-04-24,IDR,0.0832
2015-04-27,USD,1074.0898
2015-04-27,EUR,1162.38
2015-04-27,PLN,290.3264
2015-04-27,CNY,172.688
2015-04-27,CAD,883.6032
2015-04-27,IDR,0.0827
2015-04-28,USD,1068.1614
2015-04-28,EUR,1167.18
2015-04-28,PLN,291.6856
2015-04-28,CNY,172.1352
2015-04-28,CAD,885.0318
2015-04-28,IDR,0.0825
2015-04-29,USD,1071.7506
2015-04-29,EUR,1179.14
2015-04-29,PLN,293.9033
2015-04-29,CNY,172.8665
2015-04-29,CAD,889.1117
2015-04-29,IDR,0.083
2015-04-30,USD,1072.2069
2015-04-30,EUR,1202.48
2015-04-30,PLN,298.7528
2015-04-30,CNY,172.8496
2015-04-30,CAD,892.0475
2015-04-30,IDR,0.0827
2015-05-04,USD,1082.0301
2015-05-04,EUR,1206.68
2015-05-04,PLN,298.0929
2015-05-04,CNY,174.2624
2015-05-04,CAD,893.0432
2015-05-04,IDR,0.0831
2015-05-05,USD,1083.6737
2015-05-05,EUR,1204.72
2015-05-05,PLN,299.8158
2015-05-05,CNY,174.7237
2015-05-05,CAD,896.369
2015-05-05,IDR,0.0829
2015-05-06,USD,1082.6714
2015-05-06,EUR,1215.84
2015-05-06,PLN,300.3335
2015-05-06,CNY,174.6144
2015-05-06,CAD,901.4903
2015-05-06,IDR,0.0829
2015-05-07,USD,1091.5789
2015-05-07,EUR,1234.03
2015-05-07,PLN,304.9925
2015-05-07,CNY,175.9657
2015-05-07,CAD,904.3826
2015-05-07,IDR,0.0831
2015-05-08,USD,1093.5567
2015-05-08,EUR,1227.08
2015-05-08,PLN,301.6495
2015-05-08,CNY,176.2059
2015-05-08,CAD,903.527
2015-05-08,IDR,0.0833
2015-05-11,USD,1094.6329
2015-05-11,EUR,1219.64
2015-05-11,PLN,299.9016
2015-05-11,CNY,176.2638
2015-05-11,CAD,903.6378
2015-05-11,IDR,0.0833
2015-05-12,USD,1095.5156
2015-05-12,EUR,1231.25
2015-05-12,PLN,300.0999
2015-05-12,CNY,176.3413
2015-05-12,CAD,909.8803
2015-05-12,IDR,0.0829
2015-05-13,USD,1095.2945
2015-05-13,EUR,1229.03
2015-05-13,PLN,300.7022
2015-05-13,CNY,176.529
2015-05-13,CAD,914.7291
2015-05-13,IDR,0.0835
2015-05-14,USD,1090.6034
2015-05-14,EUR,1245.36
2015-05-14,PLN,305.0334
2015-05-14,CNY,175.8685
2015-05-14,CAD,912.686
2015-05-14,IDR,0.0836
2015-05-15,USD,1089.7599
2015-05-15,EUR,1234.48
2015-05-15,PLN,305.3225
2015-05-15,CNY,175.6567
2015-05-15,CAD,905.3095
2015-05-15,IDR,0.083
2015-05-18,USD,1086.0831
2015-05-18,EUR,1236.94
2015-05-18,PLN,304.5525
2015-05-18,CNY,175.0527
2015-05-18,CAD,900.7063
2015-05-18,IDR,0.0826
2015-05-19,USD,1090.5993
2015-05-19,EUR,1219.29
2015-05-19,PLN,301.1634
2015-05-19,CNY,175.7307
2015-05-19,CAD,895.3517
2015-05-19,IDR,0.083
2015-05-20,USD,1095.7456
2015-05-20,EUR,1218.25
2015-05-20,PLN,299.6704
2015-05-20,CNY,176.6245
2015-05-20,CAD,897.2234
2015-05-20,IDR,0.0834
2015-05-21,USD,1094.1615
2015-05-21,EUR,1218.13
2015-05-21,PLN,297.4023
2015-05-21,CNY,176.5918
2015-05-21,CAD,895.6838
2015-05-21,IDR,0.0833
2015-05-22,USD,1091.1412
2015-05-22,EUR,1218.15
2015-05-22,PLN,297.088
2015-05-22,CNY,176.0485
2015-05-22,CAD,894.3833
2015-05-22,IDR,0.083
2015-05-25,USD,1097.1124
2015-05-25,EUR,1204.41
2015-05-25,PLN,293.2222
2015-05-25,CNY,176.8642
2015-05-25,CAD,892.42
2015-05-25,IDR,0.0832
2015-05-26,USD,1104.7227
2015-05-26,EUR,1207.02
2015-05-26,PLN,291.6141
2015-05-26,CNY,178.0659
2015-05-26,CAD,892.7663
2015-05-26,IDR,0.0836
2015-05-27,USD,1109.3805
2015-05-27,EUR,1205.12
2015-05-27,PLN,291.5495
2015-05-27,CNY,178.9658
2015-05-27,CAD,890.6363
2015-05-27,IDR,0.0839
2015-05-28,USD,1108.9391
2015-05-28,EUR,1208.3
2015-05-28,PLN,292.6445
2015-05-28,CNY,178.8273
2015-05-28,CAD,888.848
2015-05-28,IDR,0.084
2015-05-29,USD,1112.4066
2015-05-29,EUR,1220.31
2015-05-29,PLN,295.4889
2015-05-29,CNY,179.4732
2015-05-29,CAD,894.0
2015-05-29,IDR,0.0841
2015-06-01,USD,1112.1436
2015-06-01,EUR,1217.13
2015-06-01,PLN,294.4551
2015-06-01,CNY,179.4992
2015-06-01,CAD,890.1704
2015-06-01,IDR,0.0843
2015-06-02,USD,1114.1808
2015-06-02,EUR,1228.83
2015-06-02,PLN,297.624
2015-06-02,CNY,179.7639
2015-06-02,CAD,891.4901
2015-06-02,IDR,0.0843
2015-06-03,USD,1107.8139
2015-06-03,EUR,1233.44
2015-06-03,PLN,298.936
2015-06-03,CNY,178.6921
2015-06-03,CAD,890.1848
2015-06-03,IDR,0.0836
2015-06-04,USD,1110.6477
2015-06-04,EUR,1256.92
2015-06-04,PLN,301.4775
2015-06-04,CNY,179.1071
2015-06-04,CAD,892.1286
2015-06-04,IDR,0.0835
2015-06-05,USD,1114.0489
2015-06-05,EUR,1249.74
2015-06-05,PLN,301.5709
2015-06-05,CNY,179.5707
2015-06-05,CAD,891.2073
2015-06-05,IDR,0.0838
2015-06-08,USD,1121.7345
2015-06-08,EUR,1252.08
2015-06-08,PLN,301.3357
2015-06-08,CNY,180.7327
2015-06-08,CAD,902.1399
2015-06-08,IDR,0.084
2015-06-09,USD,1118.9261
2015-06-09,EUR,1258.68
2015-06-09,PLN,302.1533
2015-06-09,CNY,180.3008
2015-06-09,CAD,906.2424
2015-06-09,IDR,0.0839
2015-06-10,USD,1112.6873
2015-06-10,EUR,1255.0
2015-06-10,PLN,302.4096
2015-06-10,CNY,179.2652
2015-06-10,CAD,909.3544
2015-06-10,IDR,0.0838
2015-06-11,USD,1114.8771
2015-06-11,EUR,1252.23
2015-06-11,PLN,302.4345
2015-06-11,CNY,179.6419
2015-06-11,CAD,904.8558
2015-06-11,IDR,0.0838
2015-06-12,USD,1115.4011
2015-06-12,EUR,1251.48
2015-06-12,PLN,301.5832
2015-06-12,CNY,179.6684
2015-06-12,CAD,906.6068
2015-06-12,IDR,0.0837
2015-06-15,USD,1117.4006
2015-06-15,EUR,1253.5
2015-06-15,PLN,301.5178
2015-06-15,CNY,179.9635
2015-06-15,CAD,905.381
2015-06-15,IDR,0.0838
2015-06-16,USD,1119.9733
2015-06-16,EUR,1256.05
2015-06-16,PLN,303.0424
2015-06-16,CNY,180.3348
2015-06-16,CAD,907.3539
2015-06-16,IDR,0.0839
2015-06-17,USD,1120.0816
2015-06-17,EUR,1263.34
2015-06-17,PLN,303.8628
2015-06-17,CNY,180.4514
2015-06-17,CAD,909.7285
2015-06-17,IDR,0.0839
2015-06-18,USD,1103.3146
2015-06-18,EUR,1258.22
2015-06-18,PLN,301.9704
2015-06-18,CNY,177.7498
2015-06-18,CAD,907.3484
2015-06-18,IDR,0.0829
2015-06-19,USD,1106.089
2015-06-19,EUR,1249.77
2015-06-19,PLN,299.4968
2015-06-19,CNY,178.1314
2015-06-19,CAD,901.3848
2015-06-19,IDR,0.083
2015-06-22,USD,1100.9431
2015-06-22,EUR,1249.02
2015-06-22,PLN,300.0649
2015-06-22,CNY,177.3018
2015-06-22,CAD,899.9352
2015-06-22,IDR,0.0828
2015-06-23,USD,1105.8104
2015-06-23,EUR,1238.95
2015-06-23,PLN,297.1317
2015-06-23,CNY,178.1662
2015-06-23,CAD,896.1664
2015-06-23,IDR,0.0833
2015-06-24,USD,1109.7119
2015-06-24,EUR,1244.32
2015-06-24,PLN,298.6057
2015-06-24,CNY,178.7328
2015-06-24,CAD,902.1388
2015-06-24,IDR,0.0834
2015-06-25,USD,1111.2975
2015-06-25,EUR,1245.32
2015-06-25,PLN,298.4447
2015-06-25,CNY,178.9767
2015-06-25,CAD,897.3339
2015-06-25,IDR,0.0835
2015-06-26,USD,1123.4512
2015-06-26,EUR,1258.49
2015-06-26,PLN,301.3842
2015-06-26,CNY,180.9397
2015-06-26,CAD,908.5914
2015-06-26,IDR,0.0843
2015-06-29,USD,1122.5007
2015-06-29,EUR,1249.68
2015-06-29,PLN,298.3028
2015-06-29,CNY,180.796
2015-06-29,CAD,907.1429
2015-06-29,IDR,0.084
2015-06-30,USD,1118.3037
2015-06-30,EUR,1251.27
2015-06-30,PLN,298.5541
2015-06-30,CNY,180.3866
2015-06-30,CAD,904.1622
2015-06-30,IDR,0.0838
2015-07-01,USD,1123.3063
2015-07-01,EUR,1246.87
2015-07-01,PLN,297.5752
2015-07-01,CNY,181.1311
2015-07-01,CAD,896.8997
2015-07-01,IDR,0.0842
2015-07-02,USD,1125.131
2015-07-02,EUR,1245.07
2015-07-02,PLN,296.9614
2015-07-02,CNY,181.3411
2015-07-02,CAD,891.6923
2015-07-02,IDR,0.0844
2015-07-03,USD,1123.6572
2015-07-03,EUR,1246.81
2015-07-03,PLN,297.1779
2015-07-03,CNY,181.075
2015-07-03,CAD,893.0664
2015-07-03,IDR,0.0843
2015-07-06,USD,1128.2249
2015-07-06,EUR,1241.95
2015-07-06,PLN,295.6672
2015-07-06,CNY,181.739
2015-07-06,CAD,892.5902
2015-07-06,IDR,0.0845
2015-07-07,USD,1132.943
2015-07-07,EUR,1238.42
2015-07-07,PLN,295.2204
2015-07-07,CNY,182.3646
2015-07-07,CAD,889.3501
2015-07-07,IDR,0.085
2015-07-08,USD,1133.4271
2015-07-08,EUR,1249.49
2015-07-08,PLN,295.8283
2015-07-08,CNY,182.5432
2015-07-08,CAD,889.4433
2015-07-08,IDR,0.0849
2015-07-09,USD,1130.1701
2015-07-09,EUR,1249.29
2015-07-09,PLN,296.5181
2015-07-09,CNY,182.0273
2015-07-09,CAD,890.9499
2015-07-09,IDR,0.0848
2015-07-10,USD,1126.8485
2015-07-10,EUR,1260.38
2015-07-10,PLN,301.844
2015-07-10,CNY,181.475
2015-07-10,CAD,886.8421
2015-07-10,IDR,0.0848
2015-07-13,USD,1133.451
2015-07-13,EUR,1252.35
2015-07-13,PLN,301.9967
2015-07-13,CNY,182.5663
2015-07-13,CAD,891.0352
2015-07-13,IDR,0.0852
2015-07-14,USD,1141.6281
2015-07-14,EUR,1259.33
2015-07-14,PLN,303.453
2015-07-14,CNY,183.9029
2015-07-14,CAD,894.6647
2015-07-14,IDR,0.0856
2015-07-15,USD,1143.5734
2015-07-15,EUR,1258.96
2015-07-15,PLN,304.9068
2015-07-15,CNY,184.1743
2015-07-15,CAD,897.3343
2015-07-15,IDR,0.0857
2015-07-16,USD,1148.6519
2015-07-16,EUR,1248.24
2015-07-16,PLN,303.8263
2015-07-16,CNY,184.9354
2015-07-16,CAD,887.1642
2015-07-16,IDR,0.0858
2015-07-17,USD,1147.0475
2015-07-17,EUR,1249.02
2015-07-17,PLN,304.2457
2015-07-17,CNY,184.7253
2015-07-17,CAD,883.8239
2015-07-17,IDR,0.086
2015-07-20,USD,1155.9989
2015-07-20,EUR,1254.49
2015-07-20,PLN,304.6875
2015-07-20,CNY,186.1869
2015-07-20,CAD,890.2775
2015-07-20,IDR,0.0862
2015-07-21,USD,1152.9953
2015-07-21,EUR,1252.96
2015-07-21,PLN,304.5748
2015-07-21,CNY,185.6815
2015-07-21,CAD,887.4911
2015-07-21,IDR,0.0862
2015-07-22,USD,1153.4581
2015-07-22,EUR,1257.5
2015-07-22,PLN,305.1592
2015-07-22,CNY,185.7597
2015-07-22,CAD,887.6262
2015-07-22,IDR,0.086
2015-07-23,USD,1158.9235
2015-07-23,EUR,1274.7
2015-07-23,PLN,309.1756
2015-07-23,CNY,186.6352
2015-07-23,CAD,893.21
2015-07-23,IDR,0.0864
2015-07-24,USD,1174.1201
2015-07-24,EUR,1284.37
2015-07-24,PLN,311.0909
2015-07-24,CNY,189.106
2015-07-24,CAD,896.9064
2015-07-24,IDR,0.0871
2015-07-27,USD,1169.6419
2015-07-27,EUR,1293.39
2015-07-27,PLN,313.2833
2015-07-27,CNY,188.3541
2015-07-27,CAD,897.6265
2015-07-27,IDR,0.0867
2015-07-28,USD,1164.4717
2015-07-28,EUR,1283.83
2015-07-28,PLN,311.4883
2015-07-28,CNY,187.5327
2015-07-28,CAD,894.7798
2015-07-28,IDR,0.0866
2015-07-29,USD,1157.8694
2015-07-29,EUR,1277.13
2015-07-29,PLN,308.5451
2015-07-29,CNY,186.4804
2015-07-29,CAD,893.7854
2015-07-29,IDR,0.086
2015-07-30,USD,1173.1721
2015-07-30,EUR,1285.21
2015-07-30,PLN,310.2424
2015-07-30,CNY,188.9265
2015-07-30,CAD,903.8045
2015-07-30,IDR,0.087
2015-07-31,USD,1173.8944
2015-07-31,EUR,1287.41
2015-07-31,PLN,310.7059
2015-07-31,CNY,189.0414
2015-07-31,CAD,899.6576
2015-07-31,IDR,0.0866
2015-08-03,USD,1170.642
2015-08-03,EUR,1281.97
2015-08-03,PLN,308.9233
2015-08-03,CNY,188.5195
2015-08-03,CAD,890.0097
2015-08-03,IDR,0.0867
2015-08-04,USD,1161.7425
2015-08-04,EUR,1274.78
2015-08-04,PLN,307.1907
2015-08-04,CNY,187.0742
2015-08-04,CAD,884.7723
2015-08-04,IDR,0.0862
2015-08-05,USD,1169.9348
2015-08-05,EUR,1273.24
2015-08-05,PLN,305.3553
2015-08-05,CNY,188.4049
2015-08-05,CAD,888.2657
2015-08-05,IDR,0.0866
2015-08-06,USD,1167.1291
2015-08-06,EUR,1270.42
2015-08-06,PLN,303.5941
2015-08-06,CNY,187.9514
2015-08-06,CAD,886.3601
2015-08-06,IDR,0.0863
2015-08-07,USD,1163.0198
2015-08-07,EUR,1272.46
2015-08-07,PLN,304.0308
2015-08-07,CNY,187.2917
2015-08-07,CAD,889.024
2015-08-07,IDR,0.0859
2015-08-10,USD,1163.4033
2015-08-10,EUR,1275.09
2015-08-10,PLN,303.8243
2015-08-10,CNY,187.3534
2015-08-10,CAD,885.9714
2015-08-10,IDR,0.086
2015-08-11,USD,1179.9186
2015-08-11,EUR,1304.4
2015-08-11,PLN,310.7712
2015-08-11,CNY,186.5481
2015-08-11,CAD,902.4491
2015-08-11,IDR,0.0865
2015-08-12,USD,1174.6571
2015-08-12,EUR,1310.33
2015-08-12,PLN,312.81
2015-08-12,CNY,183.9473
2015-08-12,CAD,905.7372
2015-08-12,IDR,0.0854
2015-08-13,USD,1178.4499
2015-08-13,EUR,1309.14
2015-08-13,PLN,312.5782
2015-08-13,CNY,184.1836
2015-08-13,CAD,905.6659
2015-08-13,IDR,0.0852
2015-08-14,USD,1176.9582
2015-08-14,EUR,1314.78
2015-08-14,PLN,314.0748
2015-08-14,CNY,184.1532
2015-08-14,CAD,902.3265
2015-08-14,IDR,0.0854
2015-08-17,USD,1185.6216
2015-08-17,EUR,1316.04
2015-08-17,PLN,315.5366
2015-08-17,CNY,185.4021
2015-08-17,CAD,902.5718
2015-08-17,IDR,0.0855
2015-08-18,USD,1182.5859
2015-08-18,EUR,1307.94
2015-08-18,PLN,314.2123
2015-08-18,CNY,184.9463
2015-08-18,CAD,902.401
2015-08-18,IDR,0.0856
2015-08-19,USD,1185.3908
2015-08-19,EUR,1308.79
2015-08-19,PLN,313.6254
2015-08-19,CNY,185.3443
2015-08-19,CAD,906.9295
2015-08-19,IDR,0.0856
2015-08-20,USD,1191.5676
2015-08-20,EUR,1332.53
2015-08-20,PLN,317.9959
2015-08-20,CNY,186.5009
2015-08-20,CAD,907.7798
2015-08-20,IDR,0.0857
2015-08-21,USD,1193.5201
2015-08-21,EUR,1346.41
2015-08-21,PLN,320.284
2015-08-21,CNY,186.8353
2015-08-21,CAD,910.5363
2015-08-21,IDR,0.0856
2015-08-24,USD,1208.3587
2015-08-24,EUR,1389.25
2015-08-24,PLN,327.4371
2015-08-24,CNY,188.6645
2015-08-24,CAD,911.8207
2015-08-24,IDR,0.086
2015-08-25,USD,1179.3412
2015-08-25,EUR,1356.95
2015-08-25,PLN,321.2324
2015-08-25,CNY,183.9035
2015-08-25,CAD,893.8476
2015-08-25,IDR,0.084
2015-08-26,USD,1187.1338
2015-08-26,EUR,1353.57
2015-08-26,PLN,319.9173
2015-08-26,CNY,185.2201
2015-08-26,CAD,894.9223
2015-08-26,IDR,0.0841
2015-08-27,USD,1179.4311
2015-08-27,EUR,1330.87
2015-08-27,PLN,314.2031
2015-08-27,CNY,184.1245
2015-08-27,CAD,891.7649
2015-08-27,IDR,0.0843
2015-08-28,USD,1177.8488
2015-08-28,EUR,1327.2
2015-08-28,PLN,312.982
2015-08-28,CNY,184.3385
2015-08-28,CAD,887.5217
2015-08-28,IDR,0.084
2015-08-31,USD,1183.2011
2015-08-31,EUR,1326.96
2015-08-31,PLN,313.7837
2015-08-31,CNY,185.384
2015-08-31,CAD,892.7942
2015-08-31,IDR,0.0841
2015-09-01,USD,1176.1125
2015-09-01,EUR,1321.48
2015-09-01,PLN,311.8537
2015-09-01,CNY,184.7862
2015-09-01,CAD,889.5261
2015-09-01,IDR,0.0833
2015-09-02,USD,1184.1493
2015-09-02,EUR,1332.76
2015-09-02,PLN,314.6344
2015-09-02,CNY,186.3036
2015-09-02,CAD,893.3307
2015-09-02,IDR,0.0837
2015-09-03,USD,1191.5843
2015-09-03,EUR,1338.03
2015-09-03,PLN,316.095
2015-09-03,CNY,187.4779
2015-09-03,CAD,898.4288
2015-09-03,IDR,0.0839
2015-09-04,USD,1188.6604
2015-09-04,EUR,1323.93
2015-09-04,PLN,313.1265
2015-09-04,CNY,187.0169
2015-09-04,CAD,898.4324
2015-09-04,IDR,0.0839
2015-09-07,USD,1201.911
2015-09-07,EUR,1339.65
2015-09-07,PLN,316.7171
2015-09-07,CNY,188.8054
2015-09-07,CAD,905.0466
2015-09-07,IDR,0.084
2015-09-08,USD,1195.189
2015-09-08,EUR,1334.07
2015-09-08,PLN,315.6217
2015-09-08,CNY,187.6989
2015-09-08,CAD,904.0252
2015-09-08,IDR,0.0837
2015-09-09,USD,1189.9363
2015-09-09,EUR,1325.47
2015-09-09,PLN,315.0855
2015-09-09,CNY,186.5624
2015-09-09,CAD,898.1975
2015-09-09,IDR,0.0835
2015-09-10,USD,1186.4998
2015-09-10,EUR,1327.1
2015-09-10,PLN,315.0386
2015-09-10,CNY,186.0534
2015-09-10,CAD,895.3583
2015-09-10,IDR,0.083
2015-09-11,USD,1183.218
2015-09-11,EUR,1333.25
2015-09-11,PLN,316.837
2015-09-11,CNY,185.6067
2015-09-11,CAD,892.1044
2015-09-11,IDR,0.0827
2015-09-14,USD,1181.5657
2015-09-14,EUR,1335.76
2015-09-14,PLN,317.3053
2015-09-14,CNY,185.5016
2015-09-14,CAD,891.5171
2015-09-14,IDR,0.0824
2015-09-15,USD,1179.8057
2015-09-15,EUR,1335.54
2015-09-15,PLN,317.9025
2015-09-15,CNY,185.2164
2015-09-15,CAD,891.3107
2015-09-15,IDR,0.0818
2015-09-16,USD,1174.813
2015-09-16,EUR,1319.08
2015-09-16,PLN,314.2912
2015-09-16,CNY,184.4068
2015-09-16,CAD,886.6573
2015-09-16,IDR,0.0814
2015-09-17,USD,1162.9066
2015-09-17,EUR,1315.48
2015-09-17,PLN,312.9413
2015-09-17,CNY,182.665
2015-09-17,CAD,881.3936
2015-09-17,IDR,0.0803
2015-09-18,USD,1163.8497
2015-09-18,EUR,1329.0
2015-09-18,PLN,316.2027
2015-09-18,CNY,182.8715
2015-09-18,CAD,893.3853
2015-09-18,IDR,0.081
2015-09-21,USD,1178.1867
2015-09-21,EUR,1325.46
2015-09-21,PLN,316.5958
2015-09-21,CNY,185.009
2015-09-21,CAD,893.7091
2015-09-21,IDR,0.0814
2015-09-22,USD,1185.2532
2015-09-22,EUR,1322.15
2015-09-22,PLN,315.0226
2015-09-22,CNY,185.8806
2015-09-22,CAD,893.1032
2015-09-22,IDR,0.0813
2015-09-23,USD,1191.2466
2015-09-23,EUR,1328.24
2015-09-23,PLN,315.9768
2015-09-23,CNY,186.6423
2015-09-23,CAD,898.0663
2015-09-23,IDR,0.0815
2015-09-24,USD,1195.8456
2015-09-24,EUR,1344.25
2015-09-24,PLN,317.7896
2015-09-24,CNY,187.3702
2015-09-24,CAD,893.8427
2015-09-24,IDR,0.0811
2015-09-25,USD,1189.9561
2015-09-25,EUR,1326.92
2015-09-25,PLN,314.302
2015-09-25,CNY,186.6745
2015-09-25,CAD,893.8498
2015-09-25,IDR,0.0812
2015-09-28,USD,1194.3688
2015-09-28,EUR,1334.11
2015-09-28,PLN,315.0721
2015-09-28,CNY,187.6412
2015-09-28,CAD,894.1157
2015-09-28,IDR,0.0812
2015-09-29,USD,1194.7787
2015-09-29,EUR,1338.63
2015-09-29,PLN,316.0426
2015-09-29,CNY,187.704
2015-09-29,CAD,892.42
2015-09-29,IDR,0.0814
2015-09-30,USD,1185.6378
2015-09-30,EUR,1328.27
2015-09-30,PLN,312.917
2015-09-30,CNY,186.5391
2015-09-30,CAD,883.5107
2015-09-30,IDR,0.0813
2015-10-01,USD,1178.4811
2015-10-01,EUR,1314.36
2015-10-01,PLN,309.5598
2015-10-01,CNY,185.3796
2015-10-01,CAD,888.1411
2015-10-01,IDR,0.0803
2015-10-02,USD,1181.7742
2015-10-02,EUR,1318.86
2015-10-02,PLN,310.6709
2015-10-02,CNY,185.8989
2015-10-02,CAD,892.6294
2015-10-02,IDR,0.0807
2015-10-05,USD,1161.3208
2015-10-05,EUR,1304.86
2015-10-05,PLN,307.3948
2015-10-05,CNY,182.71
2015-10-05,CAD,885.5514
2015-10-05,IDR,0.0805
2015-10-06,USD,1168.309
2015-10-06,EUR,1311.31
2015-10-06,PLN,308.6379
2015-10-06,CNY,183.765
2015-10-06,CAD,891.9869
2015-10-06,IDR,0.0821
2015-10-07,USD,1153.657
2015-10-07,EUR,1299.71
2015-10-07,PLN,307.26
2015-10-07,CNY,181.4705
2015-10-07,CAD,887.2346
2015-10-07,IDR,0.0839
2015-10-08,USD,1160.0231
2015-10-08,EUR,1305.49
2015-10-08,PLN,308.4733
2015-10-08,CNY,182.5681
2015-10-08,CAD,889.1167
2015-10-08,IDR,0.0836
2015-10-09,USD,1142.4485
2015-10-09,EUR,1298.05
2015-10-09,PLN,307.8136
2015-10-09,CNY,180.0497
2015-10-09,CAD,883.1474
2015-10-09,IDR,0.0846
2015-10-12,USD,1141.5458
2015-10-12,EUR,1298.28
2015-10-12,PLN,307.3143
2015-10-12,CNY,180.5248
2015-10-12,CAD,883.0635
2015-10-12,IDR,0.0849
2015-10-13,USD,1150.8089
2015-10-13,EUR,1308.93
2015-10-13,PLN,308.7754
2015-10-13,CNY,181.4858
2015-10-13,CAD,882.0283
2015-10-13,IDR,0.0844
2015-10-14,USD,1147.2042
2015-10-14,EUR,1308.96
2015-10-14,PLN,308.8772
2015-10-14,CNY,180.7082
2015-10-14,CAD,883.4773
2015-10-14,IDR,0.0843
2015-10-15,USD,1121.5054
2015-10-15,EUR,1282.89
2015-10-15,PLN,303.3482
2015-10-15,CNY,176.748
2015-10-15,CAD,869.4023
2015-10-15,IDR,0.0834
2015-10-16,USD,1130.9859
2015-10-16,EUR,1284.8
2015-10-16,PLN,303.1404
2015-10-16,CNY,178.0512
2015-10-16,CAD,874.9064
2015-10-16,IDR,0.0836
2015-10-19,USD,1129.9479
2015-10-19,EUR,1280.57
2015-10-19,PLN,302.2565
2015-10-19,CNY,177.6546
2015-10-19,CAD,872.858
2015-10-19,IDR,0.0829
2015-10-20,USD,1128.9282
2015-10-20,EUR,1283.93
2015-10-20,PLN,302.3431
2015-10-20,CNY,177.8272
2015-10-20,CAD,868.2242
2015-10-20,IDR,0.0825
2015-10-21,USD,1138.4974
2015-10-21,EUR,1292.65
2015-10-21,PLN,302.3248
2015-10-21,CNY,179.3156
2015-10-21,CAD,875.5419
2015-10-21,IDR,0.0828
2015-10-22,USD,1135.7995
2015-10-22,EUR,1284.93
2015-10-22,PLN,299.874
2015-10-22,CNY,178.6387
2015-10-22,CAD,865.4476
2015-10-22,IDR,0.0834
2015-10-23,USD,1127.1472
2015-10-23,EUR,1249.33
2015-10-23,PLN,293.7596
2015-10-23,CNY,177.4869
2015-10-23,CAD,862.6182
2015-10-23,IDR,0.083
2015-10-26,USD,1132.849
2015-10-26,EUR,1247.38
2015-10-26,PLN,292.2771
2015-10-26,CNY,178.3424
2015-10-26,CAD,861.3313
2015-10-26,IDR,0.0832
2015-10-27,USD,1136.8231
2015-10-27,EUR,1257.44
2015-10-27,PLN,292.9798
2015-10-27,CNY,178.9568
2015-10-27,CAD,859.9644
2015-10-27,IDR,0.0833
2015-10-28,USD,1131.9802
2015-10-28,EUR,1254.8
2015-10-28,PLN,292.2489
2015-10-28,CNY,178.0262
2015-10-28,CAD,856.9282
2015-10-28,IDR,0.0836
2015-10-29,USD,1145.2516
2015-10-29,EUR,1251.76
2015-10-29,PLN,293.1591
2015-10-29,CNY,180.2131
2015-10-29,CAD,868.6143
2015-10-29,IDR,0.0837
2015-10-30,USD,1138.2227
2015-10-30,EUR,1253.98
2015-10-30,PLN,294.0578
2015-10-30,CNY,179.9033
2015-10-30,CAD,863.9201
2015-10-30,IDR,0.0832
2015-11-02,USD,1137.2553
2015-11-02,EUR,1254.62
2015-11-02,PLN,294.9826
2015-11-02,CNY,179.4519
2015-11-02,CAD,868.2491
2015-11-02,IDR,0.0833
2015-11-03,USD,1134.7394
2015-11-03,EUR,1245.49
2015-11-03,PLN,292.7809
2015-11-03,CNY,179.0912
2015-11-03,CAD,864.5634
2015-11-03,IDR,0.0834
2015-11-04,USD,1131.1203
2015-11-04,EUR,1236.88
2015-11-04,PLN,291.8753
2015-11-04,CNY,178.5051
2015-11-04,CAD,865.4352
2015-11-04,IDR,0.0839
2015-11-05,USD,1139.9982
2015-11-05,EUR,1240.66
2015-11-05,PLN,292.6637
2015-11-05,CNY,179.6366
2015-11-05,CAD,866.3827
2015-11-05,IDR,0.0841
2015-11-06,USD,1144.3943
2015-11-06,EUR,1243.27
2015-11-06,PLN,292.2316
2015-11-06,CNY,180.0927
2015-11-06,CAD,866.8735
2015-11-06,IDR,0.0845
2015-11-09,USD,1161.173
2015-11-09,EUR,1251.28
2015-11-09,PLN,293.521
2015-11-09,CNY,182.4848
2015-11-09,CAD,875.9398
2015-11-09,IDR,0.0851
2015-11-10,USD,1159.6116
2015-11-10,EUR,1242.06
2015-11-10,PLN,292.7178
2015-11-10,CNY,182.3314
2015-11-10,CAD,874.4438
2015-11-10,IDR,0.0851
2015-11-11,USD,1155.7577
2015-11-11,EUR,1238.51
2015-11-11,PLN,293.3815
2015-11-11,CNY,181.5066
2015-11-11,CAD,871.3924
2015-11-11,IDR,0.0851
2015-11-12,USD,1161.542
2015-11-12,EUR,1245.87
2015-11-12,PLN,294.741
2015-11-12,CNY,182.3313
2015-11-12,CAD,871.6645
2015-11-12,IDR,0.0852
2015-11-13,USD,1167.8465
2015-11-13,EUR,1257.07
2015-11-13,PLN,296.2761
2015-11-13,CNY,183.2277
2015-11-13,CAD,877.7196
2015-11-13,IDR,0.0851
2015-11-16,USD,1172.7875
2015-11-16,EUR,1257.58
2015-11-16,PLN,296.5431
2015-11-16,CNY,184.0451
2015-11-16,CAD,879.8573
2015-11-16,IDR,0.0851
2015-11-17,USD,1168.7629
2015-11-17,EUR,1247.07
2015-11-17,PLN,293.6009
2015-11-17,CNY,183.2714
2015-11-17,CAD,878.2183
2015-11-17,IDR,0.0851
2015-11-18,USD,1169.9794
2015-11-18,EUR,1247.9
2015-11-18,PLN,293.3474
2015-11-18,CNY,183.3691
2015-11-18,CAD,877.3817
2015-11-18,IDR,0.0846
2015-11-19,USD,1161.7292
2015-11-19,EUR,1241.54
2015-11-19,PLN,292.1271
2015-11-19,CNY,181.9266
2015-11-19,CAD,874.1393
2015-11-19,IDR,0.0844
2015-11-20,USD,1154.9963
2015-11-20,EUR,1234.46
2015-11-20,PLN,291.0707
2015-11-20,CNY,180.9024
2015-11-20,CAD,867.5662
2015-11-20,IDR,0.085
2015-11-23,USD,1158.8938
2015-11-23,EUR,1232.02
2015-11-23,PLN,290.5502
2015-11-23,CNY,181.3768
2015-11-23,CAD,866.2776
2015-11-23,IDR,0.0847
2015-11-24,USD,1154.3141
2015-11-24,EUR,1229.46
2015-11-24,PLN,288.5582
2015-11-24,CNY,180.6754
2015-11-24,CAD,864.0523
2015-11-24,IDR,0.0841
2015-11-25,USD,1144.795
2015-11-25,EUR,1211.88
2015-11-25,PLN,284.4588
2015-11-25,CNY,179.243
2015-11-25,CAD,859.002
2015-11-25,IDR,0.0836
2015-11-26,USD,1148.9917
2015-11-26,EUR,1219.31
2015-11-26,PLN,285.3923
2015-11-26,CNY,179.826
2015-11-26,CAD,863.5952
2015-11-26,IDR,0.0835
2015-11-27,USD,1154.7826
2015-11-27,EUR,1221.76
2015-11-27,PLN,286.5896
2015-11-27,CNY,180.6001
2015-11-27,CAD,865.2078
2015-11-27,IDR,0.0835
2015-11-30,USD,1157.2077
2015-11-30,EUR,1224.21
2015-11-30,PLN,286.5593
2015-11-30,CNY,180.858
2015-11-30,CAD,865.5943
2015-11-30,IDR,0.0836
2015-12-01,USD,1159.434
2015-12-01,EUR,1229.0
2015-12-01,PLN,287.9636
2015-12-01,CNY,181.2471
2015-12-01,CAD,870.5199
2015-12-01,IDR,0.0839
2015-12-02,USD,1163.7392
2015-12-02,EUR,1234.96
2015-12-02,PLN,289.0283
2015-12-02,CNY,181.8712
2015-12-02,CAD,869.4452
2015-12-02,IDR,0.0843
2015-12-03,USD,1162.2528
2015-12-03,EUR,1240.24
2015-12-03,PLN,289.3768
2015-12-03,CNY,181.6589
2015-12-03,CAD,872.6096
2015-12-03,IDR,0.0842
2015-12-04,USD,1163.3553
2015-12-04,EUR,1268.29
2015-12-04,PLN,294.0553
2015-12-04,CNY,181.6982
2015-12-04,CAD,872.2765
2015-12-04,IDR,0.084
2015-12-07,USD,1169.3959
2015-12-07,EUR,1264.0
2015-12-07,PLN,293.0471
2015-12-07,CNY,182.4849
2015-12-07,CAD,868.7285
2015-12-07,IDR,0.0845
2015-12-08,USD,1183.4667
2015-12-08,EUR,1287.02
2015-12-08,PLN,296.8425
2015-12-08,CNY,184.4
2015-12-08,CAD,870.0196
2015-12-08,IDR,0.0841
2015-12-09,USD,1181.9395
2015-12-09,EUR,1293.16
2015-12-09,PLN,297.9357
2015-12-09,CNY,183.8834
2015-12-09,CAD,870.9908
2015-12-09,IDR,0.0842
2015-12-10,USD,1176.4324
2015-12-10,EUR,1287.37
2015-12-10,PLN,296.7042
2015-12-10,CNY,182.8235
2015-12-10,CAD,868.8466
2015-12-10,IDR,0.0844
2015-12-11,USD,1188.0639
2015-12-11,EUR,1300.93
2015-12-11,PLN,299.3672
2015-12-11,CNY,183.9654
2015-12-11,CAD,869.4894
2015-12-11,IDR,0.0843
2015-12-14,USD,1187.945
2015-12-14,EUR,1304.72
2015-12-14,PLN,298.8502
2015-12-14,CNY,183.9473
2015-12-14,CAD,863.7098
2015-12-14,IDR,0.084
2015-12-15,USD,1175.9236
2015-12-15,EUR,1292.34
2015-12-15,PLN,296.8372
2015-12-15,CNY,181.9761
2015-12-15,CAD,857.615
2015-12-15,IDR,0.0838
2015-12-16,USD,1175.423
2015-12-16,EUR,1285.09
2015-12-16,PLN,297.571
2015-12-16,CNY,181.6998
2015-12-16,CAD,853.8804
2015-12-16,IDR,0.084
2015-12-17,USD,1186.0991
2015-12-17,EUR,1285.85
2015-12-17,PLN,299.3203
2015-12-17,CNY,182.8309
2015-12-17,CAD,857.5192
2015-12-17,IDR,0.0846
2015-12-18,USD,1181.3953
2015-12-18,EUR,1280.16
2015-12-18,PLN,299.0609
2015-12-18,CNY,182.1669
2015-12-18,CAD,846.4987
2015-12-18,IDR,0.0848
2015-12-21,USD,1177.5989
2015-12-21,EUR,1280.05
2015-12-21,PLN,301.8843
2015-12-21,CNY,181.6782
2015-12-21,CAD,843.8592
2015-12-21,IDR,0.0852
2015-12-22,USD,1171.7495
2015-12-22,EUR,1283.3
2015-12-22,PLN,302.8294
2015-12-22,CNY,180.9172
2015-12-22,CAD,841.9499
2015-12-22,IDR,0.0858
2015-12-23,USD,1174.2946
2015-12-23,EUR,1281.86
2015-12-23,PLN,301.8343
2015-12-23,CNY,181.2867
2015-12-23,CAD,844.6626
2015-12-23,IDR,0.086
2015-12-24,USD,1168.722
2015-12-24,EUR,1279.4
2015-12-24,PLN,301.6599
2015-12-24,CNY,180.5023
2015-12-24,CAD,842.653
2015-12-24,IDR,0.0857
2015-12-28,USD,1168.4273
2015-12-28,EUR,1280.83
2015-12-28,PLN,301.6912
2015-12-28,CNY,180.1094
2015-12-28,CAD,842.2634
2015-12-28,IDR,0.0856
2015-12-29,USD,1170.7177
2015-12-29,EUR,1282.17
2015-12-29,PLN,302.6556
2015-12-29,CNY,180.4221
2015-12-29,CAD,841.2637
2015-12-29,IDR,0.0853
2015-12-30,USD,1175.9015
2015-12-30,EUR,1284.79
2015-12-30,PLN,303.0165
2015-12-30,CNY,181.186
2015-12-30,CAD,846.8723
2015-12-30,IDR,0.0852
2015-12-31,USD,1176.4306
2015-12-31,EUR,1280.78
2015-12-31,PLN,300.3776
2015-12-31,CNY,181.393
2015-12-31,CAD,847.3009
2015-12-31,IDR,0.0852
2016-01-04,USD,1190.9249
2016-01-04,EUR,1297.87
2016-01-04,PLN,302.1464
2016-01-04,CNY,182.2646
2016-01-04,CAD,855.4376
2016-01-04,IDR,0.0854
2016-01-05,USD,1188.3678
2016-01-05,EUR,1277.02
2016-01-05,PLN,296.4024
2016-01-05,CNY,182.2388
2016-01-05,CAD,852.711
2016-01-05,IDR,0.0858
2016-01-06,USD,1200.1489
2016-01-06,EUR,1289.2
2016-01-06,PLN,297.2288
2016-01-06,CNY,183.1562
2016-01-06,CAD,851.6879
2016-01-06,IDR,0.086
2016-01-07,USD,1202.4936
2016-01-07,EUR,1306.87
2016-01-07,PLN,300.347
2016-01-07,CNY,182.3404
2016-01-07,CAD,850.8268
2016-01-07,IDR,0.0863
2016-01-08,USD,1201.3443
2016-01-08,EUR,1304.78
2016-01-08,PLN,299.7909
2016-01-08,CNY,182.2904
2016-01-08,CAD,851.6285
2016-01-08,IDR,0.0863
2016-01-11,USD,1202.3512
2016-01-11,EUR,1309.12
2016-01-11,PLN,299.9404
2016-01-11,CNY,182.9555
2016-01-11,CAD,853.6255
2016-01-11,IDR,0.0868
2016-01-12,USD,1207.8904
2016-01-12,EUR,1308.87
2016-01-12,PLN,300.42
2016-01-12,CNY,183.634
2016-01-12,CAD,851.5745
2016-01-12,IDR,0.0875
2016-01-13,USD,1203.0141
2016-01-13,EUR,1301.18
2016-01-13,PLN,299.4109
2016-01-13,CNY,182.953
2016-01-13,CAD,845.9658
2016-01-13,IDR,0.087
2016-01-14,USD,1212.4943
2016-01-14,EUR,1320.77
2016-01-14,PLN,302.0284
2016-01-14,CNY,183.9282
2016-01-14,CAD,844.1043
2016-01-14,IDR,0.0872
2016-01-15,USD,1217.6745
2016-01-15,EUR,1328.97
2016-01-15,PLN,301.1557
2016-01-15,CNY,184.8667
2016-01-15,CAD,838.5198
2016-01-15,IDR,0.087
2016-01-18,USD,1209.5483
2016-01-18,EUR,1317.44
2016-01-18,PLN,295.3504
2016-01-18,CNY,183.8511
2016-01-18,CAD,833.8228
2016-01-18,IDR,0.0869
2016-01-19,USD,1202.512
2016-01-19,EUR,1306.89
2016-01-19,PLN,294.4507
2016-01-19,CNY,182.792
2016-01-19,CAD,829.7714
2016-01-19,IDR,0.0871
2016-01-20,USD,1216.1548
2016-01-20,EUR,1326.46
2016-01-20,PLN,296.7339
2016-01-20,CNY,184.8261
2016-01-20,CAD,830.855
2016-01-20,IDR,0.0871
2016-01-21,USD,1213.2929
2016-01-21,EUR,1321.64
2016-01-21,PLN,294.0703
2016-01-21,CNY,184.4166
2016-01-21,CAD,839.1365
2016-01-21,IDR,0.0872
2016-01-22,USD,1196.1788
2016-01-22,EUR,1292.83
2016-01-22,PLN,289.9567
2016-01-22,CNY,181.8224
2016-01-22,CAD,844.1042
2016-01-22,IDR,0.0865
2016-01-25,USD,1196.0518
2016-01-25,EUR,1293.53
2016-01-25,PLN,289.4451
2016-01-25,CNY,181.7879
2016-01-25,CAD,842.6357
2016-01-25,IDR,0.0863
2016-01-26,USD,1203.1189
2016-01-26,EUR,1303.82
2016-01-26,PLN,290.1117
2016-01-26,CNY,182.8281
2016-01-26,CAD,846.0321
2016-01-26,IDR,0.0869
2016-01-27,USD,1202.1859
2016-01-27,EUR,1308.94
2016-01-27,PLN,292.7622
2016-01-27,CNY,182.7592
2016-01-27,CAD,853.7864
2016-01-27,IDR,0.0867
2016-01-28,USD,1207.3374
2016-01-28,EUR,1316.36
2016-01-28,PLN,295.5854
2016-01-28,CNY,183.5799
2016-01-28,CAD,857.1726
2016-01-28,IDR,0.0871
2016-01-29,USD,1207.5092
2016-01-29,EUR,1318.6
2016-01-29,PLN,296.9954
2016-01-29,CNY,183.6235
2016-01-29,CAD,858.2959
2016-01-29,IDR,0.0881
2016-02-01,USD,1203.9967
2016-02-01,EUR,1310.43
2016-02-01,PLN,298.1503
2016-02-01,CNY,183.0082
2016-02-01,CAD,859.1294
2016-02-01,IDR,0.0883
2016-02-02,USD,1211.2648
2016-02-02,EUR,1322.58
2016-02-02,PLN,300.2111
2016-02-02,CNY,184.0828
2016-02-02,CAD,864.8836
2016-02-02,IDR,0.0885
2016-02-03,USD,1216.3816
2016-02-03,EUR,1329.87
2016-02-03,PLN,302.3669
2016-02-03,CNY,184.9199
2016-02-03,CAD,872.9618
2016-02-03,IDR,0.0884
2016-02-04,USD,1192.8877
2016-02-04,EUR,1336.75
2016-02-04,PLN,302.7609
2016-02-04,CNY,181.3994
2016-02-04,CAD,869.9401
2016-02-04,IDR,0.0875
2016-02-05,USD,1190.7606
2016-02-05,EUR,1333.89
2016-02-05,PLN,302.2364
2016-02-05,CNY,181.176
2016-02-05,CAD,865.9374
2016-02-05,IDR,0.0879
2016-02-08,USD,1210.1703
2016-02-08,EUR,1343.41
2016-02-08,PLN,302.8973
2016-02-08,CNY,184.0414
2016-02-08,CAD,867.4437
2016-02-08,IDR,0.0885
2016-02-09,USD,1207.0488
2016-02-09,EUR,1356.24
2016-02-09,PLN,304.5677
2016-02-09,CNY,183.4641
2016-02-09,CAD,868.1047
2016-02-09,IDR,0.0886
2016-02-10,USD,1190.6991
2016-02-10,EUR,1340.37
2016-02-10,PLN,302.6417
2016-02-10,CNY,181.1139
2016-02-10,CAD,859.1565
2016-02-10,IDR,0.0886
2016-02-11,USD,1201.0487
2016-02-11,EUR,1362.83
2016-02-11,PLN,306.3572
2016-02-11,CNY,182.7046
2016-02-11,CAD,860.2639
2016-02-11,IDR,0.0892
2016-02-12,USD,1206.1907
2016-02-12,EUR,1359.98
2016-02-12,PLN,308.3226
2016-02-12,CNY,183.4984
2016-02-12,CAD,866.3397
2016-02-12,IDR,0.0894
2016-02-15,USD,1209.4365
2016-02-15,EUR,1352.15
2016-02-15,PLN,307.6914
2016-02-15,CNY,186.2312
2016-02-15,CAD,874.9515
2016-02-15,IDR,0.0905
2016-02-16,USD,1216.8189
2016-02-16,EUR,1358.7
2016-02-16,PLN,308.3609
2016-02-16,CNY,186.786
2016-02-16,CAD,880.5574
2016-02-16,IDR,0.0906
2016-02-17,USD,1228.6638
2016-02-17,EUR,1368.24
2016-02-17,PLN,311.1121
2016-02-17,CNY,188.2424
2016-02-17,CAD,889.2182
2016-02-17,IDR,0.0911
2016-02-18,USD,1228.9787
2016-02-18,EUR,1362.2
2016-02-18,PLN,310.8839
2016-02-18,CNY,188.5607
2016-02-18,CAD,898.0749
2016-02-18,IDR,0.0911
2016-02-19,USD,1233.4986
2016-02-19,EUR,1368.69
2016-02-19,PLN,312.6505
2016-02-19,CNY,189.103
2016-02-19,CAD,896.0914
2016-02-19,IDR,0.0913
2016-02-22,USD,1225.458
2016-02-22,EUR,1351.19
2016-02-22,PLN,309.5793
2016-02-22,CNY,187.9028
2016-02-22,CAD,893.1716
2016-02-22,IDR,0.0911
2016-02-23,USD,1230.1945
2016-02-23,EUR,1353.46
2016-02-23,PLN,309.9432
2016-02-23,CNY,188.4674
2016-02-23,CAD,895.3824
2016-02-23,IDR,0.0918
2016-02-24,USD,1238.1204
2016-02-24,EUR,1359.58
2016-02-24,PLN,311.2592
2016-02-24,CNY,189.3724
2016-02-24,CAD,894.6371
2016-02-24,IDR,0.0921
2016-02-25,USD,1239.4486
2016-02-25,EUR,1366.74
2016-02-25,PLN,313.6091
2016-02-25,CNY,189.7565
2016-02-25,CAD,909.6439
2016-02-25,IDR,0.0924
2016-02-26,USD,1235.9985
2016-02-26,EUR,1360.34
2016-02-26,PLN,311.7829
2016-02-26,CNY,189.0569
2016-02-26,CAD,912.4287
2016-02-26,IDR,0.0924
2016-02-29,USD,1237.6378
2016-02-29,EUR,1347.54
2016-02-29,PLN,309.4734
2016-02-29,CNY,188.8607
2016-02-29,CAD,912.5347
2016-02-29,IDR,0.0926
2016-03-01,USD,1232.5791
2016-03-01,EUR,1340.06
2016-03-01,PLN,308.2866
2016-03-01,CNY,188.1314
2016-03-01,CAD,911.6675
2016-03-01,IDR,0.0924
2016-03-02,USD,1229.0807
2016-03-02,EUR,1334.29
2016-03-02,PLN,308.1715
2016-03-02,CNY,187.5979
2016-03-02,CAD,914.2103
2016-03-02,IDR,0.0924
2016-03-03,USD,1213.2924
2016-03-03,EUR,1322.61
2016-03-03,PLN,305.1778
2016-03-03,CNY,185.5045
2016-03-03,CAD,903.1754
2016-03-03,IDR,0.0917
2016-03-04,USD,1203.0811
2016-03-04,EUR,1319.78
2016-03-04,PLN,304.7076
2016-03-04,CNY,184.6363
2016-03-04,CAD,896.7724
2016-03-04,IDR,0.0916
2016-03-07,USD,1204.2272
2016-03-07,EUR,1318.99
2016-03-07,PLN,304.7644
2016-03-07,CNY,184.7817
2016-03-07,CAD,900.2116
2016-03-07,IDR,0.092
2016-03-08,USD,1205.9032
2016-03-08,EUR,1329.87
2016-03-08,PLN,307.3068
2016-03-08,CNY,185.3632
2016-03-08,CAD,904.9813
2016-03-08,IDR,0.0918
2016-03-09,USD,1211.7288
2016-03-09,EUR,1329.63
2016-03-09,PLN,308.1485
2016-03-09,CNY,186.0507
2016-03-09,CAD,904.2027
2016-03-09,IDR,0.092
2016-03-10,USD,1200.0461
2016-03-10,EUR,1302.89
2016-03-10,PLN,303.5554
2016-03-10,CNY,184.0578
2016-03-10,CAD,903.2793
2016-03-10,IDR,0.092
2016-03-11,USD,1190.1623
2016-03-11,EUR,1319.89
2016-03-11,PLN,306.2461
2016-03-11,CNY,183.0156
2016-03-11,CAD,898.0065
2016-03-11,IDR,0.0911
2016-03-14,USD,1186.0509
2016-03-14,EUR,1318.77
2016-03-14,PLN,307.8577
2016-03-14,CNY,182.5793
2016-03-14,CAD,894.8701
2016-03-14,IDR,0.0909
2016-03-15,USD,1194.3469
2016-03-15,EUR,1326.8
2016-03-15,PLN,309.3567
2016-03-15,CNY,183.4218
2016-03-15,CAD,894.5523
2016-03-15,IDR,0.0906
2016-03-16,USD,1194.8482
2016-03-16,EUR,1321.98
2016-03-16,PLN,307.2729
2016-03-16,CNY,183.1505
2016-03-16,CAD,893.3505
2016-03-16,IDR,0.0901
2016-03-17,USD,1160.6843
2016-03-17,EUR,1312.85
2016-03-17,PLN,306.0613
2016-03-17,CNY,179.0649
2016-03-17,CAD,893.0345
2016-03-17,IDR,0.089
2016-03-18,USD,1158.0016
2016-03-18,EUR,1306.11
2016-03-18,PLN,306.4188
2016-03-18,CNY,178.8285
2016-03-18,CAD,892.9446
2016-03-18,IDR,0.0885
2016-03-21,USD,1160.5448
2016-03-21,EUR,1308.05
2016-03-21,PLN,307.191
2016-03-21,CNY,179.1162
2016-03-21,CAD,889.6484
2016-03-21,IDR,0.0879
2016-03-22,USD,1161.3004
2016-03-22,EUR,1302.05
2016-03-22,PLN,305.5595
2016-03-22,CNY,178.8751
2016-03-22,CAD,887.0155
2016-03-22,IDR,0.0881
2016-03-23,USD,1164.2467
2016-03-23,EUR,1300.58
2016-03-23,PLN,305.5659
2016-03-23,CNY,179.0249
2016-03-23,CAD,886.1951
2016-03-23,IDR,0.0881
2016-03-24,USD,1167.4825
2016-03-24,EUR,1302.21
2016-03-24,PLN,304.34
2016-03-24,CNY,179.2147
2016-03-24,CAD,878.6249
2016-03-24,IDR,0.0881
2016-03-29,USD,1167.295
2016-03-29,EUR,1306.67
2016-03-29,PLN,307.4662
2016-03-29,CNY,179.3078
2016-03-29,CAD,886.4188
2016-03-29,IDR,0.0874
2016-03-30,USD,1142.4143
2016-03-30,EUR,1293.67
2016-03-30,PLN,304.121
2016-03-30,CNY,176.331
2016-03-30,CAD,876.7672
2016-03-30,IDR,0.0862
2016-03-31,USD,1137.3562
2016-03-31,EUR,1294.88
2016-03-31,PLN,304.1338
2016-03-31,CNY,176.1406
2016-03-31,CAD,878.5995
2016-03-31,IDR,0.0862
2016-04-01,USD,1150.9622
2016-04-01,EUR,1315.78
2016-04-01,PLN,310.033
2016-04-01,CNY,178.0415
2016-04-01,CAD,883.4296
2016-04-01,IDR,0.0877
2016-04-04,USD,1149.5518
2016-04-04,EUR,1308.19
2016-04-04,PLN,308.9726
2016-04-04,CNY,177.5117
2016-04-04,CAD,882.0051
2016-04-04,IDR,0.0874
2016-04-05,USD,1158.7666
2016-04-05,EUR,1317.17
2016-04-05,PLN,310.302
2016-04-05,CNY,178.9755
2016-04-05,CAD,879.9906
2016-04-05,IDR,0.0876
2016-04-06,USD,1162.9764
2016-04-06,EUR,1318.35
2016-04-06,PLN,309.2105
2016-04-06,CNY,179.2454
2016-04-06,CAD,884.0866
2016-04-06,IDR,0.0877
2016-04-07,USD,1159.8909
2016-04-07,EUR,1318.1
2016-04-07,PLN,307.73
2016-04-07,CNY,179.248
2016-04-07,CAD,884.2748
2016-04-07,IDR,0.0881
2016-04-08,USD,1153.243
2016-04-08,EUR,1310.43
2016-04-08,PLN,305.0846
2016-04-08,CNY,178.1202
2016-04-08,CAD,881.7913
2016-04-08,IDR,0.0877
2016-04-11,USD,1147.1027
2016-04-11,EUR,1306.55
2016-04-11,PLN,305.3186
2016-04-11,CNY,177.2579
2016-04-11,CAD,883.1621
2016-04-11,IDR,0.0874
2016-04-12,USD,1143.2783
2016-04-12,EUR,1302.88
2016-04-12,PLN,303.5389
2016-04-12,CNY,176.9448
2016-04-12,CAD,887.8833
2016-04-12,IDR,0.0873
2016-04-13,USD,1148.9998
2016-04-13,EUR,1298.14
2016-04-13,PLN,302.8156
2016-04-13,CNY,177.4094
2016-04-13,CAD,897.3732
2016-04-13,IDR,0.0873
2016-04-14,USD,1154.0437
2016-04-14,EUR,1298.53
2016-04-14,PLN,302.0399
2016-04-14,CNY,177.954
2016-04-14,CAD,899.6328
2016-04-14,IDR,0.0875
2016-04-15,USD,1147.749
2016-04-15,EUR,1295.12
2016-04-15,PLN,301.422
2016-04-15,CNY,177.2389
2016-04-15,CAD,891.0354
2016-04-15,IDR,0.0871
2016-04-18,USD,1149.4958
2016-04-18,EUR,1299.62
2016-04-18,PLN,301.8231
2016-04-18,CNY,177.4443
2016-04-18,CAD,889.4197
2016-04-18,IDR,0.0873
2016-04-19,USD,1126.0513
2016-04-19,EUR,1277.28
2016-04-19,PLN,296.8555
2016-04-19,CNY,174.0828
2016-04-19,CAD,885.8926
2016-04-19,IDR,0.086
2016-04-20,USD,1129.3084
2016-04-20,EUR,1285.04
2016-04-20,PLN,299.7178
2016-04-20,CNY,174.65
2016-04-20,CAD,891.0894
2016-04-20,IDR,0.0858
2016-04-21,USD,1132.8578
2016-04-21,EUR,1286.36
2016-04-21,PLN,298.5633
2016-04-21,CNY,174.9555
2016-04-21,CAD,896.6681
2016-04-21,IDR,0.0863
2016-04-22,USD,1143.0436
2016-04-22,EUR,1287.41
2016-04-22,PLN,295.9155
2016-04-22,CNY,175.9742
2016-04-22,CAD,897.6503
2016-04-22,IDR,0.0866
2016-04-25,USD,1146.5376
2016-04-25,EUR,1291.46
2016-04-25,PLN,294.1085
2016-04-25,CNY,176.5616
2016-04-25,CAD,904.0039
2016-04-25,IDR,0.0869
2016-04-26,USD,1151.0056
2016-04-26,EUR,1299.14
2016-04-26,PLN,296.6141
2016-04-26,CNY,177.1273
2016-04-26,CAD,910.0168
2016-04-26,IDR,0.0871
2016-04-27,USD,1149.7213
2016-04-27,EUR,1299.53
2016-04-27,PLN,295.8992
2016-04-27,CNY,177.0212
2016-04-27,CAD,913.6821
2016-04-27,IDR,0.0871
2016-04-28,USD,1140.641
2016-04-28,EUR,1295.54
2016-04-28,PLN,295.2461
2016-04-28,CNY,176.1154
2016-04-28,CAD,908.3859
2016-04-28,IDR,0.0865
2016-04-29,USD,1141.3926
2016-04-29,EUR,1301.53
2016-04-29,PLN,296.0378
2016-04-29,CNY,176.018
2016-04-29,CAD,911.0528
2016-04-29,IDR,0.0866
2016-05-02,USD,1137.9535
2016-05-02,EUR,1307.85
2016-05-02,PLN,298.3711
2016-05-02,CNY,175.7438
2016-05-02,CAD,908.9867
2016-05-02,IDR,0.0865
2016-05-03,USD,1144.2216
2016-05-03,EUR,1323.75
2016-05-03,PLN,301.9227
2016-05-03,CNY,176.4694
2016-05-03,CAD,909.2314
2016-05-03,IDR,0.0867
2016-05-04,USD,1163.0943
2016-05-04,EUR,1338.14
2016-05-04,PLN,304.5657
2016-05-04,CNY,178.922
2016-05-04,CAD,912.1609
2016-05-04,IDR,0.0873
2016-05-05,USD,1166.1421
2016-05-05,EUR,1333.95
2016-05-05,PLN,301.5667
2016-05-05,CNY,179.2703
2016-05-05,CAD,909.6147
2016-05-05,IDR,0.0874
2016-05-06,USD,1172.3462
2016-05-06,EUR,1339.64
2016-05-06,PLN,303.0997
2016-05-06,CNY,180.3015
2016-05-06,CAD,910.267
2016-05-06,IDR,0.0877
2016-05-09,USD,1173.6376
2016-05-09,EUR,1337.36
2016-05-09,PLN,302.9677
2016-05-09,CNY,180.2202
2016-05-09,CAD,907.1152
2016-05-09,IDR,0.0884
2016-05-10,USD,1173.6176
2016-05-10,EUR,1334.99
2016-05-10,PLN,302.0271
2016-05-10,CNY,180.0877
2016-05-10,CAD,905.4463
2016-05-10,IDR,0.0882
2016-05-11,USD,1168.1918
2016-05-11,EUR,1332.79
2016-05-11,PLN,301.2363
2016-05-11,CNY,179.5922
2016-05-11,CAD,907.5242
2016-05-11,IDR,0.0879
2016-05-12,USD,1169.172
2016-05-12,EUR,1331.57
2016-05-12,PLN,301.3079
2016-05-12,CNY,179.3554
2016-05-12,CAD,912.4092
2016-05-12,IDR,0.088
2016-05-13,USD,1172.8146
2016-05-13,EUR,1330.91
2016-05-13,PLN,302.9684
2016-05-13,CNY,179.8503
2016-05-13,CAD,910.3974
2016-05-13,IDR,0.0881
2016-05-16,USD,1179.7068
2016-05-16,EUR,1335.9
2016-05-16,PLN,305.5721
2016-05-16,CNY,180.857
2016-05-16,CAD,912.8741
2016-05-16,IDR,0.0886
2016-05-17,USD,1176.586
2016-05-17,EUR,1331.66
2016-05-17,PLN,305.2796
2016-05-17,CNY,180.2781
2016-05-17,CAD,910.1634
2016-05-17,IDR,0.0883
2016-05-18,USD,1188.3234
2016-05-18,EUR,1340.31
2016-05-18,PLN,305.4142
2016-05-18,CNY,181.8257
2016-05-18,CAD,915.6999
2016-05-18,IDR,0.0888
2016-05-19,USD,1190.944
2016-05-19,EUR,1333.5
2016-05-19,PLN,303.5649
2016-05-19,CNY,181.8789
2016-05-19,CAD,908.4406
2016-05-19,IDR,0.0875
2016-05-20,USD,1187.2894
2016-05-20,EUR,1332.02
2016-05-20,PLN,301.3415
2016-05-20,CNY,181.3358
2016-05-20,CAD,905.8896
2016-05-20,IDR,0.0871
2016-05-23,USD,1185.7156
2016-05-23,EUR,1329.78
2016-05-23,PLN,299.7228
2016-05-23,CNY,180.9052
2016-05-23,CAD,901.8515
2016-05-23,IDR,0.0873
2016-05-24,USD,1190.2937
2016-05-24,EUR,1329.32
2016-05-24,PLN,299.6799
2016-05-24,CNY,181.5366
2016-05-24,CAD,905.2847
2016-05-24,IDR,0.087
2016-05-25,USD,1181.7334
2016-05-25,EUR,1317.16
2016-05-25,PLN,297.9663
2016-05-25,CNY,180.0974
2016-05-25,CAD,901.6703
2016-05-25,IDR,0.0866
2016-05-26,USD,1180.0412
2016-05-26,EUR,1317.87
2016-05-26,PLN,298.7825
2016-05-26,CNY,179.9459
2016-05-26,CAD,912.4628
2016-05-26,IDR,0.0867
2016-05-27,USD,1179.2443
2016-05-27,EUR,1316.98
2016-05-27,PLN,299.9135
2016-05-27,CNY,179.7164
2016-05-27,CAD,904.5192
2016-05-27,IDR,0.0869
2016-05-30,USD,1190.9417
2016-05-30,EUR,1326.59
2016-05-30,PLN,301.9094
2016-05-30,CNY,180.9463
2016-05-30,CAD,913.3779
2016-05-30,IDR,0.0873
2016-05-31,USD,1188.9098
2016-05-31,EUR,1326.11
2016-05-31,PLN,302.3162
2016-05-31,CNY,180.7601
2016-05-31,CAD,912.6703
2016-05-31,IDR,0.0874
2016-06-01,USD,1191.6324
2016-06-01,EUR,1331.53
2016-06-01,PLN,302.7718
2016-06-01,CNY,181.1655
2016-06-01,CAD,912.8822
2016-06-01,IDR,0.0872
2016-06-02,USD,1188.1927
2016-06-02,EUR,1329.35
2016-06-02,PLN,302.7925
2016-06-02,CNY,180.5225
2016-06-02,CAD,906.6635
2016-06-02,IDR,0.0871
2016-06-03,USD,1185.5926
2016-06-03,EUR,1322.41
2016-06-03,PLN,301.5002
2016-06-03,CNY,179.9981
2016-06-03,CAD,906.1327
2016-06-03,IDR,0.0873
2016-06-06,USD,1165.7415
2016-06-06,EUR,1323.0
2016-06-06,PLN,302.2204
2016-06-06,CNY,177.5362
2016-06-06,CAD,902.148
2016-06-06,IDR,0.0873
2016-06-07,USD,1155.8689
2016-06-07,EUR,1311.68
2016-06-07,PLN,301.6327
2016-06-07,CNY,175.8779
2016-06-07,CAD,904.2951
2016-06-07,IDR,0.0873
2016-06-08,USD,1152.5576
2016-06-08,EUR,1311.38
2016-06-08,PLN,303.3636
2016-06-08,CNY,175.4894
2016-06-08,CAD,908.7872
2016-06-08,IDR,0.0873
2016-06-09,USD,1160.6806
2016-06-09,EUR,1316.56
2016-06-09,PLN,303.908
2016-06-09,CNY,176.9451
2016-06-09,CAD,910.5471
2016-06-09,IDR,0.0873
2016-06-10,USD,1164.3135
2016-06-10,EUR,1316.14
2016-06-10,PLN,301.9293
2016-06-10,CNY,177.5137
2016-06-10,CAD,913.3518
2016-06-10,IDR,0.0876
2016-06-13,USD,1173.793
2016-06-13,EUR,1322.63
2016-06-13,PLN,301.3923
2016-06-13,CNY,178.2232
2016-06-13,CAD,919.1313
2016-06-13,IDR,0.0881
2016-06-14,USD,1179.7416
2016-06-14,EUR,1324.26
2016-06-14,PLN,298.7142
2016-06-14,CNY,178.9178
2016-06-14,CAD,916.5063
2016-06-14,IDR,0.0883
2016-06-15,USD,1171.9323
2016-06-15,EUR,1316.08
2016-06-15,PLN,298.3023
2016-06-15,CNY,178.0773
2016-06-15,CAD,911.539
2016-06-15,IDR,0.0877
2016-06-16,USD,1177.5461
2016-06-16,EUR,1315.79
2016-06-16,PLN,295.7496
2016-06-16,CNY,178.7928
2016-06-16,CAD,905.5678
2016-06-16,IDR,0.0879
2016-06-17,USD,1171.3346
2016-06-17,EUR,1318.22
2016-06-17,PLN,296.4757
2016-06-17,CNY,177.7271
2016-06-17,CAD,907.9275
2016-06-17,IDR,0.0879
2016-06-20,USD,1158.0392
2016-06-20,EUR,1312.29
2016-06-20,PLN,298.757
2016-06-20,CNY,175.9998
2016-06-20,CAD,903.781
2016-06-20,IDR,0.0873
2016-06-21,USD,1152.5986
2016-06-21,EUR,1304.05
2016-06-21,PLN,296.4356
2016-06-21,CNY,175.1202
2016-06-21,CAD,902.3943
2016-06-21,IDR,0.0869
2016-06-22,USD,1150.0665
2016-06-22,EUR,1297.62
2016-06-22,PLN,296.3618
2016-06-22,CNY,174.8178
2016-06-22,CAD,901.1876
2016-06-22,IDR,0.0866
2016-06-23,USD,1145.3771
2016-06-23,EUR,1304.47
2016-06-23,PLN,299.3895
2016-06-23,CNY,174.0802
2016-06-23,CAD,898.581
2016-06-23,IDR,0.0872
2016-06-24,USD,1171.9592
2016-06-24,EUR,1296.89
2016-06-24,PLN,291.1089
2016-06-24,CNY,176.9266
2016-06-24,CAD,901.1187
2016-06-24,IDR,0.0874
2016-06-27,USD,1184.679
2016-06-27,EUR,1302.91
2016-06-27,PLN,292.0079
2016-06-27,CNY,178.2172
2016-06-27,CAD,907.9512
2016-06-27,IDR,0.0884
2016-06-28,USD,1168.7799
2016-06-28,EUR,1294.19
2016-06-28,PLN,291.3989
2016-06-28,CNY,175.8267
2016-06-28,CAD,896.3776
2016-06-28,IDR,0.0887
2016-06-29,USD,1157.0334
2016-06-29,EUR,1283.15
2016-06-29,PLN,289.9053
2016-06-29,CNY,174.1517
2016-06-29,CAD,890.6434
2016-06-29,IDR,0.088
2016-06-30,USD,1151.5763
2016-06-30,EUR,1278.48
2016-06-30,PLN,288.1926
2016-06-30,CNY,173.3415
2016-06-30,CAD,888.8209
2016-06-30,IDR,0.0876
2016-07-01,USD,1145.7207
2016-07-01,EUR,1275.76
2016-07-01,PLN,290.1697
2016-07-01,CNY,172.1418
2016-07-01,CAD,886.5601
2016-07-01,IDR,0.0874
2016-07-04,USD,1148.1684
2016-07-04,EUR,1278.83
2016-07-04,PLN,288.6489
2016-07-04,CNY,172.2817
2016-07-04,CAD,892.5391
2016-07-04,IDR,0.0877
2016-07-05,USD,1157.2582
2016-07-05,EUR,1289.88
2016-07-05,PLN,290.141
2016-07-05,CNY,173.4199
2016-07-05,CAD,894.6317
2016-07-05,IDR,0.0881
2016-07-06,USD,1164.6038
2016-07-06,EUR,1289.1
2016-07-06,PLN,289.2823
2016-07-06,CNY,174.1603
2016-07-06,CAD,894.0287
2016-07-06,IDR,0.0882
2016-07-07,USD,1155.8032
2016-07-07,EUR,1280.63
2016-07-07,PLN,289.2445
2016-07-07,CNY,172.9553
2016-07-07,CAD,893.7954
2016-07-07,IDR,0.0877
2016-07-08,USD,1157.1003
2016-07-08,EUR,1280.91
2016-07-08,PLN,289.2881
2016-07-08,CNY,173.0702
2016-07-08,CAD,889.1504
2016-07-08,IDR,0.0877
2016-07-11,USD,1148.3211
2016-07-11,EUR,1268.78
2016-07-11,PLN,286.9894
2016-07-11,CNY,171.6284
2016-07-11,CAD,878.8391
2016-07-11,IDR,0.0876
2016-07-12,USD,1146.1414
2016-07-12,EUR,1271.3
2016-07-12,PLN,287.8133
2016-07-12,CNY,171.4544
2016-07-12,CAD,879.6706
2016-07-12,IDR,0.0873
2016-07-13,USD,1143.0455
2016-07-13,EUR,1265.58
2016-07-13,PLN,287.2727
2016-07-13,CNY,170.8466
2016-07-13,CAD,875.7127
2016-07-13,IDR,0.0876
2016-07-14,USD,1131.3525
2016-07-14,EUR,1262.25
2016-07-14,PLN,286.1272
2016-07-14,CNY,169.2546
2016-07-14,CAD,875.2254
2016-07-14,IDR,0.0867
2016-07-15,USD,1132.3329
2016-07-15,EUR,1260.06
2016-07-15,PLN,285.7344
2016-07-15,CNY,169.4654
2016-07-15,CAD,880.1145
2016-07-15,IDR,0.0865
2016-07-18,USD,1137.7906
2016-07-18,EUR,1257.6
2016-07-18,PLN,287.0905
2016-07-18,CNY,169.7418
2016-07-18,CAD,878.519
2016-07-18,IDR,0.0869
2016-07-19,USD,1139.6466
2016-07-19,EUR,1257.6
2016-07-19,PLN,287.5895
2016-07-19,CNY,170.2335
2016-07-19,CAD,875.5221
2016-07-19,IDR,0.0871
2016-07-20,USD,1141.4329
2016-07-20,EUR,1257.06
2016-07-20,PLN,287.2755
2016-07-20,CNY,171.0262
2016-07-20,CAD,874.0509
2016-07-20,IDR,0.0871
2016-07-21,USD,1138.0663
2016-07-21,EUR,1253.58
2016-07-21,PLN,286.9129
2016-07-21,CNY,170.5435
2016-07-21,CAD,871.995
2016-07-21,IDR,0.0868
2016-07-22,USD,1135.9996
2016-07-22,EUR,1251.19
2016-07-22,PLN,287.2733
2016-07-22,CNY,170.2299
2016-07-22,CAD,866.7152
2016-07-22,IDR,0.0866
2016-07-25,USD,1138.6451
2016-07-25,EUR,1250.46
2016-07-25,PLN,286.9475
2016-07-25,CNY,170.4646
2016-07-25,CAD,864.4729
2016-07-25,IDR,0.0867
2016-07-26,USD,1135.9644
2016-07-26,EUR,1249.22
2016-07-26,PLN,286.3279
2016-07-26,CNY,170.2932
2016-07-26,CAD,858.3935
2016-07-26,IDR,0.0862
2016-07-27,USD,1134.7193
2016-07-27,EUR,1247.17
2016-07-27,PLN,285.1782
2016-07-27,CNY,170.1204
2016-07-27,CAD,860.2952
2016-07-27,IDR,0.0863
2016-07-28,USD,1128.1966
2016-07-28,EUR,1251.17
2016-07-28,PLN,286.7288
2016-07-28,CNY,169.448
2016-07-28,CAD,857.2593
2016-07-28,IDR,0.0861
2016-07-29,USD,1121.9563
2016-07-29,EUR,1246.83
2016-07-29,PLN,285.7736
2016-07-29,CNY,168.7003
2016-07-29,CAD,851.4854
2016-07-29,IDR,0.0856
2016-08-01,USD,1107.3182
2016-08-01,EUR,1236.21
2016-08-01,PLN,284.1209
2016-08-01,CNY,166.7489
2016-08-01,CAD,847.4738
2016-08-01,IDR,0.085
2016-08-02,USD,1106.9597
2016-08-02,EUR,1239.02
2016-08-02,PLN,286.5382
2016-08-02,CNY,166.9096
2016-08-02,CAD,848.1791
2016-08-02,IDR,0.0847
2016-08-03,USD,1117.2679
2016-08-03,EUR,1251.34
2016-08-03,PLN,290.1322
2016-08-03,CNY,168.567
2016-08-03,CAD,852.8762
2016-08-03,IDR,0.0849
2016-08-04,USD,1115.194
2016-08-04,EUR,1241.88
2016-08-04,PLN,289.2129
2016-08-04,CNY,167.9101
2016-08-04,CAD,854.3478
2016-08-04,IDR,0.0848
2016-08-05,USD,1109.4747
2016-08-05,EUR,1237.73
2016-08-05,PLN,288.9125
2016-08-05,CNY,167.0125
2016-08-05,CAD,851.9031
2016-08-05,IDR,0.0847
2016-08-08,USD,1108.8482
2016-08-08,EUR,1229.38
2016-08-08,PLN,287.3323
2016-08-08,CNY,166.4744
2016-08-08,CAD,843.6012
2016-08-08,IDR,0.0845
2016-08-09,USD,1105.4884
2016-08-09,EUR,1224.66
2016-08-09,PLN,287.014
2016-08-09,CNY,165.9476
2016-08-09,CAD,840.7085
2016-08-09,IDR,0.0842
2016-08-10,USD,1094.0004
2016-08-10,EUR,1223.53
2016-08-10,PLN,286.6484
2016-08-10,CNY,164.9651
2016-08-10,CAD,840.5097
2016-08-10,IDR,0.0836
2016-08-11,USD,1100.1255
2016-08-11,EUR,1226.97
2016-08-11,PLN,287.9941
2016-08-11,CNY,165.7373
2016-08-11,CAD,842.7571
2016-08-11,IDR,0.084
2016-08-12,USD,1106.1032
2016-08-12,EUR,1234.19
2016-08-12,PLN,289.322
2016-08-12,CNY,166.3934
2016-08-12,CAD,852.4589
2016-08-12,IDR,0.0844
2016-08-15,USD,1099.3381
2016-08-15,EUR,1229.06
2016-08-15,PLN,287.8698
2016-08-15,CNY,165.6348
2016-08-15,CAD,850.7961
2016-08-15,IDR,0.0839
2016-08-16,USD,1091.1111
2016-08-16,EUR,1232.41
2016-08-16,PLN,288.6476
2016-08-16,CNY,164.8224
2016-08-16,CAD,851.2883
2016-08-16,IDR,0.0834
2016-08-17,USD,1111.1653
2016-08-17,EUR,1252.95
2016-08-17,PLN,292.0153
2016-08-17,CNY,167.4507
2016-08-17,CAD,862.3787
2016-08-17,IDR,0.0845
2016-08-18,USD,1110.3878
2016-08-18,EUR,1257.07
2016-08-18,PLN,292.8526
2016-08-18,CNY,167.462
2016-08-18,CAD,865.5123
2016-08-18,IDR,0.0845
2016-08-19,USD,1120.5633
2016-08-19,EUR,1269.15
2016-08-19,PLN,295.2061
2016-08-19,CNY,168.4541
2016-08-19,CAD,872.4479
2016-08-19,IDR,0.0849
2016-08-22,USD,1123.5096
2016-08-22,EUR,1270.24
2016-08-22,PLN,295.2742
2016-08-22,CNY,168.9261
2016-08-22,CAD,869.9082
2016-08-22,IDR,0.0849
2016-08-23,USD,1116.2184
2016-08-23,EUR,1265.68
2016-08-23,PLN,293.4842
2016-08-23,CNY,168.0828
2016-08-23,CAD,865.4222
2016-08-23,IDR,0.0844
2016-08-24,USD,1122.6127
2016-08-24,EUR,1264.96
2016-08-24,PLN,293.9102
2016-08-24,CNY,168.6321
2016-08-24,CAD,867.5399
2016-08-24,IDR,0.0845
2016-08-25,USD,1116.3242
2016-08-25,EUR,1260.33
2016-08-25,PLN,292.264
2016-08-25,CNY,167.7175
2016-08-25,CAD,863.4171
2016-08-25,IDR,0.0842
2016-08-26,USD,1114.2781
2016-08-26,EUR,1258.02
2016-08-26,PLN,290.912
2016-08-26,CNY,167.0278
2016-08-26,CAD,864.8563
2016-08-26,IDR,0.0844
2016-08-29,USD,1123.2766
2016-08-29,EUR,1254.7
2016-08-29,PLN,289.6754
2016-08-29,CNY,168.1723
2016-08-29,CAD,863.1673
2016-08-29,IDR,0.0847
2016-08-30,USD,1114.3177
2016-08-30,EUR,1244.47
2016-08-30,PLN,286.5066
2016-08-30,CNY,166.8973
2016-08-30,CAD,854.601
2016-08-30,IDR,0.084
2016-08-31,USD,1117.1937
2016-08-31,EUR,1243.66
2016-08-31,PLN,285.6821
2016-08-31,CNY,167.3588
2016-08-31,CAD,852.8149
2016-08-31,IDR,0.0841
2016-09-01,USD,1121.7926
2016-09-01,EUR,1250.35
2016-09-01,PLN,286.4818
2016-09-01,CNY,167.9404
2016-09-01,CAD,854.4144
2016-09-01,IDR,0.0845
2016-09-02,USD,1115.7956
2016-09-02,EUR,1248.91
2016-09-02,PLN,284.3991
2016-09-02,CNY,167.0671
2016-09-02,CAD,852.9058
2016-09-02,IDR,0.0842
2016-09-05,USD,1106.4539
2016-09-05,EUR,1234.36
2016-09-05,PLN,283.4937
2016-09-05,CNY,165.6948
2016-09-05,CAD,855.0568
2016-09-05,IDR,0.0842
2016-09-06,USD,1105.6188
2016-09-06,EUR,1233.76
2016-09-06,PLN,284.3551
2016-09-06,CNY,165.5498
2016-09-06,CAD,856.4804
2016-09-06,IDR,0.0843
2016-09-07,USD,1090.0952
2016-09-07,EUR,1224.94
2016-09-07,PLN,283.6428
2016-09-07,CNY,163.5958
2016-09-07,CAD,848.0615
2016-09-07,IDR,0.0835
2016-09-08,USD,1089.6512
2016-09-08,EUR,1230.87
2016-09-08,PLN,285.5648
2016-09-08,CNY,163.5599
2016-09-08,CAD,846.1914
2016-09-08,IDR,0.0836
2016-09-09,USD,1104.1711
2016-09-09,EUR,1244.18
2016-09-09,PLN,287.0412
2016-09-09,CNY,165.2824
2016-09-09,CAD,852.1781
2016-09-09,IDR,0.0841
2016-09-12,USD,1115.5621
2016-09-12,EUR,1252.33
2016-09-12,PLN,287.9317
2016-09-12,CNY,166.9885
2016-09-12,CAD,850.6521
2016-09-12,IDR,0.0852
2016-09-13,USD,1123.3484
2016-09-13,EUR,1263.43
2016-09-13,PLN,290.5906
2016-09-13,CNY,168.1479
2016-09-13,CAD,856.9113
2016-09-13,IDR,0.0852
2016-09-14,USD,1125.9939
2016-09-14,EUR,1263.14
2016-09-14,PLN,290.912
2016-09-14,CNY,168.657
2016-09-14,CAD,853.5306
2016-09-14,IDR,0.0851
2016-09-15,USD,1126.6128
2016-09-15,EUR,1267.89
2016-09-15,PLN,293.1266
2016-09-15,CNY,168.8224
2016-09-15,CAD,854.8918
2016-09-15,IDR,0.0855
2016-09-16,USD,1125.6369
2016-09-16,EUR,1263.64
2016-09-16,PLN,292.7329
2016-09-16,CNY,168.6765
2016-09-16,CAD,852.8312
2016-09-16,IDR,0.0856
2016-09-19,USD,1119.7134
2016-09-19,EUR,1250.16
2016-09-19,PLN,291.2429
2016-09-19,CNY,167.8766
2016-09-19,CAD,851.3756
2016-09-19,IDR,0.085
2016-09-20,USD,1119.814
2016-09-20,EUR,1252.4
2016-09-20,PLN,291.4252
2016-09-20,CNY,167.873
2016-09-20,CAD,846.6739
2016-09-20,IDR,0.0852
2016-09-21,USD,1112.6457
2016-09-21,EUR,1240.6
2016-09-21,PLN,289.0831
2016-09-21,CNY,166.7832
2016-09-21,CAD,846.6526
2016-09-21,IDR,0.0847
2016-09-22,USD,1101.8954
2016-09-22,EUR,1238.31
2016-09-22,PLN,288.9737
2016-09-22,CNY,165.2203
2016-09-22,CAD,846.8235
2016-09-22,IDR,0.0843
2016-09-23,USD,1101.9975
2016-09-23,EUR,1235.78
2016-09-23,PLN,288.2689
2016-09-23,CNY,165.2179
2016-09-23,CAD,844.9778
2016-09-23,IDR,0.0843
2016-09-26,USD,1106.4731
2016-09-26,EUR,1246.11
2016-09-26,PLN,289.4901
2016-09-26,CNY,165.9157
2016-09-26,CAD,840.5464
2016-09-26,IDR,0.0849
2016-09-27,USD,1098.6542
2016-09-27,EUR,1232.69
2016-09-27,PLN,287.4274
2016-09-27,CNY,164.7409
2016-09-27,CAD,828.8106
2016-09-27,IDR,0.0849
2016-09-28,USD,1097.3363
2016-09-28,EUR,1231.76
2016-09-28,PLN,287.1704
2016-09-28,CNY,164.4298
2016-09-28,CAD,830.6427
2016-09-28,IDR,0.0848
2016-09-29,USD,1100.7842
2016-09-29,EUR,1235.19
2016-09-29,PLN,286.8199
2016-09-29,CNY,165.0882
2016-09-29,CAD,841.2382
2016-09-29,IDR,0.0848
2016-09-30,USD,1101.8368
2016-09-30,EUR,1229.76
2016-09-30,PLN,284.7194
2016-09-30,CNY,165.1505
2016-09-30,CAD,837.1409
2016-09-30,IDR,0.0844
2016-10-03,USD,1101.1125
2016-10-03,EUR,1237.21
2016-10-03,PLN,288.1723
2016-10-03,CNY,165.045
2016-10-03,CAD,841.525
2016-10-03,IDR,0.0848
2016-10-04,USD,1109.363
2016-10-04,EUR,1238.16
2016-10-04,PLN,288.3734
2016-10-04,CNY,166.2808
2016-10-04,CAD,842.4576
2016-10-04,IDR,0.0853
2016-10-05,USD,1115.2529
2016-10-05,EUR,1250.31
2016-10-05,PLN,291.1693
2016-10-05,CNY,167.089
2016-10-05,CAD,843.8917
2016-10-05,IDR,0.0856
2016-10-06,USD,1116.8708
2016-10-06,EUR,1249.22
2016-10-06,PLN,291.0035
2016-10-06,CNY,167.4445
2016-10-06,CAD,845.8393
2016-10-06,IDR,0.0858
2016-10-07,USD,1115.8348
2016-10-07,EUR,1243.04
2016-10-07,PLN,290.3417
2016-10-07,CNY,167.2506
2016-10-07,CAD,840.8009
2016-10-07,IDR,0.0859
2016-10-10,USD,1111.6487
2016-10-10,EUR,1240.6
2016-10-10,PLN,289.7177
2016-10-10,CNY,165.7448
2016-10-10,CAD,838.81
2016-10-10,IDR,0.0857
2016-10-11,USD,1123.8469
2016-10-11,EUR,1245.11
2016-10-11,PLN,291.5129
2016-10-11,CNY,167.2636
2016-10-11,CAD,849.7304
2016-10-11,IDR,0.0862
2016-10-12,USD,1124.9183
2016-10-12,EUR,1239.66
2016-10-12,PLN,288.4674
2016-10-12,CNY,167.456
2016-10-12,CAD,849.1985
2016-10-12,IDR,0.0863
2016-10-13,USD,1134.1366
2016-10-13,EUR,1251.86
2016-10-13,PLN,290.9949
2016-10-13,CNY,168.5757
2016-10-13,CAD,856.2654
2016-10-13,IDR,0.0867
2016-10-14,USD,1132.5759
2016-10-14,EUR,1246.06
2016-10-14,PLN,289.6467
2016-10-14,CNY,168.3865
2016-10-14,CAD,860.2416
2016-10-14,IDR,0.0868
2016-10-17,USD,1139.8763
2016-10-17,EUR,1253.18
2016-10-17,PLN,289.5451
2016-10-17,CNY,169.1772
2016-10-17,CAD,868.2741
2016-10-17,IDR,0.0873
2016-10-18,USD,1126.4168
2016-10-18,EUR,1238.27
2016-10-18,PLN,286.7428
2016-10-18,CNY,167.1982
2016-10-18,CAD,860.986
2016-10-18,IDR,0.0864
2016-10-19,USD,1123.8546
2016-10-19,EUR,1233.88
2016-10-19,PLN,285.7527
2016-10-19,CNY,166.824
2016-10-19,CAD,859.1881
2016-10-19,IDR,0.0865
2016-10-20,USD,1126.9308
2016-10-20,EUR,1237.37
2016-10-20,PLN,285.8856
2016-10-20,CNY,167.2574
2016-10-20,CAD,855.7192
2016-10-20,IDR,0.0866
2016-10-21,USD,1137.8192
2016-10-21,EUR,1238.63
2016-10-21,PLN,286.3818
2016-10-21,CNY,168.235
2016-10-21,CAD,860.1
2016-10-21,IDR,0.087
2016-10-24,USD,1133.3119
2016-10-24,EUR,1234.29
2016-10-24,PLN,285.9403
2016-10-24,CNY,167.3046
2016-10-24,CAD,848.4842
2016-10-24,IDR,0.0871
2016-10-25,USD,1131.926
2016-10-25,EUR,1230.63
2016-10-25,PLN,285.9138
2016-10-25,CNY,167.0123
2016-10-25,CAD,850.0
2016-10-25,IDR,0.087
2016-10-26,USD,1135.8535
2016-10-26,EUR,1240.92
2016-10-26,PLN,286.9511
2016-10-26,CNY,167.7962
2016-10-26,CAD,849.8288
2016-10-26,IDR,0.0873
2016-10-27,USD,1143.1866
2016-10-27,EUR,1249.16
2016-10-27,PLN,288.5429
2016-10-27,CNY,168.6186
2016-10-27,CAD,855.2961
2016-10-27,IDR,0.0877
2016-10-28,USD,1145.4038
2016-10-28,EUR,1251.01
2016-10-28,PLN,288.8702
2016-10-28,CNY,168.9344
2016-10-28,CAD,855.5084
2016-10-28,IDR,0.0878
2016-10-31,USD,1146.4371
2016-10-31,EUR,1254.89
2016-10-31,PLN,289.9603
2016-10-31,CNY,169.223
2016-10-31,CAD,855.7041
2016-10-31,IDR,0.0879
2016-11-01,USD,1141.4422
2016-11-01,EUR,1258.44
2016-11-01,PLN,292.0831
2016-11-01,CNY,168.6216
2016-11-01,CAD,854.3381
2016-11-01,IDR,0.0875
2016-11-02,USD,1143.2717
2016-11-02,EUR,1268.46
2016-11-02,PLN,293.2516
2016-11-02,CNY,169.1663
2016-11-02,CAD,854.7574
2016-11-02,IDR,0.0876
2016-11-03,USD,1144.2878
2016-11-03,EUR,1266.04
2016-11-03,PLN,293.1598
2016-11-03,CNY,169.1843
2016-11-03,CAD,854.624
2016-11-03,IDR,0.0876
2016-11-04,USD,1144.3343
2016-11-04,EUR,1269.41
2016-11-04,PLN,293.9266
2016-11-04,CNY,169.3563
2016-11-04,CAD,851.8958
2016-11-04,IDR,0.0874
2016-11-07,USD,1143.2743
2016-11-07,EUR,1264.69
2016-11-07,PLN,292.0695
2016-11-07,CNY,168.7581
2016-11-07,CAD,853.7703
2016-11-07,IDR,0.0874
2016-11-08,USD,1135.8489
2016-11-08,EUR,1253.75
2016-11-08,PLN,289.6634
2016-11-08,CNY,167.3474
2016-11-08,CAD,849.6544
2016-11-08,IDR,0.0867
2016-11-09,USD,1152.8307
2016-11-09,EUR,1270.65
2016-11-09,PLN,292.8575
2016-11-09,CNY,169.9389
2016-11-09,CAD,858.6633
2016-11-09,IDR,0.0874
2016-11-10,USD,1160.9729
2016-11-10,EUR,1264.88
2016-11-10,PLN,290.19
2016-11-10,CNY,170.7797
2016-11-10,CAD,861.107
2016-11-10,IDR,0.0874
2016-11-11,USD,1164.8936
2016-11-11,EUR,1270.2
2016-11-11,PLN,288.1514
2016-11-11,CNY,171.1906
2016-11-11,CAD,863.4355
2016-11-11,IDR,0.0869
2016-11-14,USD,1172.8589
2016-11-14,EUR,1263.99
2016-11-14,PLN,286.8793
2016-11-14,CNY,171.3676
2016-11-14,CAD,866.34
2016-11-14,IDR,0.0878
2016-11-15,USD,1165.9545
2016-11-15,EUR,1255.15
2016-11-15,PLN,283.6818
2016-11-15,CNY,170.0377
2016-11-15,CAD,862.0536
2016-11-15,IDR,0.0872
2016-11-16,USD,1175.8176
2016-11-16,EUR,1258.36
2016-11-16,PLN,283.2039
2016-11-16,CNY,170.9264
2016-11-16,CAD,872.3466
2016-11-16,IDR,0.0873
2016-11-17,USD,1176.7939
2016-11-17,EUR,1261.17
2016-11-17,PLN,283.7406
2016-11-17,CNY,171.3057
2016-11-17,CAD,876.482
2016-11-17,IDR,0.088
2016-11-18,USD,1176.1596
2016-11-18,EUR,1250.14
2016-11-18,PLN,281.3793
2016-11-18,CNY,170.8869
2016-11-18,CAD,870.268
2016-11-18,IDR,0.0876
2016-11-21,USD,1177.0765
2016-11-21,EUR,1251.35
2016-11-21,PLN,282.4272
2016-11-21,CNY,170.7325
2016-11-21,CAD,874.5807
2016-11-21,IDR,0.0879
2016-11-22,USD,1174.4372
2016-11-22,EUR,1246.9
2016-11-22,PLN,282.0722
2016-11-22,CNY,170.5746
2016-11-22,CAD,876.2474
2016-11-22,IDR,0.0875
2016-11-23,USD,1177.325
2016-11-23,EUR,1248.2
2016-11-23,PLN,282.6924
2016-11-23,CNY,170.6194
2016-11-23,CAD,875.3156
2016-11-23,IDR,0.087
2016-11-24,USD,1181.7122
2016-11-24,EUR,1246.47
2016-11-24,PLN,281.7582
2016-11-24,CNY,170.7774
2016-11-24,CAD,875.8221
2016-11-24,IDR,0.0872
2016-11-25,USD,1177.3319
2016-11-25,EUR,1247.03
2016-11-25,PLN,282.1973
2016-11-25,CNY,170.1385
2016-11-25,CAD,872.6592
2016-11-25,IDR,0.0871
2016-11-28,USD,1174.5183
2016-11-28,EUR,1243.58
2016-11-28,PLN,281.3911
2016-11-28,CNY,170.0041
2016-11-28,CAD,873.1779
2016-11-28,IDR,0.0868
2016-11-29,USD,1173.7708
2016-11-29,EUR,1241.38
2016-11-29,PLN,280.2275
2016-11-29,CNY,170.1173
2016-11-29,CAD,872.2456
2016-11-29,IDR,0.0865
2016-11-30,USD,1172.8914
2016-11-30,EUR,1247.37
2016-11-30,PLN,280.415
2016-11-30,CNY,170.3941
2016-11-30,CAD,876.3929
2016-11-30,IDR,0.0865
2016-12-01,USD,1168.3824
2016-12-01,EUR,1241.64
2016-12-01,PLN,277.921
2016-12-01,CNY,169.6786
2016-12-01,CAD,871.9382
2016-12-01,IDR,0.0863
2016-12-02,USD,1172.1105
2016-12-02,EUR,1247.36
2016-12-02,PLN,277.858
2016-12-02,CNY,170.1487
2016-12-02,CAD,881.0906
2016-12-02,IDR,0.0867
2016-12-05,USD,1172.1921
2016-12-05,EUR,1254.48
2016-12-05,PLN,278.7424
2016-12-05,CNY,170.3022
2016-12-05,CAD,880.9551
2016-12-05,IDR,0.0873
2016-12-06,USD,1169.3777
2016-12-06,EUR,1255.21
2016-12-06,PLN,280.3059
2016-12-06,CNY,169.9422
2016-12-06,CAD,881.3439
2016-12-06,IDR,0.0874
2016-12-07,USD,1162.6934
2016-12-07,EUR,1247.57
2016-12-07,PLN,281.7457
2016-12-07,CNY,168.965
2016-12-07,CAD,875.9795
2016-12-07,IDR,0.0873
2016-12-08,USD,1161.522
2016-12-08,EUR,1250.03
2016-12-08,PLN,280.6533
2016-12-08,CNY,168.8294
2016-12-08,CAD,878.9411
2016-12-08,IDR,0.0874
2016-12-09,USD,1171.5125
2016-12-09,EUR,1237.0
2016-12-09,PLN,278.2652
2016-12-09,CNY,169.6124
2016-12-09,CAD,889.0326
2016-12-09,IDR,0.0879
2016-12-12,USD,1168.1106
2016-12-12,EUR,1237.73
2016-12-12,PLN,277.9542
2016-12-12,CNY,169.0311
2016-12-12,CAD,889.3016
2016-12-12,IDR,0.0876
2016-12-13,USD,1166.7107
2016-12-13,EUR,1237.88
2016-12-13,PLN,278.5383
2016-12-13,CNY,169.0331
2016-12-13,CAD,889.2177
2016-12-13,IDR,0.0876
2016-12-14,USD,1166.009
2016-12-14,EUR,1241.1
2016-12-14,PLN,279.5144
2016-12-14,CNY,168.8594
2016-12-14,CAD,888.9764
2016-12-14,IDR,0.0877
2016-12-15,USD,1186.1311
2016-12-15,EUR,1235.83
2016-12-15,PLN,278.027
2016-12-15,CNY,171.0207
2016-12-15,CAD,888.9584
2016-12-15,IDR,0.0884
2016-12-16,USD,1187.403
2016-12-16,EUR,1239.53
2016-12-16,PLN,280.4367
2016-12-16,CNY,170.6519
2016-12-16,CAD,887.9155
2016-12-16,IDR,0.0887
2016-12-19,USD,1188.7929
2016-12-19,EUR,1238.96
2016-12-19,PLN,280.8796
2016-12-19,CNY,170.9689
2016-12-19,CAD,888.3344
2016-12-19,IDR,0.0887
2016-12-20,USD,1194.9537
2016-12-20,EUR,1238.45
2016-12-20,PLN,280.8595
2016-12-20,CNY,171.7588
2016-12-20,CAD,891.2277
2016-12-20,IDR,0.0887
2016-12-21,USD,1193.6187
2016-12-21,EUR,1243.87
2016-12-21,PLN,282.1719
2016-12-21,CNY,171.8788
2016-12-21,CAD,892.8151
2016-12-21,IDR,0.0888
2016-12-22,USD,1203.7629
2016-12-22,EUR,1257.21
2016-12-22,PLN,285.1075
2016-12-22,CNY,173.2649
2016-12-22,CAD,893.7935
2016-12-22,IDR,0.0893
2016-12-23,USD,1203.8962
2016-12-23,EUR,1257.59
2016-12-23,PLN,285.1807
2016-12-23,CNY,173.3292
2016-12-23,CAD,890.8337
2016-12-23,IDR,0.0896
2016-12-27,USD,1207.2571
2016-12-27,EUR,1260.98
2016-12-27,PLN,286.0014
2016-12-27,CNY,173.6433
2016-12-27,CAD,892.0345
2016-12-27,IDR,0.0898
2016-12-28,USD,1213.316
2016-12-28,EUR,1261.97
2016-12-28,PLN,286.629
2016-12-28,CNY,174.3438
2016-12-28,CAD,893.8098
2016-12-28,IDR,0.0903
2016-12-29,USD,1209.4614
2016-12-29,EUR,1264.25
2016-12-29,PLN,286.4117
2016-12-29,CNY,173.8852
2016-12-29,CAD,893.2104
2016-12-29,IDR,0.0898
2016-12-30,USD,1204.2121
2016-12-30,EUR,1269.36
2016-12-30,PLN,287.8172
2016-12-30,CNY,173.4051
2016-12-30,CAD,894.6716
2016-12-30,IDR,0.0896
2017-01-02,USD,1207.6923
2017-01-02,EUR,1263.85
2017-01-02,PLN,286.4379
2017-01-02,CNY,173.8685
2017-01-02,CAD,898.2587
2017-01-02,IDR,0.0893
2017-01-03,USD,1206.962
2017-01-03,EUR,1253.43
2017-01-03,PLN,285.2984
2017-01-03,CNY,173.4011
2017-01-03,CAD,897.7439
2017-01-03,IDR,0.0895
2017-01-04,USD,1199.4826
2017-01-04,EUR,1251.9
2017-01-04,PLN,285.9656
2017-01-04,CNY,172.9574
2017-01-04,CAD,901.0364
2017-01-04,IDR,0.0896
2017-01-05,USD,1191.1056
2017-01-05,EUR,1250.78
2017-01-05,PLN,286.3507
2017-01-05,CNY,172.9723
2017-01-05,CAD,895.5893
2017-01-05,IDR,0.0892
2017-01-06,USD,1191.1984
2017-01-06,EUR,1261.36
2017-01-06,PLN,289.6216
2017-01-06,CNY,172.1923
2017-01-06,CAD,898.4686
2017-01-06,IDR,0.0891
2017-01-09,USD,1204.1936
2017-01-09,EUR,1266.33
2017-01-09,PLN,289.2683
2017-01-09,CNY,173.5697
2017-01-09,CAD,907.5032
2017-01-09,IDR,0.0902
2017-01-10,USD,1200.9842
2017-01-10,EUR,1269.08
2017-01-10,PLN,290.2678
2017-01-10,CNY,173.4284
2017-01-10,CAD,907.004
2017-01-10,IDR,0.0904
2017-01-11,USD,1200.219
2017-01-11,EUR,1260.59
2017-01-11,PLN,288.4447
2017-01-11,CNY,173.0961
2017-01-11,CAD,905.6613
2017-01-11,IDR,0.09
2017-01-12,USD,1175.5782
2017-01-12,EUR,1255.4
2017-01-12,PLN,286.8502
2017-01-12,CNY,170.522
2017-01-12,CAD,900.3155
2017-01-12,IDR,0.0887
2017-01-13,USD,1173.858
2017-01-13,EUR,1251.45
2017-01-13,PLN,286.1177
2017-01-13,CNY,170.1172
2017-01-13,CAD,893.2548
2017-01-13,IDR,0.0881
2017-01-16,USD,1183.3585
2017-01-16,EUR,1253.65
2017-01-16,PLN,286.6862
2017-01-16,CNY,171.4815
2017-01-16,CAD,900.158
2017-01-16,IDR,0.0885
2017-01-17,USD,1168.86
2017-01-17,EUR,1248.81
2017-01-17,PLN,285.8147
2017-01-17,CNY,170.5209
2017-01-17,CAD,895.0118
2017-01-17,IDR,0.0877
2017-01-18,USD,1171.596
2017-01-18,EUR,1249.39
2017-01-18,PLN,286.0784
2017-01-18,CNY,171.3112
2017-01-18,CAD,893.3147
2017-01-18,IDR,0.0878
2017-01-19,USD,1177.2591
2017-01-19,EUR,1255.9
2017-01-19,PLN,287.2073
2017-01-19,CNY,171.475
2017-01-19,CAD,886.3717
2017-01-19,IDR,0.088
2017-01-20,USD,1176.3168
2017-01-20,EUR,1250.66
2017-01-20,PLN,286.1988
2017-01-20,CNY,171.0304
2017-01-20,CAD,879.6933
2017-01-20,IDR,0.0877
2017-01-23,USD,1168.1475
2017-01-23,EUR,1251.67
2017-01-23,PLN,286.2989
2017-01-23,CNY,170.4437
2017-01-23,CAD,877.3798
2017-01-23,IDR,0.0874
2017-01-24,USD,1165.1191
2017-01-24,EUR,1252.27
2017-01-24,PLN,286.3968
2017-01-24,CNY,169.8661
2017-01-24,CAD,877.7388
2017-01-24,IDR,0.0875
2017-01-25,USD,1164.8981
2017-01-25,EUR,1251.45
2017-01-25,PLN,286.7602
2017-01-25,CNY,169.2635
2017-01-25,CAD,889.4456
2017-01-25,IDR,0.0874
2017-01-26,USD,1166.486
2017-01-26,EUR,1248.14
2017-01-26,PLN,287.3581
2017-01-26,CNY,169.5059
2017-01-26,CAD,888.4823
2017-01-26,IDR,0.0872
2017-01-27,USD,1174.0099
2017-01-27,EUR,1253.96
2017-01-27,PLN,288.9309
2017-01-27,CNY,170.2501
2017-01-27,CAD,894.9186
2017-01-27,IDR,0.0878
2017-01-30,USD,1178.0527
2017-01-30,EUR,1252.27
2017-01-30,PLN,289.1411
2017-01-30,CNY,171.3021
2017-01-30,CAD,895.566
2017-01-30,IDR,0.0884
2017-01-31,USD,1157.378
2017-01-31,EUR,1244.76
2017-01-31,PLN,287.879
2017-01-31,CNY,168.279
2017-01-31,CAD,885.572
2017-01-31,IDR,0.0867
2017-02-01,USD,1156.4968
2017-02-01,EUR,1247.86
2017-02-01,PLN,288.9501
2017-02-01,CNY,168.0167
2017-02-01,CAD,885.1954
2017-02-01,IDR,0.0865
2017-02-02,USD,1141.9504
2017-02-02,EUR,1234.22
2017-02-02,PLN,286.5548
2017-02-02,CNY,165.9411
2017-02-02,CAD,878.4484
2017-02-02,IDR,0.0855
2017-02-03,USD,1147.2395
2017-02-03,EUR,1232.25
2017-02-03,PLN,286.7565
2017-02-03,CNY,167.0259
2017-02-03,CAD,878.7349
2017-02-03,IDR,0.086
2017-02-06,USD,1136.2957
2017-02-06,EUR,1217.2
2017-02-06,PLN,284.612
2017-02-06,CNY,165.6054
2017-02-06,CAD,870.2366
2017-02-06,IDR,0.0855
2017-02-07,USD,1147.082
2017-02-07,EUR,1224.51
2017-02-07,PLN,284.5382
2017-02-07,CNY,166.6295
2017-02-07,CAD,870.1748
2017-02-07,IDR,0.0861
2017-02-08,USD,1144.5288
2017-02-08,EUR,1220.64
2017-02-08,PLN,283.0929
2017-02-08,CNY,166.538
2017-02-08,CAD,870.6419
2017-02-08,IDR,0.0859
2017-02-09,USD,1144.0142
2017-02-09,EUR,1223.18
2017-02-09,PLN,283.8268
2017-02-09,CNY,166.6163
2017-02-09,CAD,872.7026
2017-02-09,IDR,0.0863
2017-02-10,USD,1150.2117
2017-02-10,EUR,1222.56
2017-02-10,PLN,284.6274
2017-02-10,CNY,167.1991
2017-02-10,CAD,875.4458
2017-02-10,IDR,0.0865
2017-02-13,USD,1150.9173
2017-02-13,EUR,1223.31
2017-02-13,PLN,283.5872
2017-02-13,CNY,167.4345
2017-02-13,CAD,879.0041
2017-02-13,IDR,0.0864
2017-02-14,USD,1136.8069
2017-02-14,EUR,1207.63
2017-02-14,PLN,280.7658
2017-02-14,CNY,165.6511
2017-02-14,CAD,872.439
2017-02-14,IDR,0.0854
2017-02-15,USD,1141.9706
2017-02-15,EUR,1205.35
2017-02-15,PLN,280.2162
2017-02-15,CNY,166.207
2017-02-15,CAD,872.8728
2017-02-15,IDR,0.0857
2017-02-16,USD,1139.448
2017-02-16,EUR,1213.74
2017-02-16,PLN,281.1145
2017-02-16,CNY,166.202
2017-02-16,CAD,875.3985
2017-02-16,IDR,0.0855
2017-02-17,USD,1150.0094
2017-02-17,EUR,1224.76
2017-02-17,PLN,282.8218
2017-02-17,CNY,167.4679
2017-02-17,CAD,879.2878
2017-02-17,IDR,0.0863
2017-02-20,USD,1147.6545
2017-02-20,EUR,1218.35
2017-02-20,PLN,281.7255
2017-02-20,CNY,166.8721
2017-02-20,CAD,875.3772
2017-02-20,IDR,0.0859
2017-02-21,USD,1147.1007
2017-02-21,EUR,1208.7
2017-02-21,PLN,280.6753
2017-02-21,CNY,166.6138
2017-02-21,CAD,873.3382
2017-02-21,IDR,0.0858
2017-02-22,USD,1142.6615
2017-02-22,EUR,1201.28
2017-02-22,PLN,279.4519
2017-02-22,CNY,166.1269
2017-02-22,CAD,867.7261
2017-02-22,IDR,0.0856
2017-02-23,USD,1135.2407
2017-02-23,EUR,1200.29
2017-02-23,PLN,278.6188
2017-02-23,CNY,165.1177
2017-02-23,CAD,865.5105
2017-02-23,IDR,0.0852
2017-02-24,USD,1129.4278
2017-02-24,EUR,1198.21
2017-02-24,PLN,277.9618
2017-02-24,CNY,164.4244
2017-02-24,CAD,861.5877
2017-02-24,IDR,0.0848
2017-02-27,USD,1133.5128
2017-02-27,EUR,1200.05
2017-02-27,PLN,278.1241
2017-02-27,CNY,164.9417
2017-02-27,CAD,864.0291
2017-02-27,IDR,0.0848
2017-02-28,USD,1126.9605
2017-02-28,EUR,1194.24
2017-02-28,PLN,276.7776
2017-02-28,CNY,164.089
2017-02-28,CAD,854.0046
2017-02-28,IDR,0.0845
2017-03-01,USD,1143.9571
2017-03-01,EUR,1204.93
2017-03-01,PLN,280.4902
2017-03-01,CNY,166.2615
2017-03-01,CAD,857.9678
2017-03-01,IDR,0.0856
2017-03-02,USD,1145.4156
2017-03-02,EUR,1204.29
2017-03-02,PLN,280.4522
2017-03-02,CNY,166.3407
2017-03-02,CAD,855.9883
2017-03-02,IDR,0.0857
2017-03-03,USD,1153.4785
2017-03-03,EUR,1218.65
2017-03-03,PLN,283.3608
2017-03-03,CNY,167.2316
2017-03-03,CAD,860.5678
2017-03-03,IDR,0.0862
2017-03-06,USD,1154.4184
2017-03-06,EUR,1222.76
2017-03-06,PLN,283.7623
2017-03-06,CNY,167.3867
2017-03-06,CAD,862.1307
2017-03-06,IDR,0.0865
2017-03-07,USD,1149.4989
2017-03-07,EUR,1215.71
2017-03-07,PLN,282.231
2017-03-07,CNY,166.5904
2017-03-07,CAD,856.6768
2017-03-07,IDR,0.0861
2017-03-08,USD,1152.2925
2017-03-08,EUR,1216.36
2017-03-08,PLN,282.0218
2017-03-08,CNY,166.732
2017-03-08,CAD,857.014
2017-03-08,IDR,0.086
2017-03-09,USD,1158.5158
2017-03-09,EUR,1222.35
2017-03-09,PLN,283.1415
2017-03-09,CNY,167.6473
2017-03-09,CAD,856.4672
2017-03-09,IDR,0.0865
2017-03-10,USD,1156.2135
2017-03-10,EUR,1226.28
2017-03-10,PLN,283.474
2017-03-10,CNY,167.2139
2017-03-10,CAD,856.2212
2017-03-10,IDR,0.0864
2017-03-13,USD,1146.9193
2017-03-13,EUR,1222.96
2017-03-13,PLN,281.9439
2017-03-13,CNY,165.8993
2017-03-13,CAD,852.2369
2017-03-13,IDR,0.0859
2017-03-14,USD,1149.9106
2017-03-14,EUR,1222.47
2017-03-14,PLN,282.8417
2017-03-14,CNY,166.2976
2017-03-14,CAD,852.6085
2017-03-14,IDR,0.086
2017-03-15,USD,1145.9989
2017-03-15,EUR,1217.28
2017-03-15,PLN,281.7386
2017-03-15,CNY,165.7561
2017-03-15,CAD,851.7808
2017-03-15,IDR,0.0858
2017-03-16,USD,1127.3168
2017-03-16,EUR,1209.16
2017-03-16,PLN,281.3701
2017-03-16,CNY,163.3912
2017-03-16,CAD,846.9286
2017-03-16,IDR,0.0847
2017-03-17,USD,1129.9152
2017-03-17,EUR,1213.19
2017-03-17,PLN,282.2554
2017-03-17,CNY,163.6328
2017-03-17,CAD,848.622
2017-03-17,IDR,0.0847
2017-03-20,USD,1115.6622
2017-03-20,EUR,1199.56
2017-03-20,PLN,280.1401
2017-03-20,CNY,161.5177
2017-03-20,CAD,835.4064
2017-03-20,IDR,0.0838
2017-03-21,USD,1118.3207
2017-03-21,EUR,1208.01
2017-03-21,PLN,283.3842
2017-03-21,CNY,162.3277
2017-03-21,CAD,841.8775
2017-03-21,IDR,0.084
2017-03-22,USD,1119.7187
2017-03-22,EUR,1210.08
2017-03-22,PLN,282.6233
2017-03-22,CNY,162.5731
2017-03-22,CAD,836.9622
2017-03-22,IDR,0.084
2017-03-23,USD,1119.3955
2017-03-23,EUR,1207.38
2017-03-23,PLN,282.8581
2017-03-23,CNY,162.5707
2017-03-23,CAD,839.216
2017-03-23,IDR,0.0841
2017-03-24,USD,1120.1944
2017-03-24,EUR,1210.37
2017-03-24,PLN,283.4922
2017-03-24,CNY,162.671
2017-03-24,CAD,837.7422
2017-03-24,IDR,0.0841
2017-03-27,USD,1109.3305
2017-03-27,EUR,1207.95
2017-03-27,PLN,283.2837
2017-03-27,CNY,161.2858
2017-03-27,CAD,831.0058
2017-03-27,IDR,0.0834
2017-03-28,USD,1113.4635
2017-03-28,EUR,1209.11
2017-03-28,PLN,284.6974
2017-03-28,CNY,161.7171
2017-03-28,CAD,831.232
2017-03-28,IDR,0.0837
2017-03-29,USD,1112.6628
2017-03-29,EUR,1195.89
2017-03-29,PLN,282.1227
2017-03-29,CNY,161.4693
2017-03-29,CAD,831.6342
2017-03-29,IDR,0.0836
2017-03-30,USD,1116.7738
2017-03-30,EUR,1199.08
2017-03-30,PLN,283.9202
2017-03-30,CNY,162.097
2017-03-30,CAD,837.3464
2017-03-30,IDR,0.0839
2017-03-31,USD,1117.3323
2017-03-31,EUR,1194.54
2017-03-31,PLN,282.631
2017-03-31,CNY,162.2091
2017-03-31,CAD,837.3922
2017-03-31,IDR,0.0839
2017-04-03,USD,1117.2404
2017-04-03,EUR,1191.09
2017-04-03,PLN,281.7214
2017-04-03,CNY,162.223
2017-04-03,CAD,837.0862
2017-04-03,IDR,0.0839
2017-04-04,USD,1124.8991
2017-04-04,EUR,1198.13
2017-04-04,PLN,281.4428
2017-04-04,CNY,163.2975
2017-04-04,CAD,836.683
2017-04-04,IDR,0.0844
2017-04-05,USD,1126.3532
2017-04-05,EUR,1202.72
2017-04-05,PLN,284.2302
2017-04-05,CNY,163.3287
2017-04-05,CAD,841.5926
2017-04-05,IDR,0.0845
2017-04-06,USD,1131.1082
2017-04-06,EUR,1206.44
2017-04-06,PLN,285.4061
2017-04-06,CNY,163.9697
2017-04-06,CAD,842.3684
2017-04-06,IDR,0.0849
2017-04-07,USD,1134.8542
2017-04-07,EUR,1206.35
2017-04-07,PLN,285.5334
2017-04-07,CNY,164.5367
2017-04-07,CAD,846.2051
2017-04-07,IDR,0.0852
2017-04-10,USD,1142.163
2017-04-10,EUR,1208.18
2017-04-10,PLN,285.6488
2017-04-10,CNY,165.4542
2017-04-10,CAD,853.5359
2017-04-10,IDR,0.086
2017-04-11,USD,1144.0279
2017-04-11,EUR,1214.5
2017-04-11,PLN,286.3441
2017-04-11,CNY,165.7885
2017-04-11,CAD,858.9716
2017-04-11,IDR,0.0861
2017-04-12,USD,1140.2735
2017-04-12,EUR,1209.26
2017-04-12,PLN,284.6322
2017-04-12,CNY,165.4481
2017-04-12,CAD,856.7805
2017-04-12,IDR,0.0858
2017-04-13,USD,1131.6369
2017-04-13,EUR,1202.93
2017-04-13,PLN,283.3757
2017-04-13,CNY,164.2741
2017-04-13,CAD,855.0217
2017-04-13,IDR,0.0854
2017-04-18,USD,1143.0912
2017-04-18,EUR,1221.05
2017-04-18,PLN,288.235
2017-04-18,CNY,166.075
2017-04-18,CAD,855.4964
2017-04-18,IDR,0.086
2017-04-19,USD,1139.7855
2017-04-19,EUR,1222.42
2017-04-19,PLN,288.5925
2017-04-19,CNY,165.5229
2017-04-19,CAD,848.0194
2017-04-19,IDR,0.0855
2017-04-20,USD,1136.2773
2017-04-20,EUR,1220.93
2017-04-20,PLN,286.684
2017-04-20,CNY,165.0686
2017-04-20,CAD,842.3693
2017-04-20,IDR,0.0853
2017-04-21,USD,1135.7917
2017-04-21,EUR,1215.07
2017-04-21,PLN,284.3799
2017-04-21,CNY,164.9431
2017-04-21,CAD,843.0375
2017-04-21,IDR,0.0853
2017-04-24,USD,1128.5214
2017-04-24,EUR,1224.22
2017-04-24,PLN,288.595
2017-04-24,CNY,163.9046
2017-04-24,CAD,840.2334
2017-04-24,IDR,0.085
2017-04-25,USD,1127.7936
2017-04-25,EUR,1228.28
2017-04-25,PLN,290.559
2017-04-25,CNY,163.8231
2017-04-25,CAD,830.4801
2017-04-25,IDR,0.0849
2017-04-26,USD,1130.9006
2017-04-26,EUR,1231.89
2017-04-26,PLN,291.6337
2017-04-26,CNY,164.1185
2017-04-26,CAD,832.8083
2017-04-26,IDR,0.0851
2017-04-27,USD,1134.3902
2017-04-27,EUR,1234.33
2017-04-27,PLN,292.3844
2017-04-27,CNY,164.5247
2017-04-27,CAD,834.9658
2017-04-27,IDR,0.0852
2017-04-28,USD,1137.8683
2017-04-28,EUR,1243.69
2017-04-28,PLN,294.5458
2017-04-28,CNY,165.0178
2017-04-28,CAD,833.9077
2017-04-28,IDR,0.0854
2017-05-02,USD,1130.2336
2017-05-02,EUR,1233.65
2017-05-02,PLN,293.1121
2017-05-02,CNY,163.9119
2017-05-02,CAD,826.4001
2017-05-02,IDR,0.0849
2017-05-03,USD,1131.5322
2017-05-03,EUR,1235.52
2017-05-03,PLN,294.782
2017-05-03,CNY,164.1516
2017-05-03,CAD,824.2295
2017-05-03,IDR,0.085
2017-05-04,USD,1135.8744
2017-05-04,EUR,1241.17
2017-05-04,PLN,294.7657
2017-05-04,CNY,164.7206
2017-05-04,CAD,826.8954
2017-05-04,IDR,0.0852
2017-05-05,USD,1141.4378
2017-05-05,EUR,1251.13
2017-05-05,PLN,296.6661
2017-05-05,CNY,165.3731
2017-05-05,CAD,828.8923
2017-05-05,IDR,0.0856
2017-05-08,USD,1133.0133
2017-05-08,EUR,1239.29
2017-05-08,PLN,294.9918
2017-05-08,CNY,164.1161
2017-05-08,CAD,826.9652
2017-05-08,IDR,0.0851
2017-05-09,USD,1137.9133
2017-05-09,EUR,1238.96
2017-05-09,PLN,293.4325
2017-05-09,CNY,164.7531
2017-05-09,CAD,830.3465
2017-05-09,IDR,0.0852
2017-05-10,USD,1134.8833
2017-05-10,EUR,1234.98
2017-05-10,PLN,292.7881
2017-05-10,CNY,164.4097
2017-05-10,CAD,828.5676
2017-05-10,IDR,0.085
2017-05-11,USD,1128.5083
2017-05-11,EUR,1225.56
2017-05-11,PLN,290.1283
2017-05-11,CNY,163.5017
2017-05-11,CAD,822.1924
2017-05-11,IDR,0.0846
2017-05-12,USD,1127.7308
2017-05-12,EUR,1226.52
2017-05-12,PLN,290.8513
2017-05-12,CNY,163.4336
2017-05-12,CAD,820.9089
2017-05-12,IDR,0.0846
2017-05-15,USD,1116.9978
2017-05-15,EUR,1225.57
2017-05-15,PLN,291.1853
2017-05-15,CNY,162.0503
2017-05-15,CAD,820.8224
2017-05-15,IDR,0.084
2017-05-16,USD,1116.5205
2017-05-16,EUR,1234.76
2017-05-16,PLN,294.1025
2017-05-16,CNY,162.0739
2017-05-16,CAD,820.0027
2017-05-16,IDR,0.0839
2017-05-17,USD,1119.7175
2017-05-17,EUR,1244.79
2017-05-17,PLN,297.3201
2017-05-17,CNY,162.6071
2017-05-17,CAD,822.4035
2017-05-17,IDR,0.0841
2017-05-18,USD,1132.914
2017-05-18,EUR,1260.82
2017-05-18,PLN,298.5461
2017-05-18,CNY,164.3876
2017-05-18,CAD,830.4156
2017-05-18,IDR,0.0841
2017-05-19,USD,1119.5366
2017-05-19,EUR,1251.53
2017-05-19,PLN,297.9479
2017-05-19,CNY,162.5047
2017-05-19,CAD,825.0577
2017-05-19,IDR,0.0841
2017-05-22,USD,1117.2107
2017-05-22,EUR,1256.08
2017-05-22,PLN,299.5874
2017-05-22,CNY,162.1648
2017-05-22,CAD,827.7844
2017-05-22,IDR,0.0842
2017-05-23,USD,1123.9501
2017-05-23,EUR,1260.51
2017-05-23,PLN,300.2644
2017-05-23,CNY,163.1158
2017-05-23,CAD,834.5538
2017-05-23,IDR,0.0845
2017-05-24,USD,1122.7553
2017-05-24,EUR,1256.7
2017-05-24,PLN,300.1648
2017-05-24,CNY,162.956
2017-05-24,CAD,831.7559
2017-05-24,IDR,0.0844
2017-05-25,USD,1119.7967
2017-05-25,EUR,1255.74
2017-05-25,PLN,300.4666
2017-05-25,CNY,163.045
2017-05-25,CAD,833.6586
2017-05-25,IDR,0.0842
2017-05-26,USD,1118.0957
2017-05-26,EUR,1251.82
2017-05-26,PLN,299.2637
2017-05-26,CNY,163.0356
2017-05-26,CAD,830.2845
2017-05-26,IDR,0.0841
2017-05-29,USD,1121.0583
2017-05-29,EUR,1254.24
2017-05-29,PLN,300.079
2017-05-29,CNY,163.4956
2017-05-29,CAD,833.216
2017-05-29,IDR,0.0842
2017-05-30,USD,1124.1296
2017-05-30,EUR,1255.99
2017-05-30,PLN,300.7639
2017-05-30,CNY,163.9738
2017-05-30,CAD,834.6558
2017-05-30,IDR,0.0844
2017-05-31,USD,1118.4476
2017-05-31,EUR,1255.01
2017-05-31,PLN,300.875
2017-05-31,CNY,164.163
2017-05-31,CAD,830.6923
2017-05-31,IDR,0.084
2017-06-01,USD,1121.6686
2017-06-01,EUR,1258.4
2017-06-01,PLN,300.8367
2017-06-01,CNY,164.7358
2017-06-01,CAD,830.353
2017-06-01,IDR,0.0843
2017-06-02,USD,1123.2504
2017-06-02,EUR,1259.95
2017-06-02,PLN,300.5247
2017-06-02,CNY,164.6843
2017-06-02,CAD,830.6085
2017-06-02,IDR,0.0844
2017-06-05,USD,1118.5794
2017-06-05,EUR,1258.29
2017-06-05,PLN,300.7529
2017-06-05,CNY,164.3685
2017-06-05,CAD,829.2408
2017-06-05,IDR,0.0842
2017-06-06,USD,1120.1634
2017-06-06,EUR,1261.08
2017-06-06,PLN,300.3143
2017-06-06,CNY,164.8665
2017-06-06,CAD,831.2986
2017-06-06,IDR,0.0843
2017-06-07,USD,1124.552
2017-06-07,EUR,1261.41
2017-06-07,PLN,300.9591
2017-06-07,CNY,165.4243
2017-06-07,CAD,836.2015
2017-06-07,IDR,0.0845
2017-06-08,USD,1123.3592
2017-06-08,EUR,1261.42
2017-06-08,PLN,299.874
2017-06-08,CNY,165.2544
2017-06-08,CAD,831.2488
2017-06-08,IDR,0.0845
2017-06-09,USD,1124.32
2017-06-09,EUR,1256.54
2017-06-09,PLN,299.8687
2017-06-09,CNY,165.4169
2017-06-09,CAD,832.2559
2017-06-09,IDR,0.0845
2017-06-12,USD,1131.9579
2017-06-12,EUR,1270.17
2017-06-12,PLN,303.1504
2017-06-12,CNY,166.5054
2017-06-12,CAD,842.3995
2017-06-12,IDR,0.0851
2017-06-13,USD,1128.6262
2017-06-13,EUR,1265.98
2017-06-13,PLN,301.8838
2017-06-13,CNY,166.0411
2017-06-13,CAD,850.1074
2017-06-13,IDR,0.0849
2017-06-14,USD,1125.1004
2017-06-14,EUR,1260.45
2017-06-14,PLN,300.3431
2017-06-14,CNY,165.5285
2017-06-14,CAD,851.8856
2017-06-14,IDR,0.0847
2017-06-15,USD,1131.175
2017-06-15,EUR,1263.07
2017-06-15,PLN,299.8599
2017-06-15,CNY,166.2262
2017-06-15,CAD,851.929
2017-06-15,IDR,0.0849
2017-06-16,USD,1133.1154
2017-06-16,EUR,1265.35
2017-06-16,PLN,299.9597
2017-06-16,CNY,166.2987
2017-06-16,CAD,856.9349
2017-06-16,IDR,0.0852
2017-06-19,USD,1133.8155
2017-06-19,EUR,1269.76
2017-06-19,PLN,301.4267
2017-06-19,CNY,166.3252
2017-06-19,CAD,856.3836
2017-06-19,IDR,0.0854
2017-06-20,USD,1139.9695
2017-06-20,EUR,1271.75
2017-06-20,PLN,300.6075
2017-06-20,CNY,166.9862
2017-06-20,CAD,858.5944
2017-06-20,IDR,0.0858
2017-06-21,USD,1142.11
2017-06-21,EUR,1273.11
2017-06-21,PLN,300.4886
2017-06-21,CNY,167.3141
2017-06-21,CAD,860.0351
2017-06-21,IDR,0.0858
2017-06-22,USD,1142.412
2017-06-22,EUR,1275.96
2017-06-22,PLN,300.9198
2017-06-22,CNY,167.179
2017-06-22,CAD,859.0588
2017-06-22,IDR,0.0857
2017-06-23,USD,1137.707
2017-06-23,EUR,1271.16
2017-06-23,PLN,300.3686
2017-06-23,CNY,166.3539
2017-06-23,CAD,859.8796
2017-06-23,IDR,0.0855
2017-06-26,USD,1136.5335
2017-06-26,EUR,1271.44
2017-06-26,PLN,301.9474
2017-06-26,CNY,166.1123
2017-06-26,CAD,858.3851
2017-06-26,IDR,0.0854
2017-06-27,USD,1138.3135
2017-06-27,EUR,1283.79
2017-06-27,PLN,304.5693
2017-06-27,CNY,167.0449
2017-06-27,CAD,861.8933
2017-06-27,IDR,0.0855
2017-06-28,USD,1143.3934
2017-06-28,EUR,1300.61
2017-06-28,PLN,306.9286
2017-06-28,CNY,168.1504
2017-06-28,CAD,873.5962
2017-06-28,IDR,0.0858
2017-06-29,USD,1142.6268
2017-06-29,EUR,1304.08
2017-06-29,PLN,306.9218
2017-06-29,CNY,168.4597
2017-06-29,CAD,877.1642
2017-06-29,IDR,0.0857
2017-06-30,USD,1143.1476
2017-06-30,EUR,1304.56
2017-06-30,PLN,308.7058
2017-06-30,CNY,168.5805
2017-06-30,CAD,882.3537
2017-06-30,IDR,0.0858
2017-07-03,USD,1148.6586
2017-07-03,EUR,1305.91
2017-07-03,PLN,308.3249
2017-07-03,CNY,169.0433
2017-07-03,CAD,885.0627
2017-07-03,IDR,0.0858
2017-07-04,USD,1151.7749
2017-07-04,EUR,1307.61
2017-07-04,PLN,308.2096
2017-07-04,CNY,169.3357
2017-07-04,CAD,887.7189
2017-07-04,IDR,0.0862
2017-07-05,USD,1154.3737
2017-07-05,EUR,1307.79
2017-07-05,PLN,307.9834
2017-07-05,CNY,169.7106
2017-07-05,CAD,890.7438
2017-07-05,IDR,0.0863
2017-07-06,USD,1157.1717
2017-07-06,EUR,1317.44
2017-07-06,PLN,310.1464
2017-07-06,CNY,170.1174
2017-07-06,CAD,894.5139
2017-07-06,IDR,0.0864
2017-07-07,USD,1155.0123
2017-07-07,EUR,1318.1
2017-07-07,PLN,311.4456
2017-07-07,CNY,169.8801
2017-07-07,CAD,890.2472
2017-07-07,IDR,0.0861
2017-07-10,USD,1149.8727
2017-07-10,EUR,1309.36
2017-07-10,PLN,309.2489
2017-07-10,CNY,168.9846
2017-07-10,CAD,890.5393
2017-07-10,IDR,0.0858
2017-07-11,USD,1150.5918
2017-07-11,EUR,1312.25
2017-07-11,PLN,309.0556
2017-07-11,CNY,169.1545
2017-07-11,CAD,891.5953
2017-07-11,IDR,0.0859
2017-07-12,USD,1145.8381
2017-07-12,EUR,1311.87
2017-07-12,PLN,309.0826
2017-07-12,CNY,168.8031
2017-07-12,CAD,885.9198
2017-07-12,IDR,0.0857
2017-07-13,USD,1137.5142
2017-07-13,EUR,1298.7
2017-07-13,PLN,306.7892
2017-07-13,CNY,167.6975
2017-07-13,CAD,891.7193
2017-07-13,IDR,0.0852
2017-07-14,USD,1134.5598
2017-07-14,EUR,1295.1
2017-07-14,PLN,307.0995
2017-07-14,CNY,167.2845
2017-07-14,CAD,891.6965
2017-07-14,IDR,0.0851
2017-07-17,USD,1127.5083
2017-07-17,EUR,1292.35
2017-07-17,PLN,307.1174
2017-07-17,CNY,166.5593
2017-07-17,CAD,891.1529
2017-07-17,IDR,0.0847
2017-07-18,USD,1124.0935
2017-07-18,EUR,1298.89
2017-07-18,PLN,309.0461
2017-07-18,CNY,166.5222
2017-07-18,CAD,892.8306
2017-07-18,IDR,0.0845
2017-07-19,USD,1122.2319
2017-07-19,EUR,1294.27
2017-07-19,PLN,307.2305
2017-07-19,CNY,166.1685
2017-07-19,CAD,890.1444
2017-07-19,IDR,0.0843
2017-07-20,USD,1124.5276
2017-07-20,EUR,1291.52
2017-07-20,PLN,306.7743
2017-07-20,CNY,166.0905
2017-07-20,CAD,891.5027
2017-07-20,IDR,0.0843
2017-07-21,USD,1118.6308
2017-07-21,EUR,1302.31
2017-07-21,PLN,307.4096
2017-07-21,CNY,165.272
2017-07-21,CAD,888.1001
2017-07-21,IDR,0.084
2017-07-24,USD,1115.3159
2017-07-24,EUR,1299.12
2017-07-24,PLN,306.3384
2017-07-24,CNY,165.2362
2017-07-24,CAD,890.7844
2017-07-24,IDR,0.0837
2017-07-25,USD,1116.6923
2017-07-25,EUR,1305.86
2017-07-25,PLN,306.7487
2017-07-25,CNY,165.4055
2017-07-25,CAD,893.9348
2017-07-25,IDR,0.0838
2017-07-26,USD,1119.8128
2017-07-26,EUR,1303.91
2017-07-26,PLN,305.9888
2017-07-26,CNY,165.7948
2017-07-26,CAD,894.5595
2017-07-26,IDR,0.0841
2017-07-27,USD,1114.5716
2017-07-27,EUR,1303.38
2017-07-27,PLN,306.3821
2017-07-27,CNY,165.3805
2017-07-27,CAD,892.5426
2017-07-27,IDR,0.0837
2017-07-28,USD,1123.3865
2017-07-28,EUR,1317.62
2017-07-28,PLN,310.0793
2017-07-28,CNY,166.6039
2017-07-28,CAD,895.609
2017-07-28,IDR,0.0842
2017-07-31,USD,1122.1711
2017-07-31,EUR,1315.97
2017-07-31,PLN,309.691
2017-07-31,CNY,166.7981
2017-07-31,CAD,899.8085
2017-07-31,IDR,0.0842
2017-08-01,USD,1122.1639
2017-08-01,EUR,1325.5
2017-08-01,PLN,311.4207
2017-08-01,CNY,167.0005
2017-08-01,CAD,899.4368
2017-08-01,IDR,0.0842
2017-08-02,USD,1123.8735
2017-08-02,EUR,1329.43
2017-08-02,PLN,312.5129
2017-08-02,CNY,167.0999
2017-08-02,CAD,895.782
2017-08-02,IDR,0.0844
2017-08-03,USD,1126.9309
2017-08-03,EUR,1336.54
2017-08-03,PLN,314.2877
2017-08-03,CNY,167.6417
2017-08-03,CAD,893.9469
2017-08-03,IDR,0.0846
2017-08-04,USD,1124.1321
2017-08-04,EUR,1334.12
2017-08-04,PLN,314.5768
2017-08-04,CNY,167.2731
2017-08-04,CAD,894.1823
2017-08-04,IDR,0.0845
2017-08-07,USD,1129.5668
2017-08-07,EUR,1332.55
2017-08-07,PLN,313.4084
2017-08-07,CNY,168.0794
2017-08-07,CAD,890.8015
2017-08-07,IDR,0.0848
2017-08-08,USD,1125.6306
2017-08-08,EUR,1329.82
2017-08-08,PLN,312.5018
2017-08-08,CNY,167.985
2017-08-08,CAD,888.9765
2017-08-08,IDR,0.0846
2017-08-09,USD,1138.6838
2017-08-09,EUR,1335.79
2017-08-09,PLN,313.0513
2017-08-09,CNY,170.5641
2017-08-09,CAD,898.0101
2017-08-09,IDR,0.0854
2017-08-10,USD,1143.2066
2017-08-10,EUR,1341.21
2017-08-10,PLN,313.9757
2017-08-10,CNY,171.8002
2017-08-10,CAD,898.7536
2017-08-10,IDR,0.0856
2017-08-11,USD,1144.4709
2017-08-11,EUR,1346.47
2017-08-11,PLN,313.9503
2017-08-11,CNY,171.713
2017-08-11,CAD,900.2875
2017-08-11,IDR,0.0856
2017-08-14,USD,1139.6541
2017-08-14,EUR,1344.45
2017-08-14,PLN,314.0064
2017-08-14,CNY,170.8041
2017-08-14,CAD,897.7963
2017-08-14,IDR,0.0853
2017-08-15,USD,1137.9683
2017-08-15,EUR,1336.43
2017-08-15,PLN,312.3157
2017-08-15,CNY,170.2719
2017-08-15,CAD,893.3356
2017-08-15,IDR,0.0852
2017-08-16,USD,1140.0256
2017-08-16,EUR,1334.97
2017-08-16,PLN,312.281
2017-08-16,CNY,170.292
2017-08-16,CAD,895.4722
2017-08-16,IDR,0.0853
2017-08-17,USD,1138.7108
2017-08-17,EUR,1331.95
2017-08-17,PLN,312.8479
2017-08-17,CNY,170.5223
2017-08-17,CAD,901.9774
2017-08-17,IDR,0.0853
2017-08-18,USD,1141.3884
2017-08-18,EUR,1339.99
2017-08-18,PLN,313.0306
2017-08-18,CNY,171.0655
2017-08-18,CAD,901.8036
2017-08-18,IDR,0.0854
2017-08-21,USD,1138.9678
2017-08-21,EUR,1339.54
2017-08-21,PLN,313.4307
2017-08-21,CNY,170.7247
2017-08-21,CAD,904.1782
2017-08-21,IDR,0.0853
2017-08-22,USD,1134.2622
2017-08-22,EUR,1335.14
2017-08-22,PLN,311.8175
2017-08-22,CNY,170.2333
2017-08-22,CAD,901.756
2017-08-22,IDR,0.085
2017-08-23,USD,1131.6128
2017-08-23,EUR,1335.19
2017-08-23,PLN,311.6108
2017-08-23,CNY,169.9061
2017-08-23,CAD,899.239
2017-08-23,IDR,0.0848
2017-08-24,USD,1127.7232
2017-08-24,EUR,1331.39
2017-08-24,PLN,311.4071
2017-08-24,CNY,169.289
2017-08-24,CAD,900.5614
2017-08-24,IDR,0.0845
2017-08-25,USD,1123.8567
2017-08-25,EUR,1327.05
2017-08-25,PLN,311.5287
2017-08-25,CNY,168.8445
2017-08-25,CAD,898.5375
2017-08-25,IDR,0.0842
2017-08-28,USD,1119.9665
2017-08-28,EUR,1335.56
2017-08-28,PLN,313.6516
2017-08-28,CNY,169.1032
2017-08-28,CAD,898.399
2017-08-28,IDR,0.084
2017-08-29,USD,1123.672
2017-08-29,EUR,1353.8
2017-08-29,PLN,317.2275
2017-08-29,CNY,170.36
2017-08-29,CAD,900.3126
2017-08-29,IDR,0.0842
2017-08-30,USD,1123.1621
2017-08-30,EUR,1338.36
2017-08-30,PLN,314.1838
2017-08-30,CNY,170.3637
2017-08-30,CAD,894.5659
2017-08-30,IDR,0.0842
2017-08-31,USD,1125.7674
2017-08-31,EUR,1331.22
2017-08-31,PLN,312.6251
2017-08-31,CNY,170.5402
2017-08-31,CAD,889.2585
2017-08-31,IDR,0.0843
2017-09-01,USD,1120.2685
2017-09-01,EUR,1335.36
2017-09-01,PLN,314.8988
2017-09-01,CNY,170.7949
2017-09-01,CAD,900.445
2017-09-01,IDR,0.0841
2017-09-04,USD,1129.8362
2017-09-04,EUR,1345.07
2017-09-04,PLN,317.1886
2017-09-04,CNY,173.0483
2017-09-04,CAD,910.4305
2017-09-04,IDR,0.0848
2017-09-05,USD,1130.0589
2017-09-05,EUR,1343.64
2017-09-05,PLN,317.188
2017-09-05,CNY,172.5602
2017-09-05,CAD,912.0554
2017-09-05,IDR,0.0848
2017-09-06,USD,1134.8085
2017-09-06,EUR,1353.94
2017-09-06,PLN,319.2125
2017-09-06,CNY,173.9165
2017-09-06,CAD,915.6286
2017-09-06,IDR,0.0851
2017-09-07,USD,1128.4521
2017-09-07,EUR,1350.87
2017-09-07,PLN,318.3536
2017-09-07,CNY,173.8616
2017-09-07,CAD,926.078
2017-09-07,IDR,0.0848
2017-09-08,USD,1130.6136
2017-09-08,EUR,1363.52
2017-09-08,PLN,320.5718
2017-09-08,CNY,174.9763
2017-09-08,CAD,935.3914
2017-09-08,IDR,0.0859
2017-09-11,USD,1131.7496
2017-09-11,EUR,1357.76
2017-09-11,PLN,319.9246
2017-09-11,CNY,173.3407
2017-09-11,CAD,933.746
2017-09-11,IDR,0.086
2017-09-12,USD,1128.0064
2017-09-12,EUR,1346.05
2017-09-12,PLN,316.3529
2017-09-12,CNY,172.5174
2017-09-12,CAD,929.7852
2017-09-12,IDR,0.0855
2017-09-13,USD,1126.9388
2017-09-13,EUR,1349.96
2017-09-13,PLN,315.426
2017-09-13,CNY,172.5211
2017-09-13,CAD,928.318
2017-09-13,IDR,0.0854
2017-09-14,USD,1132.074
2017-09-14,EUR,1345.47
2017-09-14,PLN,314.0466
2017-09-14,CNY,172.6777
2017-09-14,CAD,927.8464
2017-09-14,IDR,0.0853
2017-09-15,USD,1131.0123
2017-09-15,EUR,1353.03
2017-09-15,PLN,316.4168
2017-09-15,CNY,172.803
2017-09-15,CAD,931.8388
2017-09-15,IDR,0.0853
2017-09-18,USD,1127.2765
2017-09-18,EUR,1346.87
2017-09-18,PLN,314.0728
2017-09-18,CNY,171.5321
2017-09-18,CAD,923.7158
2017-09-18,IDR,0.085
2017-09-19,USD,1128.9425
2017-09-19,EUR,1351.57
2017-09-19,PLN,315.8981
2017-09-19,CNY,171.4494
2017-09-19,CAD,918.5606
2017-09-19,IDR,0.0851
2017-09-20,USD,1127.2091
2017-09-20,EUR,1353.44
2017-09-20,PLN,316.4165
2017-09-20,CNY,171.4344
2017-09-20,CAD,920.6449
2017-09-20,IDR,0.0849
2017-09-21,USD,1133.5321
2017-09-21,EUR,1349.47
2017-09-21,PLN,315.2599
2017-09-21,CNY,171.9508
2017-09-21,CAD,917.258
2017-09-21,IDR,0.0849
2017-09-22,USD,1130.9924
2017-09-22,EUR,1352.78
2017-09-22,PLN,317.0182
2017-09-22,CNY,171.6617
2017-09-22,CAD,921.8262
2017-09-22,IDR,0.085
2017-09-25,USD,1131.9879
2017-09-25,EUR,1343.33
2017-09-25,PLN,314.7372
2017-09-25,CNY,170.9093
2017-09-25,CAD,918.2023
2017-09-25,IDR,0.085
2017-09-26,USD,1138.1607
2017-09-26,EUR,1341.55
2017-09-26,PLN,313.2706
2017-09-26,CNY,171.5778
2017-09-26,CAD,918.5553
2017-09-26,IDR,0.085
2017-09-27,USD,1142.2366
2017-09-27,EUR,1341.1
2017-09-27,PLN,311.688
2017-09-27,CNY,171.9712
2017-09-27,CAD,921.4649
2017-09-27,IDR,0.085
2017-09-28,USD,1146.3321
2017-09-28,EUR,1350.15
2017-09-28,PLN,313.1
2017-09-28,CNY,172.134
2017-09-28,CAD,919.4702
2017-09-28,IDR,0.085
2017-09-29,USD,1145.0364
2017-09-29,EUR,1351.83
2017-09-29,PLN,314.0723
2017-09-29,CNY,172.1331
2017-09-29,CAD,920.4262
2017-09-29,IDR,0.0851
2017-10-02,USD,1146.049
2017-10-02,EUR,1345.92
2017-10-02,PLN,312.0467
2017-10-02,CNY,172.2491
2017-10-02,CAD,916.028
2017-10-02,IDR,0.0845
2017-10-03,USD,1144.3376
2017-10-03,EUR,1344.94
2017-10-03,PLN,312.0366
2017-10-03,CNY,172.267
2017-10-03,CAD,915.4234
2017-10-03,IDR,0.0845
2017-10-04,USD,1139.1109
2017-10-04,EUR,1342.67
2017-10-04,PLN,312.4596
2017-10-04,CNY,171.7782
2017-10-04,CAD,914.75
2017-10-04,IDR,0.0847
2017-10-05,USD,1139.2012
2017-10-05,EUR,1337.65
2017-10-05,PLN,311.0814
2017-10-05,CNY,171.2565
2017-10-05,CAD,912.7602
2017-10-05,IDR,0.0846
2017-10-06,USD,1142.1543
2017-10-06,EUR,1337.12
2017-10-06,PLN,310.6764
2017-10-06,CNY,171.6655
2017-10-06,CAD,908.3079
2017-10-06,IDR,0.0845
2017-10-09,USD,1143.4616
2017-10-09,EUR,1343.11
2017-10-09,PLN,311.7928
2017-10-09,CNY,172.6629
2017-10-09,CAD,911.7575
2017-10-09,IDR,0.0845
2017-10-10,USD,1132.7032
2017-10-10,EUR,1336.25
2017-10-10,PLN,311.2553
2017-10-10,CNY,172.1772
2017-10-10,CAD,906.2394
2017-10-10,IDR,0.084
2017-10-11,USD,1131.9527
2017-10-11,EUR,1339.1
2017-10-11,PLN,312.5015
2017-10-11,CNY,171.7037
2017-10-11,CAD,904.9196
2017-10-11,IDR,0.0837
2017-10-12,USD,1131.7982
2017-10-12,EUR,1341.86
2017-10-12,PLN,314.0323
2017-10-12,CNY,171.7889
2017-10-12,CAD,907.582
2017-10-12,IDR,0.0838
2017-10-13,USD,1129.4496
2017-10-13,EUR,1333.88
2017-10-13,PLN,313.4485
2017-10-13,CNY,171.3816
2017-10-13,CAD,903.6515
2017-10-13,IDR,0.0837
2017-10-16,USD,1126.9084
2017-10-16,EUR,1330.09
2017-10-16,PLN,313.8633
2017-10-16,CNY,171.0023
2017-10-16,CAD,898.7095
2017-10-16,IDR,0.0836
2017-10-17,USD,1129.4668
2017-10-17,EUR,1328.14
2017-10-17,PLN,313.9959
2017-10-17,CNY,170.6112
2017-10-17,CAD,900.9837
2017-10-17,IDR,0.0836
2017-10-18,USD,1131.3984
2017-10-18,EUR,1329.28
2017-10-18,PLN,314.4216
2017-10-18,CNY,170.7116
2017-10-18,CAD,903.0435
2017-10-18,IDR,0.0837
2017-10-19,USD,1131.6208
2017-10-19,EUR,1339.16
2017-10-19,PLN,315.8992
2017-10-19,CNY,171.0075
2017-10-19,CAD,908.3362
2017-10-19,IDR,0.0837
2017-10-20,USD,1130.5382
2017-10-20,EUR,1336.07
2017-10-20,PLN,315.3861
2017-10-20,CNY,170.8158
2017-10-20,CAD,904.8899
2017-10-20,IDR,0.0837
2017-10-23,USD,1129.8126
2017-10-23,EUR,1326.4
2017-10-23,PLN,313.822
2017-10-23,CNY,170.1451
2017-10-23,CAD,894.1018
2017-10-23,IDR,0.0835
2017-10-24,USD,1128.9941
2017-10-24,EUR,1327.81
2017-10-24,PLN,313.1406
2017-10-24,CNY,170.1841
2017-10-24,CAD,892.6454
2017-10-24,IDR,0.0833
2017-10-25,USD,1124.633
2017-10-25,EUR,1325.38
2017-10-25,PLN,312.9217
2017-10-25,CNY,169.2327
2017-10-25,CAD,885.7716
2017-10-25,IDR,0.0829
2017-10-26,USD,1123.4663
2017-10-26,EUR,1320.41
2017-10-26,PLN,311.7851
2017-10-26,CNY,169.2768
2017-10-26,CAD,877.8738
2017-10-26,IDR,0.0826
2017-10-27,USD,1128.2981
2017-10-27,EUR,1309.39
2017-10-27,PLN,308.3675
2017-10-27,CNY,169.5552
2017-10-27,CAD,875.2022
2017-10-27,IDR,0.0828
2017-10-30,USD,1124.7072
2017-10-30,EUR,1306.01
2017-10-30,PLN,307.7889
2017-10-30,CNY,169.249
2017-10-30,CAD,875.4592
2017-10-30,IDR,0.0829
2017-10-31,USD,1118.3193
2017-10-31,EUR,1301.5
2017-10-31,PLN,306.6682
2017-10-31,CNY,168.6383
2017-10-31,CAD,867.4354
2017-10-31,IDR,0.0824
2017-11-01,USD,1112.2201
2017-11-01,EUR,1291.51
2017-11-01,PLN,305.0475
2017-11-01,CNY,168.2377
2017-11-01,CAD,861.811
2017-11-01,IDR,0.0819
2017-11-02,USD,1112.0137
2017-11-02,EUR,1294.94
2017-11-02,PLN,305.5833
2017-11-02,CNY,168.15
2017-11-02,CAD,865.6016
2017-11-02,IDR,0.0822
2017-11-03,USD,1114.1288
2017-11-03,EUR,1298.74
2017-11-03,PLN,306.4295
2017-11-03,CNY,168.2306
2017-11-03,CAD,875.7519
2017-11-03,IDR,0.0826
2017-11-06,USD,1112.0362
2017-11-06,EUR,1288.85
2017-11-06,PLN,303.9167
2017-11-06,CNY,167.6248
2017-11-06,CAD,871.6102
2017-11-06,IDR,0.0823
2017-11-07,USD,1111.5464
2017-11-07,EUR,1285.17
2017-11-07,PLN,303.1347
2017-11-07,CNY,167.4489
2017-11-07,CAD,870.6524
2017-11-07,IDR,0.0822
2017-11-08,USD,1113.3132
2017-11-08,EUR,1290.33
2017-11-08,PLN,304.7472
2017-11-08,CNY,167.9286
2017-11-08,CAD,874.6221
2017-11-08,IDR,0.0824
2017-11-09,USD,1117.7214
2017-11-09,EUR,1299.91
2017-11-09,PLN,306.9735
2017-11-09,CNY,168.3974
2017-11-09,CAD,879.5656
2017-11-09,IDR,0.0826
2017-11-10,USD,1119.3238
2017-11-10,EUR,1304.46
2017-11-10,PLN,308.3247
2017-11-10,CNY,168.5088
2017-11-10,CAD,883.4214
2017-11-10,IDR,0.0826
2017-11-13,USD,1119.6036
2017-11-13,EUR,1305.01
2017-11-13,PLN,308.156
2017-11-13,CNY,168.5842
2017-11-13,CAD,881.2276
2017-11-13,IDR,0.0825
2017-11-14,USD,1114.9085
2017-11-14,EUR,1309.46
2017-11-14,PLN,308.9734
2017-11-14,CNY,167.9872
2017-11-14,CAD,876.8901
2017-11-14,IDR,0.0823
2017-11-15,USD,1103.2179
2017-11-15,EUR,1306.21
2017-11-15,PLN,307.5389
2017-11-15,CNY,166.5999
2017-11-15,CAD,864.8679
2017-11-15,IDR,0.0815
2017-11-16,USD,1097.2645
2017-11-16,EUR,1291.59
2017-11-16,PLN,305.052
2017-11-16,CNY,165.4506
2017-11-16,CAD,859.6273
2017-11-16,IDR,0.0811
2017-11-17,USD,1096.3035
2017-11-17,EUR,1293.09
2017-11-17,PLN,305.3918
2017-11-17,CNY,165.2744
2017-11-17,CAD,859.0248
2017-11-17,IDR,0.081
2017-11-20,USD,1095.9172
2017-11-20,EUR,1291.1
2017-11-20,PLN,305.1452
2017-11-20,CNY,165.1974
2017-11-20,CAD,856.9627
2017-11-20,IDR,0.081
2017-11-21,USD,1089.5033
2017-11-21,EUR,1276.68
2017-11-21,PLN,301.887
2017-11-21,CNY,164.256
2017-11-21,CAD,850.7797
2017-11-21,IDR,0.0805
2017-11-22,USD,1089.5991
2017-11-22,EUR,1280.17
2017-11-22,PLN,303.6817
2017-11-22,CNY,164.6415
2017-11-22,CAD,855.2141
2017-11-22,IDR,0.0806
2017-11-23,USD,1084.1914
2017-11-23,EUR,1284.55
2017-11-23,PLN,304.9449
2017-11-23,CNY,164.9375
2017-11-23,CAD,854.9987
2017-11-23,IDR,0.0804
2017-11-24,USD,1083.9101
2017-11-24,EUR,1287.36
2017-11-24,PLN,305.7209
2017-11-24,CNY,164.1057
2017-11-24,CAD,852.9517
2017-11-24,IDR,0.0802
2017-11-27,USD,1087.2323
2017-11-27,EUR,1299.46
2017-11-27,PLN,308.7557
2017-11-27,CNY,164.6866
2017-11-27,CAD,857.3898
2017-11-27,IDR,0.0805
2017-11-28,USD,1080.4425
2017-11-28,EUR,1284.43
2017-11-28,PLN,305.3151
2017-11-28,CNY,163.7656
2017-11-28,CAD,844.5752
2017-11-28,IDR,0.08
2017-11-29,USD,1077.9319
2017-11-29,EUR,1274.87
2017-11-29,PLN,303.4971
2017-11-29,CNY,163.2231
2017-11-29,CAD,840.0567
2017-11-29,IDR,0.0798
2017-11-30,USD,1086.387
2017-11-30,EUR,1287.26
2017-11-30,PLN,306.8192
2017-11-30,CNY,164.2395
2017-11-30,CAD,843.165
2017-11-30,IDR,0.0803
2017-12-01,USD,1083.273
2017-12-01,EUR,1287.47
2017-12-01,PLN,305.6018
2017-12-01,CNY,163.9024
2017-12-01,CAD,841.4287
2017-12-01,IDR,0.0801
2017-12-04,USD,1085.4783
2017-12-04,EUR,1287.92
2017-12-04,PLN,306.4579
2017-12-04,CNY,163.9994
2017-12-04,CAD,856.6715
2017-12-04,IDR,0.0803
2017-12-05,USD,1086.2328
2017-12-05,EUR,1286.86
2017-12-05,PLN,306.2494
2017-12-05,CNY,164.2325
2017-12-05,CAD,859.8557
2017-12-05,IDR,0.0804
2017-12-06,USD,1092.917
2017-12-06,EUR,1291.5
2017-12-06,PLN,306.4639
2017-12-06,CNY,165.2189
2017-12-06,CAD,863.1291
2017-12-06,IDR,0.0807
2017-12-07,USD,1092.7796
2017-12-07,EUR,1287.95
2017-12-07,PLN,305.7158
2017-12-07,CNY,165.0943
2017-12-07,CAD,851.1995
2017-12-07,IDR,0.0807
2017-12-08,USD,1094.6432
2017-12-08,EUR,1285.33
2017-12-08,PLN,305.8853
2017-12-08,CNY,165.3604
2017-12-08,CAD,852.7933
2017-12-08,IDR,0.0808
2017-12-11,USD,1089.8694
2017-12-11,EUR,1285.61
2017-12-11,PLN,305.8573
2017-12-11,CNY,164.6761
2017-12-11,CAD,847.5804
2017-12-11,IDR,0.0805
2017-12-12,USD,1088.9597
2017-12-12,EUR,1281.27
2017-12-12,PLN,304.745
2017-12-12,CNY,164.5291
2017-12-12,CAD,848.6356
2017-12-12,IDR,0.0801
2017-12-13,USD,1090.7209
2017-12-13,EUR,1280.07
2017-12-13,PLN,303.7228
2017-12-13,CNY,164.7621
2017-12-13,CAD,848.1778
2017-12-13,IDR,0.0802
2017-12-14,USD,1088.0034
2017-12-14,EUR,1288.74
2017-12-14,PLN,305.244
2017-12-14,CNY,164.6363
2017-12-14,CAD,848.0784
2017-12-14,IDR,0.0802
2017-12-15,USD,1088.2009
2017-12-15,EUR,1284.73
2017-12-15,PLN,304.6766
2017-12-15,CNY,164.6625
2017-12-15,CAD,852.5083
2017-12-15,IDR,0.0802
2017-12-18,USD,1087.0962
2017-12-18,EUR,1282.23
2017-12-18,PLN,304.7849
2017-12-18,CNY,164.2726
2017-12-18,CAD,844.4057
2017-12-18,IDR,0.08
2017-12-19,USD,1083.7182
2017-12-19,EUR,1281.28
2017-12-19,PLN,305.1175
2017-12-19,CNY,164.1236
2017-12-19,CAD,842.5593
2017-12-19,IDR,0.0798
2017-12-20,USD,1081.9671
2017-12-20,EUR,1281.59
2017-12-20,PLN,304.8429
2017-12-20,CNY,164.4624
2017-12-20,CAD,841.988
2017-12-20,IDR,0.0797
2017-12-21,USD,1080.8837
2017-12-21,EUR,1281.82
2017-12-21,PLN,305.2098
2017-12-21,CNY,164.1423
2017-12-21,CAD,844.1913
2017-12-21,IDR,0.0798
2017-12-22,USD,1076.8076
2017-12-22,EUR,1276.34
2017-12-22,PLN,304.0715
2017-12-22,CNY,163.7488
2017-12-22,CAD,847.6722
2017-12-22,IDR,0.0794
2017-12-27,USD,1074.174
2017-12-27,EUR,1277.73
2017-12-27,PLN,305.064
2017-12-27,CNY,163.8641
2017-12-27,CAD,850.2329
2017-12-27,IDR,0.0792
2017-12-28,USD,1069.524
2017-12-28,EUR,1276.37
2017-12-28,PLN,305.2932
2017-12-28,CNY,163.6351
2017-12-28,CAD,848.1427
2017-12-28,IDR,0.0789
2017-12-29,USD,1066.9641
2017-12-29,EUR,1279.61
2017-12-29,PLN,306.3467
2017-12-29,CNY,163.9601
2017-12-29,CAD,850.8611
2017-12-29,IDR,0.0788
2018-01-02,USD,1062.2379
2018-01-02,EUR,1281.59
2018-01-02,PLN,307.8303
2018-01-02,CNY,163.5975
2018-01-02,CAD,847.1642
2018-01-02,IDR,0.0788
2018-01-03,USD,1065.7823
2018-01-03,EUR,1281.39
2018-01-03,PLN,307.6419
2018-01-03,CNY,163.9277
2018-01-03,CAD,851.5917
2018-01-03,IDR,0.0792
2018-01-04,USD,1063.5226
2018-01-04,EUR,1283.14
2018-01-04,PLN,308.7811
2018-01-04,CNY,163.7076
2018-01-04,CAD,848.9745
2018-01-04,IDR,0.0792
2018-01-05,USD,1063.6779
2018-01-05,EUR,1281.2
2018-01-05,PLN,308.3217
2018-01-05,CNY,163.939
2018-01-05,CAD,850.2787
2018-01-05,IDR,0.0793
2018-01-08,USD,1067.2931
2018-01-08,EUR,1277.87
2018-01-08,PLN,306.7158
2018-01-08,CNY,164.2169
2018-01-08,CAD,858.7836
2018-01-08,IDR,0.0794
2018-01-09,USD,1068.3959
2018-01-09,EUR,1274.81
2018-01-09,PLN,305.015
2018-01-09,CNY,163.7205
2018-01-09,CAD,859.8476
2018-01-09,IDR,0.0795
2018-01-10,USD,1068.1704
2018-01-10,EUR,1280.95
2018-01-10,PLN,306.3448
2018-01-10,CNY,164.2328
2018-01-10,CAD,857.9131
2018-01-10,IDR,0.0795
2018-01-11,USD,1067.0966
2018-01-11,EUR,1282.33
2018-01-11,PLN,306.8876
2018-01-11,CNY,164.134
2018-01-11,CAD,849.619
2018-01-11,IDR,0.0796
2018-01-12,USD,1062.4866
2018-01-12,EUR,1289.54
2018-01-12,PLN,309.0791
2018-01-12,CNY,164.4465
2018-01-12,CAD,848.7166
2018-01-12,IDR,0.0797
2018-01-15,USD,1063.566
2018-01-15,EUR,1305.74
2018-01-15,PLN,313.2323
2018-01-15,CNY,165.1999
2018-01-15,CAD,855.4937
2018-01-15,IDR,0.0799
2018-01-16,USD,1064.9223
2018-01-16,EUR,1302.4
2018-01-16,PLN,312.2288
2018-01-16,CNY,165.3211
2018-01-16,CAD,857.1805
2018-01-16,IDR,0.0798
2018-01-17,USD,1068.3029
2018-01-17,EUR,1303.65
2018-01-17,PLN,312.5285
2018-01-17,CNY,166.0108
2018-01-17,CAD,858.5117
2018-01-17,IDR,0.08
2018-01-18,USD,1067.9281
2018-01-18,EUR,1306.61
2018-01-18,PLN,313.5989
2018-01-18,CNY,166.2734
2018-01-18,CAD,857.9749
2018-01-18,IDR,0.08
2018-01-19,USD,1066.4382
2018-01-19,EUR,1306.92
2018-01-19,PLN,313.2899
2018-01-19,CNY,166.5269
2018-01-19,CAD,857.2216
2018-01-19,IDR,0.0801
2018-01-22,USD,1070.3325
2018-01-22,EUR,1309.98
2018-01-22,PLN,314.0912
2018-01-22,CNY,167.1447
2018-01-22,CAD,857.8782
2018-01-22,IDR,0.0802
2018-01-23,USD,1075.8837
2018-01-23,EUR,1317.85
2018-01-23,PLN,316.0615
2018-01-23,CNY,167.9517
2018-01-23,CAD,861.9596
2018-01-23,IDR,0.0806
2018-01-24,USD,1064.8721
2018-01-24,EUR,1315.33
2018-01-24,PLN,316.4666
2018-01-24,CNY,167.0918
2018-01-24,CAD,863.7008
2018-01-24,IDR,0.08
2018-01-25,USD,1059.41
2018-01-25,EUR,1314.41
2018-01-25,PLN,316.9621
2018-01-25,CNY,167.3363
2018-01-25,CAD,859.7096
2018-01-25,IDR,0.0797
2018-01-26,USD,1064.3937
2018-01-26,EUR,1323.68
2018-01-26,PLN,319.5597
2018-01-26,CNY,168.2081
2018-01-26,CAD,863.739
2018-01-26,IDR,0.0799
2018-01-29,USD,1070.1511
2018-01-29,EUR,1324.74
2018-01-29,PLN,319.7075
2018-01-29,CNY,169.0086
2018-01-29,CAD,867.601
2018-01-29,IDR,0.0799
2018-01-30,USD,1070.1634
2018-01-30,EUR,1329.25
2018-01-30,PLN,320.6953
2018-01-30,CNY,169.189
2018-01-30,CAD,868.5638
2018-01-30,IDR,0.0799
2018-01-31,USD,1065.2886
2018-01-31,EUR,1327.03
2018-01-31,PLN,319.7432
2018-01-31,CNY,169.3937
2018-01-31,CAD,867.9071
2018-01-31,IDR,0.0796
2018-02-01,USD,1071.0811
2018-02-01,EUR,1334.46
2018-02-01,PLN,321.2238
2018-02-01,CNY,170.1011
2018-02-01,CAD,869.4683
2018-02-01,IDR,0.0798
2018-02-02,USD,1084.8303
2018-02-02,EUR,1355.17
2018-02-02,PLN,326.2247
2018-02-02,CNY,172.5232
2018-02-02,CAD,880.724
2018-02-02,IDR,0.0806
2018-02-05,USD,1087.3312
2018-02-05,EUR,1352.64
2018-02-05,PLN,325.2711
2018-02-05,CNY,172.8658
2018-02-05,CAD,874.4763
2018-02-05,IDR,0.0806
2018-02-06,USD,1086.7791
2018-02-06,EUR,1339.89
2018-02-06,PLN,321.7486
2018-02-06,CNY,173.0096
2018-02-06,CAD,865.1149
2018-02-06,IDR,0.0801
2018-02-07,USD,1082.6066
2018-02-07,EUR,1335.72
2018-02-07,PLN,321.1251
2018-02-07,CNY,172.538
2018-02-07,CAD,864.8236
2018-02-07,IDR,0.0798
2018-02-08,USD,1089.92
2018-02-08,EUR,1335.37
2018-02-08,PLN,320.271
2018-02-08,CNY,172.1969
2018-02-08,CAD,867.0108
2018-02-08,IDR,0.0799
2018-02-09,USD,1088.7232
2018-02-09,EUR,1336.19
2018-02-09,PLN,318.8769
2018-02-09,CNY,172.7192
2018-02-09,CAD,863.4507
2018-02-09,IDR,0.0797
2018-02-12,USD,1083.177
2018-02-12,EUR,1328.3
2018-02-12,PLN,318.1709
2018-02-12,CNY,171.1639
2018-02-12,CAD,861.0229
2018-02-12,IDR,0.0794
2018-02-13,USD,1085.0888
2018-02-13,EUR,1338.24
2018-02-13,PLN,320.2987
2018-02-13,CNY,171.0342
2018-02-13,CAD,860.9367
2018-02-13,IDR,0.0796
2018-02-14,USD,1078.0612
2018-02-14,EUR,1331.19
2018-02-14,PLN,319.0848
2018-02-14,CNY,169.9225
2018-02-14,CAD,857.2836
2018-02-14,IDR,0.0792
2018-02-15,USD,1065.1965
2018-02-15,EUR,1330.75
2018-02-15,PLN,320.4156
2018-02-15,CNY,167.8947
2018-02-15,CAD,852.8262
2018-02-15,IDR,0.0788
2018-02-16,USD,1064.8748
2018-02-16,EUR,1327.26
2018-02-16,PLN,319.0759
2018-02-16,CNY,167.844
2018-02-16,CAD,851.5173
2018-02-16,IDR,0.0788
2018-02-19,USD,1066.8574
2018-02-19,EUR,1323.97
2018-02-19,PLN,319.3367
2018-02-19,CNY,168.1573
2018-02-19,CAD,849.1342
2018-02-19,IDR,0.0787
2018-02-20,USD,1072.6904
2018-02-20,EUR,1323.7
2018-02-20,PLN,319.2177
2018-02-20,CNY,169.0765
2018-02-20,CAD,851.0898
2018-02-20,IDR,0.0787
2018-02-21,USD,1073.7654
2018-02-21,EUR,1322.02
2018-02-21,PLN,317.8773
2018-02-21,CNY,169.2467
2018-02-21,CAD,847.3944
2018-02-21,IDR,0.0789
2018-02-22,USD,1084.4412
2018-02-22,EUR,1331.26
2018-02-22,PLN,318.3386
2018-02-22,CNY,170.4886
2018-02-22,CAD,853.974
2018-02-22,IDR,0.0791
2018-02-23,USD,1076.8111
2018-02-23,EUR,1324.37
2018-02-23,PLN,317.61
2018-02-23,CNY,169.9784
2018-02-23,CAD,848.1939
2018-02-23,IDR,0.0787
2018-02-26,USD,1071.5584
2018-02-26,EUR,1320.16
2018-02-26,PLN,316.6079
2018-02-26,CNY,169.8545
2018-02-26,CAD,845.3352
2018-02-26,IDR,0.0784
2018-02-27,USD,1071.8722
2018-02-27,EUR,1318.51
2018-02-27,PLN,316.4171
2018-02-27,CNY,169.7689
2018-02-27,CAD,842.6599
2018-02-27,IDR,0.0784
2018-02-28,USD,1080.9317
2018-02-28,EUR,1320.25
2018-02-28,PLN,315.9929
2018-02-28,CNY,170.8288
2018-02-28,CAD,845.8803
2018-02-28,IDR,0.0786
2018-03-01,USD,1087.4127
2018-03-01,EUR,1323.49
2018-03-01,PLN,316.2234
2018-03-01,CNY,171.2369
2018-03-01,CAD,845.4644
2018-03-01,IDR,0.0788
2018-03-02,USD,1084.178
2018-03-02,EUR,1334.84
2018-03-02,PLN,318.2434
2018-03-02,CNY,170.8683
2018-03-02,CAD,841.7455
2018-03-02,IDR,0.0787
2018-03-05,USD,1079.6214
2018-03-05,EUR,1328.69
2018-03-05,PLN,317.0417
2018-03-05,CNY,170.2794
2018-03-05,CAD,834.9189
2018-03-05,IDR,0.0784
2018-03-06,USD,1061.091
2018-03-06,EUR,1316.92
2018-03-06,PLN,314.9396
2018-03-06,CNY,167.6793
2018-03-06,CAD,823.4353
2018-03-06,IDR,0.0773
2018-03-07,USD,1069.2679
2018-03-07,EUR,1327.71
2018-03-07,PLN,316.5812
2018-03-07,CNY,169.1695
2018-03-07,CAD,826.9245
2018-03-07,IDR,0.0777
2018-03-08,USD,1071.838
2018-03-08,EUR,1331.33
2018-03-08,PLN,316.6667
2018-03-08,CNY,169.1738
2018-03-08,CAD,829.7993
2018-03-08,IDR,0.0778
2018-03-09,USD,1070.3035
2018-03-09,EUR,1315.51
2018-03-09,PLN,313.0825
2018-03-09,CNY,168.8825
2018-03-09,CAD,830.0795
2018-03-09,IDR,0.0775
2018-03-12,USD,1066.6233
2018-03-12,EUR,1312.16
2018-03-12,PLN,312.3224
2018-03-12,CNY,168.4719
2018-03-12,CAD,831.4282
2018-03-12,IDR,0.0775
2018-03-13,USD,1063.8552
2018-03-13,EUR,1316.84
2018-03-13,PLN,312.6475
2018-03-13,CNY,168.254
2018-03-13,CAD,828.7225
2018-03-13,IDR,0.0776
2018-03-14,USD,1062.309
2018-03-14,EUR,1313.97
2018-03-14,PLN,312.6788
2018-03-14,CNY,168.2657
2018-03-14,CAD,821.5907
2018-03-14,IDR,0.0774
2018-03-15,USD,1065.2378
2018-03-15,EUR,1314.61
2018-03-15,PLN,312.0958
2018-03-15,CNY,168.6132
2018-03-15,CAD,820.3495
2018-03-15,IDR,0.0774
2018-03-16,USD,1067.7425
2018-03-16,EUR,1313.43
2018-03-16,PLN,311.4386
2018-03-16,CNY,168.7996
2018-03-16,CAD,816.4543
2018-03-16,IDR,0.0776
2018-03-19,USD,1073.3285
2018-03-19,EUR,1321.16
2018-03-19,PLN,313.2864
2018-03-19,CNY,169.5012
2018-03-19,CAD,820.3415
2018-03-19,IDR,0.0779
2018-03-20,USD,1071.1388
2018-03-20,EUR,1314.93
2018-03-20,PLN,311.0273
2018-03-20,CNY,169.1359
2018-03-20,CAD,819.7818
2018-03-20,IDR,0.0778
2018-03-21,USD,1072.1309
2018-03-21,EUR,1317.22
2018-03-21,PLN,310.9291
2018-03-21,CNY,169.3738
2018-03-21,CAD,825.9986
2018-03-21,IDR,0.0779
2018-03-22,USD,1080.3183
2018-03-22,EUR,1330.52
2018-03-22,PLN,315.1621
2018-03-22,CNY,170.5445
2018-03-22,CAD,837.3844
2018-03-22,IDR,0.0786
2018-03-23,USD,1077.515
2018-03-23,EUR,1330.3
2018-03-23,PLN,314.7745
2018-03-23,CNY,170.606
2018-03-23,CAD,838.3539
2018-03-23,IDR,0.0783
2018-03-26,USD,1077.2621
2018-03-26,EUR,1336.99
2018-03-26,PLN,316.0733
2018-03-26,CNY,171.5762
2018-03-26,CAD,835.7755
2018-03-26,IDR,0.0784
2018-03-27,USD,1073.7395
2018-03-27,EUR,1328.86
2018-03-27,PLN,314.9256
2018-03-27,CNY,170.9584
2018-03-27,CAD,833.1933
2018-03-27,IDR,0.0781
2018-03-28,USD,1065.8735
2018-03-28,EUR,1321.47
2018-03-28,PLN,314.0973
2018-03-28,CNY,169.4822
2018-03-28,CAD,827.2631
2018-03-28,IDR,0.0775
2018-03-29,USD,1063.9477
2018-03-29,EUR,1310.89
2018-03-29,PLN,311.3309
2018-03-29,CNY,169.217
2018-03-29,CAD,824.7185
2018-03-29,IDR,0.0774
2018-04-03,USD,1054.493
2018-04-03,EUR,1297.87
2018-04-03,PLN,308.3779
2018-04-03,CNY,167.7897
2018-04-03,CAD,820.502
2018-04-03,IDR,0.0766
2018-04-04,USD,1064.231
2018-04-04,EUR,1306.45
2018-04-04,PLN,310.8005
2018-04-04,CNY,168.7724
2018-04-04,CAD,829.1762
2018-04-04,IDR,0.0773
2018-04-05,USD,1059.8777
2018-04-05,EUR,1299.41
2018-04-05,PLN,309.0816
2018-04-05,CNY,168.0953
2018-04-05,CAD,829.8167
2018-04-05,IDR,0.077
2018-04-06,USD,1071.5629
2018-04-06,EUR,1310.95
2018-04-06,PLN,312.2573
2018-04-06,CNY,169.9487
2018-04-06,CAD,837.6677
2018-04-06,IDR,0.0778
2018-04-09,USD,1070.1317
2018-04-09,EUR,1316.69
2018-04-09,PLN,313.8563
2018-04-09,CNY,169.4887
2018-04-09,CAD,837.2695
2018-04-09,IDR,0.0776
2018-04-10,USD,1067.4703
2018-04-10,EUR,1319.5
2018-04-10,PLN,314.6912
2018-04-10,CNY,169.7303
2018-04-10,CAD,843.4004
2018-04-10,IDR,0.0776
2018-04-11,USD,1069.614
2018-04-11,EUR,1324.61
2018-04-11,PLN,316.0229
2018-04-11,CNY,170.2255
2018-04-11,CAD,847.7504
2018-04-11,IDR,0.0777
2018-04-12,USD,1071.0541
2018-04-12,EUR,1319.86
2018-04-12,PLN,315.424
2018-04-12,CNY,170.4101
2018-04-12,CAD,850.5897
2018-04-12,IDR,0.0778
2018-04-13,USD,1068.6531
2018-04-13,EUR,1316.26
2018-04-13,PLN,315.1737
2018-04-13,CNY,170.1408
2018-04-13,CAD,850.1873
2018-04-13,IDR,0.0777
2018-04-16,USD,1073.8319
2018-04-16,EUR,1328.33
2018-04-16,PLN,319.103
2018-04-16,CNY,170.8991
2018-04-16,CAD,851.712
2018-04-16,IDR,0.078
2018-04-17,USD,1068.7141
2018-04-17,EUR,1320.61
2018-04-17,PLN,317.4391
2018-04-17,CNY,170.0962
2018-04-17,CAD,851.4022
2018-04-17,IDR,0.0776
2018-04-18,USD,1065.1921
2018-04-18,EUR,1319.56
2018-04-18,PLN,316.464
2018-04-18,CNY,169.5526
2018-04-18,CAD,847.3928
2018-04-18,IDR,0.0774
2018-04-19,USD,1061.5248
2018-04-19,EUR,1314.38
2018-04-19,PLN,315.4714
2018-04-19,CNY,169.1239
2018-04-19,CAD,842.2273
2018-04-19,IDR,0.077
2018-04-20,USD,1069.3476
2018-04-20,EUR,1316.26
2018-04-20,PLN,315.8241
2018-04-20,CNY,169.9518
2018-04-20,CAD,846.0886
2018-04-20,IDR,0.0768
2018-04-23,USD,1077.243
2018-04-23,EUR,1318.33
2018-04-23,PLN,314.6898
2018-04-23,CNY,170.7504
2018-04-23,CAD,842.4372
2018-04-23,IDR,0.0773
2018-04-24,USD,1076.4431
2018-04-24,EUR,1314.66
2018-04-24,PLN,313.0441
2018-04-24,CNY,170.7085
2018-04-24,CAD,839.3947
2018-04-24,IDR,0.0776
2018-04-25,USD,1083.7998
2018-04-25,EUR,1320.61
2018-04-25,PLN,312.637
2018-04-25,CNY,171.4009
2018-04-25,CAD,840.9386
2018-04-25,IDR,0.0779
2018-04-26,USD,1077.0464
2018-04-26,EUR,1310.55
2018-04-26,PLN,309.3839
2018-04-26,CNY,170.2853
2018-04-26,CAD,839.1279
2018-04-26,IDR,0.0776
2018-04-27,USD,1070.2734
2018-04-27,EUR,1291.82
2018-04-27,PLN,306.4017
2018-04-27,CNY,168.8278
2018-04-27,CAD,830.8058
2018-04-27,IDR,0.0772
2018-04-30,USD,1069.6581
2018-04-30,EUR,1292.04
2018-04-30,PLN,305.707
2018-04-30,CNY,168.7309
2018-04-30,CAD,831.3216
2018-04-30,IDR,0.0769
2018-05-02,USD,1075.6559
2018-05-02,EUR,1291.54
2018-05-02,PLN,302.0793
2018-05-02,CNY,169.1538
2018-05-02,CAD,838.6079
2018-05-02,IDR,0.0771
2018-05-03,USD,1074.8499
2018-05-03,EUR,1288.96
2018-05-03,PLN,302.374
2018-05-03,CNY,169.2993
2018-05-03,CAD,836.7697
2018-05-03,IDR,0.0771
2018-05-04,USD,1076.3807
2018-05-04,EUR,1288.32
2018-05-04,PLN,302.8277
2018-05-04,CNY,169.2641
2018-05-04,CAD,836.0286
2018-05-04,IDR,0.077
2018-05-07,USD,1082.2467
2018-05-07,EUR,1288.09
2018-05-07,PLN,302.8164
2018-05-07,CNY,169.9821
2018-05-07,CAD,839.8031
2018-05-07,IDR,0.077
2018-05-08,USD,1077.4221
2018-05-08,EUR,1278.9
2018-05-08,PLN,298.8643
2018-05-08,CNY,169.198
2018-05-08,CAD,830.5624
2018-05-08,IDR,0.0765
2018-05-09,USD,1077.153
2018-05-09,EUR,1279.55
2018-05-09,PLN,299.9695
2018-05-09,CNY,169.19
2018-05-09,CAD,836.3619
2018-05-09,IDR,0.0766
2018-05-10,USD,1069.8266
2018-05-10,EUR,1270.74
2018-05-10,PLN,299.3992
2018-05-10,CNY,168.4907
2018-05-10,CAD,837.556
2018-05-10,IDR,0.0763
2018-05-11,USD,1066.7588
2018-05-11,EUR,1273.07
2018-05-11,PLN,298.955
2018-05-11,CNY,168.4579
2018-05-11,CAD,837.7114
2018-05-11,IDR,0.0764
2018-05-14,USD,1068.3517
2018-05-14,EUR,1280.74
2018-05-14,PLN,300.4387
2018-05-14,CNY,168.5783
2018-05-14,CAD,837.0303
2018-05-14,IDR,0.0765
2018-05-15,USD,1076.4285
2018-05-15,EUR,1279.12
2018-05-15,PLN,298.6017
2018-05-15,CNY,169.1823
2018-05-15,CAD,838.6022
2018-05-15,IDR,0.0765
2018-05-16,USD,1081.5513
2018-05-16,EUR,1274.5
2018-05-16,PLN,297.1624
2018-05-16,CNY,169.6235
2018-05-16,CAD,840.6438
2018-05-16,IDR,0.0769
2018-05-17,USD,1080.5591
2018-05-17,EUR,1275.6
2018-05-17,PLN,297.3496
2018-05-17,CNY,169.6863
2018-05-17,CAD,846.0569
2018-05-17,IDR,0.0769
2018-05-18,USD,1080.8675
2018-05-18,EUR,1273.37
2018-05-18,PLN,296.4773
2018-05-18,CNY,169.4505
2018-05-18,CAD,844.7459
2018-05-18,IDR,0.0764
2018-05-21,USD,1084.1568
2018-05-21,EUR,1274.86
2018-05-21,PLN,295.5306
2018-05-21,CNY,169.7618
2018-05-21,CAD,842.1032
2018-05-21,IDR,0.0765
2018-05-22,USD,1075.0636
2018-05-22,EUR,1267.93
2018-05-22,PLN,295.8168
2018-05-22,CNY,168.8053
2018-05-22,CAD,841.5837
2018-05-22,IDR,0.076
2018-05-23,USD,1081.9525
2018-05-23,EUR,1266.75
2018-05-23,PLN,293.9914
2018-05-23,CNY,169.3584
2018-05-23,CAD,838.4076
2018-05-23,IDR,0.0761
2018-05-24,USD,1078.4192
2018-05-24,EUR,1264.77
2018-05-24,PLN,293.9207
2018-05-24,CNY,168.9333
2018-05-24,CAD,836.9863
2018-05-24,IDR,0.0763
2018-05-25,USD,1078.8437
2018-05-25,EUR,1259.55
2018-05-25,PLN,292.3068
2018-05-25,CNY,168.8156
2018-05-25,CAD,832.7053
2018-05-25,IDR,0.0765
2018-05-28,USD,1074.2271
2018-05-28,EUR,1250.83
2018-05-28,PLN,290.5326
2018-05-28,CNY,167.8786
2018-05-28,CAD,827.5969
2018-05-28,IDR,0.0766
2018-05-29,USD,1080.2128
2018-05-29,EUR,1248.51
2018-05-29,PLN,289.6103
2018-05-29,CNY,168.3218
2018-05-29,CAD,829.134
2018-05-29,IDR,0.077
2018-05-30,USD,1079.2727
2018-05-30,EUR,1255.41
2018-05-30,PLN,291.0421
2018-05-30,CNY,168.121
2018-05-30,CAD,831.7829
2018-05-30,IDR,0.0774
2018-05-31,USD,1078.0836
2018-05-31,EUR,1261.25
2018-05-31,PLN,292.9189
2018-05-31,CNY,168.2766
2018-05-31,CAD,838.7086
2018-05-31,IDR,0.0775
2018-06-01,USD,1074.7879
2018-06-01,EUR,1254.17
2018-06-01,PLN,290.5727
2018-06-01,CNY,167.4839
2018-06-01,CAD,828.2724
2018-06-01,IDR,0.0774
2018-06-04,USD,1069.1659
2018-06-04,EUR,1254.88
2018-06-04,PLN,292.8678
2018-06-04,CNY,166.9478
2018-06-04,CAD,828.413
2018-06-04,IDR,0.0771
2018-06-05,USD,1070.9465
2018-06-05,EUR,1250.33
2018-06-05,PLN,291.5474
2018-06-05,CNY,167.2235
2018-06-05,CAD,824.8648
2018-06-05,IDR,0.0771
2018-06-06,USD,1067.1058
2018-06-06,EUR,1255.45
2018-06-06,PLN,293.6519
2018-06-06,CNY,166.8816
2018-06-06,CAD,828.6799
2018-06-06,IDR,0.077
2018-06-07,USD,1069.973
2018-06-07,EUR,1266.42
2018-06-07,PLN,297.2608
2018-06-07,CNY,167.383
2018-06-07,CAD,827.0228
2018-06-07,IDR,0.0771
2018-06-08,USD,1074.9192
2018-06-08,EUR,1263.46
2018-06-08,PLN,295.2492
2018-06-08,CNY,167.7167
2018-06-08,CAD,827.1965
2018-06-08,IDR,0.0772
2018-06-11,USD,1075.6234
2018-06-11,EUR,1268.16
2018-06-11,PLN,297.2087
2018-06-11,CNY,167.9282
2018-06-11,CAD,826.2705
2018-06-11,IDR,0.077
2018-06-12,USD,1079.1822
2018-06-12,EUR,1272.14
2018-06-12,PLN,297.5488
2018-06-12,CNY,168.5043
2018-06-12,CAD,829.5664
2018-06-12,IDR,0.0773
2018-06-13,USD,1084.5631
2018-06-13,EUR,1275.88
2018-06-13,PLN,298.3398
2018-06-13,CNY,169.4553
2018-06-13,CAD,833.2005
2018-06-13,IDR,0.0777
2018-06-14,USD,1082.3018
2018-06-14,EUR,1269.54
2018-06-14,PLN,297.5182
2018-06-14,CNY,169.2517
2018-06-14,CAD,834.0166
2018-06-14,IDR,0.0777
2018-06-15,USD,1097.732
2018-06-15,EUR,1272.93
2018-06-15,PLN,297.3649
2018-06-15,CNY,170.948
2018-06-15,CAD,836.1887
2018-06-15,IDR,0.0785
2018-06-18,USD,1104.4175
2018-06-18,EUR,1282.56
2018-06-18,PLN,299.1324
2018-06-18,CNY,171.5111
2018-06-18,CAD,837.8912
2018-06-18,IDR,0.0784
2018-06-19,USD,1116.6204
2018-06-19,EUR,1287.91
2018-06-19,PLN,298.5212
2018-06-19,CNY,172.2611
2018-06-19,CAD,840.7272
2018-06-19,IDR,0.0788
2018-06-20,USD,1107.2551
2018-06-20,EUR,1281.98
2018-06-20,PLN,297.0847
2018-06-20,CNY,171.0379
2018-06-20,CAD,832.5627
2018-06-20,IDR,0.0786
2018-06-21,USD,1110.0624
2018-06-21,EUR,1280.79
2018-06-21,PLN,296.0953
2018-06-21,CNY,170.8244
2018-06-21,CAD,832.7092
2018-06-21,IDR,0.0788
2018-06-22,USD,1110.7143
2018-06-22,EUR,1293.76
2018-06-22,PLN,299.8424
2018-06-22,CNY,170.931
2018-06-22,CAD,836.8976
2018-06-22,IDR,0.0787
2018-06-25,USD,1114.4872
2018-06-25,EUR,1303.95
2018-06-25,PLN,300.6571
2018-06-25,CNY,170.5223
2018-06-25,CAD,838.9847
2018-06-25,IDR,0.0787
2018-06-26,USD,1119.1912
2018-06-26,EUR,1306.32
2018-06-26,PLN,300.9261
2018-06-26,CNY,170.2068
2018-06-26,CAD,840.1312
2018-06-26,IDR,0.0789
2018-06-27,USD,1118.1818
2018-06-27,EUR,1298.88
2018-06-27,PLN,299.5365
2018-06-27,CNY,169.4582
2018-06-27,CAD,841.0801
2018-06-27,IDR,0.0788
2018-06-28,USD,1122.5676
2018-06-28,EUR,1300.27
2018-06-28,PLN,298.0152
2018-06-28,CNY,169.4649
2018-06-28,CAD,844.4408
2018-06-28,IDR,0.0783
2018-06-29,USD,1112.3006
2018-06-29,EUR,1296.72
2018-06-29,PLN,296.5151
2018-06-29,CNY,168.0342
2018-06-29,CAD,839.7358
2018-06-29,IDR,0.0779
2018-07-02,USD,1120.2595
2018-07-02,EUR,1303.87
2018-07-02,PLN,297.0565
2018-07-02,CNY,168.0548
2018-07-02,CAD,849.8696
2018-07-02,IDR,0.0778
2018-07-03,USD,1112.7904
2018-07-03,EUR,1298.07
2018-07-03,PLN,295.5869
2018-07-03,CNY,167.534
2018-07-03,CAD,845.9789
2018-07-03,IDR,0.0774
2018-07-04,USD,1117.6774
2018-07-04,EUR,1301.2
2018-07-04,PLN,297.1455
2018-07-04,CNY,168.5339
2018-07-04,CAD,850.1241
2018-07-04,IDR,0.0779
2018-07-05,USD,1118.0118
2018-07-05,EUR,1309.08
2018-07-05,PLN,300.4062
2018-07-05,CNY,168.5395
2018-07-05,CAD,851.4895
2018-07-05,IDR,0.0777
2018-07-06,USD,1118.1508
2018-07-06,EUR,1310.92
2018-07-06,PLN,300.1534
2018-07-06,CNY,168.2025
2018-07-06,CAD,851.4126
2018-07-06,IDR,0.0778
2018-07-09,USD,1111.1036
2018-07-09,EUR,1309.88
2018-07-09,PLN,303.1849
2018-07-09,CNY,168.0044
2018-07-09,CAD,849.7438
2018-07-09,IDR,0.0776
2018-07-10,USD,1117.2458
2018-07-10,EUR,1308.63
2018-07-10,PLN,302.8675
2018-07-10,CNY,168.2757
2018-07-10,CAD,850.7541
2018-07-10,IDR,0.0779
2018-07-11,USD,1123.7069
2018-07-11,EUR,1318.67
2018-07-11,PLN,305.1488
2018-07-11,CNY,168.2857
2018-07-11,CAD,855.1132
2018-07-11,IDR,0.0782
2018-07-12,USD,1125.8535
2018-07-12,EUR,1312.52
2018-07-12,PLN,303.3185
2018-07-12,CNY,168.7478
2018-07-12,CAD,854.0048
2018-07-12,IDR,0.0783
2018-07-13,USD,1133.4708
2018-07-13,EUR,1319.7
2018-07-13,PLN,305.4154
2018-07-13,CNY,169.1663
2018-07-13,CAD,859.2916
2018-07-13,IDR,0.0786
2018-07-16,USD,1127.0734
2018-07-16,EUR,1320.93
2018-07-16,PLN,307.1002
2018-07-16,CNY,168.7593
2018-07-16,CAD,857.8025
2018-07-16,IDR,0.0784
2018-07-17,USD,1127.2999
2018-07-17,EUR,1319.73
2018-07-17,PLN,306.864
2018-07-17,CNY,168.4962
2018-07-17,CAD,856.8006
2018-07-17,IDR,0.0784
2018-07-18,USD,1134.2176
2018-07-18,EUR,1316.94
2018-07-18,PLN,305.5333
2018-07-18,CNY,168.7476
2018-07-18,CAD,855.7671
2018-07-18,IDR,0.0787
2018-07-19,USD,1139.6962
2018-07-19,EUR,1320.68
2018-07-19,PLN,305.1479
2018-07-19,CNY,168.126
2018-07-19,CAD,860.3218
2018-07-19,IDR,0.0787
2018-07-20,USD,1133.4276
2018-07-20,EUR,1322.71
2018-07-20,PLN,305.9775
2018-07-20,CNY,166.9878
2018-07-20,CAD,856.511
2018-07-20,IDR,0.0781
2018-07-23,USD,1134.3035
2018-07-23,EUR,1328.95
2018-07-23,PLN,307.6273
2018-07-23,CNY,167.1467
2018-07-23,CAD,863.6836
2018-07-23,IDR,0.0783
2018-07-24,USD,1128.353
2018-07-24,EUR,1320.85
2018-07-24,PLN,305.901
2018-07-24,CNY,166.0173
2018-07-24,CAD,858.0848
2018-07-24,IDR,0.0778
2018-07-25,USD,1122.7288
2018-07-25,EUR,1312.47
2018-07-25,PLN,305.254
2018-07-25,CNY,166.0367
2018-07-25,CAD,855.5309
2018-07-25,IDR,0.0777
2018-07-26,USD,1119.6825
2018-07-26,EUR,1311.82
2018-07-26,PLN,306.2496
2018-07-26,CNY,165.0836
2018-07-26,CAD,858.1278
2018-07-26,IDR,0.0775
2018-07-27,USD,1118.4344
2018-07-27,EUR,1300.18
2018-07-27,PLN,302.9452
2018-07-27,CNY,163.6393
2018-07-27,CAD,855.7757
2018-07-27,IDR,0.0776
2018-07-30,USD,1117.7593
2018-07-30,EUR,1305.99
2018-07-30,PLN,305.3305
2018-07-30,CNY,163.8386
2018-07-30,CAD,856.6678
2018-07-30,IDR,0.0777
2018-07-31,USD,1118.6009
2018-07-31,EUR,1312.79
2018-07-31,PLN,306.9418
2018-07-31,CNY,163.7344
2018-07-31,CAD,858.1449
2018-07-31,IDR,0.0776
2018-08-01,USD,1117.8181
2018-08-01,EUR,1307.4
2018-08-01,PLN,306.0393
2018-08-01,CNY,164.4135
2018-08-01,CAD,858.3809
2018-08-01,IDR,0.0774
2018-08-02,USD,1129.9991
2018-08-02,EUR,1312.72
2018-08-02,PLN,306.567
2018-08-02,CNY,165.0846
2018-08-02,CAD,866.8251
2018-08-02,IDR,0.0781
2018-08-03,USD,1124.5426
2018-08-03,EUR,1303.12
2018-08-03,PLN,305.8106
2018-08-03,CNY,164.5457
2018-08-03,CAD,863.8515
2018-08-03,IDR,0.0778
2018-08-06,USD,1125.5913
2018-08-06,EUR,1299.27
2018-08-06,PLN,304.0579
2018-08-06,CNY,164.3273
2018-08-06,CAD,864.3361
2018-08-06,IDR,0.0778
2018-08-07,USD,1119.9535
2018-08-07,EUR,1299.37
2018-08-07,PLN,305.5688
2018-08-07,CNY,164.122
2018-08-07,CAD,863.5409
2018-08-07,IDR,0.0776
2018-08-08,USD,1120.5281
2018-08-08,EUR,1298.58
2018-08-08,PLN,304.8525
2018-08-08,CNY,163.898
2018-08-08,CAD,856.6961
2018-08-08,IDR,0.0776
2018-08-09,USD,1119.667
2018-08-09,EUR,1298.03
2018-08-09,PLN,303.7109
2018-08-09,CNY,164.1974
2018-08-09,CAD,858.9968
2018-08-09,IDR,0.0777
2018-08-10,USD,1129.1376
2018-08-10,EUR,1293.54
2018-08-10,PLN,301.4472
2018-08-10,CNY,164.8494
2018-08-10,CAD,862.245
2018-08-10,IDR,0.078
2018-08-13,USD,1135.2013
2018-08-13,EUR,1294.47
2018-08-13,PLN,301.2848
2018-08-13,CNY,164.8229
2018-08-13,CAD,863.2102
2018-08-13,IDR,0.0778
2018-08-14,USD,1128.0028
2018-08-14,EUR,1286.6
2018-08-14,PLN,299.258
2018-08-14,CNY,163.9231
2018-08-14,CAD,862.9687
2018-08-14,IDR,0.0774
2018-08-15,USD,1135.4916
2018-08-15,EUR,1285.49
2018-08-15,PLN,296.9896
2018-08-15,CNY,164.1792
2018-08-15,CAD,866.6419
2018-08-15,IDR,0.0778
2018-08-16,USD,1129.7801
2018-08-16,EUR,1284.56
2018-08-16,PLN,297.7516
2018-08-16,CNY,163.8553
2018-08-16,CAD,859.6975
2018-08-16,IDR,0.0773
2018-08-17,USD,1125.7835
2018-08-17,EUR,1282.38
2018-08-17,PLN,297.4324
2018-08-17,CNY,163.5272
2018-08-17,CAD,856.2901
2018-08-17,IDR,0.0769
2018-08-20,USD,1122.3205
2018-08-20,EUR,1281.69
2018-08-20,PLN,297.8112
2018-08-20,CNY,163.5831
2018-08-20,CAD,858.6387
2018-08-20,IDR,0.0769
2018-08-21,USD,1119.6227
2018-08-21,EUR,1287.79
2018-08-21,PLN,298.923
2018-08-21,CNY,163.533
2018-08-21,CAD,859.7877
2018-08-21,IDR,0.0767
2018-08-22,USD,1118.2421
2018-08-22,EUR,1298.95
2018-08-22,PLN,303.3442
2018-08-22,CNY,163.4516
2018-08-22,CAD,858.7531
2018-08-22,IDR,0.0767
2018-08-23,USD,1122.5063
2018-08-23,EUR,1299.75
2018-08-23,PLN,303.8077
2018-08-23,CNY,163.197
2018-08-23,CAD,861.3891
2018-08-23,IDR,0.0767
2018-08-24,USD,1115.3003
2018-08-24,EUR,1292.41
2018-08-24,PLN,302.0496
2018-08-24,CNY,162.9239
2018-08-24,CAD,853.4703
2018-08-24,IDR,0.0762
2018-08-27,USD,1112.7052
2018-08-27,EUR,1294.41
2018-08-27,PLN,303.0695
2018-08-27,CNY,163.0321
2018-08-27,CAD,852.5952
2018-08-27,IDR,0.0761
2018-08-28,USD,1105.6106
2018-08-28,EUR,1294.67
2018-08-28,PLN,303.0382
2018-08-28,CNY,162.5633
2018-08-28,CAD,855.8104
2018-08-28,IDR,0.0756
2018-08-29,USD,1114.2967
2018-08-29,EUR,1299.27
2018-08-29,PLN,303.2985
2018-08-29,CNY,163.1716
2018-08-29,CAD,860.8428
2018-08-29,IDR,0.076
2018-08-30,USD,1109.7588
2018-08-30,EUR,1297.53
2018-08-30,PLN,302.5815
2018-08-30,CNY,162.4207
2018-08-30,CAD,858.3251
2018-08-30,IDR,0.0755
2018-08-31,USD,1117.4234
2018-08-31,EUR,1301.91
2018-08-31,PLN,303.3836
2018-08-31,CNY,163.4251
2018-08-31,CAD,856.9708
2018-08-31,IDR,0.0756
2018-09-03,USD,1112.1027
2018-09-03,EUR,1291.04
2018-09-03,PLN,300.5774
2018-09-03,CNY,162.971
2018-09-03,CAD,850.7677
2018-09-03,IDR,0.0747
2018-09-04,USD,1117.5662
2018-09-04,EUR,1292.13
2018-09-04,PLN,300.1742
2018-09-04,CNY,163.3974
2018-09-04,CAD,848.1883
2018-09-04,IDR,0.0748
2018-09-05,USD,1122.2155
2018-09-05,EUR,1299.75
2018-09-05,PLN,300.5272
2018-09-05,CNY,164.2592
2018-09-05,CAD,851.5692
2018-09-05,IDR,0.0751
2018-09-06,USD,1121.5059
2018-09-06,EUR,1304.76
2018-09-06,PLN,302.1467
2018-09-06,CNY,164.222
2018-09-06,CAD,850.6715
2018-09-06,IDR,0.0753
2018-09-07,USD,1122.7464
2018-09-07,EUR,1304.07
2018-09-07,PLN,302.7019
2018-09-07,CNY,164.0835
2018-09-07,CAD,855.8013
2018-09-07,IDR,0.0758
2018-09-10,USD,1129.1073
2018-09-10,EUR,1306.49
2018-09-10,PLN,302.6454
2018-09-10,CNY,164.5184
2018-09-10,CAD,855.7047
2018-09-10,IDR,0.076
2018-09-11,USD,1128.5122
2018-09-11,EUR,1306.14
2018-09-11,PLN,303.0909
2018-09-11,CNY,164.2964
2018-09-11,CAD,857.5537
2018-09-11,IDR,0.0759
2018-09-12,USD,1128.5024
2018-09-12,EUR,1307.37
2018-09-12,PLN,303.3411
2018-09-12,CNY,164.2672
2018-09-12,CAD,863.6916
2018-09-12,IDR,0.0761
2018-09-13,USD,1121.2392
2018-09-13,EUR,1302.88
2018-09-13,PLN,302.3064
2018-09-13,CNY,163.7977
2018-09-13,CAD,862.1493
2018-09-13,IDR,0.0757
2018-09-14,USD,1118.9409
2018-09-14,EUR,1307.93
2018-09-14,PLN,303.8235
2018-09-14,CNY,163.2464
2018-09-14,CAD,860.1407
2018-09-14,IDR,0.0756
2018-09-17,USD,1124.9679
2018-09-17,EUR,1312.95
2018-09-17,PLN,305.6571
2018-09-17,CNY,163.8341
2018-09-17,CAD,864.1809
2018-09-17,IDR,0.0757
2018-09-18,USD,1124.3139
2018-09-18,EUR,1315.11
2018-09-18,PLN,305.7826
2018-09-18,CNY,163.7399
2018-09-18,CAD,863.103
2018-09-18,IDR,0.0757
2018-09-19,USD,1121.7622
2018-09-19,EUR,1308.76
2018-09-19,PLN,304.71
2018-09-19,CNY,163.6298
2018-09-19,CAD,864.667
2018-09-19,IDR,0.0754
2018-09-20,USD,1118.7187
2018-09-20,EUR,1316.62
2018-09-20,PLN,306.7257
2018-09-20,CNY,163.4355
2018-09-20,CAD,867.6816
2018-09-20,IDR,0.0754
2018-09-21,USD,1116.0983
2018-09-21,EUR,1312.42
2018-09-21,PLN,305.5977
2018-09-21,CNY,163.0275
2018-09-21,CAD,863.6047
2018-09-21,IDR,0.0753
2018-09-24,USD,1117.0645
2018-09-24,EUR,1315.12
2018-09-24,PLN,305.7779
2018-09-24,CNY,162.9055
2018-09-24,CAD,863.4495
2018-09-24,IDR,0.0751
2018-09-25,USD,1118.2389
2018-09-25,EUR,1316.95
2018-09-25,PLN,306.7668
2018-09-25,CNY,162.6708
2018-09-25,CAD,862.8948
2018-09-25,IDR,0.075
2018-09-26,USD,1115.4384
2018-09-26,EUR,1309.19
2018-09-26,PLN,305.6998
2018-09-26,CNY,162.2594
2018-09-26,CAD,860.5166
2018-09-26,IDR,0.0747
2018-09-27,USD,1112.0014
2018-09-27,EUR,1301.82
2018-09-27,PLN,304.3129
2018-09-27,CNY,161.6164
2018-09-27,CAD,850.8071
2018-09-27,IDR,0.0746
2018-09-28,USD,1110.7032
2018-09-28,EUR,1285.75
2018-09-28,PLN,300.5915
2018-09-28,CNY,161.4007
2018-09-28,CAD,853.525
2018-09-28,IDR,0.0745
2018-10-01,USD,1111.6319
2018-10-01,EUR,1290.16
2018-10-01,PLN,301.4674
2018-10-01,CNY,161.8364
2018-10-01,CAD,867.8012
2018-10-01,IDR,0.0746
2018-10-02,USD,1118.0109
2018-10-02,EUR,1290.52
2018-10-02,PLN,300.7714
2018-10-02,CNY,162.7656
2018-10-02,CAD,872.2677
2018-10-02,IDR,0.0743
2018-10-03,USD,1119.9342
2018-10-03,EUR,1293.3
2018-10-03,PLN,301.0755
2018-10-03,CNY,163.0464
2018-10-03,CAD,872.6721
2018-10-03,IDR,0.0743
2018-10-04,USD,1128.7341
2018-10-04,EUR,1298.27
2018-10-04,PLN,301.4256
2018-10-04,CNY,164.3255
2018-10-04,CAD,877.2095
2018-10-04,IDR,0.0744
2018-10-05,USD,1128.3157
2018-10-05,EUR,1298.24
2018-10-05,PLN,301.6007
2018-10-05,CNY,164.2656
2018-10-05,CAD,873.5298
2018-10-05,IDR,0.0743
2018-10-08,USD,1136.7573
2018-10-08,EUR,1304.77
2018-10-08,PLN,302.8644
2018-10-08,CNY,164.1179
2018-10-08,CAD,874.8039
2018-10-08,IDR,0.0747
2018-10-09,USD,1137.7525
2018-10-09,EUR,1301.02
2018-10-09,PLN,301.4761
2018-10-09,CNY,164.3013
2018-10-09,CAD,875.4593
2018-10-09,IDR,0.0744
2018-10-10,USD,1137.1739
2018-10-10,EUR,1307.75
2018-10-10,PLN,303.4504
2018-10-10,CNY,164.2469
2018-10-10,CAD,877.2724
2018-10-10,IDR,0.0748
2018-10-11,USD,1140.9935
2018-10-11,EUR,1320.7
2018-10-11,PLN,305.9513
2018-10-11,CNY,165.1247
2018-10-11,CAD,874.5199
2018-10-11,IDR,0.0749
2018-10-12,USD,1131.1733
2018-10-12,EUR,1309.22
2018-10-12,PLN,304.9236
2018-10-12,CNY,163.5646
2018-10-12,CAD,869.6825
2018-10-12,IDR,0.0744
2018-10-15,USD,1129.0994
2018-10-15,EUR,1307.61
2018-10-15,PLN,304.5061
2018-10-15,CNY,163.1759
2018-10-15,CAD,866.828
2018-10-15,IDR,0.0742
2018-10-16,USD,1123.604
2018-10-16,EUR,1301.92
2018-10-16,PLN,303.5486
2018-10-16,CNY,162.547
2018-10-16,CAD,867.3684
2018-10-16,IDR,0.0741
2018-10-17,USD,1127.0425
2018-10-17,EUR,1299.48
2018-10-17,PLN,302.6269
2018-10-17,CNY,162.6648
2018-10-17,CAD,868.8106
2018-10-17,IDR,0.0743
2018-10-18,USD,1135.6367
2018-10-18,EUR,1306.55
2018-10-18,PLN,303.9266
2018-10-18,CNY,163.6563
2018-10-18,CAD,870.511
2018-10-18,IDR,0.0747
2018-10-19,USD,1130.0
2018-10-19,EUR,1296.11
2018-10-19,PLN,301.3018
2018-10-19,CNY,163.0553
2018-10-19,CAD,867.1372
2018-10-19,IDR,0.0744
2018-10-22,USD,1131.6774
2018-10-22,EUR,1300.75
2018-10-22,PLN,303.1698
2018-10-22,CNY,162.9992
2018-10-22,CAD,864.6304
2018-10-22,IDR,0.0745
2018-10-23,USD,1137.6634
2018-10-23,EUR,1305.81
2018-10-23,PLN,303.9595
2018-10-23,CNY,164.0197
2018-10-23,CAD,867.8208
2018-10-23,IDR,0.0749
2018-10-24,USD,1133.6816
2018-10-24,EUR,1291.15
2018-10-24,PLN,299.8978
2018-10-24,CNY,163.2507
2018-10-24,CAD,866.5436
2018-10-24,IDR,0.0746
2018-10-25,USD,1135.5992
2018-10-25,EUR,1296.4
2018-10-25,PLN,300.8307
2018-10-25,CNY,163.5299
2018-10-25,CAD,870.4761
2018-10-25,IDR,0.0748
2018-10-26,USD,1144.2574
2018-10-26,EUR,1298.16
2018-10-26,PLN,300.6601
2018-10-26,CNY,164.739
2018-10-26,CAD,870.3138
2018-10-26,IDR,0.0752
2018-10-29,USD,1139.9262
2018-10-29,EUR,1297.35
2018-10-29,PLN,300.4377
2018-10-29,CNY,163.8172
2018-10-29,CAD,869.7124
2018-10-29,IDR,0.0749
2018-10-30,USD,1139.5621
2018-10-30,EUR,1295.91
2018-10-30,PLN,299.238
2018-10-30,CNY,163.6188
2018-10-30,CAD,867.3516
2018-10-30,IDR,0.0749
2018-10-31,USD,1140.7492
2018-10-31,EUR,1291.1
2018-10-31,PLN,297.5433
2018-10-31,CNY,163.565
2018-10-31,CAD,869.0765
2018-10-31,IDR,0.075
2018-11-01,USD,1128.5
2018-11-01,EUR,1285.7
2018-11-01,PLN,297.1411
2018-11-01,CNY,162.6521
2018-11-01,CAD,862.6543
2018-11-01,IDR,0.0748
2018-11-02,USD,1117.8506
2018-11-02,EUR,1276.25
2018-11-02,PLN,295.4146
2018-11-02,CNY,162.1417
2018-11-02,CAD,853.3365
2018-11-02,IDR,0.0749
2018-11-05,USD,1124.5998
2018-11-05,EUR,1278.67
2018-11-05,PLN,296.4963
2018-11-05,CNY,162.309
2018-11-05,CAD,858.9172
2018-11-05,IDR,0.0751
2018-11-06,USD,1120.8435
2018-11-06,EUR,1280.9
2018-11-06,PLN,297.2753
2018-11-06,CNY,162.1085
2018-11-06,CAD,854.1611
2018-11-06,IDR,0.0757
2018-11-07,USD,1119.7441
2018-11-07,EUR,1286.25
2018-11-07,PLN,299.5459
2018-11-07,CNY,161.9432
2018-11-07,CAD,856.4152
2018-11-07,IDR,0.0768
2018-11-08,USD,1116.8417
2018-11-08,EUR,1275.88
2018-11-08,PLN,297.304
2018-11-08,CNY,161.1122
2018-11-08,CAD,852.1774
2018-11-08,IDR,0.0768
2018-11-09,USD,1127.0668
2018-11-09,EUR,1278.77
2018-11-09,PLN,298.2206
2018-11-09,CNY,162.1734
2018-11-09,CAD,854.2788
2018-11-09,IDR,0.0767
2018-11-12,USD,1136.3693
2018-11-12,EUR,1280.12
2018-11-12,PLN,297.924
2018-11-12,CNY,163.1828
2018-11-12,CAD,860.7006
2018-11-12,IDR,0.0767
2018-11-13,USD,1134.1888
2018-11-13,EUR,1277.21
2018-11-13,PLN,297.0809
2018-11-13,CNY,163.0051
2018-11-13,CAD,857.8788
2018-11-13,IDR,0.0765
2018-11-14,USD,1132.153
2018-11-14,EUR,1278.88
2018-11-14,PLN,298.0308
2018-11-14,CNY,162.8255
2018-11-14,CAD,856.1826
2018-11-14,IDR,0.0767
2018-11-15,USD,1130.4644
2018-11-15,EUR,1277.99
2018-11-15,PLN,297.6708
2018-11-15,CNY,162.9092
2018-11-15,CAD,854.9
2018-11-15,IDR,0.077
2018-11-16,USD,1131.5001
2018-11-16,EUR,1283.8
2018-11-16,PLN,297.4927
2018-11-16,CNY,162.7969
2018-11-16,CAD,858.442
2018-11-16,IDR,0.0774
2018-11-19,USD,1126.8312
2018-11-19,EUR,1287.63
2018-11-19,PLN,297.4222
2018-11-19,CNY,162.2743
2018-11-19,CAD,855.284
2018-11-19,IDR,0.0772
2018-11-20,USD,1127.7121
2018-11-20,EUR,1287.96
2018-11-20,PLN,298.2977
2018-11-20,CNY,162.4182
2018-11-20,CAD,854.5949
2018-11-20,IDR,0.0773
2018-11-21,USD,1128.1094
2018-11-21,EUR,1287.06
2018-11-21,PLN,299.3511
2018-11-21,CNY,162.6698
2018-11-21,CAD,849.8811
2018-11-21,IDR,0.0773
2018-11-22,USD,1129.0976
2018-11-22,EUR,1287.51
2018-11-22,PLN,299.3931
2018-11-22,CNY,162.8687
2018-11-22,CAD,854.1263
2018-11-22,IDR,0.0776
2018-11-23,USD,1132.0913
2018-11-23,EUR,1285.15
2018-11-23,PLN,299.227
2018-11-23,CNY,162.9536
2018-11-23,CAD,855.6828
2018-11-23,IDR,0.0779
2018-11-26,USD,1128.1
2018-11-26,EUR,1281.86
2018-11-26,PLN,298.6626
2018-11-26,CNY,162.5303
2018-11-26,CAD,853.9471
2018-11-26,IDR,0.0779
2018-11-27,USD,1129.2108
2018-11-27,EUR,1279.17
2018-11-27,PLN,298.1609
2018-11-27,CNY,162.521
2018-11-27,CAD,851.7579
2018-11-27,IDR,0.0779
2018-11-28,USD,1128.2613
2018-11-28,EUR,1273.13
2018-11-28,PLN,296.4007
2018-11-28,CNY,162.2566
2018-11-28,CAD,846.7212
2018-11-28,IDR,0.0776
2018-11-29,USD,1120.1985
2018-11-29,EUR,1275.57
2018-11-29,PLN,297.2248
2018-11-29,CNY,161.3359
2018-11-29,CAD,843.7984
2018-11-29,IDR,0.0781
2018-11-30,USD,1121.6128
2018-11-30,EUR,1274.04
2018-11-30,PLN,296.979
2018-11-30,CNY,161.4814
2018-11-30,CAD,842.842
2018-11-30,IDR,0.0784
2018-12-03,USD,1112.2838
2018-12-03,EUR,1260.44
2018-12-03,PLN,294.4334
2018-12-03,CNY,161.4417
2018-12-03,CAD,844.1765
2018-12-03,IDR,0.0779
2018-12-04,USD,1105.3028
2018-12-04,EUR,1261.04
2018-12-04,PLN,294.4773
2018-12-04,CNY,161.7008
2018-12-04,CAD,838.9595
2018-12-04,IDR,0.0773
2018-12-05,USD,1113.6075
2018-12-05,EUR,1264.39
2018-12-05,PLN,295.2389
2018-12-05,CNY,162.4178
2018-12-05,CAD,838.6774
2018-12-05,IDR,0.0774
2018-12-06,USD,1121.5135
2018-12-06,EUR,1273.03
2018-12-06,PLN,296.8751
2018-12-06,CNY,162.7104
2018-12-06,CAD,835.9249
2018-12-06,IDR,0.0772
2018-12-07,USD,1124.5009
2018-12-07,EUR,1278.67
2018-12-07,PLN,298.093
2018-12-07,CNY,163.4208
2018-12-07,CAD,839.5732
2018-12-07,IDR,0.0777
2018-12-10,USD,1126.8446
2018-12-10,EUR,1287.42
2018-12-10,PLN,299.9511
2018-12-10,CNY,163.0327
2018-12-10,CAD,845.985
2018-12-10,IDR,0.0772
2018-12-11,USD,1128.5438
2018-12-11,EUR,1284.17
2018-12-11,PLN,298.7623
2018-12-11,CNY,163.5927
2018-12-11,CAD,842.6865
2018-12-11,IDR,0.0772
2018-12-12,USD,1128.6973
2018-12-12,EUR,1280.62
2018-12-12,PLN,297.9156
2018-12-12,CNY,163.8564
2018-12-12,CAD,844.1793
2018-12-12,IDR,0.0773
2018-12-13,USD,1124.4042
2018-12-13,EUR,1278.56
2018-12-13,PLN,297.8591
2018-12-13,CNY,163.4026
2018-12-13,CAD,841.5454
2018-12-13,IDR,0.0775
2018-12-14,USD,1134.3996
2018-12-14,EUR,1280.17
2018-12-14,PLN,297.8941
2018-12-14,CNY,164.3772
2018-12-14,CAD,848.0755
2018-12-14,IDR,0.0776
2018-12-17,USD,1130.5969
2018-12-17,EUR,1282.21
2018-12-17,PLN,299.337
2018-12-17,CNY,163.9194
2018-12-17,CAD,844.1701
2018-12-17,IDR,0.0776
2018-12-18,USD,1128.9004
2018-12-18,EUR,1284.35
2018-12-18,PLN,299.7456
2018-12-18,CNY,163.7053
2018-12-18,CAD,842.252
2018-12-18,IDR,0.078
2018-12-19,USD,1125.9974
2018-12-19,EUR,1284.2
2018-12-19,PLN,299.8156
2018-12-19,CNY,163.2119
2018-12-19,CAD,837.5946
2018-12-19,IDR,0.078
2018-12-20,USD,1121.902
2018-12-20,EUR,1284.69
2018-12-20,PLN,299.6292
2018-12-20,CNY,162.8994
2018-12-20,CAD,832.9162
2018-12-20,IDR,0.0777
2018-12-21,USD,1123.8041
2018-12-21,EUR,1282.71
2018-12-21,PLN,299.3419
2018-12-21,CNY,162.7288
2018-12-21,CAD,829.7497
2018-12-21,IDR,0.0768
2018-12-24,USD,1125.1841
2018-12-24,EUR,1283.61
2018-12-24,PLN,299.5729
2018-12-24,CNY,163.0395
2018-12-24,CAD,827.815
2018-12-24,IDR,0.0771
2018-12-27,USD,1122.2994
2018-12-27,EUR,1276.84
2018-12-27,PLN,297.3198
2018-12-27,CNY,163.469
2018-12-27,CAD,823.7677
2018-12-27,IDR,0.0769
2018-12-28,USD,1116.946
2018-12-28,EUR,1279.35
2018-12-28,PLN,297.3296
2018-12-28,CNY,162.3994
2018-12-28,CAD,819.991
2018-12-28,IDR,0.0769
2018-12-31,USD,1116.0961
2018-12-31,EUR,1277.93
2018-12-31,PLN,297.0963
2018-12-31,CNY,162.2748
2018-12-31,CAD,818.9234
2018-12-31,IDR,0.0775
2019-01-02,USD,1121.804
2019-01-02,EUR,1278.52
2019-01-02,PLN,297.5794
2019-01-02,CNY,163.5668
2019-01-02,CAD,822.358
2019-01-02,IDR,0.0776
2019-01-03,USD,1127.2207
2019-01-03,EUR,1279.17
2019-01-03,PLN,297.6545
2019-01-03,CNY,163.9562
2019-01-03,CAD,831.0616
2019-01-03,IDR,0.0782
2019-01-04,USD,1121.7487
2019-01-04,EUR,1279.13
2019-01-04,PLN,297.7699
2019-01-04,CNY,163.4044
2019-01-04,CAD,834.5055
2019-01-04,IDR,0.0788
2019-01-07,USD,1119.3971
2019-01-07,EUR,1281.15
2019-01-07,PLN,298.5807
2019-01-07,CNY,163.3682
2019-01-07,CAD,838.3941
2019-01-07,IDR,0.0795
2019-01-08,USD,1126.4161
2019-01-08,EUR,1288.62
2019-01-08,PLN,299.2962
2019-01-08,CNY,164.3543
2019-01-08,CAD,847.3304
2019-01-08,IDR,0.0796
2019-01-09,USD,1121.0476
2019-01-09,EUR,1284.16
2019-01-09,PLN,298.8643
2019-01-09,CNY,164.1603
2019-01-09,CAD,846.4013
2019-01-09,IDR,0.0794
2019-01-10,USD,1117.5033
2019-01-10,EUR,1289.04
2019-01-10,PLN,300.0629
2019-01-10,CNY,164.8115
2019-01-10,CAD,845.2167
2019-01-10,IDR,0.0794
2019-01-11,USD,1117.8011
2019-01-11,EUR,1289.16
2019-01-11,PLN,299.993
2019-01-11,CNY,165.4424
2019-01-11,CAD,845.5172
2019-01-11,IDR,0.0794
2019-01-14,USD,1123.0662
2019-01-14,EUR,1287.82
2019-01-14,PLN,300.0163
2019-01-14,CNY,165.9669
2019-01-14,CAD,845.8032
2019-01-14,IDR,0.0795
2019-01-15,USD,1123.3018
2019-01-15,EUR,1283.26
2019-01-15,PLN,298.9192
2019-01-15,CNY,166.1608
2019-01-15,CAD,846.8127
2019-01-15,IDR,0.0795
2019-01-16,USD,1122.4515
2019-01-16,EUR,1278.36
2019-01-16,PLN,298.1459
2019-01-16,CNY,165.982
2019-01-16,CAD,846.54
2019-01-16,IDR,0.0793
2019-01-17,USD,1123.7978
2019-01-17,EUR,1280.68
2019-01-17,PLN,298.9798
2019-01-17,CNY,165.9621
2019-01-17,CAD,845.166
2019-01-17,IDR,0.0793
2019-01-18,USD,1121.4962
2019-01-18,EUR,1278.73
2019-01-18,PLN,297.857
2019-01-18,CNY,165.4436
2019-01-18,CAD,844.9385
2019-01-18,IDR,0.079
2019-01-21,USD,1131.2973
2019-01-21,EUR,1285.38
2019-01-21,PLN,299.5456
2019-01-21,CNY,166.4181
2019-01-21,CAD,850.2878
2019-01-21,IDR,0.0794
2019-01-22,USD,1131.5572
2019-01-22,EUR,1284.77
2019-01-22,PLN,299.9907
2019-01-22,CNY,166.2078
2019-01-22,CAD,849.2663
2019-01-22,IDR,0.0795
2019-01-23,USD,1127.8262
2019-01-23,EUR,1282.0
2019-01-23,PLN,298.9251
2019-01-23,CNY,166.1763
2019-01-23,CAD,847.2112
2019-01-23,IDR,0.0796
2019-01-24,USD,1129.6887
2019-01-24,EUR,1281.18
2019-01-24,PLN,298.7757
2019-01-24,CNY,166.2985
2019-01-24,CAD,845.1055
2019-01-24,IDR,0.0798
2019-01-25,USD,1120.104
2019-01-25,EUR,1270.87
2019-01-25,PLN,296.1711
2019-01-25,CNY,165.6958
2019-01-25,CAD,841.2458
2019-01-25,IDR,0.0795
2019-01-28,USD,1118.6022
2019-01-28,EUR,1277.22
2019-01-28,PLN,297.9912
2019-01-28,CNY,165.8792
2019-01-28,CAD,845.0017
2019-01-28,IDR,0.0795
2019-01-29,USD,1118.298
2019-01-29,EUR,1277.32
2019-01-29,PLN,297.2171
2019-01-29,CNY,166.0431
2019-01-29,CAD,843.561
2019-01-29,IDR,0.0794
2019-01-30,USD,1118.1906
2019-01-30,EUR,1277.98
2019-01-30,PLN,297.8627
2019-01-30,CNY,166.4752
2019-01-30,CAD,845.7283
2019-01-30,IDR,0.0791
2019-01-31,USD,1112.0996
2019-01-31,EUR,1277.58
2019-01-31,PLN,298.947
2019-01-31,CNY,165.8979
2019-01-31,CAD,845.5755
2019-01-31,IDR,0.0799
2019-02-01,USD,1117.0168
2019-02-01,EUR,1281.33
2019-02-01,PLN,299.8035
2019-02-01,CNY,165.8422
2019-02-01,CAD,849.9701
2019-02-01,IDR,0.08
2019-02-04,USD,1120.6029
2019-02-04,EUR,1282.53
2019-02-04,PLN,299.5446
2019-02-04,CNY,166.1437
2019-02-04,CAD,854.3934
2019-02-04,IDR,0.08
2019-02-05,USD,1117.7011
2019-02-05,EUR,1276.75
2019-02-05,PLN,297.8051
2019-02-05,CNY,165.9453
2019-02-05,CAD,851.3937
2019-02-05,IDR,0.08
2019-02-06,USD,1120.8443
2019-02-06,EUR,1277.09
2019-02-06,PLN,297.5305
2019-02-06,CNY,166.1796
2019-02-06,CAD,850.2597
2019-02-06,IDR,0.0805
2019-02-07,USD,1124.9978
2019-02-07,EUR,1276.31
2019-02-07,PLN,296.6645
2019-02-07,CNY,166.7943
2019-02-07,CAD,848.0465
2019-02-07,IDR,0.0804
2019-02-08,USD,1122.8274
2019-02-08,EUR,1273.96
2019-02-08,PLN,295.8295
2019-02-08,CNY,166.472
2019-02-08,CAD,843.7939
2019-02-08,IDR,0.0804
2019-02-11,USD,1125.2984
2019-02-11,EUR,1272.6
2019-02-11,PLN,294.87
2019-02-11,CNY,165.7441
2019-02-11,CAD,848.1173
2019-02-11,IDR,0.0799
2019-02-12,USD,1123.6101
2019-02-12,EUR,1269.23
2019-02-12,PLN,293.4025
2019-02-12,CNY,165.9623
2019-02-12,CAD,847.9057
2019-02-12,IDR,0.0799
2019-02-13,USD,1123.3967
2019-02-13,EUR,1270.0
2019-02-13,PLN,293.4042
2019-02-13,CNY,166.0695
2019-02-13,CAD,848.2501
2019-02-13,IDR,0.0799
2019-02-14,USD,1127.4317
2019-02-14,EUR,1270.39
2019-02-14,PLN,292.838
2019-02-14,CNY,166.3968
2019-02-14,CAD,849.816
2019-02-14,IDR,0.08
2019-02-15,USD,1127.2824
2019-02-15,EUR,1269.32
2019-02-15,PLN,293.0981
2019-02-15,CNY,166.4988
2019-02-15,CAD,848.5327
2019-02-15,IDR,0.0797
2019-02-18,USD,1125.8033
2019-02-18,EUR,1275.31
2019-02-18,PLN,294.5833
2019-02-18,CNY,166.4092
2019-02-18,CAD,850.6604
2019-02-18,IDR,0.0798
2019-02-19,USD,1127.5899
2019-02-19,EUR,1273.5
2019-02-19,PLN,293.792
2019-02-19,CNY,166.6492
2019-02-19,CAD,851.2132
2019-02-19,IDR,0.08
2019-02-20,USD,1122.7914
2019-02-20,EUR,1273.47
2019-02-20,PLN,293.1223
2019-02-20,CNY,167.0256
2019-02-20,CAD,851.4777
2019-02-20,IDR,0.08
2019-02-21,USD,1125.251
2019-02-21,EUR,1277.61
2019-02-21,PLN,294.7469
2019-02-21,CNY,167.5005
2019-02-21,CAD,854.5315
2019-02-21,IDR,0.08
2019-02-22,USD,1124.2384
2019-02-22,EUR,1273.2
2019-02-22,PLN,293.567
2019-02-22,CNY,167.2864
2019-02-22,CAD,850.1603
2019-02-22,IDR,0.08
2019-02-25,USD,1117.7367
2019-02-25,EUR,1269.19
2019-02-25,PLN,292.7099
2019-02-25,CNY,167.1042
2019-02-25,CAD,850.4355
2019-02-25,IDR,0.0797
2019-02-26,USD,1117.8593
2019-02-26,EUR,1270.0
2019-02-26,PLN,293.4245
2019-02-26,CNY,166.9361
2019-02-26,CAD,845.3142
2019-02-26,IDR,0.0798
2019-02-27,USD,1118.4525
2019-02-27,EUR,1273.47
2019-02-27,PLN,295.1537
2019-02-27,CNY,167.401
2019-02-27,CAD,851.1362
2019-02-27,IDR,0.0798
2019-02-28,USD,1122.1706
2019-02-28,EUR,1281.07
2019-02-28,PLN,297.3079
2019-02-28,CNY,167.8793
2019-02-28,CAD,851.662
2019-02-28,IDR,0.0797
2019-03-01,USD,1126.3463
2019-03-01,EUR,1282.12
2019-03-01,PLN,297.5032
2019-03-01,CNY,167.9663
2019-03-01,CAD,856.4024
2019-03-01,IDR,0.0798
2019-03-04,USD,1126.118
2019-03-04,EUR,1276.68
2019-03-04,PLN,296.9783
2019-03-04,CNY,168.0174
2019-03-04,CAD,845.9316
2019-03-04,IDR,0.0797
2019-03-05,USD,1126.8514
2019-03-05,EUR,1276.61
2019-03-05,PLN,296.7756
2019-03-05,CNY,168.1099
2019-03-05,CAD,844.5422
2019-03-05,IDR,0.0798
2019-03-06,USD,1127.8638
2019-03-06,EUR,1275.05
2019-03-06,PLN,296.5508
2019-03-06,CNY,168.086
2019-03-06,CAD,842.8411
2019-03-06,IDR,0.0797
2019-03-07,USD,1129.5803
2019-03-07,EUR,1273.15
2019-03-07,PLN,296.1434
2019-03-07,CNY,168.3571
2019-03-07,CAD,841.4183
2019-03-07,IDR,0.0796
2019-03-08,USD,1136.6958
2019-03-08,EUR,1275.6
2019-03-08,PLN,296.6374
2019-03-08,CNY,169.0634
2019-03-08,CAD,844.8242
2019-03-08,IDR,0.0794
2019-03-11,USD,1134.1871
2019-03-11,EUR,1275.28
2019-03-11,PLN,296.6181
2019-03-11,CNY,168.6611
2019-03-11,CAD,844.948
2019-03-11,IDR,0.0794
2019-03-12,USD,1129.8271
2019-03-12,EUR,1273.88
2019-03-12,PLN,296.2925
2019-03-12,CNY,168.4069
2019-03-12,CAD,843.015
2019-03-12,IDR,0.0792
2019-03-13,USD,1131.6642
2019-03-13,EUR,1279.12
2019-03-13,PLN,297.5182
2019-03-13,CNY,168.7093
2019-03-13,CAD,847.8293
2019-03-13,IDR,0.0795
2019-03-14,USD,1136.4498
2019-03-14,EUR,1283.62
2019-03-14,PLN,298.2943
2019-03-14,CNY,168.9329
2019-03-14,CAD,851.5457
2019-03-14,IDR,0.0795
2019-03-15,USD,1136.0541
2019-03-15,EUR,1284.65
2019-03-15,PLN,298.4158
2019-03-15,CNY,169.2066
2019-03-15,CAD,849.7486
2019-03-15,IDR,0.0796
2019-03-18,USD,1131.9588
2019-03-18,EUR,1284.66
2019-03-18,PLN,298.9041
2019-03-18,CNY,168.6215
2019-03-18,CAD,848.8569
2019-03-18,IDR,0.0795
2019-03-19,USD,1129.7323
2019-03-19,EUR,1283.15
2019-03-19,PLN,299.249
2019-03-19,CNY,168.3107
2019-03-19,CAD,852.0252
2019-03-19,IDR,0.0797
2019-03-20,USD,1129.0823
2019-03-20,EUR,1281.96
2019-03-20,PLN,299.2856
2019-03-20,CNY,168.6479
2019-03-20,CAD,847.5769
2019-03-20,IDR,0.0797
2019-03-21,USD,1128.796
2019-03-21,EUR,1285.36
2019-03-21,PLN,300.2686
2019-03-21,CNY,168.6868
2019-03-21,CAD,846.244
2019-03-21,IDR,0.08
2019-03-22,USD,1135.0292
2019-03-22,EUR,1282.81
2019-03-22,PLN,298.9327
2019-03-22,CNY,169.0845
2019-03-22,CAD,846.4599
2019-03-22,IDR,0.0799
2019-03-25,USD,1132.9536
2019-03-25,EUR,1283.07
2019-03-25,PLN,298.7149
2019-03-25,CNY,168.7917
2019-03-25,CAD,843.9029
2019-03-25,IDR,0.0799
2019-03-26,USD,1134.4522
2019-03-26,EUR,1280.91
2019-03-26,PLN,298.344
2019-03-26,CNY,168.9454
2019-03-26,CAD,846.4909
2019-03-26,IDR,0.0801
2019-03-27,USD,1137.5544
2019-03-27,EUR,1281.0
2019-03-27,PLN,298.351
2019-03-27,CNY,169.1558
2019-03-27,CAD,848.2882
2019-03-27,IDR,0.0799
2019-03-28,USD,1139.1603
2019-03-28,EUR,1277.91
2019-03-28,PLN,297.5343
2019-03-28,CNY,169.0469
2019-03-28,CAD,848.2079
2019-03-28,IDR,0.0798
2019-03-29,USD,1136.146
2019-03-29,EUR,1276.46
2019-03-29,PLN,296.8097
2019-03-29,CNY,169.2985
2019-03-29,CAD,850.9733
2019-03-29,IDR,0.0798
2019-04-01,USD,1134.9591
2019-04-01,EUR,1275.24
2019-04-01,PLN,296.6364
2019-04-01,CNY,169.1075
2019-04-01,CAD,849.8201
2019-04-01,IDR,0.0798
2019-04-02,USD,1136.3839
2019-04-02,EUR,1272.75
2019-04-02,PLN,296.3122
2019-04-02,CNY,169.1025
2019-04-02,CAD,853.1068
2019-04-02,IDR,0.0799
2019-04-03,USD,1134.3503
2019-04-03,EUR,1275.35
2019-04-03,PLN,297.0766
2019-04-03,CNY,169.093
2019-04-03,CAD,852.2788
2019-04-03,IDR,0.08
2019-04-04,USD,1137.4187
2019-04-04,EUR,1276.07
2019-04-04,PLN,297.5077
2019-04-04,CNY,169.3456
2019-04-04,CAD,851.4513
2019-04-04,IDR,0.0803
2019-04-05,USD,1137.3987
2019-04-05,EUR,1277.64
2019-04-05,PLN,297.839
2019-04-05,CNY,169.3203
2019-04-05,CAD,850.0599
2019-04-05,IDR,0.0804
2019-04-08,USD,1145.3939
2019-04-08,EUR,1288.11
2019-04-08,PLN,300.3498
2019-04-08,CNY,170.4729
2019-04-08,CAD,856.3422
2019-04-08,IDR,0.0809
2019-04-09,USD,1139.452
2019-04-09,EUR,1284.96
2019-04-09,PLN,299.7341
2019-04-09,CNY,169.7706
2019-04-09,CAD,857.5547
2019-04-09,IDR,0.0806
2019-04-10,USD,1137.592
2019-04-10,EUR,1283.09
2019-04-10,PLN,299.5564
2019-04-10,CNY,169.3669
2019-04-10,CAD,853.5724
2019-04-10,IDR,0.0804
2019-04-11,USD,1140.9535
2019-04-11,EUR,1285.17
2019-04-11,PLN,300.063
2019-04-11,CNY,169.8343
2019-04-11,CAD,852.9701
2019-04-11,IDR,0.0805
2019-04-12,USD,1133.2921
2019-04-12,EUR,1283.0
2019-04-12,PLN,299.7944
2019-04-12,CNY,168.9514
2019-04-12,CAD,850.6829
2019-04-12,IDR,0.0804
2019-04-15,USD,1132.6527
2019-04-15,EUR,1281.37
2019-04-15,PLN,299.7918
2019-04-15,CNY,168.8969
2019-04-15,CAD,850.8433
2019-04-15,IDR,0.0806
2019-04-16,USD,1135.0464
2019-04-16,EUR,1283.17
2019-04-16,PLN,300.1989
2019-04-16,CNY,169.181
2019-04-16,CAD,849.2191
2019-04-16,IDR,0.0806
2019-04-17,USD,1133.2183
2019-04-17,EUR,1280.65
2019-04-17,PLN,299.7005
2019-04-17,CNY,169.4116
2019-04-17,CAD,849.8009
2019-04-17,IDR,0.0805
2019-04-18,USD,1136.8444
2019-04-18,EUR,1278.95
2019-04-18,PLN,298.9179
2019-04-18,CNY,169.5208
2019-04-18,CAD,848.9545
2019-04-18,IDR,0.081
2019-04-23,USD,1142.072
2019-04-23,EUR,1284.26
2019-04-23,PLN,299.6127
2019-04-23,CNY,169.9723
2019-04-23,CAD,852.9322
2019-04-23,IDR,0.0811
2019-04-24,USD,1151.0661
2019-04-24,EUR,1290.23
2019-04-24,PLN,300.781
2019-04-24,CNY,171.3362
2019-04-24,CAD,855.7037
2019-04-24,IDR,0.0817
2019-04-25,USD,1163.1484
2019-04-25,EUR,1293.77
2019-04-25,PLN,301.227
2019-04-25,CNY,172.3946
2019-04-25,CAD,861.1928
2019-04-25,IDR,0.0817
2019-04-26,USD,1160.927
2019-04-26,EUR,1292.46
2019-04-26,PLN,301.4273
2019-04-26,CNY,172.3487
2019-04-26,CAD,860.4927
2019-04-26,IDR,0.0818
2019-04-29,USD,1160.5381
2019-04-29,EUR,1294.0
2019-04-29,PLN,301.3227
2019-04-29,CNY,172.3793
2019-04-29,CAD,861.0594
2019-04-29,IDR,0.0817
2019-04-30,USD,1165.9922
2019-04-30,EUR,1308.01
2019-04-30,PLN,305.125
2019-04-30,CNY,173.1523
2019-04-30,CAD,867.6683
2019-04-30,IDR,0.082
2019-05-02,USD,1163.1734
2019-05-02,EUR,1304.15
2019-05-02,PLN,304.7079
2019-05-02,CNY,172.7168
2019-05-02,CAD,865.7395
2019-05-02,IDR,0.0816
2019-05-03,USD,1169.9507
2019-05-03,EUR,1305.08
2019-05-03,PLN,304.5481
2019-05-03,CNY,173.7234
2019-05-03,CAD,868.9527
2019-05-03,IDR,0.0821
2019-05-06,USD,1170.801
2019-05-06,EUR,1311.18
2019-05-06,PLN,306.1216
2019-05-06,CNY,173.0451
2019-05-06,CAD,868.6187
2019-05-06,IDR,0.0819
2019-05-07,USD,1171.0595
2019-05-07,EUR,1309.83
2019-05-07,PLN,305.5924
2019-05-07,CNY,173.0062
2019-05-07,CAD,869.4524
2019-05-07,IDR,0.082
2019-05-08,USD,1172.5495
2019-05-08,EUR,1313.49
2019-05-08,PLN,306.0892
2019-05-08,CNY,172.9414
2019-05-08,CAD,871.3613
2019-05-08,IDR,0.082
2019-05-09,USD,1183.043
2019-05-09,EUR,1324.18
2019-05-09,PLN,308.4222
2019-05-09,CNY,173.381
2019-05-09,CAD,877.3471
2019-05-09,IDR,0.0824
2019-05-10,USD,1180.1603
2019-05-10,EUR,1325.32
2019-05-10,PLN,308.5009
2019-05-10,CNY,172.9551
2019-05-10,CAD,875.8393
2019-05-10,IDR,0.0819
2019-05-13,USD,1187.9502
2019-05-13,EUR,1335.85
2019-05-13,PLN,310.3164
2019-05-13,CNY,172.7355
2019-05-13,CAD,883.674
2019-05-13,IDR,0.0824
2019-05-14,USD,1187.6002
2019-05-14,EUR,1333.2
2019-05-14,PLN,309.6073
2019-05-14,CNY,172.5781
2019-05-14,CAD,881.921
2019-05-14,IDR,0.0823
2019-05-15,USD,1190.4766
2019-05-15,EUR,1331.31
2019-05-15,PLN,308.9316
2019-05-15,CNY,173.066
2019-05-15,CAD,883.1244
2019-05-15,IDR,0.0823
2019-05-16,USD,1189.119
2019-05-16,EUR,1332.17
2019-05-16,PLN,310.081
2019-05-16,CNY,172.8587
2019-05-16,CAD,885.8102
2019-05-16,IDR,0.0823
2019-05-17,USD,1194.3967
2019-05-17,EUR,1334.38
2019-05-17,PLN,310.0974
2019-05-17,CNY,172.7465
2019-05-17,CAD,885.2196
2019-05-17,IDR,0.0827
2019-05-20,USD,1193.8032
2019-05-20,EUR,1333.12
2019-05-20,PLN,310.2588
2019-05-20,CNY,172.6213
2019-05-20,CAD,888.7467
2019-05-20,IDR,0.0825
2019-05-21,USD,1193.3339
2019-05-21,EUR,1331.88
2019-05-21,PLN,309.3079
2019-05-21,CNY,172.7897
2019-05-21,CAD,889.9372
2019-05-21,IDR,0.0824
2019-05-22,USD,1189.9561
2019-05-22,EUR,1329.3
2019-05-22,PLN,308.8666
2019-05-22,CNY,172.3946
2019-05-22,CAD,889.0449
2019-05-22,IDR,0.0819
2019-05-23,USD,1191.6779
2019-05-23,EUR,1327.41
2019-05-23,PLN,308.2412
2019-05-23,CNY,172.2612
2019-05-23,CAD,884.94
2019-05-23,IDR,0.0823
2019-05-24,USD,1187.3514
2019-05-24,EUR,1328.29
2019-05-24,PLN,309.0915
2019-05-24,CNY,172.0449
2019-05-24,CAD,882.4088
2019-05-24,IDR,0.0825
2019-05-27,USD,1184.8991
2019-05-27,EUR,1326.85
2019-05-27,PLN,309.0369
2019-05-27,CNY,171.7516
2019-05-27,CAD,880.984
2019-05-27,IDR,0.0824
2019-05-28,USD,1188.2505
2019-05-28,EUR,1329.89
2019-05-28,PLN,309.6296
2019-05-28,CNY,171.9426
2019-05-28,CAD,882.4166
2019-05-28,IDR,0.0827
2019-05-29,USD,1195.1416
2019-05-29,EUR,1333.3
2019-05-29,PLN,310.0842
2019-05-29,CNY,172.9739
2019-05-29,CAD,885.0315
2019-05-29,IDR,0.0829
2019-05-30,USD,1190.9197
2019-05-30,EUR,1325.97
2019-05-30,PLN,309.1776
2019-05-30,CNY,172.4211
2019-05-30,CAD,882.2743
2019-05-30,IDR,0.0827
2019-05-31,USD,1191.2026
2019-05-31,EUR,1328.31
2019-05-31,PLN,310.0413
2019-05-31,CNY,172.407
2019-05-31,CAD,878.8025
2019-05-31,IDR,0.0831
2019-06-03,USD,1183.2365
2019-06-03,EUR,1323.45
2019-06-03,PLN,308.9791
2019-06-03,CNY,171.3137
2019-06-03,CAD,876.5731
2019-06-03,IDR,0.0831
2019-06-04,USD,1183.6535
2019-06-04,EUR,1330.9
2019-06-04,PLN,310.9434
2019-06-04,CNY,171.3179
2019-06-04,CAD,880.7491
2019-06-04,IDR,0.0832
2019-06-05,USD,1176.4502
2019-06-05,EUR,1324.33
2019-06-05,PLN,309.582
2019-06-05,CNY,170.3231
2019-06-05,CAD,878.7857
2019-06-05,IDR,0.0828
2019-06-06,USD,1179.5668
2019-06-06,EUR,1328.9
2019-06-06,PLN,310.5777
2019-06-06,CNY,170.6343
2019-06-06,CAD,880.2994
2019-06-06,IDR,0.0831
2019-06-07,USD,1185.3278
2019-06-07,EUR,1336.22
2019-06-07,PLN,312.8295
2019-06-07,CNY,171.5456
2019-06-07,CAD,887.2054
2019-06-07,IDR,0.0832
2019-06-10,USD,1185.488
2019-06-10,EUR,1339.72
2019-06-10,PLN,314.2006
2019-06-10,CNY,170.959
2019-06-10,CAD,892.9086
2019-06-10,IDR,0.0832
2019-06-11,USD,1181.5194
2019-06-11,EUR,1337.48
2019-06-11,PLN,313.3886
2019-06-11,CNY,170.9393
2019-06-11,CAD,891.5345
2019-06-11,IDR,0.083
2019-06-12,USD,1181.4978
2019-06-12,EUR,1337.81
2019-06-12,PLN,313.9809
2019-06-12,CNY,170.7566
2019-06-12,CAD,888.379
2019-06-12,IDR,0.083
2019-06-13,USD,1183.2226
2019-06-13,EUR,1335.74
2019-06-13,PLN,313.7455
2019-06-13,CNY,170.9331
2019-06-13,CAD,889.2484
2019-06-13,IDR,0.0828
2019-06-14,USD,1183.8438
2019-06-14,EUR,1333.6
2019-06-14,PLN,313.5374
2019-06-14,CNY,170.9809
2019-06-14,CAD,888.0011
2019-06-14,IDR,0.0827
2019-06-17,USD,1186.799
2019-06-17,EUR,1333.25
2019-06-17,PLN,312.9328
2019-06-17,CNY,171.3821
2019-06-17,CAD,884.7634
2019-06-17,IDR,0.0828
2019-06-18,USD,1184.9111
2019-06-18,EUR,1325.56
2019-06-18,PLN,311.2228
2019-06-18,CNY,171.0709
2019-06-18,CAD,882.7651
2019-06-18,IDR,0.0827
2019-06-19,USD,1176.6039
2019-06-19,EUR,1318.62
2019-06-19,PLN,309.0274
2019-06-19,CNY,170.4128
2019-06-19,CAD,879.6664
2019-06-19,IDR,0.0825
2019-06-20,USD,1160.5643
2019-06-20,EUR,1312.25
2019-06-20,PLN,308.3584
2019-06-20,CNY,169.3182
2019-06-20,CAD,881.533
2019-06-20,IDR,0.0818
2019-06-21,USD,1161.55
2019-06-21,EUR,1314.41
2019-06-21,PLN,308.6629
2019-06-21,CNY,168.9647
2019-06-21,CAD,880.4997
2019-06-21,IDR,0.0822
2019-06-24,USD,1156.5473
2019-06-24,EUR,1317.77
2019-06-24,PLN,309.7356
2019-06-24,CNY,168.1816
2019-06-24,CAD,876.7598
2019-06-24,IDR,0.0817
2019-06-25,USD,1154.0832
2019-06-25,EUR,1314.27
2019-06-25,PLN,308.7823
2019-06-25,CNY,167.7499
2019-06-25,CAD,876.1216
2019-06-25,IDR,0.0815
2019-06-26,USD,1155.4832
2019-06-26,EUR,1312.86
2019-06-26,PLN,307.9879
2019-06-26,CNY,168.016
2019-06-26,CAD,878.3435
2019-06-26,IDR,0.0816
2019-06-27,USD,1154.8989
2019-06-27,EUR,1313.12
2019-06-27,PLN,308.8604
2019-06-27,CNY,167.9203
2019-06-27,CAD,879.6356
2019-06-27,IDR,0.0817
2019-06-28,USD,1155.8436
2019-06-28,EUR,1315.35
2019-06-28,PLN,309.5232
2019-06-28,CNY,168.2356
2019-06-28,CAD,883.2002
2019-06-28,IDR,0.0818
2019-07-01,USD,1161.5737
2019-07-01,EUR,1318.27
2019-07-01,PLN,310.7149
2019-07-01,CNY,169.762
2019-07-01,CAD,886.7685
2019-07-01,IDR,0.0823
2019-07-02,USD,1166.5339
2019-07-02,EUR,1318.3
2019-07-02,PLN,310.7073
2019-07-02,CNY,169.6523
2019-07-02,CAD,889.6012
2019-07-02,IDR,0.0825
2019-07-03,USD,1169.7866
2019-07-03,EUR,1321.04
2019-07-03,PLN,311.3604
2019-07-03,CNY,170.0115
2019-07-03,CAD,892.9566
2019-07-03,IDR,0.0827
2019-07-04,USD,1168.9493
2019-07-04,EUR,1319.51
2019-07-04,PLN,310.9192
2019-07-04,CNY,170.1123
2019-07-04,CAD,894.6437
2019-07-04,IDR,0.0827
2019-07-05,USD,1170.897
2019-07-05,EUR,1318.43
2019-07-05,PLN,310.5915
2019-07-05,CNY,170.2848
2019-07-05,CAD,896.1596
2019-07-05,IDR,0.0829
2019-07-08,USD,1178.8408
2019-07-08,EUR,1322.07
2019-07-08,PLN,310.8559
2019-07-08,CNY,171.3125
2019-07-08,CAD,902.9299
2019-07-08,IDR,0.0835
2019-07-09,USD,1182.5524
2019-07-09,EUR,1325.05
2019-07-09,PLN,310.8257
2019-07-09,CNY,171.7387
2019-07-09,CAD,901.0268
2019-07-09,IDR,0.0837
2019-07-10,USD,1181.1141
2019-07-10,EUR,1325.21
2019-07-10,PLN,310.0777
2019-07-10,CNY,171.5993
2019-07-10,CAD,900.7069
2019-07-10,IDR,0.0836
2019-07-11,USD,1173.2654
2019-07-11,EUR,1324.03
2019-07-11,PLN,310.2153
2019-07-11,CNY,170.8933
2019-07-11,CAD,898.5612
2019-07-11,IDR,0.0834
2019-07-12,USD,1178.9656
2019-07-12,EUR,1326.69
2019-07-12,PLN,310.8822
2019-07-12,CNY,171.3361
2019-07-12,CAD,904.5408
2019-07-12,IDR,0.084
2019-07-15,USD,1179.3416
2019-07-15,EUR,1329.0
2019-07-15,PLN,311.8108
2019-07-15,CNY,171.5193
2019-07-15,CAD,905.0667
2019-07-15,IDR,0.0846
2019-07-16,USD,1178.7846
2019-07-16,EUR,1322.95
2019-07-16,PLN,310.88
2019-07-16,CNY,171.3954
2019-07-16,CAD,903.4692
2019-07-16,IDR,0.0846
2019-07-17,USD,1181.1681
2019-07-17,EUR,1324.68
2019-07-17,PLN,310.6588
2019-07-17,CNY,171.7442
2019-07-17,CAD,903.9716
2019-07-17,IDR,0.0845
2019-07-18,USD,1178.0492
2019-07-18,EUR,1321.3
2019-07-18,PLN,310.1934
2019-07-18,CNY,171.2238
2019-07-18,CAD,901.9113
2019-07-18,IDR,0.0843
2019-07-19,USD,1175.0579
2019-07-19,EUR,1319.12
2019-07-19,PLN,309.8635
2019-07-19,CNY,170.8328
2019-07-19,CAD,900.116
2019-07-19,IDR,0.0842
2019-07-22,USD,1177.2983
2019-07-22,EUR,1320.34
2019-07-22,PLN,310.8145
2019-07-22,CNY,171.0994
2019-07-22,CAD,900.3341
2019-07-22,IDR,0.0844
2019-07-23,USD,1178.7523
2019-07-23,EUR,1317.02
2019-07-23,PLN,309.9089
2019-07-23,CNY,171.362
2019-07-23,CAD,896.4808
2019-07-23,IDR,0.0844
2019-07-24,USD,1177.2621
2019-07-24,EUR,1311.47
2019-07-24,PLN,308.2403
2019-07-24,CNY,171.237
2019-07-24,CAD,896.609
2019-07-24,IDR,0.0842
2019-07-25,USD,1180.5308
2019-07-25,EUR,1312.16
2019-07-25,PLN,308.9471
2019-07-25,CNY,171.7644
2019-07-25,CAD,899.2941
2019-07-25,IDR,0.0845
2019-07-26,USD,1183.1478
2019-07-26,EUR,1317.79
2019-07-26,PLN,308.8329
2019-07-26,CNY,172.015
2019-07-26,CAD,897.6771
2019-07-26,IDR,0.0846
2019-07-29,USD,1184.2971
2019-07-29,EUR,1316.82
2019-07-29,PLN,307.6251
2019-07-29,CNY,171.801
2019-07-29,CAD,899.1601
2019-07-29,IDR,0.0845
2019-07-30,USD,1180.9665
2019-07-30,EUR,1317.25
2019-07-30,PLN,306.9654
2019-07-30,CNY,171.6041
2019-07-30,CAD,896.6374
2019-07-30,IDR,0.0842
2019-07-31,USD,1182.181
2019-07-31,EUR,1318.25
2019-07-31,PLN,307.1985
2019-07-31,CNY,171.7746
2019-07-31,CAD,899.0929
2019-07-31,IDR,0.0843
2019-08-01,USD,1190.251
2019-08-01,EUR,1313.68
2019-08-01,PLN,305.6563
2019-08-01,CNY,172.451
2019-08-01,CAD,899.6576
2019-08-01,IDR,0.0841
2019-08-02,USD,1200.6483
2019-08-02,EUR,1333.44
2019-08-02,PLN,310.0014
2019-08-02,CNY,173.0437
2019-08-02,CAD,907.2255
2019-08-02,IDR,0.0845
2019-08-05,USD,1216.0973
2019-08-05,EUR,1359.84
2019-08-05,PLN,315.201
2019-08-05,CNY,172.7768
2019-08-05,CAD,920.3655
2019-08-05,IDR,0.085
2019-08-06,USD,1213.3012
2019-08-06,EUR,1357.32
2019-08-06,PLN,314.7847
2019-08-06,CNY,172.8608
2019-08-06,CAD,918.0386
2019-08-06,IDR,0.0851
2019-08-07,USD,1215.6222
2019-08-07,EUR,1361.74
2019-08-07,PLN,315.4074
2019-08-07,CNY,172.466
2019-08-07,CAD,912.6944
2019-08-07,IDR,0.0854
2019-08-08,USD,1208.9342
2019-08-08,EUR,1353.16
2019-08-08,PLN,313.0358
2019-08-08,CNY,171.5619
2019-08-08,CAD,909.7486
2019-08-08,IDR,0.0851
2019-08-09,USD,1211.1538
2019-08-09,EUR,1356.25
2019-08-09,PLN,314.0122
2019-08-09,CNY,171.5925
2019-08-09,CAD,916.6329
2019-08-09,IDR,0.0854
2019-08-12,USD,1219.0013
2019-08-12,EUR,1364.55
2019-08-12,PLN,315.3206
2019-08-12,CNY,172.6972
2019-08-12,CAD,921.5574
2019-08-12,IDR,0.0855
2019-08-13,USD,1223.6678
2019-08-13,EUR,1373.2
2019-08-13,PLN,316.6098
2019-08-13,CNY,173.1586
2019-08-13,CAD,922.2916
2019-08-13,IDR,0.0855
2019-08-14,USD,1214.2474
2019-08-14,EUR,1358.5
2019-08-14,PLN,310.7274
2019-08-14,CNY,173.0
2019-08-14,CAD,913.4615
2019-08-14,IDR,0.0852
2019-08-15,USD,1213.5516
2019-08-15,EUR,1353.11
2019-08-15,PLN,308.3801
2019-08-15,CNY,172.452
2019-08-15,CAD,911.7378
2019-08-15,IDR,0.085
2019-08-16,USD,1208.559
2019-08-16,EUR,1338.6
2019-08-16,PLN,308.5683
2019-08-16,CNY,171.6638
2019-08-16,CAD,908.7576
2019-08-16,IDR,0.085
2019-08-19,USD,1209.7091
2019-08-19,EUR,1343.14
2019-08-19,PLN,307.3406
2019-08-19,CNY,171.5749
2019-08-19,CAD,911.9017
2019-08-19,IDR,0.085
2019-08-20,USD,1207.8187
2019-08-20,EUR,1337.78
2019-08-20,PLN,307.1684
2019-08-20,CNY,171.1154
2019-08-20,CAD,906.2322
2019-08-20,IDR,0.0847
2019-08-21,USD,1202.9809
2019-08-21,EUR,1335.79
2019-08-21,PLN,306.8736
2019-08-21,CNY,170.2988
2019-08-21,CAD,904.9455
2019-08-21,IDR,0.0845
2019-08-22,USD,1209.9522
2019-08-22,EUR,1340.99
2019-08-22,PLN,307.2635
2019-08-22,CNY,170.7767
2019-08-22,CAD,910.8749
2019-08-22,IDR,0.085
2019-08-23,USD,1212.1012
2019-08-23,EUR,1341.19
2019-08-23,PLN,307.9656
2019-08-23,CNY,170.9851
2019-08-23,CAD,909.8365
2019-08-23,IDR,0.0853
2019-08-26,USD,1213.4041
2019-08-26,EUR,1348.82
2019-08-26,PLN,309.2064
2019-08-26,CNY,169.8146
2019-08-26,CAD,912.1044
2019-08-26,IDR,0.0852
2019-08-27,USD,1212.563
2019-08-27,EUR,1346.43
2019-08-27,PLN,308.1358
2019-08-27,CNY,169.3218
2019-08-27,CAD,916.6247
2019-08-27,IDR,0.0851
2019-08-28,USD,1213.9944
2019-08-28,EUR,1345.47
2019-08-28,PLN,306.6668
2019-08-28,CNY,169.5465
2019-08-28,CAD,911.9357
2019-08-28,IDR,0.0852
2019-08-29,USD,1210.2691
2019-08-29,EUR,1340.01
2019-08-29,PLN,305.8755
2019-08-29,CNY,169.4478
2019-08-29,CAD,911.6334
2019-08-29,IDR,0.0852
2019-08-30,USD,1208.0555
2019-08-30,EUR,1333.21
2019-08-30,PLN,304.3025
2019-08-30,CNY,168.9575
2019-08-30,CAD,909.5443
2019-08-30,IDR,0.0852
2019-09-02,USD,1212.1535
2019-09-02,EUR,1329.49
2019-09-02,PLN,304.2938
2019-09-02,CNY,169.0237
2019-09-02,CAD,908.6181
2019-09-02,IDR,0.0854
2019-09-03,USD,1214.9584
2019-09-03,EUR,1328.8
2019-09-03,PLN,304.3309
2019-09-03,CNY,169.2459
2019-09-03,CAD,908.457
2019-09-03,IDR,0.0854
2019-09-04,USD,1205.2641
2019-09-04,EUR,1327.96
2019-09-04,PLN,306.0168
2019-09-04,CNY,168.5057
2019-09-04,CAD,904.6665
2019-09-04,IDR,0.0852
2019-09-05,USD,1197.2328
2019-09-05,EUR,1323.9
2019-09-05,PLN,305.0531
2019-09-05,CNY,167.5908
2019-09-05,CAD,906.6566
2019-09-05,IDR,0.0848
2019-09-06,USD,1192.2735
2019-09-06,EUR,1314.72
2019-09-06,PLN,302.9728
2019-09-06,CNY,167.6041
2019-09-06,CAD,901.5429
2019-09-06,IDR,0.0846
2019-09-09,USD,1192.7762
2019-09-09,EUR,1315.99
2019-09-09,PLN,303.6783
2019-09-09,CNY,167.4075
2019-09-09,CAD,906.6414
2019-09-09,IDR,0.0849
2019-09-10,USD,1191.9112
2019-09-10,EUR,1315.87
2019-09-10,PLN,303.6226
2019-09-10,CNY,167.7443
2019-09-10,CAD,905.249
2019-09-10,IDR,0.0849
2019-09-11,USD,1192.7111
2019-09-11,EUR,1312.34
2019-09-11,PLN,302.836
2019-09-11,CNY,167.5848
2019-09-11,CAD,907.0639
2019-09-11,IDR,0.0848
2019-09-12,USD,1182.9426
2019-09-12,EUR,1296.86
2019-09-12,PLN,299.4781
2019-09-12,CNY,166.9018
2019-09-12,CAD,896.3644
2019-09-12,IDR,0.0847
2019-09-13,USD,1177.0007
2019-09-13,EUR,1306.0
2019-09-13,PLN,301.9793
2019-09-13,CNY,166.181
2019-09-13,CAD,890.6772
2019-09-13,IDR,0.0843
2019-09-16,USD,1184.054
2019-09-16,EUR,1306.13
2019-09-16,PLN,302.0582
2019-09-16,CNY,167.5449
2019-09-16,CAD,893.4469
2019-09-16,IDR,0.0843
2019-09-17,USD,1189.5973
2019-09-17,EUR,1311.65
2019-09-17,PLN,302.1121
2019-09-17,CNY,167.6251
2019-09-17,CAD,897.1614
2019-09-17,IDR,0.0844
2019-09-18,USD,1190.826
2019-09-18,EUR,1316.22
2019-09-18,PLN,303.4863
2019-09-18,CNY,167.9945
2019-09-18,CAD,898.7504
2019-09-18,IDR,0.0847
2019-09-19,USD,1194.217
2019-09-19,EUR,1321.64
2019-09-19,PLN,304.6236
2019-09-19,CNY,168.3232
2019-09-19,CAD,899.9319
2019-09-19,IDR,0.0849
2019-09-20,USD,1188.7942
2019-09-20,EUR,1311.24
2019-09-20,PLN,300.9157
2019-09-20,CNY,167.6627
2019-09-20,CAD,895.9005
2019-09-20,IDR,0.0846
2019-09-23,USD,1197.3327
2019-09-23,EUR,1315.27
2019-09-23,PLN,300.1529
2019-09-23,CNY,168.0234
2019-09-23,CAD,901.7345
2019-09-23,IDR,0.085
2019-09-24,USD,1193.9108
2019-09-24,EUR,1313.66
2019-09-24,PLN,299.8334
2019-09-24,CNY,167.9894
2019-09-24,CAD,900.6307
2019-09-24,IDR,0.0846
2019-09-25,USD,1200.5008
2019-09-25,EUR,1318.39
2019-09-25,PLN,300.214
2019-09-25,CNY,168.508
2019-09-25,CAD,904.2455
2019-09-25,IDR,0.0848
2019-09-26,USD,1201.2342
2019-09-26,EUR,1313.91
2019-09-26,PLN,299.494
2019-09-26,CNY,168.5018
2019-09-26,CAD,907.2711
2019-09-26,IDR,0.0848
2019-09-27,USD,1198.3996
2019-09-27,EUR,1310.45
2019-09-27,PLN,298.7462
2019-09-27,CNY,168.1206
2019-09-27,CAD,904.1951
2019-09-27,IDR,0.0846
2019-09-30,USD,1198.301
2019-09-30,EUR,1304.83
2019-09-30,PLN,298.0289
2019-09-30,CNY,167.7504
2019-09-30,CAD,904.4988
2019-09-30,IDR,0.0844
2019-10-01,USD,1202.5693
2019-10-01,EUR,1310.56
2019-10-01,PLN,299.3923
2019-10-01,CNY,168.2297
2019-10-01,CAD,905.9588
2019-10-01,IDR,0.0845
2019-10-02,USD,1206.5904
2019-10-02,EUR,1318.2
2019-10-02,PLN,301.6614
2019-10-02,CNY,168.7923
2019-10-02,CAD,911.1772
2019-10-02,IDR,0.085
2019-10-03,USD,1203.397
2019-10-03,EUR,1317.84
2019-10-03,PLN,303.6498
2019-10-03,CNY,168.3452
2019-10-03,CAD,902.2593
2019-10-03,IDR,0.0849
2019-10-04,USD,1195.3001
2019-10-04,EUR,1312.32
2019-10-04,PLN,303.4617
2019-10-04,CNY,167.1809
2019-10-04,CAD,898.1111
2019-10-04,IDR,0.0845
2019-10-07,USD,1196.3977
2019-10-07,EUR,1315.2
2019-10-07,PLN,303.6221
2019-10-07,CNY,167.3666
2019-10-07,CAD,898.7904
2019-10-07,IDR,0.0844
2019-10-08,USD,1198.2614
2019-10-08,EUR,1316.41
2019-10-08,PLN,303.8383
2019-10-08,CNY,167.7511
2019-10-08,CAD,900.2325
2019-10-08,IDR,0.0847
2019-10-09,USD,1197.3135
2019-10-09,EUR,1314.77
2019-10-09,PLN,304.0915
2019-10-09,CNY,167.9895
2019-10-09,CAD,900.0958
2019-10-09,IDR,0.0845
2019-10-10,USD,1192.9918
2019-10-10,EUR,1315.87
2019-10-10,PLN,304.7194
2019-10-10,CNY,167.4838
2019-10-10,CAD,896.4913
2019-10-10,IDR,0.0843
2019-10-11,USD,1185.0131
2019-10-11,EUR,1308.61
2019-10-11,PLN,303.925
2019-10-11,CNY,166.8784
2019-10-11,CAD,891.4844
2019-10-11,IDR,0.0839
2019-10-14,USD,1184.8971
2019-10-14,EUR,1307.06
2019-10-14,PLN,304.456
2019-10-14,CNY,167.5976
2019-10-14,CAD,896.7206
2019-10-14,IDR,0.0839
2019-10-15,USD,1186.0725
2019-10-15,EUR,1305.51
2019-10-15,PLN,303.918
2019-10-15,CNY,167.4955
2019-10-15,CAD,896.5183
2019-10-15,IDR,0.0837
2019-10-16,USD,1188.6712
2019-10-16,EUR,1310.51
2019-10-16,PLN,305.089
2019-10-16,CNY,167.4345
2019-10-16,CAD,899.8901
2019-10-16,IDR,0.0837
2019-10-17,USD,1178.9616
2019-10-17,EUR,1310.18
2019-10-17,PLN,305.724
2019-10-17,CNY,166.5688
2019-10-17,CAD,894.6872
2019-10-17,IDR,0.0833
2019-10-18,USD,1179.406
2019-10-18,EUR,1314.33
2019-10-18,PLN,306.7782
2019-10-18,CNY,166.4952
2019-10-18,CAD,897.8277
2019-10-18,IDR,0.0833
2019-10-21,USD,1171.6101
2019-10-21,EUR,1309.04
2019-10-21,PLN,305.9362
2019-10-21,CNY,165.6488
2019-10-21,CAD,893.9698
2019-10-21,IDR,0.0833
2019-10-22,USD,1173.2525
2019-10-22,EUR,1305.83
2019-10-22,PLN,305.2574
2019-10-22,CNY,165.725
2019-10-22,CAD,895.5696
2019-10-22,IDR,0.0836
2019-10-23,USD,1171.8511
2019-10-23,EUR,1303.45
2019-10-23,PLN,304.644
2019-10-23,CNY,165.6563
2019-10-23,CAD,895.3496
2019-10-23,IDR,0.0835
2019-10-24,USD,1173.014
2019-10-24,EUR,1305.33
2019-10-24,PLN,305.1976
2019-10-24,CNY,165.8531
2019-10-24,CAD,897.4424
2019-10-24,IDR,0.0836
2019-10-25,USD,1174.8177
2019-10-25,EUR,1304.87
2019-10-25,PLN,305.0401
2019-10-25,CNY,166.1747
2019-10-25,CAD,899.2282
2019-10-25,IDR,0.0837
2019-10-28,USD,1169.9287
2019-10-28,EUR,1297.1
2019-10-28,PLN,303.6638
2019-10-28,CNY,165.5182
2019-10-28,CAD,895.3545
2019-10-28,IDR,0.0835
2019-10-29,USD,1167.9676
2019-10-29,EUR,1295.86
2019-10-29,PLN,303.5299
2019-10-29,CNY,165.3051
2019-10-29,CAD,894.5603
2019-10-29,IDR,0.0831
2019-10-30,USD,1168.0263
2019-10-30,EUR,1297.21
2019-10-30,PLN,304.3022
2019-10-30,CNY,165.5217
2019-10-30,CAD,892.5347
2019-10-30,IDR,0.0832
2019-10-31,USD,1168.0742
2019-10-31,EUR,1302.87
2019-10-31,PLN,305.9745
2019-10-31,CNY,165.8862
2019-10-31,CAD,887.937
2019-10-31,IDR,0.083
2019-11-01,USD,1167.1514
2019-11-01,EUR,1300.09
2019-11-01,PLN,305.6518
2019-11-01,CNY,165.7432
2019-11-01,CAD,885.4993
2019-11-01,IDR,0.0831
2019-11-04,USD,1162.323
2019-11-04,EUR,1296.92
2019-11-04,PLN,304.5271
2019-11-04,CNY,165.3707
2019-11-04,CAD,883.4605
2019-11-04,IDR,0.0829
2019-11-05,USD,1156.1257
2019-11-05,EUR,1284.34
2019-11-05,PLN,301.1843
2019-11-05,CNY,165.2224
2019-11-05,CAD,880.65
2019-11-05,IDR,0.0828
2019-11-06,USD,1158.0703
2019-11-06,EUR,1284.3
2019-11-06,PLN,300.8221
2019-11-06,CNY,165.494
2019-11-06,CAD,879.7178
2019-11-06,IDR,0.0826
2019-11-07,USD,1154.8885
2019-11-07,EUR,1279.27
2019-11-07,PLN,299.925
2019-11-07,CNY,165.5563
2019-11-07,CAD,877.1135
2019-11-07,IDR,0.0825
2019-11-08,USD,1157.0237
2019-11-08,EUR,1276.66
2019-11-08,PLN,299.6151
2019-11-08,CNY,165.5527
2019-11-08,CAD,876.7667
2019-11-08,IDR,0.0826
2019-11-11,USD,1166.561
2019-11-11,EUR,1288.0
2019-11-11,PLN,301.3782
2019-11-11,CNY,166.3997
2019-11-11,CAD,881.769
2019-11-11,IDR,0.0829
2019-11-12,USD,1163.6768
2019-11-12,EUR,1281.79
2019-11-12,PLN,299.855
2019-11-12,CNY,166.0629
2019-11-12,CAD,878.6605
2019-11-12,IDR,0.0827
2019-11-13,USD,1170.4071
2019-11-13,EUR,1288.15
2019-11-13,PLN,300.4502
2019-11-13,CNY,166.6839
2019-11-13,CAD,882.7782
2019-11-13,IDR,0.083
2019-11-14,USD,1171.1103
2019-11-14,EUR,1287.87
2019-11-14,PLN,300.021
2019-11-14,CNY,166.8009
2019-11-14,CAD,882.8284
2019-11-14,IDR,0.083
2019-11-15,USD,1164.8903
2019-11-15,EUR,1285.34
2019-11-15,PLN,300.4184
2019-11-15,CNY,166.187
2019-11-15,CAD,879.8877
2019-11-15,IDR,0.0828
2019-11-18,USD,1165.4823
2019-11-18,EUR,1289.14
2019-11-18,PLN,300.3938
2019-11-18,CNY,166.0642
2019-11-18,CAD,881.6441
2019-11-18,IDR,0.0827
2019-11-19,USD,1166.3898
2019-11-19,EUR,1292.01
2019-11-19,PLN,301.3294
2019-11-19,CNY,166.0062
2019-11-19,CAD,882.9427
2019-11-19,IDR,0.0828
2019-11-20,USD,1170.5308
2019-11-20,EUR,1294.49
2019-11-20,PLN,301.521
2019-11-20,CNY,166.4168
2019-11-20,CAD,879.947
2019-11-20,IDR,0.083
2019-11-21,USD,1174.9256
2019-11-21,EUR,1303.11
2019-11-21,PLN,303.2604
2019-11-21,CNY,167.209
2019-11-21,CAD,882.9257
2019-11-21,IDR,0.0834
2019-11-22,USD,1178.3957
2019-11-22,EUR,1303.07
2019-11-22,PLN,303.2017
2019-11-22,CNY,167.4166
2019-11-22,CAD,887.7103
2019-11-22,IDR,0.0837
2019-11-25,USD,1175.4724
2019-11-25,EUR,1293.96
2019-11-25,PLN,301.1661
2019-11-25,CNY,167.0617
2019-11-25,CAD,883.3697
2019-11-25,IDR,0.0834
2019-11-26,USD,1176.833
2019-11-26,EUR,1296.87
2019-11-26,PLN,301.4925
2019-11-26,CNY,167.1741
2019-11-26,CAD,884.4507
2019-11-26,IDR,0.0835
2019-11-27,USD,1177.1096
2019-11-27,EUR,1295.88
2019-11-27,PLN,300.6054
2019-11-27,CNY,167.5281
2019-11-27,CAD,887.2852
2019-11-27,IDR,0.0835
2019-11-28,USD,1179.4639
2019-11-28,EUR,1298.0
2019-11-28,PLN,300.3795
2019-11-28,CNY,167.6656
2019-11-28,CAD,887.5214
2019-11-28,IDR,0.0836
2019-11-29,USD,1179.9399
2019-11-29,EUR,1295.81
2019-11-29,PLN,300.0602
2019-11-29,CNY,167.9119
2019-11-29,CAD,886.6908
2019-11-29,IDR,0.0837
2019-12-02,USD,1185.2672
2019-12-02,EUR,1306.52
2019-12-02,PLN,303.8348
2019-12-02,CNY,168.3118
2019-12-02,CAD,891.4574
2019-12-02,IDR,0.0839
2019-12-03,USD,1191.5364
2019-12-03,EUR,1319.15
2019-12-03,PLN,307.8889
2019-12-03,CNY,168.8188
2019-12-03,CAD,894.5209
2019-12-03,IDR,0.0845
2019-12-04,USD,1192.3112
2019-12-04,EUR,1321.2
2019-12-04,PLN,308.7493
2019-12-04,CNY,169.0617
2019-12-04,CAD,898.3477
2019-12-04,IDR,0.0845
2019-12-05,USD,1190.4543
2019-12-05,EUR,1320.69
2019-12-05,PLN,308.9117
2019-12-05,CNY,169.0483
2019-12-05,CAD,903.963
2019-12-05,IDR,0.0846
2019-12-06,USD,1187.4076
2019-12-06,EUR,1317.31
2019-12-06,PLN,307.9842
2019-12-06,CNY,168.9011
2019-12-06,CAD,901.1561
2019-12-06,IDR,0.0847
2019-12-09,USD,1191.2325
2019-12-09,EUR,1319.29
2019-12-09,PLN,307.9791
2019-12-09,CNY,169.2265
2019-12-09,CAD,899.0051
2019-12-09,IDR,0.0851
2019-12-10,USD,1192.3264
2019-12-10,EUR,1320.74
2019-12-10,PLN,307.8433
2019-12-10,CNY,169.3951
2019-12-10,CAD,900.5455
2019-12-10,IDR,0.0851
2019-12-11,USD,1193.228
2019-12-11,EUR,1321.5
2019-12-11,PLN,308.2647
2019-12-11,CNY,169.51
2019-12-11,CAD,901.371
2019-12-11,IDR,0.085
2019-12-12,USD,1188.2823
2019-12-12,EUR,1323.39
2019-12-12,PLN,308.9434
2019-12-12,CNY,168.8557
2019-12-12,CAD,901.7375
2019-12-12,IDR,0.0847
2019-12-13,USD,1171.4426
2019-12-13,EUR,1308.97
2019-12-13,PLN,306.3638
2019-12-13,CNY,168.0321
2019-12-13,CAD,889.7295
2019-12-13,IDR,0.0838
2019-12-16,USD,1170.5275
2019-12-16,EUR,1304.67
2019-12-16,PLN,305.8513
2019-12-16,CNY,167.2118
2019-12-16,CAD,892.3261
2019-12-16,IDR,0.0836
2019-12-17,USD,1164.1104
2019-12-17,EUR,1299.38
2019-12-17,PLN,305.0546
2019-12-17,CNY,166.3952
2019-12-17,CAD,884.5337
2019-12-17,IDR,0.0832
2019-12-18,USD,1166.4957
2019-12-18,EUR,1296.56
2019-12-18,PLN,303.6014
2019-12-18,CNY,166.6894
2019-12-18,CAD,886.5974
2019-12-18,IDR,0.0833
2019-12-19,USD,1166.3218
2019-12-19,EUR,1296.6
2019-12-19,PLN,304.2448
2019-12-19,CNY,166.3779
2019-12-19,CAD,888.8127
2019-12-19,IDR,0.0834
2019-12-20,USD,1159.3944
2019-12-20,EUR,1286.58
2019-12-20,PLN,302.0637
2019-12-20,CNY,165.4467
2019-12-20,CAD,882.4885
2019-12-20,IDR,0.0829
2019-12-23,USD,1163.4492
2019-12-23,EUR,1288.52
2019-12-23,PLN,302.4056
2019-12-23,CNY,165.9352
2019-12-23,CAD,883.9405
2019-12-23,IDR,0.0832
2019-12-24,USD,1162.1931
2019-12-24,EUR,1287.71
2019-12-24,PLN,302.2935
2019-12-24,CNY,165.8501
2019-12-24,CAD,883.0819
2019-12-24,IDR,0.0831
2019-12-27,USD,1160.6025
2019-12-27,EUR,1294.42
2019-12-27,PLN,303.3489
2019-12-27,CNY,165.8981
2019-12-27,CAD,887.0751
2019-12-27,IDR,0.0831
2019-12-30,USD,1156.8058
2019-12-30,EUR,1294.35
2019-12-30,PLN,304.0736
2019-12-30,CNY,165.5708
2019-12-30,CAD,885.2678
2019-12-30,IDR,0.0832
2019-12-31,USD,1153.89
2019-12-31,EUR,1296.28
2019-12-31,PLN,304.5198
2019-12-31,CNY,165.7541
2019-12-31,CAD,887.9847
2019-12-31,IDR,0.0831
2020-01-02,USD,1159.8678
2020-01-02,EUR,1298.24
2020-01-02,PLN,305.1523
2020-01-02,CNY,166.5563
2020-01-02,CAD,892.3225
2020-01-02,IDR,0.0835
2020-01-03,USD,1166.5201
2020-01-03,EUR,1300.32
2020-01-03,PLN,306.008
2020-01-03,CNY,167.3255
2020-01-03,CAD,898.5696
2020-01-03,IDR,0.0837
2020-01-06,USD,1169.2246
2020-01-06,EUR,1308.83
2020-01-06,PLN,308.5772
2020-01-06,CNY,167.6934
2020-01-06,CAD,901.0878
2020-01-06,IDR,0.0839
2020-01-07,USD,1165.8432
2020-01-07,EUR,1302.48
2020-01-07,PLN,306.7763
2020-01-07,CNY,167.9276
2020-01-07,CAD,897.0248
2020-01-07,IDR,0.084
2020-01-08,USD,1167.2245
2020-01-08,EUR,1297.37
2020-01-08,PLN,305.7744
2020-01-08,CNY,168.0879
2020-01-08,CAD,896.593
2020-01-08,IDR,0.084
2020-01-09,USD,1159.568
2020-01-09,EUR,1288.28
2020-01-09,PLN,303.6821
2020-01-09,CNY,167.2852
2020-01-09,CAD,888.1627
2020-01-09,IDR,0.0837
2020-01-10,USD,1159.4987
2020-01-10,EUR,1286.0
2020-01-10,PLN,302.859
2020-01-10,CNY,167.5068
2020-01-10,CAD,887.0189
2020-01-10,IDR,0.0843
2020-01-13,USD,1157.7296
2020-01-13,EUR,1288.09
2020-01-13,PLN,304.1678
2020-01-13,CNY,167.9453
2020-01-13,CAD,887.4811
2020-01-13,IDR,0.0845
2020-01-14,USD,1156.7611
2020-01-14,EUR,1285.74
2020-01-14,PLN,304.5406
2020-01-14,CNY,167.9915
2020-01-14,CAD,885.0083
2020-01-14,IDR,0.0845
2020-01-15,USD,1157.0813
2020-01-15,EUR,1289.22
2020-01-15,PLN,305.0325
2020-01-15,CNY,167.9853
2020-01-15,CAD,885.1493
2020-01-15,IDR,0.0845
2020-01-16,USD,1158.4475
2020-01-16,EUR,1293.87
2020-01-16,PLN,305.706
2020-01-16,CNY,168.3915
2020-01-16,CAD,888.708
2020-01-16,IDR,0.085
2020-01-17,USD,1159.8578
2020-01-17,EUR,1288.37
2020-01-17,PLN,304.0975
2020-01-17,CNY,169.1085
2020-01-17,CAD,888.6536
2020-01-17,IDR,0.0848
2020-01-20,USD,1160.1985
2020-01-20,EUR,1286.08
2020-01-20,PLN,303.0849
2020-01-20,CNY,168.972
2020-01-20,CAD,887.7476
2020-01-20,IDR,0.0851
2020-01-21,USD,1167.8992
2020-01-21,EUR,1298.12
2020-01-21,PLN,305.8862
2020-01-21,CNY,169.1758
2020-01-21,CAD,894.5149
2020-01-21,IDR,0.0854
2020-01-22,USD,1163.934
2020-01-22,EUR,1290.57
2020-01-22,PLN,304.5377
2020-01-22,CNY,168.6358
2020-01-22,CAD,892.2019
2020-01-22,IDR,0.0853
2020-01-23,USD,1167.7486
2020-01-23,EUR,1295.15
2020-01-23,PLN,305.1792
2020-01-23,CNY,168.4266
2020-01-23,CAD,887.1498
2020-01-23,IDR,0.0855
2020-01-24,USD,1168.2102
2020-01-24,EUR,1289.12
2020-01-24,PLN,302.8592
2020-01-24,CNY,168.4926
2020-01-24,CAD,889.6004
2020-01-24,IDR,0.0859
2020-01-27,USD,1177.6327
2020-01-27,EUR,1298.34
2020-01-27,PLN,303.9541
2020-01-27,CNY,169.7687
2020-01-27,CAD,893.005
2020-01-27,IDR,0.0866
2020-01-28,USD,1178.7369
2020-01-28,EUR,1297.2
2020-01-28,PLN,303.5735
2020-01-28,CNY,169.9285
2020-01-28,CAD,893.6346
2020-01-28,IDR,0.0864
2020-01-29,USD,1178.6656
2020-01-29,EUR,1296.65
2020-01-29,PLN,302.6939
2020-01-29,CNY,169.9188
2020-01-29,CAD,894.4881
2020-01-29,IDR,0.0865
2020-01-30,USD,1192.3112
2020-01-30,EUR,1315.0
2020-01-30,PLN,306.7198
2020-01-30,CNY,171.8864
2020-01-30,CAD,902.1061
2020-01-30,IDR,0.0871
2020-01-31,USD,1195.8017
2020-01-31,EUR,1321.6
2020-01-31,PLN,307.2845
2020-01-31,CNY,172.3886
2020-01-31,CAD,903.5346
2020-01-31,IDR,0.0876
2020-02-03,USD,1192.0477
2020-02-03,EUR,1319.12
2020-02-03,PLN,307.0006
2020-02-03,CNY,169.8124
2020-02-03,CAD,900.6076
2020-02-03,IDR,0.0867
2020-02-04,USD,1186.4138
2020-02-04,EUR,1310.75
2020-02-04,PLN,306.5867
2020-02-04,CNY,169.571
2020-02-04,CAD,893.4292
2020-02-04,IDR,0.0865
2020-02-05,USD,1182.0466
2020-02-05,EUR,1302.97
2020-02-05,PLN,306.6461
2020-02-05,CNY,169.5295
2020-02-05,CAD,889.7637
2020-02-05,IDR,0.0867
2020-02-06,USD,1183.1137
2020-02-06,EUR,1301.78
2020-02-06,PLN,306.6547
2020-02-06,CNY,169.7767
2020-02-06,CAD,891.0198
2020-02-06,IDR,0.0868
2020-02-07,USD,1194.0742
2020-02-07,EUR,1309.78
2020-02-07,PLN,307.078
2020-02-07,CNY,170.7421
2020-02-07,CAD,896.8639
2020-02-07,IDR,0.087
2020-02-10,USD,1188.3938
2020-02-10,EUR,1301.41
2020-02-10,PLN,305.0942
2020-02-10,CNY,170.1835
2020-02-10,CAD,892.5995
2020-02-10,IDR,0.0865
2020-02-11,USD,1183.9556
2020-02-11,EUR,1290.63
2020-02-11,PLN,303.1854
2020-02-11,CNY,169.7639
2020-02-11,CAD,890.3967
2020-02-11,IDR,0.0865
2020-02-12,USD,1180.1356
2020-02-12,EUR,1288.0
2020-02-12,PLN,302.6742
2020-02-12,CNY,169.3111
2020-02-12,CAD,890.2405
2020-02-12,IDR,0.0864
2020-02-13,USD,1183.4177
2020-02-13,EUR,1286.02
2020-02-13,PLN,302.5004
2020-02-13,CNY,169.4584
2020-02-13,CAD,892.6975
2020-02-13,IDR,0.0864
2020-02-14,USD,1184.0528
2020-02-14,EUR,1283.75
2020-02-14,PLN,302.1299
2020-02-14,CNY,169.4563
2020-02-14,CAD,893.7896
2020-02-14,IDR,0.0863
2020-02-17,USD,1183.8486
2020-02-17,EUR,1282.7
2020-02-17,PLN,300.962
2020-02-17,CNY,169.5684
2020-02-17,CAD,894.8654
2020-02-17,IDR,0.0867
2020-02-18,USD,1191.5126
2020-02-18,EUR,1288.74
2020-02-18,PLN,301.4879
2020-02-18,CNY,170.1711
2020-02-18,CAD,898.3897
2020-02-18,IDR,0.0872
2020-02-19,USD,1189.5833
2020-02-19,EUR,1284.75
2020-02-19,PLN,300.7937
2020-02-19,CNY,170.08
2020-02-19,CAD,899.6219
2020-02-19,IDR,0.0869
2020-02-20,USD,1206.4782
2020-02-20,EUR,1301.79
2020-02-20,PLN,303.979
2020-02-20,CNY,171.7696
2020-02-20,CAD,910.0881
2020-02-20,IDR,0.088
2020-02-21,USD,1212.3414
2020-02-21,EUR,1309.45
2020-02-21,PLN,305.6963
2020-02-21,CNY,172.4208
2020-02-21,CAD,914.4204
2020-02-21,IDR,0.0881
2020-02-24,USD,1219.4491
2020-02-24,EUR,1319.2
2020-02-24,PLN,306.8692
2020-02-24,CNY,173.3463
2020-02-24,CAD,917.8959
2020-02-24,IDR,0.0874
2020-02-25,USD,1213.7269
2020-02-25,EUR,1315.68
2020-02-25,PLN,305.8867
2020-02-25,CNY,173.0133
2020-02-25,CAD,913.4764
2020-02-25,IDR,0.0872
2020-02-26,USD,1215.8989
2020-02-26,EUR,1322.29
2020-02-26,PLN,306.8385
2020-02-26,CNY,173.2356
2020-02-26,CAD,913.8779
2020-02-26,IDR,0.0869
2020-02-27,USD,1211.0817
2020-02-27,EUR,1327.83
2020-02-27,PLN,307.9097
2020-02-27,CNY,172.8653
2020-02-27,CAD,907.2356
2020-02-27,IDR,0.0863
2020-02-28,USD,1207.0511
2020-02-28,EUR,1324.98
2020-02-28,PLN,306.29
2020-02-28,CNY,172.834
2020-02-28,CAD,897.8654
2020-02-28,IDR,0.0841
2020-03-02,USD,1192.0967
2020-03-02,EUR,1325.85
2020-03-02,PLN,306.3707
2020-03-02,CNY,171.1459
2020-03-02,CAD,892.4076
2020-03-02,IDR,0.0833
2020-03-03,USD,1194.1981
2020-03-03,EUR,1327.59
2020-03-03,PLN,307.5546
2020-03-03,CNY,171.1429
2020-03-03,CAD,893.5788
2020-03-03,IDR,0.0836
2020-03-04,USD,1181.9865
2020-03-04,EUR,1314.96
2020-03-04,PLN,306.0324
2020-03-04,CNY,170.743
2020-03-04,CAD,884.78
2020-03-04,IDR,0.0837
2020-03-05,USD,1186.2072
2020-03-05,EUR,1327.01
2020-03-05,PLN,308.399
2020-03-05,CNY,171.0527
2020-03-05,CAD,883.4365
2020-03-05,IDR,0.0837
2020-03-06,USD,1192.3342
2020-03-06,EUR,1351.63
2020-03-06,PLN,314.0258
2020-03-06,CNY,172.158
2020-03-06,CAD,888.4704
2020-03-06,IDR,0.0816
2020-03-09,USD,1199.9913
2020-03-09,EUR,1374.71
2020-03-09,PLN,318.7216
2020-03-09,CNY,172.7023
2020-03-09,CAD,880.4906
2020-03-09,IDR,0.0834
2020-03-10,USD,1191.5013
2020-03-10,EUR,1357.12
2020-03-10,PLN,313.7124
2020-03-10,CNY,171.267
2020-03-10,CAD,871.1214
2020-03-10,IDR,0.0834
2020-03-11,USD,1189.1937
2020-03-11,EUR,1348.07
2020-03-11,PLN,312.1978
2020-03-11,CNY,171.0727
2020-03-11,CAD,865.3123
2020-03-11,IDR,0.0829
2020-03-12,USD,1209.4306
2020-03-12,EUR,1359.4
2020-03-12,PLN,311.7961
2020-03-12,CNY,172.3443
2020-03-12,CAD,875.6764
2020-03-12,IDR,0.0827
2020-03-13,USD,1208.0151
2020-03-13,EUR,1341.38
2020-03-13,PLN,307.8678
2020-03-13,CNY,172.8872
2020-03-13,CAD,871.6486
2020-03-13,IDR,0.0818
2020-03-16,USD,1230.9223
2020-03-16,EUR,1373.34
2020-03-16,PLN,311.627
2020-03-16,CNY,175.2805
2020-03-16,CAD,883.802
2020-03-16,IDR,0.082
2020-03-17,USD,1243.1342
2020-03-17,EUR,1365.21
2020-03-17,PLN,305.9088
2020-03-17,CNY,177.0815
2020-03-17,CAD,880.0993
2020-03-17,IDR,0.0818
2020-03-18,USD,1260.1061
2020-03-18,EUR,1377.8
2020-03-18,PLN,306.1098
2020-03-18,CNY,179.1095
2020-03-18,CAD,874.8492
2020-03-18,IDR,0.0816
2020-03-19,USD,1262.9757
2020-03-19,EUR,1364.14
2020-03-19,PLN,299.1273
2020-03-19,CNY,177.5091
2020-03-19,CAD,873.1614
2020-03-19,IDR,0.0794
2020-03-20,USD,1247.4456
2020-03-20,EUR,1335.64
2020-03-20,PLN,294.7457
2020-03-20,CNY,175.9296
2020-03-20,CAD,875.4277
2020-03-20,IDR,0.0783
2020-03-23,USD,1256.7004
2020-03-23,EUR,1355.1
2020-03-23,PLN,294.2288
2020-03-23,CNY,177.4039
2020-03-23,CAD,873.6944
2020-03-23,IDR,0.0758
2020-03-24,USD,1241.9533
2020-03-24,EUR,1346.65
2020-03-24,PLN,291.8238
2020-03-24,CNY,175.92
2020-03-24,CAD,856.8656
2020-03-24,IDR,0.0761
2020-03-25,USD,1232.8623
2020-03-25,EUR,1334.82
2020-03-25,PLN,291.3373
2020-03-25,CNY,173.7052
2020-03-25,CAD,859.0128
2020-03-25,IDR,0.0765
2020-03-26,USD,1217.0658
2020-03-26,EUR,1336.46
2020-03-26,PLN,292.1352
2020-03-26,CNY,172.0579
2020-03-26,CAD,864.1278
2020-03-26,IDR,0.0756
2020-03-27,USD,1226.4826
2020-03-27,EUR,1346.31
2020-03-27,PLN,297.1593
2020-03-27,CNY,172.8387
2020-03-27,CAD,867.4119
2020-03-27,IDR,0.076
2020-03-30,USD,1224.8686
2020-03-30,EUR,1351.52
2020-03-30,PLN,296.9786
2020-03-30,CNY,172.5264
2020-03-30,CAD,864.9174
2020-03-30,IDR,0.0747
2020-03-31,USD,1224.0142
2020-03-31,EUR,1341.03
2020-03-31,PLN,294.693
2020-03-31,CNY,172.4044
2020-03-31,CAD,858.6989
2020-03-31,IDR,0.075
2020-04-01,USD,1231.2363
2020-04-01,EUR,1346.48
2020-04-01,PLN,293.895
2020-04-01,CNY,173.397
2020-04-01,CAD,863.0729
2020-04-01,IDR,0.0738
2020-04-02,USD,1228.5714
2020-04-02,EUR,1339.88
2020-04-02,PLN,293.2096
2020-04-02,CNY,173.1402
2020-04-02,CAD,867.1801
2020-04-02,IDR,0.0738
2020-04-03,USD,1235.809
2020-04-03,EUR,1332.82
2020-04-03,PLN,291.2313
2020-04-03,CNY,174.2795
2020-04-03,CAD,871.1811
2020-04-03,IDR,0.0744
2020-04-06,USD,1228.8388
2020-04-06,EUR,1326.04
2020-04-06,PLN,290.5243
2020-04-06,CNY,173.2955
2020-04-06,CAD,867.8272
2020-04-06,IDR,0.0749
2020-04-07,USD,1212.1176
2020-04-07,EUR,1319.39
2020-04-07,PLN,290.8965
2020-04-07,CNY,171.7911
2020-04-07,CAD,864.6635
2020-04-07,IDR,0.0751
2020-04-08,USD,1218.2504
2020-04-08,EUR,1324.36
2020-04-08,PLN,291.4396
2020-04-08,CNY,172.4023
2020-04-08,CAD,869.402
2020-04-08,IDR,0.0751
2020-04-09,USD,1216.978
2020-04-09,EUR,1322.49
2020-04-09,PLN,290.1088
2020-04-09,CNY,172.4035
2020-04-09,CAD,866.3544
2020-04-09,IDR,0.0767
2020-04-14,USD,1215.4793
2020-04-14,EUR,1332.53
2020-04-14,PLN,293.0376
2020-04-14,CNY,172.2372
2020-04-14,CAD,873.3893
2020-04-14,IDR,0.0773
2020-04-15,USD,1220.343
2020-04-15,EUR,1330.54
2020-04-15,PLN,293.1932
2020-04-15,CNY,172.8019
2020-04-15,CAD,867.9322
2020-04-15,IDR,0.0774
2020-04-16,USD,1225.6705
2020-04-16,EUR,1334.51
2020-04-16,PLN,294.6719
2020-04-16,CNY,173.3332
2020-04-16,CAD,868.8782
2020-04-16,IDR,0.0781
2020-04-17,USD,1216.8785
2020-04-17,EUR,1321.53
2020-04-17,PLN,292.471
2020-04-17,CNY,172.0272
2020-04-17,CAD,864.8757
2020-04-17,IDR,0.0781
2020-04-20,USD,1218.7109
2020-04-20,EUR,1323.52
2020-04-20,PLN,292.3485
2020-04-20,CNY,172.2907
2020-04-20,CAD,863.6346
2020-04-20,IDR,0.0784
2020-04-21,USD,1232.2045
2020-04-21,EUR,1335.34
2020-04-21,PLN,294.8356
2020-04-21,CNY,173.6734
2020-04-21,CAD,867.4982
2020-04-21,IDR,0.0785
2020-04-22,USD,1232.7781
2020-04-22,EUR,1339.66
2020-04-22,PLN,295.4111
2020-04-22,CNY,174.0632
2020-04-22,CAD,871.3236
2020-04-22,IDR,0.0791
2020-04-23,USD,1231.7118
2020-04-23,EUR,1326.8
2020-04-23,PLN,292.3819
2020-04-23,CNY,173.986
2020-04-23,CAD,871.4042
2020-04-23,IDR,0.0791
2020-04-24,USD,1233.8796
2020-04-24,EUR,1332.59
2020-04-24,PLN,294.2739
2020-04-24,CNY,174.2973
2020-04-24,CAD,878.264
2020-04-24,IDR,0.079
2020-04-27,USD,1224.4932
2020-04-27,EUR,1328.82
2020-04-27,PLN,293.422
2020-04-27,CNY,172.8884
2020-04-27,CAD,871.0718
2020-04-27,IDR,0.0796
2020-04-28,USD,1218.9023
2020-04-28,EUR,1325.8
2020-04-28,PLN,291.5897
2020-04-28,CNY,172.2333
2020-04-28,CAD,873.4436
2020-04-28,IDR,0.0793
2020-04-29,USD,1218.9541
2020-04-29,EUR,1321.59
2020-04-29,PLN,290.8301
2020-04-29,CNY,172.2547
2020-04-29,CAD,873.5475
2020-04-29,IDR,0.0796
2020-04-30,USD,1207.3281
2020-04-30,EUR,1313.09
2020-04-30,PLN,289.6352
2020-04-30,CNY,171.2763
2020-04-30,CAD,870.9226
2020-04-30,IDR,0.0812
2020-05-04,USD,1224.639
2020-05-04,EUR,1340.0
2020-05-04,PLN,293.4221
2020-05-04,CNY,173.4067
2020-05-04,CAD,870.6953
2020-05-04,IDR,0.0811
2020-05-05,USD,1221.8113
2020-05-05,EUR,1324.81
2020-05-05,PLN,292.3493
2020-05-05,CNY,173.0082
2020-05-05,CAD,871.5282
2020-05-05,IDR,0.0809
2020-05-06,USD,1224.6507
2020-05-06,EUR,1323.48
2020-05-06,PLN,291.5539
2020-05-06,CNY,172.5371
2020-05-06,CAD,869.2808
2020-05-06,IDR,0.0814
2020-05-07,USD,1224.3161
2020-05-07,EUR,1320.18
2020-05-07,PLN,290.36
2020-05-07,CNY,172.7374
2020-05-07,CAD,869.8557
2020-05-07,IDR,0.0814
2020-05-08,USD,1219.5979
2020-05-08,EUR,1322.41
2020-05-08,PLN,290.7546
2020-05-08,CNY,172.3706
2020-05-08,CAD,874.7255
2020-05-08,IDR,0.0815
2020-05-11,USD,1224.6582
2020-05-11,EUR,1325.57
2020-05-11,PLN,290.7526
2020-05-11,CNY,172.6385
2020-05-11,CAD,875.773
2020-05-11,IDR,0.0818
2020-05-12,USD,1221.3759
2020-05-12,EUR,1326.17
2020-05-12,PLN,291.793
2020-05-12,CNY,172.3799
2020-05-12,CAD,873.7449
2020-05-12,IDR,0.0825
2020-05-13,USD,1223.9816
2020-05-13,EUR,1331.08
2020-05-13,PLN,291.6732
2020-05-13,CNY,172.6388
2020-05-13,CAD,873.2402
2020-05-13,IDR,0.0827
2020-05-14,USD,1231.6253
2020-05-14,EUR,1329.17
2020-05-14,PLN,291.0634
2020-05-14,CNY,173.3964
2020-05-14,CAD,873.0754
2020-05-14,IDR,0.0824
2020-05-15,USD,1234.1174
2020-05-15,EUR,1332.6
2020-05-15,PLN,291.9168
2020-05-15,CNY,173.6083
2020-05-15,CAD,874.9261
2020-05-15,IDR,0.0826
2020-05-18,USD,1230.0775
2020-05-18,EUR,1332.42
2020-05-18,PLN,292.223
2020-05-18,CNY,172.8889
2020-05-18,CAD,876.4768
2020-05-18,IDR,0.0829
2020-05-19,USD,1224.8311
2020-05-19,EUR,1341.19
2020-05-19,PLN,294.7023
2020-05-19,CNY,172.354
2020-05-19,CAD,879.4112
2020-05-19,IDR,0.0829
2020-05-20,USD,1228.0617
2020-05-20,EUR,1345.71
2020-05-20,PLN,296.1445
2020-05-20,CNY,172.9571
2020-05-20,CAD,884.6953
2020-05-20,IDR,0.0834
2020-05-21,USD,1231.4545
2020-05-21,EUR,1354.6
2020-05-21,PLN,299.0419
2020-05-21,CNY,173.3267
2020-05-21,CAD,884.7812
2020-05-21,IDR,0.0836
2020-05-22,USD,1241.2968
2020-05-22,EUR,1353.51
2020-05-22,PLN,299.3895
2020-05-22,CNY,173.9797
2020-05-22,CAD,886.211
2020-05-22,IDR,0.0833
2020-05-25,USD,1241.6407
2020-05-25,EUR,1354.63
2020-05-25,PLN,300.8217
2020-05-25,CNY,173.9917
2020-05-25,CAD,887.6417
2020-05-25,IDR,0.0844
2020-05-26,USD,1232.1002
2020-05-26,EUR,1352.23
2020-05-26,PLN,303.8309
2020-05-26,CNY,172.767
2020-05-26,CAD,890.5624
2020-05-26,IDR,0.0835
2020-05-27,USD,1236.5026
2020-05-27,EUR,1359.04
2020-05-27,PLN,306.2832
2020-05-27,CNY,172.7257
2020-05-27,CAD,898.4794
2020-05-27,IDR,0.0841
2020-05-28,USD,1237.9811
2020-05-28,EUR,1363.76
2020-05-28,PLN,308.2501
2020-05-28,CNY,173.0572
2020-05-28,CAD,899.8746
2020-05-28,IDR,0.0841
2020-05-29,USD,1235.8208
2020-05-29,EUR,1376.21
2020-05-29,PLN,309.2954
2020-05-29,CNY,173.204
2020-05-29,CAD,900.661
2020-05-29,IDR,0.0846
2020-06-01,USD,1227.4559
2020-06-01,EUR,1364.44
2020-06-01,PLN,308.153
2020-06-01,CNY,172.002
2020-06-01,CAD,896.0074
2020-06-01,IDR,0.084
2020-06-02,USD,1221.0668
2020-06-02,EUR,1364.42
2020-06-02,PLN,310.1448
2020-06-02,CNY,171.8132
2020-06-02,CAD,903.2305
2020-06-02,IDR,0.0847
2020-06-03,USD,1218.5903
2020-06-03,EUR,1364.09
2020-06-03,PLN,309.0722
2020-06-03,CNY,171.3702
2020-06-03,CAD,899.0246
2020-06-03,IDR,0.0859
2020-06-04,USD,1216.6489
2020-06-04,EUR,1368.73
2020-06-04,PLN,308.4671
2020-06-04,CNY,170.9502
2020-06-04,CAD,900.3026
2020-06-04,IDR,0.0863
2020-06-05,USD,1205.2692
2020-06-05,EUR,1365.57
2020-06-05,PLN,307.3877
2020-06-05,CNY,169.9548
2020-06-05,CAD,896.2197
2020-06-05,IDR,0.086
2020-06-08,USD,1199.1139
2020-06-08,EUR,1353.2
2020-06-08,PLN,305.2354
2020-06-08,CNY,169.4975
2020-06-08,CAD,894.6185
2020-06-08,IDR,0.0856
2020-06-09,USD,1198.2469
2020-06-09,EUR,1353.3
2020-06-09,PLN,304.3586
2020-06-09,CNY,169.1097
2020-06-09,CAD,891.0911
2020-06-09,IDR,0.085
2020-06-10,USD,1188.7209
2020-06-10,EUR,1352.17
2020-06-10,PLN,303.6946
2020-06-10,CNY,168.3793
2020-06-10,CAD,887.9498
2020-06-10,IDR,0.0844
2020-06-11,USD,1197.7265
2020-06-11,EUR,1359.18
2020-06-11,PLN,303.87
2020-06-11,CNY,169.3682
2020-06-11,CAD,887.1353
2020-06-11,IDR,0.0855
2020-06-12,USD,1203.512
2020-06-12,EUR,1360.45
2020-06-12,PLN,305.8291
2020-06-12,CNY,170.0775
2020-06-12,CAD,886.4599
2020-06-12,IDR,0.0847
2020-06-15,USD,1213.9696
2020-06-15,EUR,1366.08
2020-06-15,PLN,308.0087
2020-06-15,CNY,171.1022
2020-06-15,CAD,890.4185
2020-06-15,IDR,0.0852
2020-06-16,USD,1210.7446
2020-06-16,EUR,1369.11
2020-06-16,PLN,309.2496
2020-06-16,CNY,171.0511
2020-06-16,CAD,893.6749
2020-06-16,IDR,0.0857
2020-06-17,USD,1212.7938
2020-06-17,EUR,1362.21
2020-06-17,PLN,306.3418
2020-06-17,CNY,171.1276
2020-06-17,CAD,895.955
2020-06-17,IDR,0.0854
2020-06-18,USD,1211.2458
2020-06-18,EUR,1359.26
2020-06-18,PLN,304.446
2020-06-18,CNY,170.8794
2020-06-18,CAD,893.1923
2020-06-18,IDR,0.086
2020-06-19,USD,1207.4309
2020-06-19,EUR,1353.53
2020-06-19,PLN,304.0547
2020-06-19,CNY,170.6159
2020-06-19,CAD,889.9533
2020-06-19,IDR,0.085
2020-06-22,USD,1214.0373
2020-06-22,EUR,1361.3
2020-06-22,PLN,305.9582
2020-06-22,CNY,171.5607
2020-06-22,CAD,895.0033
2020-06-22,IDR,0.0851
2020-06-23,USD,1207.3776
2020-06-23,EUR,1366.51
2020-06-23,PLN,307.9737
2020-06-23,CNY,170.9334
2020-06-23,CAD,894.9571
2020-06-23,IDR,0.0853
2020-06-24,USD,1202.4734
2020-06-24,EUR,1356.39
2020-06-24,PLN,304.9438
2020-06-24,CNY,170.0333
2020-06-24,CAD,884.7368
2020-06-24,IDR,0.0849
2020-06-25,USD,1203.3304
2020-06-25,EUR,1347.73
2020-06-25,PLN,301.8229
2020-06-25,CNY,170.155
2020-06-25,CAD,881.9068
2020-06-25,IDR,0.0843
2020-06-26,USD,1200.5618
2020-06-26,EUR,1346.19
2020-06-26,PLN,301.2689
2020-06-26,CNY,169.7634
2020-06-26,CAD,878.8288
2020-06-26,IDR,0.0844
2020-06-29,USD,1198.8745
2020-06-29,EUR,1352.81
2020-06-29,PLN,302.886
2020-06-29,CNY,169.438
2020-06-29,CAD,877.935
2020-06-29,IDR,0.0834
2020-06-30,USD,1201.8485
2020-06-30,EUR,1345.83
2020-06-30,PLN,302.0265
2020-06-30,CNY,169.8873
2020-06-30,CAD,878.2498
2020-06-30,IDR,0.0832
2020-07-01,USD,1203.4286
2020-07-01,EUR,1347.84
2020-07-01,PLN,302.3215
2020-07-01,CNY,170.2872
2020-07-01,CAD,885.7462
2020-07-01,IDR,0.0844
2020-07-02,USD,1199.6279
2020-07-02,EUR,1353.9
2020-07-02,PLN,302.6151
2020-07-02,CNY,169.7489
2020-07-02,CAD,882.422
2020-07-02,IDR,0.0834
2020-07-03,USD,1199.6971
2020-07-03,EUR,1346.54
2020-07-03,PLN,301.327
2020-07-03,CNY,169.7819
2020-07-03,CAD,883.9624
2020-07-03,IDR,0.0827
2020-07-06,USD,1192.5033
2020-07-06,EUR,1350.51
2020-07-06,PLN,302.2019
2020-07-06,CNY,169.8797
2020-07-06,CAD,880.7865
2020-07-06,IDR,0.0827
2020-07-07,USD,1194.9159
2020-07-07,EUR,1349.06
2020-07-07,PLN,301.918
2020-07-07,CNY,170.149
2020-07-07,CAD,880.7599
2020-07-07,IDR,0.0828
2020-07-08,USD,1195.1621
2020-07-08,EUR,1348.86
2020-07-08,PLN,301.3202
2020-07-08,CNY,170.3902
2020-07-08,CAD,879.4237
2020-07-08,IDR,0.0829
2020-07-09,USD,1194.1016
2020-07-09,EUR,1354.35
2020-07-09,PLN,303.2919
2020-07-09,CNY,170.939
2020-07-09,CAD,884.3868
2020-07-09,IDR,0.083
2020-07-10,USD,1201.4012
2020-07-10,EUR,1354.7
2020-07-10,PLN,302.7736
2020-07-10,CNY,171.5853
2020-07-10,CAD,883.3464
2020-07-10,IDR,0.0832
2020-07-13,USD,1201.6683
2020-07-13,EUR,1361.37
2020-07-13,PLN,304.1624
2020-07-13,CNY,171.6539
2020-07-13,CAD,885.9625
2020-07-13,IDR,0.0833
2020-07-14,USD,1206.1363
2020-07-14,EUR,1371.98
2020-07-14,PLN,306.3755
2020-07-14,CNY,171.9165
2020-07-14,CAD,885.8342
2020-07-14,IDR,0.0835
2020-07-15,USD,1200.2359
2020-07-15,EUR,1373.55
2020-07-15,PLN,307.3644
2020-07-15,CNY,171.7474
2020-07-15,CAD,884.6203
2020-07-15,IDR,0.0823
2020-07-16,USD,1203.557
2020-07-16,EUR,1373.74
2020-07-16,PLN,305.7648
2020-07-16,CNY,172.0164
2020-07-16,CAD,889.037
2020-07-16,IDR,0.0823
2020-07-17,USD,1204.5415
2020-07-17,EUR,1376.55
2020-07-17,PLN,307.0806
2020-07-17,CNY,172.1225
2020-07-17,CAD,887.5242
2020-07-17,IDR,0.082
2020-07-20,USD,1202.8913
2020-07-20,EUR,1377.07
2020-07-20,PLN,308.8155
2020-07-20,CNY,172.151
2020-07-20,CAD,886.6019
2020-07-20,IDR,0.0814
2020-07-21,USD,1195.4557
2020-07-21,EUR,1367.96
2020-07-21,PLN,308.363
2020-07-21,CNY,171.0335
2020-07-21,CAD,888.3434
2020-07-21,IDR,0.0813
2020-07-22,USD,1195.6987
2020-07-22,EUR,1384.38
2020-07-22,PLN,312.5858
2020-07-22,CNY,170.9132
2020-07-22,CAD,890.8494
2020-07-22,IDR,0.0821
2020-07-23,USD,1200.8903
2020-07-23,EUR,1389.31
2020-07-23,PLN,314.7437
2020-07-23,CNY,171.3991
2020-07-23,CAD,897.1394
2020-07-23,IDR,0.082
2020-07-24,USD,1203.3339
2020-07-24,EUR,1396.83
2020-07-24,PLN,317.1298
2020-07-24,CNY,171.4891
2020-07-24,CAD,896.6684
2020-07-24,IDR,0.0823
2020-07-27,USD,1196.5561
2020-07-27,EUR,1407.15
2020-07-27,PLN,319.6906
2020-07-27,CNY,170.8868
2020-07-27,CAD,894.6214
2020-07-27,IDR,0.0824
2020-07-28,USD,1200.0768
2020-07-28,EUR,1406.13
2020-07-28,PLN,319.1833
2020-07-28,CNY,171.3936
2020-07-28,CAD,896.0237
2020-07-28,IDR,0.0826
2020-07-29,USD,1194.2175
2020-07-29,EUR,1400.22
2020-07-29,PLN,316.8349
2020-07-29,CNY,170.6191
2020-07-29,CAD,893.8525
2020-07-29,IDR,0.0822
2020-07-30,USD,1195.7421
2020-07-30,EUR,1404.16
2020-07-30,PLN,318.5481
2020-07-30,CNY,170.7393
2020-07-30,CAD,890.343
2020-07-30,IDR,0.0819
2020-07-31,USD,1189.7029
2020-07-31,EUR,1409.56
2020-07-31,PLN,320.1072
2020-07-31,CNY,170.5725
2020-07-31,CAD,886.6272
2020-07-31,IDR,0.0812
2020-08-03,USD,1195.0026
2020-08-03,EUR,1401.26
2020-08-03,PLN,317.02
2020-08-03,CNY,171.094
2020-08-03,CAD,889.4065
2020-08-03,IDR,0.0812
2020-08-04,USD,1195.4866
2020-08-04,EUR,1406.49
2020-08-04,PLN,319.2577
2020-08-04,CNY,171.1954
2020-08-04,CAD,891.7073
2020-08-04,IDR,0.0814
2020-08-05,USD,1185.8782
2020-08-05,EUR,1405.74
2020-08-05,PLN,319.959
2020-08-05,CNY,170.8546
2020-08-05,CAD,895.2047
2020-08-05,IDR,0.0815
2020-08-06,USD,1186.3464
2020-08-06,EUR,1404.99
2020-08-06,PLN,318.787
2020-08-06,CNY,170.6638
2020-08-06,CAD,892.1704
2020-08-06,IDR,0.0812
2020-08-07,USD,1186.3417
2020-08-07,EUR,1401.9
2020-08-07,PLN,318.0282
2020-08-07,CNY,170.4686
2020-08-07,CAD,888.9664
2020-08-07,IDR,0.0809
2020-08-10,USD,1187.0101
2020-08-10,EUR,1396.28
2020-08-10,PLN,317.185
2020-08-10,CNY,170.2718
2020-08-10,CAD,887.1466
2020-08-10,IDR,0.0811
2020-08-11,USD,1182.8821
2020-08-11,EUR,1393.79
2020-08-11,PLN,316.6409
2020-08-11,CNY,170.2713
2020-08-11,CAD,890.2593
2020-08-11,IDR,0.0803
2020-08-12,USD,1184.1985
2020-08-12,EUR,1393.92
2020-08-12,PLN,316.5626
2020-08-12,CNY,170.4934
2020-08-12,CAD,891.0253
2020-08-12,IDR,0.0802
2020-08-13,USD,1185.008
2020-08-13,EUR,1402.22
2020-08-13,PLN,318.9183
2020-08-13,CNY,170.6134
2020-08-13,CAD,896.7321
2020-08-13,IDR,0.0799
2020-08-14,USD,1186.9212
2020-08-14,EUR,1402.11
2020-08-14,PLN,318.7773
2020-08-14,CNY,170.7808
2020-08-14,CAD,895.9742
2020-08-14,IDR,0.0796
2020-08-17,USD,1186.0879
2020-08-17,EUR,1405.87
2020-08-17,PLN,319.763
2020-08-17,CNY,170.9015
2020-08-17,CAD,896.3721
2020-08-17,IDR,0.0797
2020-08-18,USD,1184.344
2020-08-18,EUR,1410.08
2020-08-18,PLN,321.4224
2020-08-18,CNY,171.1117
2020-08-18,CAD,899.7448
2020-08-18,IDR,0.0798
2020-08-19,USD,1178.2201
2020-08-19,EUR,1405.97
2020-08-19,PLN,319.9604
2020-08-19,CNY,170.4785
2020-08-19,CAD,896.2073
2020-08-19,IDR,0.0798
2020-08-20,USD,1188.3713
2020-08-20,EUR,1408.22
2020-08-20,PLN,320.6768
2020-08-20,CNY,171.7656
2020-08-20,CAD,899.5912
2020-08-20,IDR,0.0805
2020-08-21,USD,1192.2423
2020-08-21,EUR,1403.15
2020-08-21,PLN,319.05
2020-08-21,CNY,172.2016
2020-08-21,CAD,901.5935
2020-08-21,IDR,0.0807
2020-08-24,USD,1187.0685
2020-08-24,EUR,1406.32
2020-08-24,PLN,319.7199
2020-08-24,CNY,171.7181
2020-08-24,CAD,902.9922
2020-08-24,IDR,0.0809
2020-08-25,USD,1186.8292
2020-08-25,EUR,1402.12
2020-08-25,PLN,319.2513
2020-08-25,CNY,171.6791
2020-08-25,CAD,898.9678
2020-08-25,IDR,0.081
2020-08-26,USD,1186.674
2020-08-26,EUR,1398.97
2020-08-26,PLN,317.4139
2020-08-26,CNY,172.1555
2020-08-26,CAD,900.0643
2020-08-26,IDR,0.0809
2020-08-27,USD,1185.626
2020-08-27,EUR,1399.75
2020-08-27,PLN,318.1756
2020-08-27,CNY,172.1223
2020-08-27,CAD,901.8427
2020-08-27,IDR,0.0805
2020-08-28,USD,1181.0659
2020-08-28,EUR,1407.24
2020-08-28,PLN,320.4025
2020-08-28,CNY,172.1416
2020-08-28,CAD,904.8029
2020-08-28,IDR,0.0812
2020-08-31,USD,1185.7286
2020-08-31,EUR,1415.76
2020-08-31,PLN,321.9758
2020-08-31,CNY,173.2643
2020-08-31,CAD,907.4803
2020-08-31,IDR,0.0813
2020-09-01,USD,1184.7168
2020-09-01,EUR,1420.12
2020-09-01,PLN,323.3056
2020-09-01,CNY,173.7384
2020-09-01,CAD,910.3333
2020-09-01,IDR,0.0813
2020-09-02,USD,1187.1427
2020-09-02,EUR,1408.07
2020-09-02,PLN,318.6688
2020-09-02,CNY,173.8873
2020-09-02,CAD,908.7254
2020-09-02,IDR,0.0805
2020-09-03,USD,1190.7644
2020-09-03,EUR,1406.65
2020-09-03,PLN,317.7506
2020-09-03,CNY,174.086
2020-09-03,CAD,908.0434
2020-09-03,IDR,0.0802
2020-09-04,USD,1189.8919
2020-09-04,EUR,1409.07
2020-09-04,PLN,316.5454
2020-09-04,CNY,173.9464
2020-09-04,CAD,908.6085
2020-09-04,IDR,0.0807
2020-09-07,USD,1188.3373
2020-09-07,EUR,1405.09
2020-09-07,PLN,315.7222
2020-09-07,CNY,173.921
2020-09-07,CAD,907.4464
2020-09-07,IDR,0.0803
2020-09-08,USD,1189.7667
2020-09-08,EUR,1402.14
2020-09-08,PLN,315.2081
2020-09-08,CNY,173.8377
2020-09-08,CAD,903.2661
2020-09-08,IDR,0.0801
2020-09-09,USD,1187.3269
2020-09-09,EUR,1397.84
2020-09-09,PLN,314.1355
2020-09-09,CNY,173.4637
2020-09-09,CAD,898.1816
2020-09-09,IDR,0.0803
2020-09-10,USD,1186.463
2020-09-10,EUR,1405.84
2020-09-10,PLN,315.7417
2020-09-10,CNY,173.5134
2020-09-10,CAD,901.989
2020-09-10,IDR,0.0794
2020-09-11,USD,1187.0002
2020-09-11,EUR,1407.07
2020-09-11,PLN,316.4302
2020-09-11,CNY,173.6202
2020-09-11,CAD,900.6977
2020-09-11,IDR,0.0792
2020-09-14,USD,1182.8309
2020-09-14,EUR,1404.73
2020-09-14,PLN,315.6413
2020-09-14,CNY,173.4513
2020-09-14,CAD,898.1075
2020-09-14,IDR,0.0795
2020-09-15,USD,1177.8759
2020-09-15,EUR,1400.73
2020-09-15,PLN,315.0469
2020-09-15,CNY,173.9475
2020-09-15,CAD,895.9511
2020-09-15,IDR,0.0793
2020-09-16,USD,1171.7247
2020-09-16,EUR,1390.72
2020-09-16,PLN,312.7603
2020-09-16,CNY,173.3438
2020-09-16,CAD,889.8899
2020-09-16,IDR,0.079
2020-09-17,USD,1172.4676
2020-09-17,EUR,1383.16
2020-09-17,PLN,310.2717
2020-09-17,CNY,173.1959
2020-09-17,CAD,888.5206
2020-09-17,IDR,0.079
2020-09-18,USD,1162.8159
2020-09-18,EUR,1375.96
2020-09-18,PLN,308.4974
2020-09-18,CNY,171.6817
2020-09-18,CAD,881.9691
2020-09-18,IDR,0.0789
2020-09-21,USD,1164.7069
2020-09-21,EUR,1372.84
2020-09-21,PLN,306.1846
2020-09-21,CNY,171.6222
2020-09-21,CAD,879.8001
2020-09-21,IDR,0.0787
2020-09-22,USD,1161.7291
2020-09-22,EUR,1363.87
2020-09-22,PLN,303.5274
2020-09-22,CNY,171.4481
2020-09-22,CAD,872.5417
2020-09-22,IDR,0.0786
2020-09-23,USD,1165.5833
2020-09-23,EUR,1362.8
2020-09-23,PLN,302.8377
2020-09-23,CNY,171.566
2020-09-23,CAD,873.9259
2020-09-23,IDR,0.0784
2020-09-24,USD,1174.3667
2020-09-24,EUR,1367.55
2020-09-24,PLN,301.9341
2020-09-24,CNY,171.9605
2020-09-24,CAD,876.6346
2020-09-24,IDR,0.0789
2020-09-25,USD,1175.4942
2020-09-25,EUR,1367.57
2020-09-25,PLN,300.1888
2020-09-25,CNY,172.1275
2020-09-25,CAD,878.901
2020-09-25,IDR,0.0791
2020-09-28,USD,1169.4259
2020-09-28,EUR,1364.72
2020-09-28,PLN,299.9253
2020-09-28,CNY,171.6413
2020-09-28,CAD,873.7004
2020-09-28,IDR,0.0785
2020-09-29,USD,1167.2278
2020-09-29,EUR,1365.89
2020-09-29,PLN,300.6251
2020-09-29,CNY,171.2135
2020-09-29,CAD,872.4944
2020-09-29,IDR,0.0784
2020-09-30,USD,1168.8674
2020-09-30,EUR,1368.51
2020-09-30,PLN,301.0228
2020-09-30,CNY,171.6646
2020-09-30,CAD,872.9969
2020-09-30,IDR,0.0782
2020-10-01,USD,1161.53
2020-10-01,EUR,1365.03
2020-10-01,PLN,303.7788
2020-10-01,CNY,171.0457
2020-10-01,CAD,874.1227
2020-10-01,IDR,0.0783
2020-10-02,USD,1163.4101
2020-10-02,EUR,1364.68
2020-10-02,PLN,303.6401
2020-10-02,CNY,171.3217
2020-10-02,CAD,874.6267
2020-10-02,IDR,0.0782
2020-10-05,USD,1158.8375
2020-10-05,EUR,1363.72
2020-10-05,PLN,303.1836
2020-10-05,CNY,170.1927
2020-10-05,CAD,873.3957
2020-10-05,IDR,0.0787
2020-10-06,USD,1160.2289
2020-10-06,EUR,1368.49
2020-10-06,PLN,304.9764
2020-10-06,CNY,170.8242
2020-10-06,CAD,875.5534
2020-10-06,IDR,0.0787
2020-10-07,USD,1157.774
2020-10-07,EUR,1362.7
2020-10-07,PLN,303.7537
2020-10-07,CNY,170.4781
2020-10-07,CAD,871.2916
2020-10-07,IDR,0.0785
2020-10-08,USD,1152.1292
2020-10-08,EUR,1355.48
2020-10-08,PLN,302.2724
2020-10-08,CNY,169.6598
2020-10-08,CAD,869.8453
2020-10-08,IDR,0.0781
2020-10-09,USD,1144.9936
2020-10-09,EUR,1350.52
2020-10-09,PLN,302.1162
2020-10-09,CNY,170.8503
2020-10-09,CAD,868.9487
2020-10-09,IDR,0.0779
2020-10-12,USD,1148.6567
2020-10-12,EUR,1355.3
2020-10-12,PLN,302.4548
2020-10-12,CNY,170.3109
2020-10-12,CAD,874.7822
2020-10-12,IDR,0.078
2020-10-13,USD,1146.178
2020-10-13,EUR,1351.0
2020-10-13,PLN,301.2196
2020-10-13,CNY,170.1769
2020-10-13,CAD,874.4337
2020-10-13,IDR,0.0776
2020-10-14,USD,1146.1277
2020-10-14,EUR,1346.7
2020-10-14,PLN,298.782
2020-10-14,CNY,170.2701
2020-10-14,CAD,872.6672
2020-10-14,IDR,0.0778
2020-10-15,USD,1148.9827
2020-10-15,EUR,1344.08
2020-10-15,PLN,295.2854
2020-10-15,CNY,170.6638
2020-10-15,CAD,869.7858
2020-10-15,IDR,0.0778
2020-10-16,USD,1142.2877
2020-10-16,EUR,1341.16
2020-10-16,PLN,294.3852
2020-10-16,CNY,170.5464
2020-10-16,CAD,865.432
2020-10-16,IDR,0.0774
2020-10-19,USD,1138.1672
2020-10-19,EUR,1341.33
2020-10-19,PLN,293.36
2020-10-19,CNY,170.2909
2020-10-19,CAD,864.092
2020-10-19,IDR,0.0773
2020-10-20,USD,1140.0085
2020-10-20,EUR,1346.35
2020-10-20,PLN,293.9051
2020-10-20,CNY,170.6011
2020-10-20,CAD,864.3192
2020-10-20,IDR,0.0775
2020-10-21,USD,1133.2096
2020-10-21,EUR,1343.08
2020-10-21,PLN,293.6336
2020-10-21,CNY,170.2709
2020-10-21,CAD,863.3284
2020-10-21,IDR,0.0774
2020-10-22,USD,1134.9801
2020-10-22,EUR,1341.66
2020-10-22,PLN,293.0476
2020-10-22,CNY,169.8734
2020-10-22,CAD,862.3048
2020-10-22,IDR,0.077
2020-10-23,USD,1128.9811
2020-10-23,EUR,1338.52
2020-10-23,PLN,292.1066
2020-10-23,CNY,169.0969
2020-10-23,CAD,860.0655
2020-10-23,IDR,0.0769
2020-10-26,USD,1132.3378
2020-10-26,EUR,1338.31
2020-10-26,PLN,292.2138
2020-10-26,CNY,168.6761
2020-10-26,CAD,858.9923
2020-10-26,IDR,0.077
2020-10-27,USD,1126.5128
2020-10-27,EUR,1332.89
2020-10-27,PLN,290.7574
2020-10-27,CNY,167.9866
2020-10-27,CAD,855.0196
2020-10-27,IDR,0.0768
2020-10-28,USD,1136.2753
2020-10-28,EUR,1332.51
2020-10-28,PLN,288.4096
2020-10-28,CNY,169.0037
2020-10-28,CAD,855.3794
2020-10-28,IDR,0.0771
2020-10-29,USD,1133.7321
2020-10-29,EUR,1326.92
2020-10-29,PLN,287.0568
2020-10-29,CNY,168.9677
2020-10-29,CAD,847.439
2020-10-29,IDR,0.0767
2020-10-30,USD,1131.9884
2020-10-30,EUR,1324.2
2020-10-30,PLN,286.487
2020-10-30,CNY,169.426
2020-10-30,CAD,851.2471
2020-10-30,IDR,0.0774
2020-11-02,USD,1133.3762
2020-11-02,EUR,1320.61
2020-11-02,PLN,286.9768
2020-11-02,CNY,169.3915
2020-11-02,CAD,853.8795
2020-11-02,IDR,0.0774
2020-11-03,USD,1131.2083
2020-11-03,EUR,1323.74
2020-11-03,PLN,289.7855
2020-11-03,CNY,169.2805
2020-11-03,CAD,860.4095
2020-11-03,IDR,0.0781
2020-11-04,USD,1132.3607
2020-11-04,EUR,1327.24
2020-11-04,PLN,292.5498
2020-11-04,CNY,170.0761
2020-11-04,CAD,861.229
2020-11-04,IDR,0.0786
2020-11-05,USD,1122.4631
2020-11-05,EUR,1330.68
2020-11-05,PLN,294.8287
2020-11-05,CNY,169.8791
2020-11-05,CAD,859.7235
2020-11-05,IDR,0.0787
2020-11-06,USD,1122.6622
2020-11-06,EUR,1332.6
2020-11-06,PLN,294.4127
2020-11-06,CNY,169.8272
2020-11-06,CAD,858.3575
2020-11-06,IDR,0.0787
2020-11-09,USD,1112.034
2020-11-09,EUR,1321.43
2020-11-09,PLN,295.8205
2020-11-09,CNY,168.3887
2020-11-09,CAD,858.7406
2020-11-09,IDR,0.0791
2020-11-10,USD,1116.98
2020-11-10,EUR,1318.93
2020-11-10,PLN,293.1607
2020-11-10,CNY,168.8619
2020-11-10,CAD,856.8375
2020-11-10,IDR,0.0795
2020-11-11,USD,1114.3464
2020-11-11,EUR,1311.14
2020-11-11,PLN,292.1891
2020-11-11,CNY,168.2178
2020-11-11,CAD,853.3845
2020-11-11,IDR,0.0786
2020-11-12,USD,1114.7401
2020-11-12,EUR,1314.39
2020-11-12,PLN,292.8285
2020-11-12,CNY,168.285
2020-11-12,CAD,851.1235
2020-11-12,IDR,0.0785
2020-11-13,USD,1110.3174
2020-11-13,EUR,1311.84
2020-11-13,PLN,292.2474
2020-11-13,CNY,168.0317
2020-11-13,CAD,844.8223
2020-11-13,IDR,0.0784
2020-11-16,USD,1107.7768
2020-11-16,EUR,1310.5
2020-11-16,PLN,293.2292
2020-11-16,CNY,168.1314
2020-11-16,CAD,846.795
2020-11-16,IDR,0.0786
2020-11-17,USD,1106.4972
2020-11-17,EUR,1314.74
2020-11-17,PLN,292.3984
2020-11-17,CNY,168.7901
2020-11-17,CAD,844.9486
2020-11-17,IDR,0.0784
2020-11-18,USD,1104.272
2020-11-18,EUR,1310.55
2020-11-18,PLN,293.2273
2020-11-18,CNY,168.4079
2020-11-18,CAD,844.7531
2020-11-18,IDR,0.0783
2020-11-19,USD,1116.523
2020-11-19,EUR,1321.07
2020-11-19,PLN,295.4489
2020-11-19,CNY,169.5266
2020-11-19,CAD,852.2482
2020-11-19,IDR,0.0785
2020-11-20,USD,1115.4514
2020-11-20,EUR,1323.26
2020-11-20,PLN,296.4359
2020-11-20,CNY,169.8316
2020-11-20,CAD,854.5983
2020-11-20,IDR,0.0786
2020-11-23,USD,1111.9486
2020-11-23,EUR,1323.33
2020-11-23,PLN,295.8154
2020-11-23,CNY,169.2714
2020-11-23,CAD,852.112
2020-11-23,IDR,0.0786
2020-11-24,USD,1111.4791
2020-11-24,EUR,1318.77
2020-11-24,PLN,295.2514
2020-11-24,CNY,168.7442
2020-11-24,CAD,850.5998
2020-11-24,IDR,0.0781
2020-11-25,USD,1106.4929
2020-11-25,EUR,1315.62
2020-11-25,PLN,294.4605
2020-11-25,CNY,168.2615
2020-11-25,CAD,849.9935
2020-11-25,IDR,0.0783
2020-11-26,USD,1107.7647
2020-11-26,EUR,1318.24
2020-11-26,PLN,294.5854
2020-11-26,CNY,168.4566
2020-11-26,CAD,852.0165
2020-11-26,IDR,0.0783
2020-11-27,USD,1105.5528
2020-11-27,EUR,1318.04
2020-11-27,PLN,293.5044
2020-11-27,CNY,168.0702
2020-11-27,CAD,850.513
2020-11-27,IDR,0.0781
2020-11-30,USD,1106.9115
2020-11-30,EUR,1326.08
2020-11-30,PLN,296.5958
2020-11-30,CNY,168.2885
2020-11-30,CAD,854.6533
2020-11-30,IDR,0.0782
2020-12-01,USD,1108.5561
2020-12-01,EUR,1326.72
2020-12-01,PLN,296.2222
2020-12-01,CNY,168.7102
2020-12-01,CAD,854.7352
2020-12-01,IDR,0.0781
2020-12-02,USD,1102.4366
2020-12-02,EUR,1330.2
2020-12-02,PLN,297.0324
2020-12-02,CNY,167.9482
2020-12-02,CAD,851.655
2020-12-02,IDR,0.0776
2020-12-03,USD,1091.1941
2020-12-03,EUR,1325.91
2020-12-03,PLN,296.4053
2020-12-03,CNY,166.6407
2020-12-03,CAD,844.9592
2020-12-03,IDR,0.0772
2020-12-04,USD,1086.1091
2020-12-04,EUR,1320.6
2020-12-04,PLN,294.9809
2020-12-04,CNY,166.2784
2020-12-04,CAD,844.7515
2020-12-04,IDR,0.0767
2020-12-07,USD,1085.8179
2020-12-07,EUR,1316.88
2020-12-07,PLN,294.8019
2020-12-07,CNY,166.0421
2020-12-07,CAD,847.5768
2020-12-07,IDR,0.0765
2020-12-08,USD,1085.1329
2020-12-08,EUR,1314.53
2020-12-08,PLN,294.3219
2020-12-08,CNY,166.1543
2020-12-08,CAD,847.6464
2020-12-08,IDR,0.0767
2020-12-09,USD,1085.3663
2020-12-09,EUR,1314.27
2020-12-09,PLN,297.037
2020-12-09,CNY,166.0124
2020-12-09,CAD,849.4506
2020-12-09,IDR,0.077
2020-12-10,USD,1088.3368
2020-12-10,EUR,1318.52
2020-12-10,PLN,297.8495
2020-12-10,CNY,166.3664
2020-12-10,CAD,853.0797
2020-12-10,IDR,0.0772
2020-12-11,USD,1092.8672
2020-12-11,EUR,1325.32
2020-12-11,PLN,298.7781
2020-12-11,CNY,166.9463
2020-12-11,CAD,855.7629
2020-12-11,IDR,0.0776
2020-12-14,USD,1091.5146
2020-12-14,EUR,1327.5
2020-12-14,PLN,299.1684
2020-12-14,CNY,166.7965
2020-12-14,CAD,857.7798
2020-12-14,IDR,0.0771
2020-12-15,USD,1093.6491
2020-12-15,EUR,1327.69
2020-12-15,PLN,298.8543
2020-12-15,CNY,167.0849
2020-12-15,CAD,858.0689
2020-12-15,IDR,0.0772
2020-12-16,USD,1093.527
2020-12-16,EUR,1332.9
2020-12-16,PLN,300.514
2020-12-16,CNY,167.3804
2020-12-16,CAD,857.1153
2020-12-16,IDR,0.0772
2020-12-17,USD,1092.9936
2020-12-17,EUR,1338.48
2020-12-17,PLN,301.3034
2020-12-17,CNY,167.2975
2020-12-17,CAD,860.9803
2020-12-17,IDR,0.0774
2020-12-18,USD,1098.7438
2020-12-18,EUR,1346.95
2020-12-18,PLN,300.7995
2020-12-18,CNY,168.062
2020-12-18,CAD,861.3314
2020-12-18,IDR,0.0777
2020-12-21,USD,1109.4389
2020-12-21,EUR,1350.52
2020-12-21,PLN,299.3771
2020-12-21,CNY,169.272
2020-12-21,CAD,860.9716
2020-12-21,IDR,0.0778
2020-12-22,USD,1105.842
2020-12-22,EUR,1353.44
2020-12-22,PLN,299.9911
2020-12-22,CNY,169.0617
2020-12-22,CAD,859.1633
2020-12-22,IDR,0.0777
2020-12-23,USD,1107.5538
2020-12-23,EUR,1347.45
2020-12-23,PLN,299.2671
2020-12-23,CNY,169.3862
2020-12-23,CAD,859.8366
2020-12-23,IDR,0.0777
2020-12-24,USD,1103.0673
2020-12-24,EUR,1344.97
2020-12-24,PLN,298.7362
2020-12-24,CNY,168.9152
2020-12-24,CAD,859.0764
2020-12-24,IDR,0.0777
2020-12-28,USD,1097.3648
2020-12-28,EUR,1340.87
2020-12-28,PLN,298.5882
2020-12-28,CNY,167.8059
2020-12-28,CAD,855.3103
2020-12-28,IDR,0.0773
2020-12-29,USD,1093.3437
2020-12-29,EUR,1340.33
2020-12-29,PLN,295.8263
2020-12-29,CNY,167.3948
2020-12-29,CAD,853.0071
2020-12-29,IDR,0.0775
2020-12-30,USD,1087.7209
2020-12-30,EUR,1335.83
2020-12-30,PLN,293.1702
2020-12-30,CNY,166.6995
2020-12-30,CAD,850.7929
2020-12-30,IDR,0.0774
2020-12-31,USD,1088.7458
2020-12-31,EUR,1336.0
2020-12-31,PLN,293.0017
2020-12-31,CNY,166.5316
2020-12-31,CAD,854.6024
2020-12-31,IDR,0.0775
2021-01-04,USD,1083.3035
2021-01-04,EUR,1332.03
2021-01-04,PLN,292.9148
2021-01-04,CNY,167.5847
2021-01-04,CAD,852.7175
2021-01-04,IDR,0.0781
2021-01-05,USD,1088.6236
2021-01-05,EUR,1335.85
2021-01-05,PLN,293.7677
2021-01-05,CNY,168.4234
2021-01-05,CAD,853.5237
2021-01-05,IDR,0.0782
2021-01-06,USD,1085.5082
2021-01-06,EUR,1339.3
2021-01-06,PLN,296.5678
2021-01-06,CNY,168.1418
2021-01-06,CAD,856.3299
2021-01-06,IDR,0.078
2021-01-07,USD,1093.4262
2021-01-07,EUR,1342.29
2021-01-07,PLN,298.2999
2021-01-07,CNY,169.0712
2021-01-07,CAD,860.3872
2021-01-07,IDR,0.0778
2021-01-08,USD,1092.1633
2021-01-08,EUR,1337.9
2021-01-08,PLN,296.5664
2021-01-08,CNY,168.9609
2021-01-08,CAD,860.7733
2021-01-08,IDR,0.0776
2021-01-11,USD,1098.2159
2021-01-11,EUR,1335.76
2021-01-11,PLN,294.9088
2021-01-11,CNY,169.4998
2021-01-11,CAD,858.9544
2021-01-11,IDR,0.0774
2021-01-12,USD,1098.9063
2021-01-12,EUR,1336.38
2021-01-12,PLN,295.3457
2021-01-12,CNY,170.0748
2021-01-12,CAD,861.6248
2021-01-12,IDR,0.0777
2021-01-13,USD,1097.4848
2021-01-13,EUR,1335.2
2021-01-13,PLN,295.0523
2021-01-13,CNY,169.6224
2021-01-13,CAD,862.1424
2021-01-13,IDR,0.0777
2021-01-14,USD,1097.3029
2021-01-14,EUR,1330.37
2021-01-14,PLN,293.1686
2021-01-14,CNY,169.6706
2021-01-14,CAD,864.9438
2021-01-14,IDR,0.0781
2021-01-15,USD,1100.0577
2021-01-15,EUR,1333.6
2021-01-15,PLN,293.9063
2021-01-15,CNY,169.8875
2021-01-15,CAD,865.2436
2021-01-15,IDR,0.0783
2021-01-18,USD,1106.6396
2021-01-18,EUR,1335.05
2021-01-18,PLN,294.1351
2021-01-18,CNY,170.3761
2021-01-18,CAD,866.1844
2021-01-18,IDR,0.0783
2021-01-19,USD,1102.4893
2021-01-19,EUR,1337.54
2021-01-19,PLN,294.9241
2021-01-19,CNY,170.1488
2021-01-19,CAD,866.3946
2021-01-19,IDR,0.0783
2021-01-20,USD,1102.0742
2021-01-20,EUR,1333.62
2021-01-20,PLN,294.2544
2021-01-20,CNY,170.3392
2021-01-20,CAD,867.1695
2021-01-20,IDR,0.0784
2021-01-21,USD,1099.7779
2021-01-21,EUR,1337.11
2021-01-21,PLN,295.2721
2021-01-21,CNY,170.2197
2021-01-21,CAD,871.3653
2021-01-21,IDR,0.0786
2021-01-22,USD,1105.8398
2021-01-22,EUR,1344.48
2021-01-22,PLN,296.2388
2021-01-22,CNY,170.5717
2021-01-22,CAD,869.7632
2021-01-22,IDR,0.0784
2021-01-25,USD,1102.8473
2021-01-25,EUR,1340.18
2021-01-25,PLN,295.1353
2021-01-25,CNY,170.2637
2021-01-25,CAD,866.9254
2021-01-25,IDR,0.0783
2021-01-26,USD,1103.1129
2021-01-26,EUR,1339.51
2021-01-26,PLN,294.6244
2021-01-26,CNY,170.5578
2021-01-26,CAD,867.3336
2021-01-26,IDR,0.0782
2021-01-27,USD,1106.8103
2021-01-27,EUR,1340.79
2021-01-27,PLN,294.5496
2021-01-27,CNY,170.9951
2021-01-27,CAD,867.6568
2021-01-27,IDR,0.0783
2021-01-28,USD,1117.1615
2021-01-28,EUR,1350.76
2021-01-28,PLN,297.0597
2021-01-28,CNY,172.674
2021-01-28,CAD,867.8746
2021-01-28,IDR,0.0791
2021-01-29,USD,1116.4964
2021-01-29,EUR,1354.98
2021-01-29,PLN,299.0862
2021-01-29,CNY,173.6108
2021-01-29,CAD,873.0541
2021-01-29,IDR,0.0797
2021-02-01,USD,1118.1811
2021-02-01,EUR,1351.21
2021-02-01,PLN,299.736
2021-02-01,CNY,172.915
2021-02-01,CAD,873.2131
2021-02-01,IDR,0.0794
2021-02-02,USD,1115.9665
2021-02-02,EUR,1344.07
2021-02-02,PLN,298.9945
2021-02-02,CNY,172.8574
2021-02-02,CAD,871.5277
2021-02-02,IDR,0.0796
2021-02-03,USD,1115.9441
2021-02-03,EUR,1341.03
2021-02-03,PLN,298.5573
2021-02-03,CNY,172.7619
2021-02-03,CAD,872.3281
2021-02-03,IDR,0.0796
2021-02-04,USD,1118.0894
2021-02-04,EUR,1341.26
2021-02-04,PLN,298.4491
2021-02-04,CNY,172.9721
2021-02-04,CAD,873.3299
2021-02-04,IDR,0.0797
2021-02-05,USD,1122.799
2021-02-05,EUR,1345.45
2021-02-05,PLN,298.8362
2021-02-05,CNY,173.5281
2021-02-05,CAD,876.8574
2021-02-05,IDR,0.08
2021-02-08,USD,1120.8067
2021-02-08,EUR,1347.77
2021-02-08,PLN,300.6804
2021-02-08,CNY,173.6414
2021-02-08,CAD,877.2831
2021-02-08,IDR,0.0799
2021-02-09,USD,1113.2022
2021-02-09,EUR,1347.42
2021-02-09,PLN,301.0254
2021-02-09,CNY,172.9812
2021-02-09,CAD,874.1534
2021-02-09,IDR,0.0796
2021-02-10,USD,1105.5249
2021-02-10,EUR,1340.67
2021-02-10,PLN,299.1298
2021-02-10,CNY,171.3645
2021-02-10,CAD,870.9042
2021-02-10,IDR,0.0791
2021-02-11,USD,1103.1283
2021-02-11,EUR,1339.97
2021-02-11,PLN,297.9366
2021-02-11,CNY,170.81
2021-02-11,CAD,871.0153
2021-02-11,IDR,0.079
2021-02-12,USD,1105.038
2021-02-12,EUR,1337.98
2021-02-12,PLN,297.3355
2021-02-12,CNY,171.0819
2021-02-12,CAD,867.8039
2021-02-12,IDR,0.079
2021-02-15,USD,1102.4157
2021-02-15,EUR,1337.12
2021-02-15,PLN,298.0385
2021-02-15,CNY,170.6991
2021-02-15,CAD,871.315
2021-02-15,IDR,0.0793
2021-02-16,USD,1104.4141
2021-02-16,EUR,1341.09
2021-02-16,PLN,298.4046
2021-02-16,CNY,171.0094
2021-02-16,CAD,872.8213
2021-02-16,IDR,0.079
2021-02-17,USD,1106.7745
2021-02-17,EUR,1334.77
2021-02-17,PLN,296.5365
2021-02-17,CNY,171.3748
2021-02-17,CAD,872.1707
2021-02-17,IDR,0.0787
2021-02-18,USD,1106.2976
2021-02-18,EUR,1336.85
2021-02-18,PLN,297.819
2021-02-18,CNY,171.0139
2021-02-18,CAD,873.3586
2021-02-18,IDR,0.0786
2021-02-19,USD,1103.5423
2021-02-19,EUR,1339.59
2021-02-19,PLN,298.8155
2021-02-19,CNY,171.045
2021-02-19,CAD,875.1486
2021-02-19,IDR,0.0784
2021-02-22,USD,1113.352
2021-02-22,EUR,1350.83
2021-02-22,PLN,300.3046
2021-02-22,CNY,172.1965
2021-02-22,CAD,881.2826
2021-02-22,IDR,0.0785
2021-02-23,USD,1113.1681
2021-02-23,EUR,1351.72
2021-02-23,PLN,299.9423
2021-02-23,CNY,172.1805
2021-02-23,CAD,882.3814
2021-02-23,IDR,0.0789
2021-02-24,USD,1108.3073
2021-02-24,EUR,1346.15
2021-02-24,PLN,297.9658
2021-02-24,CNY,171.7861
2021-02-24,CAD,881.7961
2021-02-24,IDR,0.0789
2021-02-25,USD,1111.771
2021-02-25,EUR,1359.14
2021-02-25,PLN,301.2145
2021-02-25,CNY,172.2655
2021-02-25,CAD,890.8304
2021-02-25,IDR,0.0783
2021-02-26,USD,1127.8772
2021-02-26,EUR,1367.1
2021-02-26,PLN,302.5495
2021-02-26,CNY,174.4084
2021-02-26,CAD,891.7227
2021-02-26,IDR,0.0788
2021-03-01,USD,1122.3762
2021-03-01,EUR,1352.8
2021-03-01,PLN,298.8755
2021-03-01,CNY,173.5026
2021-03-01,CAD,885.6881
2021-03-01,IDR,0.0784
2021-03-02,USD,1126.0143
2021-03-02,EUR,1354.37
2021-03-02,PLN,298.8328
2021-03-02,CNY,173.9941
2021-03-02,CAD,889.5698
2021-03-02,IDR,0.0786
2021-03-03,USD,1118.2188
2021-03-03,EUR,1347.23
2021-03-03,PLN,297.1656
2021-03-03,CNY,172.9502
2021-03-03,CAD,884.3574
2021-03-03,IDR,0.0784
2021-03-04,USD,1125.054
2021-03-04,EUR,1353.89
2021-03-04,PLN,297.3687
2021-03-04,CNY,173.919
2021-03-04,CAD,889.956
2021-03-04,IDR,0.0789
2021-03-05,USD,1128.4218
2021-03-05,EUR,1347.11
2021-03-05,PLN,294.4631
2021-03-05,CNY,173.8453
2021-03-05,CAD,888.595
2021-03-05,IDR,0.0784
2021-03-08,USD,1139.1202
2021-03-08,EUR,1351.68
2021-03-08,PLN,293.8307
2021-03-08,CNY,174.5319
2021-03-08,CAD,899.0223
2021-03-08,IDR,0.0793
2021-03-09,USD,1138.3134
2021-03-09,EUR,1353.91
2021-03-09,PLN,295.3363
2021-03-09,CNY,174.7477
2021-03-09,CAD,903.2088
2021-03-09,IDR,0.079
2021-03-10,USD,1141.1453
2021-03-10,EUR,1357.05
2021-03-10,PLN,296.61
2021-03-10,CNY,175.2547
2021-03-10,CAD,902.2339
2021-03-10,IDR,0.0792
2021-03-11,USD,1130.4954
2021-03-11,EUR,1353.09
2021-03-11,PLN,295.6927
2021-03-11,CNY,174.3358
2021-03-11,CAD,899.0034
2021-03-11,IDR,0.0785
2021-03-12,USD,1135.4479
2021-03-12,EUR,1354.93
2021-03-12,PLN,295.4041
2021-03-12,CNY,174.5234
2021-03-12,CAD,904.7947
2021-03-12,IDR,0.0789
2021-03-15,USD,1134.203
2021-03-15,EUR,1351.97
2021-03-15,PLN,294.457
2021-03-15,CNY,174.4297
2021-03-15,CAD,908.9485
2021-03-15,IDR,0.0788
2021-03-16,USD,1129.7669
2021-03-16,EUR,1347.36
2021-03-16,PLN,293.3316
2021-03-16,CNY,173.8103
2021-03-16,CAD,906.2756
2021-03-16,IDR,0.0783
2021-03-17,USD,1130.9734
2021-03-17,EUR,1346.65
2021-03-17,PLN,291.887
2021-03-17,CNY,173.9071
2021-03-17,CAD,906.7129
2021-03-17,IDR,0.0782
2021-03-18,USD,1127.6444
2021-03-18,EUR,1343.25
2021-03-18,PLN,290.4136
2021-03-18,CNY,173.3069
2021-03-18,CAD,906.1319
2021-03-18,IDR,0.0783
2021-03-19,USD,1130.8469
2021-03-19,EUR,1344.69
2021-03-19,PLN,291.0584
2021-03-19,CNY,173.7034
2021-03-19,CAD,903.8717
2021-03-19,IDR,0.0785
2021-03-22,USD,1127.6036
2021-03-22,EUR,1344.78
2021-03-22,PLN,292.2355
2021-03-22,CNY,173.3366
2021-03-22,CAD,902.3552
2021-03-22,IDR,0.0783
2021-03-23,USD,1129.7484
2021-03-23,EUR,1342.48
2021-03-23,PLN,290.6367
2021-03-23,CNY,173.521
2021-03-23,CAD,898.7013
2021-03-23,IDR,0.0785
2021-03-24,USD,1131.6025
2021-03-24,EUR,1338.12
2021-03-24,PLN,289.1357
2021-03-24,CNY,173.4822
2021-03-24,CAD,899.0325
2021-03-24,IDR,0.0783
2021-03-25,USD,1136.1464
2021-03-25,EUR,1340.88
2021-03-25,PLN,288.989
2021-03-25,CNY,173.6441
2021-03-25,CAD,903.0103
2021-03-25,IDR,0.0788
2021-03-26,USD,1130.6824
2021-03-26,EUR,1332.17
2021-03-26,PLN,286.5313
2021-03-26,CNY,172.8677
2021-03-26,CAD,899.2642
2021-03-26,IDR,0.0784
2021-03-29,USD,1132.4593
2021-03-29,EUR,1334.49
2021-03-29,PLN,287.2527
2021-03-29,CNY,172.5619
2021-03-29,CAD,899.6764
2021-03-29,IDR,0.0784
2021-03-30,USD,1133.9324
2021-03-30,EUR,1331.35
2021-03-30,PLN,285.8078
2021-03-30,CNY,172.5575
2021-03-30,CAD,898.7107
2021-03-30,IDR,0.078
2021-03-31,USD,1129.3731
2021-03-31,EUR,1324.19
2021-03-31,PLN,284.7231
2021-03-31,CNY,172.3936
2021-03-31,CAD,895.8125
2021-03-31,IDR,0.0778
2021-04-01,USD,1130.9041
2021-04-01,EUR,1328.36
2021-04-01,PLN,288.2163
2021-04-01,CNY,172.0785
2021-04-01,CAD,898.3296
2021-04-01,IDR,0.0778
2021-04-06,USD,1120.1829
2021-04-06,EUR,1323.16
2021-04-06,PLN,288.1823
2021-04-06,CNY,170.973
2021-04-06,CAD,891.6173
2021-04-06,IDR,0.0772
2021-04-07,USD,1117.5109
2021-04-07,EUR,1328.05
2021-04-07,PLN,290.2461
2021-04-07,CNY,170.7861
2021-04-07,CAD,886.4304
2021-04-07,IDR,0.0767
2021-04-08,USD,1115.9016
2021-04-08,EUR,1324.91
2021-04-08,PLN,291.1058
2021-04-08,CNY,170.4086
2021-04-08,CAD,886.4053
2021-04-08,IDR,0.0768
2021-04-09,USD,1119.852
2021-04-09,EUR,1331.28
2021-04-09,PLN,293.2852
2021-04-09,CNY,170.8215
2021-04-09,CAD,890.4883
2021-04-09,IDR,0.0767
2021-04-12,USD,1124.3784
2021-04-12,EUR,1338.46
2021-04-12,PLN,295.8184
2021-04-12,CNY,171.8023
2021-04-12,CAD,896.4302
2021-04-12,IDR,0.077
2021-04-13,USD,1124.1762
2021-04-13,EUR,1337.32
2021-04-13,PLN,292.8352
2021-04-13,CNY,171.6604
2021-04-13,CAD,891.1902
2021-04-13,IDR,0.0767
2021-04-14,USD,1114.903
2021-04-14,EUR,1333.87
2021-04-14,PLN,292.92
2021-04-14,CNY,170.6895
2021-04-14,CAD,887.708
2021-04-14,IDR,0.0762
2021-04-15,USD,1115.5388
2021-04-15,EUR,1335.3
2021-04-15,PLN,293.1246
2021-04-15,CNY,170.9096
2021-04-15,CAD,892.8786
2021-04-15,IDR,0.0763
2021-04-16,USD,1114.3834
2021-04-16,EUR,1335.7
2021-04-16,PLN,293.5024
2021-04-16,CNY,170.8996
2021-04-16,CAD,891.2985
2021-04-16,IDR,0.0767
2021-04-19,USD,1114.1587
2021-04-19,EUR,1340.89
2021-04-19,PLN,294.8761
2021-04-19,CNY,171.2
2021-04-19,CAD,891.6678
2021-04-19,IDR,0.0768
2021-04-20,USD,1114.3557
2021-04-20,EUR,1342.91
2021-04-20,PLN,294.983
2021-04-20,CNY,171.5017
2021-04-20,CAD,889.9927
2021-04-20,IDR,0.0767
2021-04-21,USD,1119.5219
2021-04-21,EUR,1344.21
2021-04-21,PLN,295.0352
2021-04-21,CNY,172.3103
2021-04-21,CAD,888.0293
2021-04-21,IDR,0.077
2021-04-22,USD,1117.5577
2021-04-22,EUR,1346.21
2021-04-22,PLN,295.4353
2021-04-22,CNY,172.1915
2021-04-22,CAD,893.4824
2021-04-22,IDR,0.0769
2021-04-23,USD,1116.3849
2021-04-23,EUR,1347.03
2021-04-23,PLN,295.2524
2021-04-23,CNY,171.9906
2021-04-23,CAD,894.3235
2021-04-23,IDR,0.0769
2021-04-26,USD,1111.7584
2021-04-26,EUR,1343.56
2021-04-26,PLN,294.8279
2021-04-26,CNY,171.4184
2021-04-26,CAD,893.9188
2021-04-26,IDR,0.0768
2021-04-27,USD,1111.408
2021-04-27,EUR,1343.47
2021-04-27,PLN,294.3366
2021-04-27,CNY,171.42
2021-04-27,CAD,896.5432
2021-04-27,IDR,0.0766
2021-04-28,USD,1114.2916
2021-04-28,EUR,1344.95
2021-04-28,PLN,293.2794
2021-04-28,CNY,171.8391
2021-04-28,CAD,899.3313
2021-04-28,IDR,0.0768
2021-04-29,USD,1107.5851
2021-04-29,EUR,1343.39
2021-04-29,PLN,294.2546
2021-04-29,CNY,171.2132
2021-04-29,CAD,901.483
2021-04-29,IDR,0.0768
2021-04-30,USD,1114.2526
2021-04-30,EUR,1346.24
2021-04-30,PLN,295.0016
2021-04-30,CNY,172.2989
2021-04-30,CAD,907.5367
2021-04-30,IDR,0.0773
2021-05-03,USD,1122.5091
2021-05-03,EUR,1351.95
2021-05-03,PLN,297.0144
2021-05-03,CNY,173.4003
2021-05-03,CAD,913.0479
2021-05-03,IDR,0.0778
2021-05-04,USD,1125.9962
2021-05-04,EUR,1353.56
2021-05-04,PLN,296.9375
2021-05-04,CNY,173.2313
2021-05-04,CAD,912.3483
2021-05-04,IDR,0.0778
2021-05-05,USD,1125.3478
2021-05-05,EUR,1350.98
2021-05-05,PLN,295.1156
2021-05-05,CNY,174.0146
2021-05-05,CAD,917.1
2021-05-05,IDR,0.078
2021-05-06,USD,1121.7081
2021-05-06,EUR,1352.78
2021-05-06,PLN,294.9289
2021-05-06,CNY,173.3133
2021-05-06,CAD,916.2693
2021-05-06,IDR,0.0784
2021-05-07,USD,1119.927
2021-05-07,EUR,1350.52
2021-05-07,PLN,295.1698
2021-05-07,CNY,173.5686
2021-05-07,CAD,919.4091
2021-05-07,IDR,0.0785
2021-05-10,USD,1111.9566
2021-05-10,EUR,1353.14
2021-05-10,PLN,296.5396
2021-05-10,CNY,173.3795
2021-05-10,CAD,917.8186
2021-05-10,IDR,0.0787
2021-05-11,USD,1118.5127
2021-05-11,EUR,1361.23
2021-05-11,PLN,299.0268
2021-05-11,CNY,174.1215
2021-05-11,CAD,924.1836
2021-05-11,IDR,0.0789
2021-05-12,USD,1124.7566
2021-05-12,EUR,1362.98
2021-05-12,PLN,299.9648
2021-05-12,CNY,174.6268
2021-05-12,CAD,930.8065
2021-05-12,IDR,0.0789
2021-05-13,USD,1132.3814
2021-05-13,EUR,1368.03
2021-05-13,PLN,300.8842
2021-05-13,CNY,175.4582
2021-05-13,CAD,932.8537
2021-05-13,IDR,0.079
2021-05-14,USD,1128.4913
2021-05-14,EUR,1368.07
2021-05-14,PLN,302.5499
2021-05-14,CNY,175.3396
2021-05-14,CAD,930.6599
2021-05-14,IDR,0.0789
2021-05-17,USD,1138.2525
2021-05-17,EUR,1382.18
2021-05-17,PLN,304.2573
2021-05-17,CNY,176.6906
2021-05-17,CAD,938.981
2021-05-17,IDR,0.0793
2021-05-18,USD,1127.565
2021-05-18,EUR,1378.11
2021-05-18,PLN,304.6018
2021-05-18,CNY,175.5532
2021-05-18,CAD,937.9364
2021-05-18,IDR,0.079
2021-05-19,USD,1129.9541
2021-05-19,EUR,1379.9
2021-05-19,PLN,305.3687
2021-05-19,CNY,175.5732
2021-05-19,CAD,935.7157
2021-05-19,IDR,0.0786
2021-05-20,USD,1130.7875
2021-05-20,EUR,1379.9
2021-05-20,PLN,305.6054
2021-05-20,CNY,175.6425
2021-05-20,CAD,933.7529
2021-05-20,IDR,0.0784
2021-05-21,USD,1126.5589
2021-05-21,EUR,1373.05
2021-05-21,PLN,305.8563
2021-05-21,CNY,175.1496
2021-05-21,CAD,935.3202
2021-05-21,IDR,0.0785
2021-05-24,USD,1126.2938
2021-05-24,EUR,1375.43
2021-05-24,PLN,306.6734
2021-05-24,CNY,175.243
2021-05-24,CAD,933.6976
2021-05-24,IDR,0.0785
2021-05-25,USD,1121.6324
2021-05-25,EUR,1375.57
2021-05-25,PLN,306.7798
2021-05-25,CNY,175.098
2021-05-25,CAD,932.0843
2021-05-25,IDR,0.0783
2021-05-26,USD,1117.0169
2021-05-26,EUR,1366.0
2021-05-26,PLN,303.7513
2021-05-26,CNY,174.7943
2021-05-26,CAD,923.9719
2021-05-26,IDR,0.0782
2021-05-27,USD,1117.1012
2021-05-27,EUR,1362.64
2021-05-27,PLN,303.9097
2021-05-27,CNY,175.1285
2021-05-27,CAD,924.0743
2021-05-27,IDR,0.0781
2021-05-28,USD,1116.6694
2021-05-28,EUR,1355.86
2021-05-28,PLN,302.2088
2021-05-28,CNY,175.1259
2021-05-28,CAD,921.6641
2021-05-28,IDR,0.0779
2021-05-31,USD,1108.1387
2021-05-31,EUR,1352.04
2021-05-31,PLN,301.4179
2021-05-31,CNY,173.9585
2021-05-31,CAD,918.0689
2021-05-31,IDR,0.0777
2021-06-01,USD,1108.7035
2021-06-01,EUR,1355.39
2021-06-01,PLN,303.484
2021-06-01,CNY,173.6722
2021-06-01,CAD,921.5325
2021-06-01,IDR,0.0778
2021-06-02,USD,1112.8426
2021-06-02,EUR,1356.11
2021-06-02,PLN,303.6996
2021-06-02,CNY,174.2803
2021-06-02,CAD,922.2101
2021-06-02,IDR,0.078
2021-06-03,USD,1114.097
2021-06-03,EUR,1357.75
2021-06-03,PLN,304.9753
2021-06-03,CNY,174.2716
2021-06-03,CAD,923.0116
2021-06-03,IDR,0.0779
2021-06-04,USD,1116.5553
2021-06-04,EUR,1352.93
2021-06-04,PLN,302.6486
2021-06-04,CNY,174.1962
2021-06-04,CAD,921.6144
2021-06-04,IDR,0.0779
2021-06-07,USD,1111.0261
2021-06-07,EUR,1351.23
2021-06-07,PLN,302.5458
2021-06-07,CNY,173.6911
2021-06-07,CAD,920.3937
2021-06-07,IDR,0.078
2021-06-08,USD,1115.3587
2021-06-08,EUR,1358.73
2021-06-08,PLN,303.98
2021-06-08,CNY,174.3347
2021-06-08,CAD,923.929
2021-06-08,IDR,0.0783
2021-06-09,USD,1115.1292
2021-06-09,EUR,1359.9
2021-06-09,PLN,305.184
2021-06-09,CNY,174.617
2021-06-09,CAD,923.2806
2021-06-09,IDR,0.0783
2021-06-10,USD,1116.1163
2021-06-10,EUR,1358.76
2021-06-10,PLN,303.1728
2021-06-10,CNY,174.585
2021-06-10,CAD,921.8807
2021-06-10,IDR,0.0782
2021-06-11,USD,1114.301
2021-06-11,EUR,1351.09
2021-06-11,PLN,302.2911
2021-06-11,CNY,174.2915
2021-06-11,CAD,919.9224
2021-06-11,IDR,0.0785
2021-06-14,USD,1118.783
2021-06-14,EUR,1355.07
2021-06-14,PLN,300.113
2021-06-14,CNY,174.8455
2021-06-14,CAD,919.5019
2021-06-14,IDR,0.0785
2021-06-15,USD,1118.3515
2021-06-15,EUR,1354.1
2021-06-15,PLN,299.3479
2021-06-15,CNY,174.7181
2021-06-15,CAD,917.5363
2021-06-15,IDR,0.0785
2021-06-16,USD,1118.6325
2021-06-16,EUR,1356.23
2021-06-16,PLN,300.2768
2021-06-16,CNY,174.8125
2021-06-16,CAD,918.6061
2021-06-16,IDR,0.0785
2021-06-17,USD,1134.3386
2021-06-17,EUR,1354.06
2021-06-17,PLN,298.4154
2021-06-17,CNY,176.1333
2021-06-17,CAD,920.0027
2021-06-17,IDR,0.0784
2021-06-18,USD,1132.2323
2021-06-18,EUR,1347.13
2021-06-18,PLN,296.1246
2021-06-18,CNY,175.8219
2021-06-18,CAD,915.1077
2021-06-18,IDR,0.0784
2021-06-21,USD,1134.6312
2021-06-21,EUR,1349.19
2021-06-21,PLN,297.6439
2021-06-21,CNY,175.4108
2021-06-21,CAD,914.2092
2021-06-21,IDR,0.0786
2021-06-22,USD,1135.6314
2021-06-22,EUR,1350.72
2021-06-22,PLN,297.988
2021-06-22,CNY,175.3863
2021-06-22,CAD,917.2348
2021-06-22,IDR,0.0785
2021-06-23,USD,1136.2731
2021-06-23,EUR,1357.96
2021-06-23,PLN,300.2543
2021-06-23,CNY,175.4629
2021-06-23,CAD,925.8608
2021-06-23,IDR,0.0787
2021-06-24,USD,1131.9286
2021-06-24,EUR,1351.07
2021-06-24,PLN,298.612
2021-06-24,CNY,175.0249
2021-06-24,CAD,920.4728
2021-06-24,IDR,0.0783
2021-06-25,USD,1126.6527
2021-06-25,EUR,1346.35
2021-06-25,PLN,298.3138
2021-06-25,CNY,174.5356
2021-06-25,CAD,916.1336
2021-06-25,IDR,0.0781
2021-06-28,USD,1131.7548
2021-06-28,EUR,1347.92
2021-06-28,PLN,299.0726
2021-06-28,CNY,175.2321
2021-06-28,CAD,917.764
2021-06-28,IDR,0.078
2021-06-29,USD,1128.2386
2021-06-29,EUR,1341.25
2021-06-29,PLN,296.7827
2021-06-29,CNY,174.6101
2021-06-29,CAD,912.0427
2021-06-29,IDR,0.0774
2021-06-30,USD,1128.7529
2021-06-30,EUR,1341.41
2021-06-30,PLN,296.7656
2021-06-30,CNY,174.7948
2021-06-30,CAD,911.1602
2021-06-30,IDR,0.0776
2021-07-01,USD,1132.4975
2021-07-01,EUR,1345.86
2021-07-01,PLN,297.994
2021-07-01,CNY,175.1464
2021-07-01,CAD,915.6756
2021-07-01,IDR,0.078
2021-07-02,USD,1136.336
2021-07-02,EUR,1343.49
2021-07-02,PLN,296.812
2021-07-02,CNY,175.4041
2021-07-02,CAD,915.371
2021-07-02,IDR,0.0781
2021-07-05,USD,1130.3051
2021-07-05,EUR,1341.22
2021-07-05,PLN,297.6586
2021-07-05,CNY,174.9182
2021-07-05,CAD,914.3227
2021-07-05,IDR,0.0781
2021-07-06,USD,1133.3587
2021-07-06,EUR,1341.67
2021-07-06,PLN,298.5403
2021-07-06,CNY,175.2786
2021-07-06,CAD,916.4413
2021-07-06,IDR,0.0782
2021-07-07,USD,1136.7509
2021-07-07,EUR,1344.89
2021-07-07,PLN,297.5947
2021-07-07,CNY,175.8532
2021-07-07,CAD,914.3935
2021-07-07,IDR,0.0784
2021-07-08,USD,1149.9747
2021-07-08,EUR,1361.34
2021-07-08,PLN,299.1693
2021-07-08,CNY,177.184
2021-07-08,CAD,914.0804
2021-07-08,IDR,0.0788
2021-07-09,USD,1145.3871
2021-07-09,EUR,1358.2
2021-07-09,PLN,298.5252
2021-07-09,CNY,176.7707
2021-07-09,CAD,916.6498
2021-07-09,IDR,0.079
2021-07-12,USD,1149.1309
2021-07-12,EUR,1361.95
2021-07-12,PLN,299.0536
2021-07-12,CNY,177.4505
2021-07-12,CAD,919.4289
2021-07-12,IDR,0.0792
2021-07-13,USD,1145.5252
2021-07-13,EUR,1356.76
2021-07-13,PLN,296.9685
2021-07-13,CNY,177.1273
2021-07-13,CAD,917.846
2021-07-13,IDR,0.0791
2021-07-14,USD,1147.3417
2021-07-14,EUR,1355.24
2021-07-14,PLN,296.318
2021-07-14,CNY,177.6944
2021-07-14,CAD,919.9294
2021-07-14,IDR,0.0792
2021-07-15,USD,1143.306
2021-07-15,EUR,1350.13
2021-07-15,PLN,295.1233
2021-07-15,CNY,176.9409
2021-07-15,CAD,911.7572
2021-07-15,IDR,0.0788
2021-07-16,USD,1142.1285
2021-07-16,EUR,1347.94
2021-07-16,PLN,293.8801
2021-07-16,CNY,176.4943
2021-07-16,CAD,907.3371
2021-07-16,IDR,0.0789
2021-07-19,USD,1153.7736
2021-07-19,EUR,1357.53
2021-07-19,PLN,295.8549
2021-07-19,CNY,177.8175
2021-07-19,CAD,903.3338
2021-07-19,IDR,0.0792
2021-07-20,USD,1148.5265
2021-07-20,EUR,1352.39
2021-07-20,PLN,294.2921
2021-07-20,CNY,177.2348
2021-07-20,CAD,900.213
2021-07-20,IDR,0.0789
2021-07-21,USD,1154.91
2021-07-21,EUR,1359.56
2021-07-21,PLN,295.6401
2021-07-21,CNY,178.4176
2021-07-21,CAD,910.5009
2021-07-21,IDR,0.0794
2021-07-22,USD,1148.6964
2021-07-22,EUR,1352.59
2021-07-22,PLN,296.2243
2021-07-22,CNY,177.6148
2021-07-22,CAD,915.2108
2021-07-22,IDR,0.0793
2021-07-23,USD,1150.8371
2021-07-23,EUR,1354.19
2021-07-23,PLN,296.38
2021-07-23,CNY,177.6593
2021-07-23,CAD,915.7357
2021-07-23,IDR,0.0794
2021-07-26,USD,1154.3989
2021-07-26,EUR,1360.69
2021-07-26,PLN,296.5241
2021-07-26,CNY,178.0402
2021-07-26,CAD,919.1367
2021-07-26,IDR,0.0796
2021-07-27,USD,1152.2015
2021-07-27,EUR,1360.75
2021-07-27,PLN,296.4209
2021-07-27,CNY,177.1833
2021-07-27,CAD,917.0092
2021-07-27,IDR,0.0795
2021-07-28,USD,1154.3915
2021-07-28,EUR,1362.99
2021-07-28,PLN,296.5278
2021-07-28,CNY,177.6531
2021-07-28,CAD,918.4569
2021-07-28,IDR,0.0796
2021-07-29,USD,1145.515
2021-07-29,EUR,1360.07
2021-07-29,PLN,297.0753
2021-07-29,CNY,177.3441
2021-07-29,CAD,918.4697
2021-07-29,IDR,0.0792
2021-07-30,USD,1151.0722
2021-07-30,EUR,1368.74
2021-07-30,PLN,299.9255
2021-07-30,CNY,178.1332
2021-07-30,CAD,925.3871
2021-07-30,IDR,0.0796
2021-08-02,USD,1150.6562
2021-08-02,EUR,1367.67
2021-08-02,PLN,300.1778
2021-08-02,CNY,178.0658
2021-08-02,CAD,923.1034
2021-08-02,IDR,0.08
2021-08-03,USD,1148.1615
2021-08-03,EUR,1364.59
2021-08-03,PLN,299.5018
2021-08-03,CNY,177.6394
2021-08-03,CAD,917.4331
2021-08-03,IDR,0.0803
2021-08-04,USD,1142.7704
2021-08-04,EUR,1355.44
2021-08-04,PLN,298.3054
2021-08-04,CNY,176.8627
2021-08-04,CAD,910.914
2021-08-04,IDR,0.0799
2021-08-05,USD,1142.0591
2021-08-05,EUR,1353.34
2021-08-05,PLN,297.5682
2021-08-05,CNY,176.7801
2021-08-05,CAD,913.3698
2021-08-05,IDR,0.0796
2021-08-06,USD,1142.6696
2021-08-06,EUR,1349.15
2021-08-06,PLN,296.1065
2021-08-06,CNY,176.6389
2021-08-06,CAD,913.8725
2021-08-06,IDR,0.0797
2021-08-09,USD,1144.3075
2021-08-09,EUR,1345.82
2021-08-09,PLN,294.845
2021-08-09,CNY,176.64
2021-08-09,CAD,912.606
2021-08-09,IDR,0.0796
2021-08-10,USD,1151.4759
2021-08-10,EUR,1349.76
2021-08-10,PLN,294.9973
2021-08-10,CNY,177.6584
2021-08-10,CAD,916.3962
2021-08-10,IDR,0.08
2021-08-11,USD,1158.3973
2021-08-11,EUR,1357.41
2021-08-11,PLN,296.0029
2021-08-11,CNY,178.616
2021-08-11,CAD,924.8552
2021-08-11,IDR,0.0804
2021-08-12,USD,1162.9526
2021-08-12,EUR,1365.19
2021-08-12,PLN,297.5826
2021-08-12,CNY,179.5452
2021-08-12,CAD,929.0799
2021-08-12,IDR,0.081
2021-08-13,USD,1164.4369
2021-08-13,EUR,1369.96
2021-08-13,PLN,299.5103
2021-08-13,CNY,179.6975
2021-08-13,CAD,930.4265
2021-08-13,IDR,0.0811
2021-08-16,USD,1167.2528
2021-08-16,EUR,1374.09
2021-08-16,PLN,300.9857
2021-08-16,CNY,180.2251
2021-08-16,CAD,929.5697
2021-08-16,IDR,0.0812
2021-08-17,USD,1174.3945
2021-08-17,EUR,1381.91
2021-08-17,PLN,303.0172
2021-08-17,CNY,181.2484
2021-08-17,CAD,931.3317
2021-08-17,IDR,0.0816
2021-08-18,USD,1170.3062
2021-08-18,EUR,1371.95
2021-08-18,PLN,300.6421
2021-08-18,CNY,180.5768
2021-08-18,CAD,927.4319
2021-08-18,IDR,0.0813
2021-08-19,USD,1175.9063
2021-08-19,EUR,1375.34
2021-08-19,PLN,300.0829
2021-08-19,CNY,181.2018
2021-08-19,CAD,921.8714
2021-08-19,IDR,0.0813
2021-08-20,USD,1182.9835
2021-08-20,EUR,1380.66
2021-08-20,PLN,300.8302
2021-08-20,CNY,182.0155
2021-08-20,CAD,916.2254
2021-08-20,IDR,0.0818
2021-08-23,USD,1171.3091
2021-08-23,EUR,1372.54
2021-08-23,PLN,299.2369
2021-08-23,CNY,180.6211
2021-08-23,CAD,920.4882
2021-08-23,IDR,0.0814
2021-08-24,USD,1166.0988
2021-08-24,EUR,1369.0
2021-08-24,PLN,298.9605
2021-08-24,CNY,180.0321
2021-08-24,CAD,923.627
2021-08-24,IDR,0.081
2021-08-25,USD,1167.4932
2021-08-25,EUR,1370.17
2021-08-25,PLN,299.301
2021-08-25,CNY,180.212
2021-08-25,CAD,924.1047
2021-08-25,IDR,0.0809
2021-08-26,USD,1167.1284
2021-08-26,EUR,1373.36
2021-08-26,PLN,299.9978
2021-08-26,CNY,180.0302
2021-08-26,CAD,925.5695
2021-08-26,IDR,0.0808
2021-08-27,USD,1169.7815
2021-08-27,EUR,1375.78
2021-08-27,PLN,300.2117
2021-08-27,CNY,180.5604
2021-08-27,CAD,922.4755
2021-08-27,IDR,0.0811
2021-08-30,USD,1165.1809
2021-08-30,EUR,1375.03
2021-08-30,PLN,301.0268
2021-08-30,CNY,180.1027
2021-08-30,CAD,924.8873
2021-08-30,IDR,0.0813
2021-08-31,USD,1157.7066
2021-08-31,EUR,1370.03
2021-08-31,PLN,302.4616
2021-08-31,CNY,179.1709
2021-08-31,CAD,919.7301
2021-08-31,IDR,0.0812
2021-09-01,USD,1158.712
2021-09-01,EUR,1369.25
2021-09-01,PLN,303.7513
2021-09-01,CNY,179.172
2021-09-01,CAD,920.2567
2021-09-01,IDR,0.0812
2021-09-02,USD,1158.754
2021-09-02,EUR,1372.66
2021-09-02,PLN,304.5686
2021-09-02,CNY,179.4256
2021-09-02,CAD,918.5359
2021-09-02,IDR,0.0813
2021-09-03,USD,1157.3956
2021-09-03,EUR,1374.06
2021-09-03,PLN,304.7507
2021-09-03,CNY,179.4866
2021-09-03,CAD,923.4895
2021-09-03,IDR,0.0811
2021-09-06,USD,1156.8189
2021-09-06,EUR,1372.45
2021-09-06,PLN,303.5856
2021-09-06,CNY,179.1453
2021-09-06,CAD,922.1595
2021-09-06,IDR,0.0813
2021-09-07,USD,1163.7015
2021-09-07,EUR,1380.15
2021-09-07,PLN,305.4781
2021-09-07,CNY,180.0117
2021-09-07,CAD,924.0426
2021-09-07,IDR,0.0816
2021-09-08,USD,1165.0884
2021-09-08,EUR,1377.95
2021-09-08,PLN,305.0046
2021-09-08,CNY,180.4166
2021-09-08,CAD,919.737
2021-09-08,IDR,0.0817
2021-09-09,USD,1168.0436
2021-09-09,EUR,1382.73
2021-09-09,PLN,305.0028
2021-09-09,CNY,180.9809
2021-09-09,CAD,921.6971
2021-09-09,IDR,0.082
2021-09-10,USD,1165.9066
2021-09-10,EUR,1380.55
2021-09-10,PLN,303.9721
2021-09-10,CNY,181.108
2021-09-10,CAD,925.3636
2021-09-10,IDR,0.0821
2021-09-13,USD,1174.652
2021-09-13,EUR,1383.74
2021-09-13,PLN,303.9984
2021-09-13,CNY,181.9298
2021-09-13,CAD,926.7564
2021-09-13,IDR,0.0824
2021-09-14,USD,1170.3572
2021-09-14,EUR,1382.66
2021-09-14,PLN,303.6011
2021-09-14,CNY,181.5277
2021-09-14,CAD,924.7943
2021-09-14,IDR,0.082
2021-09-15,USD,1167.7689
2021-09-15,EUR,1380.77
2021-09-15,PLN,303.4593
2021-09-15,CNY,181.5155
2021-09-15,CAD,920.2679
2021-09-15,IDR,0.0821
2021-09-16,USD,1173.5442
2021-09-16,EUR,1380.44
2021-09-16,PLN,301.6498
2021-09-16,CNY,181.9984
2021-09-16,CAD,928.7762
2021-09-16,IDR,0.0823
2021-09-17,USD,1176.7912
2021-09-17,EUR,1386.26
2021-09-17,PLN,302.6504
2021-09-17,CNY,182.2971
2021-09-17,CAD,929.5648
2021-09-17,IDR,0.0827
2021-09-20,USD,1189.7532
2021-09-20,EUR,1393.32
2021-09-20,PLN,302.9154
2021-09-20,CNY,183.9949
2021-09-20,CAD,925.4251
2021-09-20,IDR,0.0832
2021-09-21,USD,1183.2084
2021-09-21,EUR,1388.85
2021-09-21,PLN,300.2205
2021-09-21,CNY,182.8758
2021-09-21,CAD,926.2087
2021-09-21,IDR,0.0831
2021-09-22,USD,1183.2808
2021-09-22,EUR,1387.87
2021-09-22,PLN,299.5942
2021-09-22,CNY,182.9756
2021-09-22,CAD,925.4318
2021-09-22,IDR,0.0831
2021-09-23,USD,1173.4784
2021-09-23,EUR,1374.73
2021-09-23,PLN,298.3549
2021-09-23,CNY,181.7392
2021-09-23,CAD,925.7441
2021-09-23,IDR,0.0825
2021-09-24,USD,1179.7423
2021-09-24,EUR,1382.54
2021-09-24,PLN,300.2454
2021-09-24,CNY,182.3859
2021-09-24,CAD,928.1907
2021-09-24,IDR,0.0826
2021-09-27,USD,1181.4327
2021-09-27,EUR,1382.04
2021-09-27,PLN,300.7377
2021-09-27,CNY,182.7878
2021-09-27,CAD,933.0543
2021-09-27,IDR,0.0829
2021-09-28,USD,1186.3418
2021-09-28,EUR,1385.41
2021-09-28,PLN,300.0282
2021-09-28,CNY,183.661
2021-09-28,CAD,937.6083
2021-09-28,IDR,0.083
2021-09-29,USD,1185.1725
2021-09-29,EUR,1381.2
2021-09-29,PLN,298.5733
2021-09-29,CNY,183.3119
2021-09-29,CAD,933.6849
2021-09-29,IDR,0.0829
2021-09-30,USD,1184.541
2021-09-30,EUR,1371.58
2021-09-30,PLN,296.8981
2021-09-30,CNY,183.2512
2021-09-30,CAD,929.8847
2021-09-30,IDR,0.0828
2021-10-01,USD,1182.1724
2021-10-01,EUR,1371.32
2021-10-01,PLN,299.245
2021-10-01,CNY,183.3781
2021-10-01,CAD,932.9977
2021-10-01,IDR,0.0828
2021-10-04,USD,1179.529
2021-10-04,EUR,1372.5
2021-10-04,PLN,300.4268
2021-10-04,CNY,182.9683
2021-10-04,CAD,935.7104
2021-10-04,IDR,0.0828
2021-10-05,USD,1186.1058
2021-10-05,EUR,1376.12
2021-10-05,PLN,299.1695
2021-10-05,CNY,183.961
2021-10-05,CAD,941.7739
2021-10-05,IDR,0.0834
2021-10-06,USD,1195.5554
2021-10-06,EUR,1379.91
2021-10-06,PLN,300.4703
2021-10-06,CNY,185.4543
2021-10-06,CAD,946.765
2021-10-06,IDR,0.0837
2021-10-07,USD,1189.9931
2021-10-07,EUR,1375.87
2021-10-07,PLN,302.6684
2021-10-07,CNY,184.5913
2021-10-07,CAD,945.9402
2021-10-07,IDR,0.0839
2021-10-08,USD,1194.3988
2021-10-08,EUR,1381.8
2021-10-08,PLN,299.2075
2021-10-08,CNY,185.2502
2021-10-08,CAD,953.0312
2021-10-08,IDR,0.0841
2021-10-11,USD,1195.2912
2021-10-11,EUR,1383.43
2021-10-11,PLN,301.3155
2021-10-11,CNY,185.3371
2021-10-11,CAD,958.6515
2021-10-11,IDR,0.0841
2021-10-12,USD,1197.2306
2021-10-12,EUR,1383.4
2021-10-12,PLN,302.0194
2021-10-12,CNY,185.6365
2021-10-12,CAD,961.0281
2021-10-12,IDR,0.0844
2021-10-13,USD,1191.9478
2021-10-13,EUR,1378.13
2021-10-13,PLN,301.0858
2021-10-13,CNY,185.0286
2021-10-13,CAD,957.9661
2021-10-13,IDR,0.0838
2021-10-14,USD,1185.5801
2021-10-14,EUR,1375.51
2021-10-14,PLN,301.033
2021-10-14,CNY,184.1798
2021-10-14,CAD,957.8093
2021-10-14,IDR,0.0841
2021-10-15,USD,1181.8738
2021-10-15,EUR,1371.21
2021-10-15,PLN,300.4141
2021-10-15,CNY,183.6532
2021-10-15,CAD,956.08
2021-10-15,IDR,0.0842
2021-10-18,USD,1187.4354
2021-10-18,EUR,1377.9
2021-10-18,PLN,300.9369
2021-10-18,CNY,184.663
2021-10-18,CAD,957.9394
2021-10-18,IDR,0.0842
2021-10-19,USD,1178.0009
2021-10-19,EUR,1372.96
2021-10-19,PLN,300.2384
2021-10-19,CNY,184.379
2021-10-19,CAD,954.1733
2021-10-19,IDR,0.0836
2021-10-20,USD,1173.8019
2021-10-20,EUR,1364.31
2021-10-20,PLN,297.5594
2021-10-20,CNY,183.6169
2021-10-20,CAD,950.8049
2021-10-20,IDR,0.0832
2021-10-21,USD,1177.795
2021-10-21,EUR,1370.6
2021-10-21,PLN,297.7623
2021-10-21,CNY,184.0646
2021-10-21,CAD,954.5233
2021-10-21,IDR,0.0833
2021-10-22,USD,1176.6036
2021-10-22,EUR,1368.39
2021-10-22,PLN,297.6378
2021-10-22,CNY,184.0793
2021-10-22,CAD,954.1803
2021-10-22,IDR,0.0829
2021-10-25,USD,1169.7837
2021-10-25,EUR,1357.3
2021-10-25,PLN,293.8706
2021-10-25,CNY,183.0676
2021-10-25,CAD,946.0514
2021-10-25,IDR,0.0825
2021-10-26,USD,1165.5276
2021-10-26,EUR,1354.11
2021-10-26,PLN,294.3142
2021-10-26,CNY,182.6817
2021-10-26,CAD,942.9079
2021-10-26,IDR,0.0825
2021-10-27,USD,1171.0769
2021-10-27,EUR,1360.44
2021-10-27,PLN,294.4229
2021-10-27,CNY,183.1996
2021-10-27,CAD,943.8324
2021-10-27,IDR,0.0824
2021-10-28,USD,1171.1291
2021-10-28,EUR,1357.69
2021-10-28,PLN,293.9232
2021-10-28,CNY,183.0536
2021-10-28,CAD,947.7766
2021-10-28,IDR,0.0824
2021-10-29,USD,1170.3907
2021-10-29,EUR,1362.92
2021-10-29,PLN,294.9086
2021-10-29,CNY,182.9718
2021-10-29,CAD,947.5909
2021-10-29,IDR,0.0823
2021-11-01,USD,1177.9927
2021-11-01,EUR,1363.88
2021-11-01,PLN,295.0525
2021-11-01,CNY,184.1165
2021-11-01,CAD,952.0977
2021-11-01,IDR,0.0825
2021-11-02,USD,1175.5322
2021-11-02,EUR,1363.97
2021-11-02,PLN,296.0133
2021-11-02,CNY,183.7269
2021-11-02,CAD,947.9255
2021-11-02,IDR,0.0823
2021-11-03,USD,1182.4581
2021-11-03,EUR,1369.05
2021-11-03,PLN,298.4305
2021-11-03,CNY,184.802
2021-11-03,CAD,951.6544
2021-11-03,IDR,0.0825
2021-11-04,USD,1183.62
2021-11-04,EUR,1369.33
2021-11-04,PLN,297.2475
2021-11-04,CNY,185.0871
2021-11-04,CAD,953.2405
2021-11-04,IDR,0.0824
2021-11-05,USD,1186.5179
2021-11-05,EUR,1366.75
2021-11-05,PLN,296.8808
2021-11-05,CNY,185.307
2021-11-05,CAD,953.0367
2021-11-05,IDR,0.0828
2021-11-08,USD,1181.8983
2021-11-08,EUR,1368.52
2021-11-08,PLN,297.7892
2021-11-08,CNY,184.8153
2021-11-08,CAD,949.6357
2021-11-08,IDR,0.0829
2021-11-09,USD,1176.8766
2021-11-09,EUR,1362.47
2021-11-09,PLN,296.6664
2021-11-09,CNY,184.1449
2021-11-09,CAD,946.3569
2021-11-09,IDR,0.0826
2021-11-10,USD,1178.9064
2021-11-10,EUR,1362.58
2021-11-10,PLN,295.4359
2021-11-10,CNY,184.4665
2021-11-10,CAD,948.1456
2021-11-10,IDR,0.0828
2021-11-11,USD,1180.7417
2021-11-11,EUR,1353.13
2021-11-11,PLN,292.278
2021-11-11,CNY,184.6218
2021-11-11,CAD,938.4354
2021-11-11,IDR,0.0828
2021-11-12,USD,1178.4591
2021-11-12,EUR,1349.1
2021-11-12,PLN,290.579
2021-11-12,CNY,184.6893
2021-11-12,CAD,935.8352
2021-11-12,IDR,0.0831
2021-11-15,USD,1179.972
2021-11-15,EUR,1350.36
2021-11-15,PLN,291.189
2021-11-15,CNY,184.8947
2021-11-15,CAD,942.0678
2021-11-15,IDR,0.0832
2021-11-16,USD,1181.3863
2021-11-16,EUR,1343.0
2021-11-16,PLN,288.538
2021-11-16,CNY,184.9175
2021-11-16,CAD,942.5884
2021-11-16,IDR,0.083
2021-11-17,USD,1181.8841
2021-11-17,EUR,1337.42
2021-11-17,PLN,287.1787
2021-11-17,CNY,185.3152
2021-11-17,CAD,941.4473
2021-11-17,IDR,0.083
2021-11-18,USD,1183.1291
2021-11-18,EUR,1342.26
2021-11-18,PLN,288.2551
2021-11-18,CNY,185.3464
2021-11-18,CAD,938.9717
2021-11-18,IDR,0.0832
2021-11-19,USD,1193.0086
2021-11-19,EUR,1344.64
2021-11-19,PLN,287.2058
2021-11-19,CNY,186.6855
2021-11-19,CAD,943.3422
2021-11-19,IDR,0.0835
2021-11-22,USD,1187.019
2021-11-22,EUR,1338.72
2021-11-22,PLN,284.931
2021-11-22,CNY,185.9979
2021-11-22,CAD,938.9914
2021-11-22,IDR,0.0833
2021-11-23,USD,1190.6919
2021-11-23,EUR,1340.6
2021-11-23,PLN,284.5137
2021-11-23,CNY,186.342
2021-11-23,CAD,935.9118
2021-11-23,IDR,0.0834
2021-11-24,USD,1188.2117
2021-11-24,EUR,1331.51
2021-11-24,PLN,284.4985
2021-11-24,CNY,185.9651
2021-11-24,CAD,935.9036
2021-11-24,IDR,0.0831
2021-11-25,USD,1191.3392
2021-11-25,EUR,1337.04
2021-11-25,PLN,286.5434
2021-11-25,CNY,186.5394
2021-11-25,CAD,940.0548
2021-11-25,IDR,0.0834
2021-11-26,USD,1194.6683
2021-11-26,EUR,1348.9
2021-11-26,PLN,286.2873
2021-11-26,CNY,186.9603
2021-11-26,CAD,936.9313
2021-11-26,IDR,0.083
2021-11-29,USD,1192.5594
2021-11-29,EUR,1344.73
2021-11-29,PLN,286.3443
2021-11-29,CNY,186.7629
2021-11-29,CAD,936.3111
2021-11-29,IDR,0.083
2021-11-30,USD,1188.3217
2021-11-30,EUR,1350.29
2021-11-30,PLN,289.5195
2021-11-30,CNY,186.517
2021-11-30,CAD,930.0799
2021-11-30,IDR,0.083
2021-12-01,USD,1176.0032
2021-12-01,EUR,1330.53
2021-12-01,PLN,287.477
2021-12-01,CNY,184.6292
2021-12-01,CAD,921.8666
2021-12-01,IDR,0.0819
2021-12-02,USD,1176.0914
2021-12-02,EUR,1333.57
2021-12-02,PLN,290.203
2021-12-02,CNY,184.4572
2021-12-02,CAD,918.0573
2021-12-02,IDR,0.0816
2021-12-03,USD,1181.5074
2021-12-03,EUR,1334.04
2021-12-03,PLN,290.495
2021-12-03,CNY,185.4508
2021-12-03,CAD,921.8713
2021-12-03,IDR,0.0819
2021-12-06,USD,1181.7223
2021-12-06,EUR,1333.81
2021-12-06,PLN,290.4386
2021-12-06,CNY,185.2874
2021-12-06,CAD,923.8831
2021-12-06,IDR,0.0818
2021-12-07,USD,1177.5942
2021-12-07,EUR,1325.5
2021-12-07,PLN,288.516
2021-12-07,CNY,184.9423
2021-12-07,CAD,929.6535
2021-12-07,IDR,0.0819
2021-12-08,USD,1175.5465
2021-12-08,EUR,1328.25
2021-12-08,PLN,288.9887
2021-12-08,CNY,185.1839
2021-12-08,CAD,930.0819
2021-12-08,IDR,0.082
2021-12-09,USD,1177.1019
2021-12-09,EUR,1331.42
2021-12-09,PLN,289.1563
2021-12-09,CNY,184.6271
2021-12-09,CAD,926.979
2021-12-09,IDR,0.0819
2021-12-10,USD,1181.0077
2021-12-10,EUR,1331.35
2021-12-10,PLN,288.6521
2021-12-10,CNY,185.3886
2021-12-10,CAD,928.417
2021-12-10,IDR,0.0822
2021-12-13,USD,1182.4792
2021-12-13,EUR,1333.6
2021-12-13,PLN,288.5269
2021-12-13,CNY,185.7977
2021-12-13,CAD,926.8835
2021-12-13,IDR,0.0825
2021-12-14,USD,1183.4026
2021-12-14,EUR,1338.31
2021-12-14,PLN,289.0518
2021-12-14,CNY,185.99
2021-12-14,CAD,923.6094
2021-12-14,IDR,0.0827
2021-12-15,USD,1185.7574
2021-12-15,EUR,1335.4
2021-12-15,PLN,288.5979
2021-12-15,CNY,186.2716
2021-12-15,CAD,921.2196
2021-12-15,IDR,0.0826
2021-12-16,USD,1183.2922
2021-12-16,EUR,1341.38
2021-12-16,PLN,289.8526
2021-12-16,CNY,185.8305
2021-12-16,CAD,926.1116
2021-12-16,IDR,0.0825
2021-12-17,USD,1185.1368
2021-12-17,EUR,1342.76
2021-12-17,PLN,289.7876
2021-12-17,CNY,185.8903
2021-12-17,CAD,924.3202
2021-12-17,IDR,0.0825
2021-12-20,USD,1191.697
2021-12-20,EUR,1343.4
2021-12-20,PLN,289.9195
2021-12-20,CNY,186.8896
2021-12-20,CAD,922.0949
2021-12-20,IDR,0.0827
2021-12-21,USD,1191.1377
2021-12-21,EUR,1345.39
2021-12-21,PLN,290.1111
2021-12-21,CNY,186.9506
2021-12-21,CAD,921.5631
2021-12-21,IDR,0.0834
2021-12-22,USD,1191.2663
2021-12-22,EUR,1346.25
2021-12-22,PLN,290.6412
2021-12-22,CNY,186.9818
2021-12-22,CAD,922.7843
2021-12-22,IDR,0.0836
2021-12-23,USD,1187.7011
2021-12-23,EUR,1343.29
2021-12-23,PLN,290.2528
2021-12-23,CNY,186.4231
2021-12-23,CAD,925.7684
2021-12-23,IDR,0.0837
2021-12-24,USD,1186.8693
2021-12-24,EUR,1343.18
2021-12-24,PLN,290.7945
2021-12-24,CNY,186.3871
2021-12-24,CAD,926.2033
2021-12-24,IDR,0.0837
2021-12-27,USD,1187.7652
2021-12-27,EUR,1343.6
2021-12-27,PLN,291.7698
2021-12-27,CNY,186.3859
2021-12-27,CAD,924.7711
2021-12-27,IDR,0.0835
2021-12-28,USD,1187.1326
2021-12-28,EUR,1345.14
2021-12-28,PLN,292.0218
2021-12-28,CNY,186.4133
2021-12-28,CAD,928.5152
2021-12-28,IDR,0.0834
2021-12-29,USD,1186.4638
2021-12-29,EUR,1341.06
2021-12-29,PLN,291.3005
2021-12-29,CNY,186.2739
2021-12-29,CAD,925.7628
2021-12-29,IDR,0.0832
2021-12-30,USD,1188.9536
2021-12-30,EUR,1347.56
2021-12-30,PLN,293.2028
2021-12-30,CNY,186.5651
2021-12-30,CAD,930.5711
2021-12-30,IDR,0.0834
2021-12-31,USD,1188.7515
2021-12-31,EUR,1346.38
2021-12-31,PLN,292.8887
2021-12-31,CNY,187.135
2021-12-31,CAD,935.4408
2021-12-31,IDR,0.0836
2022-01-03,USD,1192.7785
2022-01-03,EUR,1354.4
2022-01-03,PLN,295.1084
2022-01-03,CNY,187.6576
2022-01-03,CAD,939.251
2022-01-03,IDR,0.0836
2022-01-04,USD,1199.4946
2022-01-04,EUR,1352.91
2022-01-04,PLN,296.2555
2022-01-04,CNY,188.1027
2022-01-04,CAD,940.6967
2022-01-04,IDR,0.0835
2022-01-05,USD,1196.7577
2022-01-05,EUR,1354.61
2022-01-05,PLN,296.6343
2022-01-05,CNY,187.9132
2022-01-05,CAD,940.7667
2022-01-05,IDR,0.0833
2022-01-06,USD,1203.7649
2022-01-06,EUR,1362.06
2022-01-06,PLN,298.6057
2022-01-06,CNY,188.6849
2022-01-06,CAD,942.5368
2022-01-06,IDR,0.0836
2022-01-07,USD,1203.7175
2022-01-07,EUR,1359.96
2022-01-07,PLN,298.9186
2022-01-07,CNY,188.7261
2022-01-07,CAD,946.1249
2022-01-07,IDR,0.084
2022-01-10,USD,1197.8088
2022-01-10,EUR,1355.68
2022-01-10,PLN,299.0427
2022-01-10,CNY,187.9547
2022-01-10,CAD,946.2414
2022-01-10,IDR,0.0838
2022-01-11,USD,1193.4104
2022-01-11,EUR,1352.85
2022-01-11,PLN,297.7354
2022-01-11,CNY,187.2327
2022-01-11,CAD,944.1343
2022-01-11,IDR,0.0834
2022-01-12,USD,1190.2111
2022-01-12,EUR,1353.27
2022-01-12,PLN,298.3465
2022-01-12,CNY,186.97
2022-01-12,CAD,948.9307
2022-01-12,IDR,0.083
2022-01-13,USD,1185.7629
2022-01-13,EUR,1359.24
2022-01-13,PLN,299.6495
2022-01-13,CNY,186.4194
2022-01-13,CAD,950.2517
2022-01-13,IDR,0.083
2022-01-14,USD,1189.1937
2022-01-14,EUR,1361.27
2022-01-14,PLN,299.7468
2022-01-14,CNY,187.1728
2022-01-14,CAD,949.9442
2022-01-14,IDR,0.0831
2022-01-17,USD,1192.5721
2022-01-17,EUR,1359.89
2022-01-17,PLN,300.4883
2022-01-17,CNY,187.8249
2022-01-17,CAD,951.8373
2022-01-17,IDR,0.0832
2022-01-18,USD,1192.3375
2022-01-18,EUR,1355.33
2022-01-18,PLN,299.4543
2022-01-18,CNY,187.6876
2022-01-18,CAD,952.5794
2022-01-18,IDR,0.0831
2022-01-19,USD,1187.3953
2022-01-19,EUR,1347.1
2022-01-19,PLN,297.8399
2022-01-19,CNY,187.0894
2022-01-19,CAD,952.418
2022-01-19,IDR,0.0827
2022-01-20,USD,1189.9453
2022-01-20,EUR,1349.16
2022-01-20,PLN,298.3019
2022-01-20,CNY,187.55
2022-01-20,CAD,952.9312
2022-01-20,IDR,0.0829
2022-01-21,USD,1191.3024
2022-01-21,EUR,1351.89
2022-01-21,PLN,298.3119
2022-01-21,CNY,187.9034
2022-01-21,CAD,951.2983
2022-01-21,IDR,0.0832
2022-01-24,USD,1196.3995
2022-01-24,EUR,1352.41
2022-01-24,PLN,296.7634
2022-01-24,CNY,189.061
2022-01-24,CAD,947.7959
2022-01-24,IDR,0.0834
2022-01-25,USD,1198.7132
2022-01-25,EUR,1350.71
2022-01-25,PLN,295.2307
2022-01-25,CNY,189.374
2022-01-25,CAD,948.0663
2022-01-25,IDR,0.0835
2022-01-26,USD,1197.1535
2022-01-26,EUR,1350.03
2022-01-26,PLN,294.355
2022-01-26,CNY,189.3636
2022-01-26,CAD,952.5365
2022-01-26,IDR,0.0834
2022-01-27,USD,1204.7491
2022-01-27,EUR,1344.5
2022-01-27,PLN,294.8982
2022-01-27,CNY,189.2036
2022-01-27,CAD,949.4386
2022-01-27,IDR,0.0838
2022-01-28,USD,1211.5909
2022-01-28,EUR,1349.47
2022-01-28,PLN,294.9339
2022-01-28,CNY,190.4498
2022-01-28,CAD,947.7281
2022-01-28,IDR,0.0841
2022-01-31,USD,1209.2865
2022-01-31,EUR,1349.08
2022-01-31,PLN,293.9684
2022-01-31,CNY,190.1103
2022-01-31,CAD,947.8536
2022-01-31,IDR,0.0841
2022-02-01,USD,1202.1403
2022-02-01,EUR,1353.61
2022-02-01,PLN,295.5222
2022-02-01,CNY,188.9857
2022-02-01,CAD,946.6466
2022-02-01,IDR,0.0839
2022-02-02,USD,1200.4151
2022-02-02,EUR,1359.23
2022-02-02,PLN,299.0671
2022-02-02,CNY,188.7138
2022-02-02,CAD,948.5206
2022-02-02,IDR,0.0837
2022-02-03,USD,1203.6328
2022-02-03,EUR,1358.42
2022-02-03,PLN,299.7727
2022-02-03,CNY,189.2082
2022-02-03,CAD,947.6908
2022-02-03,IDR,0.0836
2022-02-04,USD,1198.5694
2022-02-04,EUR,1374.04
2022-02-04,PLN,302.1595
2022-02-04,CNY,188.4234
2022-02-04,CAD,942.2204
2022-02-04,IDR,0.0833
2022-02-07,USD,1198.3576
2022-02-07,EUR,1371.76
2022-02-07,PLN,301.937
2022-02-07,CNY,188.4105
2022-02-07,CAD,943.0496
2022-02-07,IDR,0.0832
2022-02-08,USD,1199.0533
2022-02-08,EUR,1367.88
2022-02-08,PLN,301.8803
2022-02-08,CNY,188.3198
2022-02-08,CAD,943.0403
2022-02-08,IDR,0.0833
2022-02-09,USD,1194.3332
2022-02-09,EUR,1365.72
2022-02-09,PLN,302.5856
2022-02-09,CNY,187.7046
2022-02-09,CAD,940.9673
2022-02-09,IDR,0.0833
2022-02-10,USD,1195.4891
2022-02-10,EUR,1367.52
2022-02-10,PLN,304.4278
2022-02-10,CNY,188.0476
2022-02-10,CAD,943.2473
2022-02-10,IDR,0.0834
2022-02-11,USD,1194.4294
2022-02-11,EUR,1363.68
2022-02-11,PLN,301.6724
2022-02-11,CNY,187.9279
2022-02-11,CAD,940.5987
2022-02-11,IDR,0.0835
2022-02-14,USD,1196.9777
2022-02-14,EUR,1354.5
2022-02-14,PLN,298.348
2022-02-14,CNY,188.2898
2022-02-14,CAD,938.6044
2022-02-14,IDR,0.0837
2022-02-15,USD,1196.5624
2022-02-15,EUR,1357.5
2022-02-15,PLN,301.4255
2022-02-15,CNY,188.6229
2022-02-15,CAD,940.5529
2022-02-15,IDR,0.0839
2022-02-16,USD,1197.0718
2022-02-16,EUR,1361.31
2022-02-16,PLN,302.7757
2022-02-16,CNY,188.806
2022-02-16,CAD,944.3049
2022-02-16,IDR,0.0839
2022-02-17,USD,1196.7458
2022-02-17,EUR,1360.7
2022-02-17,PLN,301.9416
2022-02-17,CNY,188.8288
2022-02-17,CAD,942.3783
2022-02-17,IDR,0.0835
2022-02-18,USD,1194.6891
2022-02-18,EUR,1356.45
2022-02-18,PLN,300.0929
2022-02-18,CNY,188.8154
2022-02-18,CAD,940.4118
2022-02-18,IDR,0.0832
2022-02-21,USD,1193.3498
2022-02-21,EUR,1353.02
2022-02-21,PLN,298.344
2022-02-21,CNY,188.3616
2022-02-21,CAD,936.0869
2022-02-21,IDR,0.0831
2022-02-22,USD,1193.2111
2022-02-22,EUR,1353.34
2022-02-22,PLN,297.7842
2022-02-22,CNY,188.5636
2022-02-22,CAD,937.1512
2022-02-22,IDR,0.0831
2022-02-23,USD,1190.2592
2022-02-23,EUR,1350.23
2022-02-23,PLN,296.8778
2022-02-23,CNY,188.3981
2022-02-23,CAD,938.0506
2022-02-23,IDR,0.083
2022-02-24,USD,1207.2919
2022-02-24,EUR,1347.7
2022-02-24,PLN,289.4918
2022-02-24,CNY,190.8896
2022-02-24,CAD,941.3942
2022-02-24,IDR,0.0838
2022-02-25,USD,1200.4636
2022-02-25,EUR,1346.44
2022-02-25,PLN,290.375
2022-02-25,CNY,190.1
2022-02-25,CAD,939.9232
2022-02-25,IDR,0.0837
2022-02-28,USD,1203.3396
2022-02-28,EUR,1347.62
2022-02-28,PLN,287.7378
2022-02-28,CNY,190.6919
2022-02-28,CAD,944.7701
2022-02-28,IDR,0.0837
2022-03-01,USD,1202.831
2022-03-01,EUR,1342.6
2022-03-01,PLN,280.0175
2022-03-01,CNY,190.5424
2022-03-01,CAD,948.2978
2022-03-01,IDR,0.0837
2022-03-02,USD,1205.6456
2022-03-02,EUR,1338.99
2022-03-02,PLN,278.8343
2022-03-02,CNY,190.8671
2022-03-02,CAD,950.4472
2022-03-02,IDR,0.0838
2022-03-03,USD,1204.5865
2022-03-03,EUR,1334.2
2022-03-03,PLN,279.7593
2022-03-03,CNY,190.6109
2022-03-03,CAD,953.5449
2022-03-03,IDR,0.0837
2022-03-04,USD,1218.9862
2022-03-04,EUR,1332.23
2022-03-04,PLN,274.5168
2022-03-04,CNY,192.8951
2022-03-04,CAD,955.8944
2022-03-04,IDR,0.0847
2022-03-07,USD,1228.4993
2022-03-07,EUR,1338.45
2022-03-07,PLN,270.2574
2022-03-07,CNY,194.4122
2022-03-07,CAD,965.414
2022-03-07,IDR,0.0853
2022-03-08,USD,1234.585
2022-03-08,EUR,1344.71
2022-03-08,PLN,273.855
2022-03-08,CNY,195.4378
2022-03-08,CAD,962.0189
2022-03-08,IDR,0.086
2022-03-09,USD,1234.4947
2022-03-09,EUR,1357.08
2022-03-09,PLN,281.5752
2022-03-09,CNY,195.3926
2022-03-09,CAD,961.9223
2022-03-09,IDR,0.0864
2022-03-10,USD,1227.4269
2022-03-10,EUR,1360.48
2022-03-10,PLN,282.0291
2022-03-10,CNY,194.1795
2022-03-10,CAD,958.8273
2022-03-10,IDR,0.086
2022-03-11,USD,1232.0655
2022-03-11,EUR,1354.04
2022-03-11,PLN,283.1535
2022-03-11,CNY,194.4538
2022-03-11,CAD,965.5163
2022-03-11,IDR,0.0863
2022-03-14,USD,1238.8412
2022-03-14,EUR,1357.77
2022-03-14,PLN,287.5535
2022-03-14,CNY,194.6959
2022-03-14,CAD,971.3621
2022-03-14,IDR,0.0866
2022-03-15,USD,1242.8805
2022-03-15,EUR,1366.05
2022-03-15,PLN,288.4701
2022-03-15,CNY,194.8244
2022-03-15,CAD,968.8985
2022-03-15,IDR,0.087
2022-03-16,USD,1231.3717
2022-03-16,EUR,1353.77
2022-03-16,PLN,289.4836
2022-03-16,CNY,193.9026
2022-03-16,CAD,969.2633
2022-03-16,IDR,0.0863
2022-03-17,USD,1212.578
2022-03-17,EUR,1340.02
2022-03-17,PLN,285.7856
2022-03-17,CNY,190.9513
2022-03-17,CAD,957.2939
2022-03-17,IDR,0.0846
2022-03-18,USD,1214.8528
2022-03-18,EUR,1337.31
2022-03-18,PLN,283.7191
2022-03-18,CNY,190.9597
2022-03-18,CAD,961.3328
2022-03-18,IDR,0.0847
2022-03-21,USD,1216.3617
2022-03-21,EUR,1342.62
2022-03-21,PLN,285.9072
2022-03-21,CNY,191.3873
2022-03-21,CAD,966.0527
2022-03-21,IDR,0.0848
2022-03-22,USD,1218.9858
2022-03-22,EUR,1343.81
2022-03-22,PLN,286.8263
2022-03-22,CNY,191.5979
2022-03-22,CAD,969.0705
2022-03-22,IDR,0.085
2022-03-23,USD,1217.8061
2022-03-23,EUR,1337.76
2022-03-23,PLN,284.3152
2022-03-23,CNY,191.1004
2022-03-23,CAD,966.5896
2022-03-23,IDR,0.0847
2022-03-24,USD,1222.9277
2022-03-24,EUR,1342.53
2022-03-24,PLN,283.1087
2022-03-24,CNY,191.9737
2022-03-24,CAD,972.425
2022-03-24,IDR,0.0851
2022-03-25,USD,1220.978
2022-03-25,EUR,1343.32
2022-03-25,PLN,283.958
2022-03-25,CNY,191.8837
2022-03-25,CAD,974.7624
2022-03-25,IDR,0.0851
2022-03-28,USD,1224.2294
2022-03-28,EUR,1342.49
2022-03-28,PLN,284.5464
2022-03-28,CNY,192.1631
2022-03-28,CAD,979.7767
2022-03-28,IDR,0.0853
2022-03-29,USD,1213.9107
2022-03-29,EUR,1345.62
2022-03-29,PLN,288.7968
2022-03-29,CNY,190.7328
2022-03-29,CAD,970.1658
2022-03-29,IDR,0.0846
2022-03-30,USD,1210.6507
2022-03-30,EUR,1346.97
2022-03-30,PLN,288.5602
2022-03-30,CNY,190.6108
2022-03-30,CAD,969.671
2022-03-30,IDR,0.0844
2022-03-31,USD,1213.7375
2022-03-31,EUR,1347.37
2022-03-31,PLN,289.5639
2022-03-31,CNY,191.3796
2022-03-31,CAD,969.61
2022-03-31,IDR,0.0845
2022-04-01,USD,1217.5262
2022-04-01,EUR,1345.61
2022-04-01,PLN,289.9959
2022-04-01,CNY,191.3797
2022-04-01,CAD,974.7265
2022-04-01,IDR,0.0847
2022-04-04,USD,1216.1836
2022-04-04,EUR,1338.41
2022-04-04,PLN,288.6059
2022-04-04,CNY,191.1304
2022-04-04,CAD,973.4599
2022-04-04,IDR,0.0848
2022-04-05,USD,1213.2464
2022-04-05,EUR,1330.81
2022-04-05,PLN,287.6494
2022-04-05,CNY,190.7069
2022-04-05,CAD,975.1667
2022-04-05,IDR,0.0846
2022-04-06,USD,1218.017
2022-04-06,EUR,1330.44
2022-04-06,PLN,287.1784
2022-04-06,CNY,191.4357
2022-04-06,CAD,974.8956
2022-04-06,IDR,0.0848
2022-04-07,USD,1219.2378
2022-04-07,EUR,1330.92
2022-04-07,PLN,287.0218
2022-04-07,CNY,191.6427
2022-04-07,CAD,971.1909
2022-04-07,IDR,0.0848
2022-04-08,USD,1227.4376
2022-04-08,EUR,1333.12
2022-04-08,PLN,287.0814
2022-04-08,CNY,192.8843
2022-04-08,CAD,974.8592
2022-04-08,IDR,0.0854
2022-04-11,USD,1234.156
2022-04-11,EUR,1345.23
2022-04-11,PLN,289.5708
2022-04-11,CNY,193.8232
2022-04-11,CAD,979.2037
2022-04-11,IDR,0.0859
2022-04-12,USD,1229.6197
2022-04-12,EUR,1335.49
2022-04-12,PLN,286.8813
2022-04-12,CNY,192.9927
2022-04-12,CAD,973.1055
2022-04-12,IDR,0.0856
2022-04-13,USD,1227.1107
2022-04-13,EUR,1328.47
2022-04-13,PLN,285.9815
2022-04-13,CNY,192.7022
2022-04-13,CAD,969.6861
2022-04-13,IDR,0.0854
2022-04-14,USD,1226.9811
2022-04-14,EUR,1334.71
2022-04-14,PLN,287.1703
2022-04-14,CNY,192.5433
2022-04-14,CAD,976.8792
2022-04-14,IDR,0.0854
2022-04-19,USD,1239.8963
2022-04-19,EUR,1339.46
2022-04-19,PLN,287.728
2022-04-19,CNY,194.1021
2022-04-19,CAD,982.6572
2022-04-19,IDR,0.0864
2022-04-20,USD,1235.3555
2022-04-20,EUR,1337.89
2022-04-20,PLN,288.7242
2022-04-20,CNY,192.6463
2022-04-20,CAD,985.264
2022-04-20,IDR,0.0861
2022-04-21,USD,1238.4771
2022-04-21,EUR,1348.33
2022-04-21,PLN,291.216
2022-04-21,CNY,191.9932
2022-04-21,CAD,991.4191
2022-04-21,IDR,0.0863
2022-04-22,USD,1242.5257
2022-04-22,EUR,1344.04
2022-04-22,PLN,290.0639
2022-04-22,CNY,191.0994
2022-04-22,CAD,980.0496
2022-04-22,IDR,0.0861
2022-04-25,USD,1251.1539
2022-04-25,EUR,1344.49
2022-04-25,PLN,289.7733
2022-04-25,CNY,190.9841
2022-04-25,CAD,980.7353
2022-04-25,IDR,0.0866
2022-04-26,USD,1255.4057
2022-04-26,EUR,1340.02
2022-04-26,PLN,288.3872
2022-04-26,CNY,191.8782
2022-04-26,CAD,984.3679
2022-04-26,IDR,0.0872
2022-04-27,USD,1268.0525
2022-04-27,EUR,1341.98
2022-04-27,PLN,285.2667
2022-04-27,CNY,193.433
2022-04-27,CAD,988.7857
2022-04-27,IDR,0.0879
2022-04-28,USD,1275.9371
2022-04-28,EUR,1337.82
2022-04-28,PLN,285.3042
2022-04-28,CNY,192.8222
2022-04-28,CAD,991.1246
2022-04-28,IDR,0.0879
2022-04-29,USD,1258.7381
2022-04-29,EUR,1326.71
2022-04-29,PLN,283.6062
2022-04-29,CNY,191.0557
2022-04-29,CAD,988.1648
2022-04-29,IDR,0.0867
2022-05-02,USD,1267.3033
2022-05-02,EUR,1333.71
2022-05-02,PLN,284.6766
2022-05-02,CNY,191.7683
2022-05-02,CAD,983.5619
2022-05-02,IDR,0.0872
2022-05-03,USD,1265.2899
2022-05-03,EUR,1335.64
2022-05-03,PLN,284.6329
2022-05-03,CNY,191.4649
2022-05-03,CAD,984.2594
2022-05-03,IDR,0.0874
2022-05-04,USD,1264.3149
2022-05-04,EUR,1331.45
2022-05-04,PLN,284.0427
2022-05-04,CNY,191.3168
2022-05-04,CAD,986.4054
2022-05-04,IDR,0.0876
2022-05-05,USD,1259.3584
2022-05-05,EUR,1330.89
2022-05-05,PLN,285.152
2022-05-05,CNY,190.2794
2022-05-05,CAD,987.0874
2022-05-05,IDR,0.0873
2022-05-06,USD,1271.4286
2022-05-06,EUR,1343.9
2022-05-06,PLN,285.7659
2022-05-06,CNY,190.6079
2022-05-06,CAD,991.0767
2022-05-06,IDR,0.0878
2022-05-09,USD,1274.2495
2022-05-09,EUR,1345.48
2022-05-09,PLN,286.3637
2022-05-09,CNY,189.809
2022-05-09,CAD,985.2665
2022-05-09,IDR,0.0876
2022-05-10,USD,1275.8764
2022-05-10,EUR,1346.56
2022-05-10,PLN,287.9542
2022-05-10,CNY,189.7445
2022-05-10,CAD,982.3886
2022-05-10,IDR,0.0877
2022-05-11,USD,1273.562
2022-05-11,EUR,1343.99
2022-05-11,PLN,288.5647
2022-05-11,CNY,189.5801
2022-05-11,CAD,982.0899
2022-05-11,IDR,0.0878
2022-05-12,USD,1289.3736
2022-05-12,EUR,1341.98
2022-05-12,PLN,287.485
2022-05-12,CNY,189.8375
2022-05-12,CAD,989.0043
2022-05-12,IDR,0.088
2022-05-13,USD,1281.4925
2022-05-13,EUR,1330.83
2022-05-13,PLN,283.862
2022-05-13,CNY,188.7354
2022-05-13,CAD,985.435
2022-05-13,IDR,0.0876
2022-05-16,USD,1283.7267
2022-05-16,EUR,1337.9
2022-05-16,PLN,286.6417
2022-05-16,CNY,189.0063
2022-05-16,CAD,993.0231
2022-05-16,IDR,0.0875
2022-05-17,USD,1265.212
2022-05-17,EUR,1333.66
2022-05-17,PLN,286.8826
2022-05-17,CNY,188.107
2022-05-17,CAD,986.6538
2022-05-17,IDR,0.0864
2022-05-18,USD,1266.521
2022-05-18,EUR,1332.76
2022-05-18,PLN,286.9668
2022-05-18,CNY,187.7867
2022-05-18,CAD,988.1079
2022-05-18,IDR,0.0863
2022-05-19,USD,1276.209
2022-05-19,EUR,1343.21
2022-05-19,PLN,289.3415
2022-05-19,CNY,189.1099
2022-05-19,CAD,995.7079
2022-05-19,IDR,0.0871
2022-05-20,USD,1267.4482
2022-05-20,EUR,1340.58
2022-05-20,PLN,289.1362
2022-05-20,CNY,189.7817
2022-05-20,CAD,991.1134
2022-05-20,IDR,0.0865
2022-05-23,USD,1261.0845
2022-05-23,EUR,1344.19
2022-05-23,PLN,290.8873
2022-05-23,CNY,189.7234
2022-05-23,CAD,986.4891
2022-05-23,IDR,0.0861
2022-05-24,USD,1262.7332
2022-05-24,EUR,1353.65
2022-05-24,PLN,294.1758
2022-05-24,CNY,189.4568
2022-05-24,CAD,987.057
2022-05-24,IDR,0.0862
2022-05-25,USD,1271.2181
2022-05-25,EUR,1354.61
2022-05-25,PLN,293.1422
2022-05-25,CNY,189.8968
2022-05-25,CAD,987.3251
2022-05-25,IDR,0.0869
2022-05-26,USD,1264.5508
2022-05-26,EUR,1352.69
2022-05-26,PLN,293.5334
2022-05-26,CNY,187.811
2022-05-26,CAD,986.2851
2022-05-26,IDR,0.0866
2022-05-27,USD,1253.1524
2022-05-27,EUR,1343.63
2022-05-27,PLN,292.998
2022-05-27,CNY,187.0543
2022-05-27,CAD,983.5517
2022-05-27,IDR,0.0862
2022-05-30,USD,1237.1423
2022-05-30,EUR,1331.66
2022-05-30,PLN,290.4067
2022-05-30,CNY,185.636
2022-05-30,CAD,975.7896
2022-05-30,IDR,0.0849
2022-05-31,USD,1240.8476
2022-05-31,EUR,1329.32
2022-05-31,PLN,290.2129
2022-05-31,CNY,186.1741
2022-05-31,CAD,979.3855
2022-05-31,IDR,0.0853
2022-06-01,USD,1242.9425
2022-06-01,EUR,1331.44
2022-06-01,PLN,289.9919
2022-06-01,CNY,185.9917
2022-06-01,CAD,983.6288
2022-06-01,IDR,0.0855
2022-06-02,USD,1247.7179
2022-06-02,EUR,1334.06
2022-06-02,PLN,291.3622
2022-06-02,CNY,186.9741
2022-06-02,CAD,986.7308
2022-06-02,IDR,0.0862
2022-06-03,USD,1246.4119
2022-06-03,EUR,1337.4
2022-06-03,PLN,291.0238
2022-06-03,CNY,187.1406
2022-06-03,CAD,991.8422
2022-06-03,IDR,0.0863
2022-06-06,USD,1250.3543
2022-06-06,EUR,1341.13
2022-06-06,PLN,292.772
2022-06-06,CNY,188.3001
2022-06-06,CAD,996.1598
2022-06-06,IDR,0.0867
2022-06-07,USD,1257.5033
2022-06-07,EUR,1340.75
2022-06-07,PLN,292.6571
2022-06-07,CNY,188.4505
2022-06-07,CAD,997.8046
2022-06-07,IDR,0.087
2022-06-08,USD,1256.4857
2022-06-08,EUR,1349.34
2022-06-08,PLN,295.2733
2022-06-08,CNY,187.9696
2022-06-08,CAD,1001.9603
2022-06-08,IDR,0.0866
2022-06-09,USD,1255.6921
2022-06-09,EUR,1348.99
2022-06-09,PLN,293.7376
2022-06-09,CNY,188.0859
2022-06-09,CAD,998.8079
2022-06-09,IDR,0.0862
2022-06-10,USD,1270.7979
2022-06-10,EUR,1344.25
2022-06-10,PLN,291.892
2022-06-10,CNY,189.6836
2022-06-10,CAD,996.9223
2022-06-10,IDR,0.0873
2022-06-13,USD,1291.1813
2022-06-13,EUR,1349.93
2022-06-13,PLN,291.1026
2022-06-13,CNY,191.6589
2022-06-13,CAD,1004.786
2022-06-13,IDR,0.0878
2022-06-14,USD,1288.4807
2022-06-14,EUR,1346.72
2022-06-14,PLN,289.2254
2022-06-14,CNY,191.2493
2022-06-14,CAD,995.9473
2022-06-14,IDR,0.0874
2022-06-15,USD,1291.2089
2022-06-15,EUR,1346.86
2022-06-15,PLN,288.4686
2022-06-15,CNY,192.3728
2022-06-15,CAD,997.8219
2022-06-15,IDR,0.0877
2022-06-16,USD,1295.0769
2022-06-16,EUR,1346.88
2022-06-16,PLN,285.7313
2022-06-16,CNY,192.8412
2022-06-16,CAD,1001.6957
2022-06-16,IDR,0.0873
2022-06-17,USD,1293.4103
2022-06-17,EUR,1356.27
2022-06-17,PLN,288.5497
2022-06-17,CNY,192.9041
2022-06-17,CAD,994.9894
2022-06-17,IDR,0.0873
2022-06-20,USD,1290.8054
2022-06-20,EUR,1357.54
2022-06-20,PLN,291.8186
2022-06-20,CNY,192.9804
2022-06-20,CAD,993.6613
2022-06-20,IDR,0.0871
2022-06-21,USD,1293.9242
2022-06-21,EUR,1365.09
2022-06-21,PLN,293.9787
2022-06-21,CNY,193.1367
2022-06-21,CAD,999.3338
2022-06-21,IDR,0.0873
2022-06-22,USD,1301.4827
2022-06-22,EUR,1369.29
2022-06-22,PLN,291.9284
2022-06-22,CNY,193.9394
2022-06-22,CAD,1002.4085
2022-06-22,IDR,0.0877
2022-06-23,USD,1302.9734
2022-06-23,EUR,1367.21
2022-06-23,PLN,290.3706
2022-06-23,CNY,194.297
2022-06-23,CAD,1005.3015
2022-06-23,IDR,0.0877
2022-06-24,USD,1296.1707
2022-06-24,EUR,1364.09
2022-06-24,PLN,290.09
2022-06-24,CNY,193.5483
2022-06-24,CAD,998.8211
2022-06-24,IDR,0.0873
2022-06-27,USD,1284.2225
2022-06-27,EUR,1357.68
2022-06-27,PLN,288.9296
2022-06-27,CNY,191.9335
2022-06-27,CAD,995.4395
2022-06-27,IDR,0.0868
2022-06-28,USD,1289.4139
2022-06-28,EUR,1361.75
2022-06-28,PLN,290.3209
2022-06-28,CNY,192.4055
2022-06-28,CAD,1003.8703
2022-06-28,IDR,0.0869
2022-06-29,USD,1296.9668
2022-06-29,EUR,1364.02
2022-06-29,PLN,291.0282
2022-06-29,CNY,193.8024
2022-06-29,CAD,1009.4132
2022-06-29,IDR,0.0874
2022-06-30,USD,1301.2419
2022-06-30,EUR,1351.6
2022-06-30,PLN,288.1631
2022-06-30,CNY,194.1285
2022-06-30,CAD,1006.7784
2022-06-30,IDR,0.0869
2022-07-01,USD,1297.4388
2022-07-01,EUR,1352.58
2022-07-01,PLN,286.758
2022-07-01,CNY,193.5852
2022-07-01,CAD,1002.5052
2022-07-01,IDR,0.0866
2022-07-04,USD,1294.5002
2022-07-04,EUR,1353.4
2022-07-04,PLN,287.3461
2022-07-04,CNY,193.4064
2022-07-04,CAD,1007.3688
2022-07-04,IDR,0.0863
2022-07-05,USD,1310.9524
2022-07-05,EUR,1348.97
2022-07-05,PLN,284.3049
2022-07-05,CNY,195.4208
2022-07-05,CAD,1009.4059
2022-07-05,IDR,0.0871
2022-07-06,USD,1308.529
2022-07-06,EUR,1331.69
2022-07-06,PLN,279.1218
2022-07-06,CNY,195.008
2022-07-06,CAD,1003.2319
2022-07-06,IDR,0.0871
2022-07-07,USD,1301.2377
2022-07-07,EUR,1324.66
2022-07-07,PLN,277.5843
2022-07-07,CNY,194.1463
2022-07-07,CAD,1001.4818
2022-07-07,IDR,0.0868
2022-07-08,USD,1300.4133
2022-07-08,EUR,1321.61
2022-07-08,PLN,277.4743
2022-07-08,CNY,194.0833
2022-07-08,CAD,1001.1439
2022-07-08,IDR,0.0869
2022-07-11,USD,1307.546
2022-07-11,EUR,1320.36
2022-07-11,PLN,275.2585
2022-07-11,CNY,194.7635
2022-07-11,CAD,1004.8402
2022-07-11,IDR,0.0873
2022-07-12,USD,1309.5997
2022-07-12,EUR,1315.1
2022-07-12,PLN,272.8989
2022-07-12,CNY,194.7777
2022-07-12,CAD,1004.3531
2022-07-12,IDR,0.0874
2022-07-13,USD,1302.6721
2022-07-13,EUR,1311.4
2022-07-13,PLN,271.8491
2022-07-13,CNY,193.6446
2022-07-13,CAD,1003.1362
2022-07-13,IDR,0.0867
2022-07-14,USD,1321.6292
2022-07-14,EUR,1322.29
2022-07-14,PLN,274.6417
2022-07-14,CNY,195.553
2022-07-14,CAD,1004.627
2022-07-14,IDR,0.0875
2022-07-15,USD,1325.9668
2022-07-15,EUR,1333.79
2022-07-15,PLN,278.1453
2022-07-15,CNY,196.3101
2022-07-15,CAD,1014.5204
2022-07-15,IDR,0.0884
2022-07-18,USD,1316.0892
2022-07-18,EUR,1333.33
2022-07-18,PLN,279.1729
2022-07-18,CNY,195.3139
2022-07-18,CAD,1013.8621
2022-07-18,IDR,0.088
2022-07-19,USD,1308.2772
2022-07-19,EUR,1340.33
2022-07-19,PLN,281.5938
2022-07-19,CNY,194.0707
2022-07-19,CAD,1010.5021
2022-07-19,IDR,0.0873
2022-07-20,USD,1311.5109
2022-07-20,EUR,1337.61
2022-07-20,PLN,279.7177
2022-07-20,CNY,194.1604
2022-07-20,CAD,1018.5882
2022-07-20,IDR,0.0876
2022-07-21,USD,1311.3737
2022-07-21,EUR,1337.47
2022-07-21,PLN,280.9221
2022-07-21,CNY,193.7239
2022-07-21,CAD,1014.9264
2022-07-21,IDR,0.0872
2022-07-22,USD,1310.7556
2022-07-22,EUR,1335.66
2022-07-22,PLN,281.1442
2022-07-22,CNY,193.99
2022-07-22,CAD,1019.1988
2022-07-22,IDR,0.0874
2022-07-25,USD,1310.3263
2022-07-25,EUR,1341.25
2022-07-25,PLN,284.8874
2022-07-25,CNY,194.1196
2022-07-25,CAD,1018.5677
2022-07-25,IDR,0.0876
2022-07-26,USD,1310.401
2022-07-26,EUR,1326.65
2022-07-26,PLN,279.7659
2022-07-26,CNY,193.8102
2022-07-26,CAD,1017.7599
2022-07-26,IDR,0.0874
2022-07-27,USD,1314.0169
2022-07-27,EUR,1333.99
2022-07-27,PLN,278.042
2022-07-27,CNY,194.6465
2022-07-27,CAD,1022.2929
2022-07-27,IDR,0.0877
2022-07-28,USD,1304.5347
2022-07-28,EUR,1320.45
2022-07-28,PLN,275.622
2022-07-28,CNY,193.2602
2022-07-28,CAD,1016.8258
2022-07-28,IDR,0.0874
2022-07-29,USD,1303.5889
2022-07-29,EUR,1329.4
2022-07-29,PLN,280.6121
2022-07-29,CNY,193.4939
2022-07-29,CAD,1014.8092
2022-07-29,IDR,0.0877
2022-08-01,USD,1302.9415
2022-08-01,EUR,1333.3
2022-08-01,PLN,281.6434
2022-08-01,CNY,192.9383
2022-08-01,CAD,1019.6543
2022-08-01,IDR,0.0877
2022-08-02,USD,1309.82
2022-08-02,EUR,1339.16
2022-08-02,PLN,284.5462
2022-08-02,CNY,193.7526
2022-08-02,CAD,1018.3726
2022-08-02,IDR,0.0881
2022-08-03,USD,1310.6043
2022-08-03,EUR,1336.03
2022-08-03,PLN,284.8071
2022-08-03,CNY,194.1058
2022-08-03,CAD,1021.0394
2022-08-03,IDR,0.088
2022-08-04,USD,1309.9892
2022-08-04,EUR,1333.7
2022-08-04,PLN,282.3661
2022-08-04,CNY,193.9391
2022-08-04,CAD,1020.4285
2022-08-04,IDR,0.0877
2022-08-05,USD,1294.3712
2022-08-05,EUR,1324.53
2022-08-05,PLN,281.3061
2022-08-05,CNY,191.7719
2022-08-05,CAD,1004.5734
2022-08-05,IDR,0.0869
2022-08-08,USD,1303.9808
2022-08-08,EUR,1329.93
2022-08-08,PLN,282.7052
2022-08-08,CNY,192.9364
2022-08-08,CAD,1012.5857
2022-08-08,IDR,0.0878
2022-08-09,USD,1306.1755
2022-08-09,EUR,1336.74
2022-08-09,PLN,283.8993
2022-08-09,CNY,193.4333
2022-08-09,CAD,1015.5284
2022-08-09,IDR,0.088
2022-08-10,USD,1311.1198
2022-08-10,EUR,1344.16
2022-08-10,PLN,285.6087
2022-08-10,CNY,194.181
2022-08-10,CAD,1017.7633
2022-08-10,IDR,0.0883
2022-08-11,USD,1300.6578
2022-08-11,EUR,1344.62
2022-08-11,PLN,287.1402
2022-08-11,CNY,193.004
2022-08-11,CAD,1018.4972
2022-08-11,IDR,0.0884
2022-08-12,USD,1305.3865
2022-08-12,EUR,1342.59
2022-08-12,PLN,287.0438
2022-08-12,CNY,193.5907
2022-08-12,CAD,1021.1363
2022-08-12,IDR,0.0889
2022-08-15,USD,1310.7896
2022-08-15,EUR,1336.35
2022-08-15,PLN,285.1914
2022-08-15,CNY,193.5337
2022-08-15,CAD,1014.9237
2022-08-15,IDR,0.0888
2022-08-16,USD,1312.4667
2022-08-16,EUR,1329.66
2022-08-16,PLN,282.6478
2022-08-16,CNY,193.3573
2022-08-16,CAD,1016.8706
2022-08-16,IDR,0.0888
2022-08-17,USD,1315.4467
2022-08-17,EUR,1337.02
2022-08-17,PLN,284.001
2022-08-17,CNY,194.0044
2022-08-17,CAD,1019.3032
2022-08-17,IDR,0.089
2022-08-18,USD,1321.291
2022-08-18,EUR,1344.81
2022-08-18,PLN,284.6761
2022-08-18,CNY,194.7307
2022-08-18,CAD,1025.1639
2022-08-18,IDR,0.0891
2022-08-19,USD,1336.1747
2022-08-19,EUR,1343.39
2022-08-19,PLN,282.7594
2022-08-19,CNY,196.0266
2022-08-19,CAD,1028.4719
2022-08-19,IDR,0.0898
2022-08-22,USD,1344.0756
2022-08-22,EUR,1344.21
2022-08-22,PLN,282.1599
2022-08-22,CNY,196.3583
2022-08-22,CAD,1034.8834
2022-08-22,IDR,0.0902
2022-08-23,USD,1341.8958
2022-08-23,EUR,1332.1
2022-08-23,PLN,278.752
2022-08-23,CNY,196.0354
2022-08-23,CAD,1030.3991
2022-08-23,IDR,0.0904
2022-08-24,USD,1341.6952
2022-08-24,EUR,1332.84
2022-08-24,PLN,279.609
2022-08-24,CNY,195.3738
2022-08-24,CAD,1032.5689
2022-08-24,IDR,0.0903
2022-08-25,USD,1335.988
2022-08-25,EUR,1331.98
2022-08-25,PLN,279.9571
2022-08-25,CNY,194.9705
2022-08-25,CAD,1034.0657
2022-08-25,IDR,0.0903
2022-08-26,USD,1332.5272
2022-08-26,EUR,1333.46
2022-08-26,PLN,280.8171
2022-08-26,CNY,194.1809
2022-08-26,CAD,1030.1761
2022-08-26,IDR,0.0899
2022-08-29,USD,1349.3591
2022-08-29,EUR,1347.47
2022-08-29,PLN,283.9768
2022-08-29,CNY,195.1611
2022-08-29,CAD,1034.4465
2022-08-29,IDR,0.0906
2022-08-30,USD,1346.3424
2022-08-30,EUR,1350.92
2022-08-30,PLN,285.468
2022-08-30,CNY,195.1266
2022-08-30,CAD,1035.4258
2022-08-30,IDR,0.0908
2022-08-31,USD,1342.79
2022-08-31,EUR,1342.79
2022-08-31,PLN,283.99
2022-08-31,CNY,194.7568
2022-08-31,CAD,1024.1705
2022-08-31,IDR,0.0904
2022-09-01,USD,1353.1487
2022-09-01,EUR,1353.69
2022-09-01,PLN,287.2369
2022-09-01,CNY,196.1386
2022-09-01,CAD,1027.9368
2022-09-01,IDR,0.091
2022-09-02,USD,1361.7933
2022-09-02,EUR,1360.84
2022-09-02,PLN,289.1528
2022-09-02,CNY,197.1346
2022-09-02,CAD,1036.3567
2022-09-02,IDR,0.0914
2022-09-05,USD,1370.9476
2022-09-05,EUR,1359.98
2022-09-05,PLN,287.1579
2022-09-05,CNY,197.7635
2022-09-05,CAD,1042.6896
2022-09-05,IDR,0.092
2022-09-06,USD,1376.5612
2022-09-06,EUR,1366.65
2022-09-06,PLN,290.3565
2022-09-06,CNY,197.8043
2022-09-06,CAD,1048.9293
2022-09-06,IDR,0.0924
2022-09-07,USD,1390.4299
2022-09-07,EUR,1374.44
2022-09-07,PLN,290.6407
2022-09-07,CNY,199.2866
2022-09-07,CAD,1054.2609
2022-09-07,IDR,0.093
2022-09-08,USD,1380.4576
2022-09-08,EUR,1381.7
2022-09-08,PLN,293.0124
2022-09-08,CNY,198.6229
2022-09-08,CAD,1052.0024
2022-09-08,IDR,0.0928
2022-09-09,USD,1377.8883
2022-09-09,EUR,1384.64
2022-09-09,PLN,293.2938
2022-09-09,CNY,199.1056
2022-09-09,CAD,1059.4032
2022-09-09,IDR,0.0929
2022-09-12,USD,1376.2482
2022-09-12,EUR,1397.58
2022-09-12,PLN,297.579
2022-09-12,CNY,198.6666
2022-09-12,CAD,1059.2542
2022-09-12,IDR,0.0927
2022-09-13,USD,1373.2678
2022-09-13,EUR,1397.3
2022-09-13,PLN,296.9819
2022-09-13,CNY,198.2914
2022-09-13,CAD,1058.5606
2022-09-13,IDR,0.0925
2022-09-14,USD,1393.3634
2022-09-14,EUR,1391.97
2022-09-14,PLN,295.1403
2022-09-14,CNY,200.1395
2022-09-14,CAD,1056.3634
2022-09-14,IDR,0.0934
2022-09-15,USD,1398.2986
2022-09-15,EUR,1397.18
2022-09-15,PLN,295.5556
2022-09-15,CNY,200.02
2022-09-15,CAD,1060.7197
2022-09-15,IDR,0.0936
2022-09-16,USD,1389.9739
2022-09-16,EUR,1383.58
2022-09-16,PLN,293.4858
2022-09-16,CNY,198.2576
2022-09-16,CAD,1046.1062
2022-09-16,IDR,0.0928
2022-09-19,USD,1393.2132
2022-09-19,EUR,1391.82
2022-09-19,PLN,295.7669
2022-09-19,CNY,198.6441
2022-09-19,CAD,1046.9535
2022-09-19,IDR,0.0929
2022-09-20,USD,1392.6597
2022-09-20,EUR,1390.71
2022-09-20,PLN,294.592
2022-09-20,CNY,198.5877
2022-09-20,CAD,1048.1685
2022-09-20,IDR,0.0927
2022-09-21,USD,1394.4882
2022-09-21,EUR,1381.38
2022-09-21,PLN,290.7862
2022-09-21,CNY,197.8459
2022-09-21,CAD,1041.6076
2022-09-21,IDR,0.0929
2022-09-22,USD,1401.0421
2022-09-22,EUR,1384.79
2022-09-22,PLN,290.9712
2022-09-22,CNY,198.3826
2022-09-22,CAD,1042.9206
2022-09-22,IDR,0.0934
2022-09-23,USD,1416.8239
2022-09-23,EUR,1381.97
2022-09-23,PLN,290.6779
2022-09-23,CNY,199.0107
2022-09-23,CAD,1048.7744
2022-09-23,IDR,0.094
2022-09-26,USD,1430.0228
2022-09-26,EUR,1379.4
2022-09-26,PLN,289.7412
2022-09-26,CNY,199.696
2022-09-26,CAD,1045.396
2022-09-26,IDR,0.0943
2022-09-27,USD,1420.6346
2022-09-27,EUR,1370.06
2022-09-27,PLN,287.5861
2022-09-27,CNY,198.1115
2022-09-27,CAD,1038.2389
2022-09-27,IDR,0.0938
2022-09-28,USD,1441.5473
2022-09-28,EUR,1378.84
2022-09-28,PLN,287.0012
2022-09-28,CNY,199.2572
2022-09-28,CAD,1047.9897
2022-09-28,IDR,0.0943
2022-09-29,USD,1430.3936
2022-09-29,EUR,1388.34
2022-09-29,PLN,285.8431
2022-09-29,CNY,200.5605
2022-09-29,CAD,1044.3358
2022-09-29,IDR,0.0942
2022-09-30,USD,1436.8999
2022-09-30,EUR,1400.69
2022-09-30,PLN,288.9033
2022-09-30,CNY,201.9216
2022-09-30,CAD,1045.213
2022-09-30,IDR,0.0942
2022-10-03,USD,1442.288
2022-10-03,EUR,1408.25
2022-10-03,PLN,291.4425
2022-10-03,CNY,202.6813
2022-10-03,CAD,1049.9925
2022-10-03,IDR,0.0941
2022-10-04,USD,1427.7626
2022-10-04,EUR,1412.2
2022-10-04,PLN,293.0301
2022-10-04,CNY,200.6422
2022-10-04,CAD,1045.8417
2022-10-04,IDR,0.0936
2022-10-05,USD,1418.7695
2022-10-05,EUR,1406.71
2022-10-05,PLN,293.6151
2022-10-05,CNY,199.3778
2022-10-05,CAD,1042.548
2022-10-05,IDR,0.0934
2022-10-06,USD,1408.1034
2022-10-06,EUR,1388.39
2022-10-06,PLN,286.2365
2022-10-06,CNY,197.8778
2022-10-06,CAD,1030.3451
2022-10-06,IDR,0.0924
2022-10-07,USD,1410.0439
2022-10-07,EUR,1381.42
2022-10-07,PLN,284.272
2022-10-07,CNY,198.1525
2022-10-07,CAD,1028.0717
2022-10-07,IDR,0.0925
2022-10-10,USD,1427.5137
2022-10-10,EUR,1384.26
2022-10-10,PLN,284.5052
2022-10-10,CNY,199.6222
2022-10-10,CAD,1039.8588
2022-10-10,IDR,0.0931
2022-10-11,USD,1432.5208
2022-10-11,EUR,1392.84
2022-10-11,PLN,286.0628
2022-10-11,CNY,199.9225
2022-10-11,CAD,1039.2777
2022-10-11,IDR,0.0933
2022-10-12,USD,1426.6021
2022-10-12,EUR,1384.66
2022-10-12,PLN,285.5263
2022-10-12,CNY,198.9368
2022-10-12,CAD,1033.7141
2022-10-12,IDR,0.0929
2022-10-13,USD,1430.0339
2022-10-13,EUR,1392.71
2022-10-13,PLN,288.3278
2022-10-13,CNY,199.115
2022-10-13,CAD,1036.0113
2022-10-13,IDR,0.0931
2022-10-14,USD,1439.2302
2022-10-14,EUR,1398.5
2022-10-14,PLN,289.3768
2022-10-14,CNY,199.9228
2022-10-14,CAD,1041.6356
2022-10-14,IDR,0.093
2022-10-17,USD,1436.9134
2022-10-17,EUR,1399.41
2022-10-17,PLN,290.6778
2022-10-17,CNY,199.5451
2022-10-17,CAD,1040.2988
2022-10-17,IDR,0.0929
2022-10-18,USD,1424.423
2022-10-18,EUR,1400.92
2022-10-18,PLN,291.6153
2022-10-18,CNY,197.8561
2022-10-18,CAD,1038.103
2022-10-18,IDR,0.0921
2022-10-19,USD,1430.0982
2022-10-19,EUR,1398.35
2022-10-19,PLN,292.0652
2022-10-19,CNY,197.8648
2022-10-19,CAD,1037.4286
2022-10-19,IDR,0.0921
2022-10-20,USD,1427.2755
2022-10-20,EUR,1400.3
2022-10-20,PLN,293.3917
2022-10-20,CNY,197.6206
2022-10-20,CAD,1040.2645
2022-10-20,IDR,0.0918
2022-10-21,USD,1443.2888
2022-10-21,EUR,1404.32
2022-10-21,PLN,293.2693
2022-10-21,CNY,199.183
2022-10-21,CAD,1042.941
2022-10-21,IDR,0.0924
2022-10-24,USD,1439.8538
2022-10-24,EUR,1418.4
2022-10-24,PLN,296.0675
2022-10-24,CNY,198.2556
2022-10-24,CAD,1050.511
2022-10-24,IDR,0.0923
2022-10-25,USD,1437.481
2022-10-25,EUR,1417.5
2022-10-25,PLN,296.7344
2022-10-25,CNY,196.6783
2022-10-25,CAD,1047.1301
2022-10-25,IDR,0.092
2022-10-26,USD,1418.8467
2022-10-26,EUR,1422.11
2022-10-26,PLN,299.0893
2022-10-26,CNY,197.658
2022-10-26,CAD,1048.1353
2022-10-26,IDR,0.0912
2022-10-27,USD,1423.3038
2022-10-27,EUR,1428.57
2022-10-27,PLN,300.2144
2022-10-27,CNY,196.9029
2022-10-27,CAD,1044.8874
2022-10-27,IDR,0.0914
2022-10-28,USD,1424.6809
2022-10-28,EUR,1417.7
2022-10-28,PLN,299.8837
2022-10-28,CNY,196.4689
2022-10-28,CAD,1046.8912
2022-10-28,IDR,0.0916
2022-10-31,USD,1428.4043
2022-10-31,EUR,1416.12
2022-10-31,PLN,300.7582
2022-10-31,CNY,195.6507
2022-10-31,CAD,1044.8757
2022-10-31,IDR,0.0914
2022-11-01,USD,1412.1142
2022-11-01,EUR,1404.63
2022-11-01,PLN,298.5208
2022-11-01,CNY,194.6414
2022-11-01,CAD,1042.8614
2022-11-01,IDR,0.0904
2022-11-02,USD,1415.0283
2022-11-02,EUR,1402.01
2022-11-02,PLN,298.078
2022-11-02,CNY,194.3026
2022-11-02,CAD,1040.8389
2022-11-02,IDR,0.0905
2022-11-03,USD,1426.9968
2022-11-03,EUR,1391.75
2022-11-03,PLN,295.5511
2022-11-03,CNY,195.0131
2022-11-03,CAD,1034.6045
2022-11-03,IDR,0.0904
2022-11-04,USD,1415.8225
2022-11-04,EUR,1397.7
2022-11-04,PLN,298.4944
2022-11-04,CNY,197.1535
2022-11-04,CAD,1046.8879
2022-11-04,IDR,0.0902
2022-11-07,USD,1392.2246
2022-11-07,EUR,1391.25
2022-11-07,PLN,296.8633
2022-11-07,CNY,192.7233
2022-11-07,CAD,1033.3111
2022-11-07,IDR,0.0889
2022-11-08,USD,1378.4914
2022-11-08,EUR,1377.94
2022-11-08,PLN,293.6911
2022-11-08,CNY,190.0738
2022-11-08,CAD,1021.5287
2022-11-08,IDR,0.088
2022-11-09,USD,1364.4088
2022-11-09,EUR,1369.73
2022-11-09,PLN,291.3699
2022-11-09,CNY,188.1161
2022-11-09,CAD,1014.5397
2022-11-09,IDR,0.0871
2022-11-10,USD,1380.3094
2022-11-10,EUR,1373.96
2022-11-10,PLN,291.9592
2022-11-10,CNY,190.3413
2022-11-10,CAD,1020.2421
2022-11-10,IDR,0.088
2022-11-11,USD,1318.5875
2022-11-11,EUR,1359.2
2022-11-11,PLN,290.6447
2022-11-11,CNY,185.5133
2022-11-11,CAD,992.2616
2022-11-11,IDR,0.0851
2022-11-14,USD,1326.989
2022-11-14,EUR,1369.32
2022-11-14,PLN,291.9783
2022-11-14,CNY,187.8199
2022-11-14,CAD,999.0661
2022-11-14,IDR,0.0853
2022-11-15,USD,1312.5817
2022-11-15,EUR,1365.61
2022-11-15,PLN,290.1047
2022-11-15,CNY,186.3068
2022-11-15,CAD,988.4265
2022-11-15,IDR,0.0845
2022-11-16,USD,1323.569
2022-11-16,EUR,1378.1
2022-11-16,PLN,292.8078
2022-11-16,CNY,186.9371
2022-11-16,CAD,998.5508
2022-11-16,IDR,0.0848
2022-11-17,USD,1350.9642
2022-11-17,EUR,1394.06
2022-11-17,PLN,295.6461
2022-11-17,CNY,188.7461
2022-11-17,CAD,1008.7265
2022-11-17,IDR,0.0859
2022-11-18,USD,1339.9768
2022-11-18,EUR,1389.02
2022-11-18,PLN,295.3288
2022-11-18,CNY,188.2396
2022-11-18,CAD,1003.5547
2022-11-18,IDR,0.0856
2022-11-21,USD,1361.5069
2022-11-21,EUR,1395.0
2022-11-21,PLN,296.3356
2022-11-21,CNY,190.0053
2022-11-21,CAD,1013.0719
2022-11-21,IDR,0.0866
2022-11-22,USD,1355.5383
2022-11-22,EUR,1392.68
2022-11-22,PLN,295.5289
2022-11-22,CNY,189.8833
2022-11-22,CAD,1011.7544
2022-11-22,IDR,0.0865
2022-11-23,USD,1353.4334
2022-11-23,EUR,1397.42
2022-11-23,PLN,297.1148
2022-11-23,CNY,188.8865
2022-11-23,CAD,1008.5306
2022-11-23,IDR,0.0863
2022-11-24,USD,1327.4561
2022-11-24,EUR,1382.28
2022-11-24,PLN,294.3652
2022-11-24,CNY,185.6855
2022-11-24,CAD,994.8755
2022-11-24,IDR,0.0848
2022-11-25,USD,1333.2048
2022-11-25,EUR,1383.2
2022-11-25,PLN,295.0827
2022-11-25,CNY,185.8515
2022-11-25,CAD,997.6919
2022-11-25,IDR,0.085
2022-11-28,USD,1334.7606
2022-11-28,EUR,1396.56
2022-11-28,PLN,297.5329
2022-11-28,CNY,185.4021
2022-11-28,CAD,993.1446
2022-11-28,IDR,0.0849
2022-11-29,USD,1327.1271
2022-11-29,EUR,1375.7
2022-11-29,PLN,294.3933
2022-11-29,CNY,185.1822
2022-11-29,CAD,982.292
2022-11-29,IDR,0.0844
2022-11-30,USD,1315.6708
2022-11-30,EUR,1365.14
2022-11-30,PLN,292.7286
2022-11-30,CNY,185.8927
2022-11-30,CAD,973.6395
2022-11-30,IDR,0.0839
2022-12-01,USD,1304.582
2022-12-01,EUR,1363.81
2022-12-01,PLN,290.1847
2022-12-01,CNY,184.3859
2022-12-01,CAD,970.0619
2022-12-01,IDR,0.0844
2022-12-02,USD,1296.8969
2022-12-02,EUR,1366.67
2022-12-02,PLN,291.7741
2022-12-02,CNY,184.7575
2022-12-02,CAD,965.1624
2022-12-02,IDR,0.0845
2022-12-05,USD,1294.8616
2022-12-05,EUR,1370.87
2022-12-05,PLN,291.9851
2022-12-05,CNY,186.3279
2022-12-05,CAD,965.5374
2022-12-05,IDR,0.0839
2022-12-06,USD,1318.3625
2022-12-06,EUR,1386.39
2022-12-06,PLN,295.1336
2022-12-06,CNY,188.6399
2022-12-06,CAD,967.744
2022-12-06,IDR,0.0843
2022-12-07,USD,1320.9896
2022-12-07,EUR,1390.87
2022-12-07,PLN,295.9109
2022-12-07,CNY,189.2958
2022-12-07,CAD,966.7547
2022-12-07,IDR,0.0845
2022-12-08,USD,1318.6234
2022-12-08,EUR,1387.06
2022-12-08,PLN,296.0451
2022-12-08,CNY,189.1686
2022-12-08,CAD,969.4974
2022-12-08,IDR,0.0845
2022-12-09,USD,1301.2028
2022-12-09,EUR,1373.94
2022-12-09,PLN,293.1447
2022-12-09,CNY,186.9942
2022-12-09,CAD,955.452
2022-12-09,IDR,0.0835
2022-12-12,USD,1304.6109
2022-12-12,EUR,1377.93
2022-12-12,PLN,293.6577
2022-12-12,CNY,187.0409
2022-12-12,CAD,955.0388
2022-12-12,IDR,0.0834
2022-12-13,USD,1307.4917
2022-12-13,EUR,1378.75
2022-12-13,PLN,293.7385
2022-12-13,CNY,187.236
2022-12-13,CAD,961.4044
2022-12-13,IDR,0.0835
2022-12-14,USD,1295.8869
2022-12-14,EUR,1379.99
2022-12-14,PLN,294.8067
2022-12-14,CNY,186.4625
2022-12-14,CAD,955.6056
2022-12-14,IDR,0.0831
2022-12-15,USD,1312.4659
2022-12-15,EUR,1393.97
2022-12-15,PLN,297.2851
2022-12-15,CNY,188.3565
2022-12-15,CAD,965.1527
2022-12-15,IDR,0.084
2022-12-16,USD,1308.692
2022-12-16,EUR,1389.7
2022-12-16,PLN,296.1534
2022-12-16,CNY,187.7034
2022-12-16,CAD,958.0174
2022-12-16,IDR,0.0838
2022-12-19,USD,1299.4622
2022-12-19,EUR,1377.17
2022-12-19,PLN,293.9342
2022-12-19,CNY,186.3534
2022-12-19,CAD,951.61
2022-12-19,IDR,0.0834
2022-12-20,USD,1286.6591
2022-12-20,EUR,1363.73
2022-12-20,PLN,291.6633
2022-12-20,CNY,184.5372
2022-12-20,CAD,943.6925
2022-12-20,IDR,0.0825
2022-12-21,USD,1285.8499
2022-12-21,EUR,1367.63
2022-12-21,PLN,293.074
2022-12-21,CNY,184.2695
2022-12-21,CAD,944.8221
2022-12-21,IDR,0.0825
2022-12-22,USD,1280.6828
2022-12-22,EUR,1361.75
2022-12-22,PLN,293.2089
2022-12-22,CNY,183.4526
2022-12-22,CAD,940.1754
2022-12-22,IDR,0.0824
2022-12-23,USD,1279.8908
2022-12-23,EUR,1359.5
2022-12-23,PLN,292.8505
2022-12-23,CNY,183.226
2022-12-23,CAD,941.9386
2022-12-23,IDR,0.082
2022-12-27,USD,1270.5666
2022-12-27,EUR,1349.85
2022-12-27,PLN,289.1524
2022-12-27,CNY,182.427
2022-12-27,CAD,938.4385
2022-12-27,IDR,0.0812
2022-12-28,USD,1267.4718
2022-12-28,EUR,1348.59
2022-12-28,PLN,286.8852
2022-12-28,CNY,181.6919
2022-12-28,CAD,939.0641
2022-12-28,IDR,0.0804
2022-12-29,USD,1267.8937
2022-12-29,EUR,1350.18
2022-12-29,PLN,288.1613
2022-12-29,CNY,182.0852
2022-12-29,CAD,932.7668
2022-12-29,IDR,0.0809
2022-12-30,USD,1260.1631
2022-12-30,EUR,1344.09
2022-12-30,PLN,287.1496
2022-12-30,CNY,182.6656
2022-12-30,CAD,930.8102
2022-12-30,IDR,0.0814
2023-01-02,USD,1270.9913
2023-01-02,EUR,1357.8
2023-01-02,PLN,290.0476
2023-01-02,CNY,184.2384
2023-01-02,CAD,936.0265
2023-01-02,IDR,0.0816
2023-01-03,USD,1276.918
2023-01-03,EUR,1346.51
2023-01-03,PLN,287.5254
2023-01-03,CNY,184.8002
2023-01-03,CAD,934.1682
2023-01-03,IDR,0.0817
2023-01-04,USD,1272.7144
2023-01-04,EUR,1348.95
2023-01-04,PLN,288.9472
2023-01-04,CNY,184.8256
2023-01-04,CAD,939.184
2023-01-04,IDR,0.0817
2023-01-05,USD,1269.5972
2023-01-05,EUR,1345.9
2023-01-05,PLN,288.2013
2023-01-05,CNY,184.7165
2023-01-05,CAD,940.1369
2023-01-05,IDR,0.0814
2023-01-06,USD,1273.5048
2023-01-06,EUR,1337.18
2023-01-06,PLN,284.8094
2023-01-06,CNY,185.6034
2023-01-06,CAD,933.0682
2023-01-06,IDR,0.0812
2023-01-09,USD,1243.8014
2023-01-09,EUR,1330.37
2023-01-09,PLN,283.2805
2023-01-09,CNY,183.383
2023-01-09,CAD,930.3937
2023-01-09,IDR,0.0798
2023-01-10,USD,1248.1395
2023-01-10,EUR,1338.38
2023-01-10,PLN,285.065
2023-01-10,CNY,184.0153
2023-01-10,CAD,930.5938
2023-01-10,IDR,0.0803
2023-01-11,USD,1247.7994
2023-01-11,EUR,1341.01
2023-01-11,PLN,286.4243
2023-01-11,CNY,184.187
2023-01-11,CAD,929.3853
2023-01-11,IDR,0.0807
2023-01-12,USD,1244.1237
2023-01-12,EUR,1340.17
2023-01-12,PLN,285.6287
2023-01-12,CNY,184.3425
2023-01-12,CAD,928.1598
2023-01-12,IDR,0.0814
2023-01-13,USD,1242.2878
2023-01-13,EUR,1343.41
2023-01-13,PLN,286.5147
2023-01-13,CNY,184.7145
2023-01-13,CAD,926.8732
2023-01-13,IDR,0.0819
2023-01-16,USD,1239.5671
2023-01-16,EUR,1340.22
2023-01-16,PLN,285.5481
2023-01-16,CNY,184.1189
2023-01-16,CAD,925.1829
2023-01-16,IDR,0.082
2023-01-17,USD,1239.0482
2023-01-17,EUR,1343.5
2023-01-17,PLN,286.1067
2023-01-17,CNY,182.8563
2023-01-17,CAD,923.5581
2023-01-17,IDR,0.0816
2023-01-18,USD,1233.6562
2023-01-18,EUR,1337.16
2023-01-18,PLN,284.6051
2023-01-18,CNY,182.6896
2023-01-18,CAD,921.8614
2023-01-18,IDR,0.082
2023-01-19,USD,1239.5007
2023-01-19,EUR,1340.52
2023-01-19,PLN,284.8352
2023-01-19,CNY,182.5725
2023-01-19,CAD,917.9758
2023-01-19,IDR,0.0816
2023-01-20,USD,1234.5003
2023-01-20,EUR,1336.47
2023-01-20,PLN,283.7516
2023-01-20,CNY,182.0184
2023-01-20,CAD,916.4575
2023-01-20,IDR,0.0817
2023-01-23,USD,1228.6542
2023-01-23,EUR,1335.67
2023-01-23,PLN,283.5035
2023-01-23,CNY,181.1569
2023-01-23,CAD,919.6929
2023-01-23,IDR,0.0819
2023-01-24,USD,1235.5867
2023-01-24,EUR,1341.6
2023-01-24,PLN,284.6595
2023-01-24,CNY,182.1786
2023-01-24,CAD,924.1579
2023-01-24,IDR,0.0825
2023-01-25,USD,1235.4569
2023-01-25,EUR,1343.93
2023-01-25,PLN,284.9845
2023-01-25,CNY,182.1586
2023-01-25,CAD,924.0443
2023-01-25,IDR,0.0826
2023-01-26,USD,1232.2258
2023-01-26,EUR,1342.51
2023-01-26,PLN,284.4602
2023-01-26,CNY,181.683
2023-01-26,CAD,921.5472
2023-01-26,IDR,0.0824
2023-01-27,USD,1234.5789
2023-01-27,EUR,1341.37
2023-01-27,PLN,284.8827
2023-01-27,CNY,182.0288
2023-01-27,CAD,926.4245
2023-01-27,IDR,0.0824
2023-01-30,USD,1227.9831
2023-01-30,EUR,1338.87
2023-01-30,PLN,284.243
2023-01-30,CNY,181.9092
2023-01-30,CAD,921.3254
2023-01-30,IDR,0.082
2023-01-31,USD,1235.9457
2023-01-31,EUR,1338.9
2023-01-31,PLN,284.3279
2023-01-31,CNY,182.9148
2023-01-31,CAD,918.943
2023-01-31,IDR,0.0822
2023-02-01,USD,1229.3189
2023-02-01,EUR,1339.22
2023-02-01,PLN,284.4865
2023-02-01,CNY,182.3259
2023-02-01,CAD,923.218
2023-02-01,IDR,0.0822
2023-02-02,USD,1224.8817
2023-02-02,EUR,1345.9
2023-02-02,PLN,286.2703
2023-02-02,CNY,182.1787
2023-02-02,CAD,921.7231
2023-02-02,IDR,0.0823
2023-02-03,USD,1230.8403
2023-02-03,EUR,1346.17
2023-02-03,PLN,286.9075
2023-02-03,CNY,182.6826
2023-02-03,CAD,921.0249
2023-02-03,IDR,0.0825
2023-02-06,USD,1256.1711
2023-02-06,EUR,1353.65
2023-02-06,PLN,286.6202
2023-02-06,CNY,185.2032
2023-02-06,CAD,936.1989
2023-02-06,IDR,0.0829
2023-02-07,USD,1260.5701
2023-02-07,EUR,1348.81
2023-02-07,PLN,283.572
2023-02-07,CNY,185.766
2023-02-07,CAD,938.5638
2023-02-07,IDR,0.0831
2023-02-08,USD,1258.8728
2023-02-08,EUR,1351.4
2023-02-08,PLN,285.1957
2023-02-08,CNY,185.5274
2023-02-08,CAD,939.1897
2023-02-08,IDR,0.0833
2023-02-09,USD,1258.3604
2023-02-09,EUR,1355.38
2023-02-09,PLN,286.0176
2023-02-09,CNY,185.6888
2023-02-09,CAD,939.7351
2023-02-09,IDR,0.0833
2023-02-10,USD,1266.6978
2023-02-10,EUR,1354.1
2023-02-10,PLN,283.2253
2023-02-10,CNY,185.9083
2023-02-10,CAD,942.704
2023-02-10,IDR,0.0834
2023-02-13,USD,1276.4926
2023-02-13,EUR,1364.06
2023-02-13,PLN,284.9211
2023-02-13,CNY,187.0369
2023-02-13,CAD,956.3626
2023-02-13,IDR,0.0838
2023-02-14,USD,1266.4653
2023-02-14,EUR,1362.59
2023-02-14,PLN,286.1202
2023-02-14,CNY,185.8567
2023-02-14,CAD,950.7326
2023-02-14,IDR,0.0836
2023-02-15,USD,1284.4299
2023-02-15,EUR,1374.34
2023-02-15,PLN,288.7269
2023-02-15,CNY,187.677
2023-02-15,CAD,957.3279
2023-02-15,IDR,0.0842
2023-02-16,USD,1286.4673
2023-02-16,EUR,1376.52
2023-02-16,PLN,288.1859
2023-02-16,CNY,187.6621
2023-02-16,CAD,960.3181
2023-02-16,IDR,0.085
2023-02-17,USD,1301.9482
2023-02-17,EUR,1383.32
2023-02-17,PLN,289.561
2023-02-17,CNY,189.2859
2023-02-17,CAD,962.9124
2023-02-17,IDR,0.0856
2023-02-20,USD,1296.9646
2023-02-20,EUR,1384.38
2023-02-20,PLN,291.8478
2023-02-20,CNY,189.1462
2023-02-20,CAD,963.5832
2023-02-20,IDR,0.0856
2023-02-21,USD,1300.6658
2023-02-21,EUR,1387.03
2023-02-21,PLN,292.1416
2023-02-21,CNY,189.0408
2023-02-21,CAD,966.5041
2023-02-21,IDR,0.0856
2023-02-22,USD,1303.0722
2023-02-22,EUR,1386.99
2023-02-22,PLN,292.3487
2023-02-22,CNY,189.0482
2023-02-22,CAD,962.6527
2023-02-22,IDR,0.0857
2023-02-23,USD,1296.7125
2023-02-23,EUR,1376.59
2023-02-23,PLN,290.1872
2023-02-23,CNY,187.9894
2023-02-23,CAD,958.2278
2023-02-23,IDR,0.0853
2023-02-24,USD,1312.3746
2023-02-24,EUR,1387.18
2023-02-24,PLN,293.8629
2023-02-24,CNY,188.9943
2023-02-24,CAD,965.0619
2023-02-24,IDR,0.0862
2023-02-27,USD,1322.7212
2023-02-27,EUR,1396.0
2023-02-27,PLN,296.0136
2023-02-27,CNY,190.2478
2023-02-27,CAD,973.9082
2023-02-27,IDR,0.0866
2023-02-28,USD,1320.1243
2023-02-28,EUR,1401.84
2023-02-28,PLN,297.4727
2023-02-28,CNY,190.3045
2023-02-28,CAD,972.7569
2023-02-28,IDR,0.0866
2023-03-01,USD,1300.103
2023-03-01,EUR,1389.03
2023-03-01,PLN,297.1505
2023-03-01,CNY,189.3727
2023-03-01,CAD,955.9081
2023-03-01,IDR,0.0854
2023-03-02,USD,1312.8336
2023-03-02,EUR,1392.26
2023-03-02,PLN,296.9205
2023-03-02,CNY,189.9788
2023-03-02,CAD,963.6351
2023-03-02,IDR,0.0857
2023-03-03,USD,1303.0994
2023-03-03,EUR,1383.24
2023-03-03,PLN,293.8063
2023-03-03,CNY,188.6425
2023-03-03,CAD,958.1215
2023-03-03,IDR,0.0851
2023-03-06,USD,1297.6611
2023-03-06,EUR,1381.49
2023-03-06,PLN,293.3723
2023-03-06,CNY,187.1887
2023-03-06,CAD,953.2119
2023-03-06,IDR,0.0846
2023-03-07,USD,1305.2883
2023-03-07,EUR,1392.09
2023-03-07,PLN,296.8336
2023-03-07,CNY,188.1838
2023-03-07,CAD,956.6314
2023-03-07,IDR,0.0849
2023-03-08,USD,1317.7809
2023-03-08,EUR,1389.6
2023-03-08,PLN,297.2216
2023-03-08,CNY,189.5383
2023-03-08,CAD,958.4109
2023-03-08,IDR,0.0853
2023-03-09,USD,1321.7737
2023-03-09,EUR,1395.0
2023-03-09,PLN,298.1725
2023-03-09,CNY,189.7572
2023-03-09,CAD,957.184
2023-03-09,IDR,0.0856
2023-03-10,USD,1320.8388
2023-03-10,EUR,1398.24
2023-03-10,PLN,298.6735
2023-03-10,CNY,189.9937
2023-03-10,CAD,954.8863
2023-03-10,IDR,0.0852
2023-03-13,USD,1306.9214
2023-03-13,EUR,1399.19
2023-03-13,PLN,298.0551
2023-03-13,CNY,190.5916
2023-03-13,CAD,948.9251
2023-03-13,IDR,0.0848
2023-03-14,USD,1306.1004
2023-03-14,EUR,1402.36
2023-03-14,PLN,299.151
2023-03-14,CNY,190.1299
2023-03-14,CAD,954.7008
2023-03-14,IDR,0.085
2023-03-15,USD,1321.2153
2023-03-15,EUR,1393.75
2023-03-15,PLN,296.5426
2023-03-15,CNY,191.2784
2023-03-15,CAD,960.9418
2023-03-15,IDR,0.0852
2023-03-16,USD,1310.4294
2023-03-16,EUR,1388.4
2023-03-16,PLN,295.637
2023-03-16,CNY,190.0746
2023-03-16,CAD,953.2441
2023-03-16,IDR,0.0848
2023-03-17,USD,1308.331
2023-03-17,EUR,1389.84
2023-03-17,PLN,295.4278
2023-03-17,CNY,190.0844
2023-03-17,CAD,952.9896
2023-03-17,IDR,0.0851
2023-03-20,USD,1308.034
2023-03-20,EUR,1401.82
2023-03-20,PLN,297.9743
2023-03-20,CNY,190.1056
2023-03-20,CAD,955.6343
2023-03-20,IDR,0.0852
2023-03-21,USD,1305.0668
2023-03-21,EUR,1406.34
2023-03-21,PLN,299.234
2023-03-21,CNY,189.8971
2023-03-21,CAD,955.0048
2023-03-21,IDR,0.0853
2023-03-22,USD,1304.0612
2023-03-22,EUR,1406.43
2023-03-22,PLN,300.2947
2023-03-22,CNY,189.4488
2023-03-22,CAD,951.4477
2023-03-22,IDR,0.0854
2023-03-23,USD,1283.3716
2023-03-23,EUR,1396.18
2023-03-23,PLN,297.8962
2023-03-23,CNY,187.8808
2023-03-23,CAD,938.6084
2023-03-23,IDR,0.0849
2023-03-24,USD,1303.9739
2023-03-24,EUR,1401.12
2023-03-24,PLN,298.9694
2023-03-24,CNY,189.7868
2023-03-24,CAD,945.6803
2023-03-24,IDR,0.0859
2023-03-27,USD,1299.7587
2023-03-27,EUR,1400.23
2023-03-27,PLN,298.8432
2023-03-27,CNY,188.8859
2023-03-27,CAD,948.0872
2023-03-27,IDR,0.0858
2023-03-28,USD,1298.7178
2023-03-28,EUR,1407.94
2023-03-28,PLN,300.7455
2023-03-28,CNY,188.8484
2023-03-28,CAD,951.118
2023-03-28,IDR,0.0861
2023-03-29,USD,1301.0879
2023-03-29,EUR,1411.29
2023-03-29,PLN,301.1073
2023-03-29,CNY,188.9808
2023-03-29,CAD,957.5209
2023-03-29,IDR,0.0864
2023-03-30,USD,1298.5945
2023-03-30,EUR,1413.65
2023-03-30,PLN,301.9781
2023-03-30,CNY,188.7434
2023-03-30,CAD,959.057
2023-03-30,IDR,0.0863
2023-03-31,USD,1305.9862
2023-03-31,EUR,1420.26
2023-03-31,PLN,304.1242
2023-03-31,CNY,189.9683
2023-03-31,CAD,963.7375
2023-03-31,IDR,0.0871
2023-04-03,USD,1315.023
2023-04-03,EUR,1429.43
2023-04-03,PLN,305.6624
2023-04-03,CNY,191.0185
2023-04-03,CAD,977.1876
2023-04-03,IDR,0.0879
2023-04-04,USD,1316.1086
2023-04-04,EUR,1434.69
2023-04-04,PLN,307.0958
2023-04-04,CNY,191.2053
2023-04-04,CAD,979.9126
2023-04-04,IDR,0.0883
2023-04-05,USD,1311.5174
2023-04-05,EUR,1434.8
2023-04-05,PLN,306.4633
2023-04-05,CNY,190.6331
2023-04-05,CAD,974.7945
2023-04-05,IDR,0.0879
2023-04-06,USD,1318.1951
2023-04-06,EUR,1438.81
2023-04-06,PLN,307.0247
2023-04-06,CNY,191.8055
2023-04-06,CAD,978.5161
2023-04-06,IDR,0.0883
2023-04-11,USD,1322.1641
2023-04-11,EUR,1441.82
2023-04-11,PLN,308.807
2023-04-11,CNY,192.0378
2023-04-11,CAD,978.6994
2023-04-11,IDR,0.0887
2023-04-12,USD,1325.8561
2023-04-12,EUR,1448.1
2023-04-12,PLN,310.5445
2023-04-12,CNY,192.61
2023-04-12,CAD,983.2292
2023-04-12,IDR,0.0891
2023-04-13,USD,1308.3522
2023-04-13,EUR,1441.15
2023-04-13,PLN,311.1291
2023-04-13,CNY,190.2307
2023-04-13,CAD,976.455
2023-04-13,IDR,0.0888
2023-04-14,USD,1300.9225
2023-04-14,EUR,1438.43
2023-04-14,PLN,309.7728
2023-04-14,CNY,189.8642
2023-04-14,CAD,976.8625
2023-04-14,IDR,0.0883
2023-04-17,USD,1315.117
2023-04-17,EUR,1444.13
2023-04-17,PLN,311.988
2023-04-17,CNY,191.4454
2023-04-17,CAD,984.2091
2023-04-17,IDR,0.0886
2023-04-18,USD,1317.3077
2023-04-18,EUR,1445.35
2023-04-18,PLN,312.9818
2023-04-18,CNY,191.5995
2023-04-18,CAD,984.6379
2023-04-18,IDR,0.0886
2023-04-19,USD,1334.373
2023-04-19,EUR,1458.87
2023-04-19,PLN,315.5132
2023-04-19,CNY,193.4687
2023-04-19,CAD,992.5636
2023-04-19,IDR,0.089
2023-04-20,USD,1325.2376
2023-04-20,EUR,1450.34
2023-04-20,PLN,314.5391
2023-04-20,CNY,192.6133
2023-04-20,CAD,982.8149
2023-04-20,IDR,0.0886
2023-04-21,USD,1328.6938
2023-04-21,EUR,1458.64
2023-04-21,PLN,316.3529
2023-04-21,CNY,192.8933
2023-04-21,CAD,981.6542
2023-04-21,IDR,0.0888
2023-04-24,USD,1334.8391
2023-04-24,EUR,1468.59
2023-04-24,PLN,318.8774
2023-04-24,CNY,193.6509
2023-04-24,CAD,985.2341
2023-04-24,IDR,0.0893
2023-04-25,USD,1338.8677
2023-04-25,EUR,1475.7
2023-04-25,PLN,321.5033
2023-04-25,CNY,193.4355
2023-04-25,CAD,984.8505
2023-04-25,IDR,0.0896
2023-04-26,USD,1337.6755
2023-04-26,EUR,1476.66
2023-04-26,PLN,321.5163
2023-04-26,CNY,193.2194
2023-04-26,CAD,982.1483
2023-04-26,IDR,0.0901
2023-04-27,USD,1341.1248
2023-04-27,EUR,1480.87
2023-04-27,PLN,322.6296
2023-04-27,CNY,193.6942
2023-04-27,CAD,984.5555
2023-04-27,IDR,0.0911
2023-04-28,USD,1339.4864
2023-04-28,EUR,1470.89
2023-04-28,PLN,321.0499
2023-04-28,CNY,193.5917
2023-04-28,CAD,981.837
2023-04-28,IDR,0.0913
2023-05-02,USD,1340.9211
2023-05-02,EUR,1470.32
2023-05-02,PLN,321.3252
2023-05-02,CNY,193.9966
2023-05-02,CAD,987.7864
2023-05-02,IDR,0.0911
2023-05-03,USD,1333.605
2023-05-03,EUR,1472.7
2023-05-03,PLN,321.4099
2023-05-03,CNY,192.9386
2023-05-03,CAD,978.8634
2023-05-03,IDR,0.0908
2023-05-04,USD,1323.5416
2023-05-04,EUR,1465.69
2023-05-04,PLN,319.2877
2023-05-04,CNY,191.4983
2023-05-04,CAD,972.4589
2023-05-04,IDR,0.0901
2023-05-05,USD,1318.2313
2023-05-05,EUR,1451.9
2023-05-05,PLN,317.2165
2023-05-05,CNY,190.7584
2023-05-05,CAD,977.0525
2023-05-05,IDR,0.0899
2023-05-08,USD,1321.2467
2023-05-08,EUR,1458.26
2023-05-08,PLN,319.143
2023-05-08,CNY,191.0042
2023-05-08,CAD,991.3392
2023-05-08,IDR,0.0898
2023-05-09,USD,1324.8472
2023-05-09,EUR,1451.9
2023-05-09,PLN,317.5426
2023-05-09,CNY,191.4097
2023-05-09,CAD,989.1001
2023-05-09,IDR,0.0898
2023-05-10,USD,1324.0091
2023-05-10,EUR,1449.79
2023-05-10,PLN,319.5975
2023-05-10,CNY,191.2198
2023-05-10,CAD,989.1451
2023-05-10,IDR,0.0898
2023-05-11,USD,1328.2525
2023-05-11,EUR,1451.78
2023-05-11,PLN,320.9205
2023-05-11,CNY,191.4848
2023-05-11,CAD,989.4902
2023-05-11,IDR,0.0903
2023-05-12,USD,1335.8612
2023-05-12,EUR,1455.02
2023-05-12,PLN,320.8919
2023-05-12,CNY,192.1529
2023-05-12,CAD,989.6749
2023-05-12,IDR,0.0902
2023-05-15,USD,1336.6955
2023-05-15,EUR,1453.79
2023-05-15,PLN,322.5054
2023-05-15,CNY,192.2469
2023-05-15,CAD,990.0504
2023-05-15,IDR,0.0904
2023-05-16,USD,1340.6672
2023-05-16,EUR,1458.78
2023-05-16,PLN,325.1488
2023-05-16,CNY,192.469
2023-05-16,CAD,995.6183
2023-05-16,IDR,0.0904
2023-05-17,USD,1337.5935
2023-05-17,EUR,1448.48
2023-05-17,PLN,321.3845
2023-05-17,CNY,191.1882
2023-05-17,CAD,991.4984
2023-05-17,IDR,0.0899
2023-05-18,USD,1333.6447
2023-05-18,EUR,1442.07
2023-05-18,PLN,317.4268
2023-05-18,CNY,189.7885
2023-05-18,CAD,989.8888
2023-05-18,IDR,0.0896
2023-05-19,USD,1325.6477
2023-05-19,EUR,1432.76
2023-05-19,PLN,316.9472
2023-05-19,CNY,189.1033
2023-05-19,CAD,983.0257
2023-05-19,IDR,0.0888
2023-05-22,USD,1315.6163
2023-05-22,EUR,1423.76
2023-05-22,PLN,315.4588
2023-05-22,CNY,187.1718
2023-05-22,CAD,973.9773
2023-05-22,IDR,0.0884
2023-05-23,USD,1319.9276
2023-05-23,EUR,1422.75
2023-05-23,PLN,316.0403
2023-05-23,CNY,187.1079
2023-05-23,CAD,976.4258
2023-05-23,IDR,0.0887
2023-05-24,USD,1318.4237
2023-05-24,EUR,1421.92
2023-05-24,PLN,316.686
2023-05-24,CNY,187.0824
2023-05-24,CAD,973.9178
2023-05-24,IDR,0.0885
2023-05-25,USD,1326.7816
2023-05-25,EUR,1424.3
2023-05-25,PLN,315.7393
2023-05-25,CNY,187.6771
2023-05-25,CAD,975.6148
2023-05-25,IDR,0.0888
2023-05-26,USD,1325.886
2023-05-26,EUR,1425.46
2023-05-26,PLN,314.2964
2023-05-26,CNY,187.872
2023-05-26,CAD,974.3404
2023-05-26,IDR,0.0886
2023-05-29,USD,1323.3411
2023-05-29,EUR,1417.96
2023-05-29,PLN,313.708
2023-05-29,CNY,187.0166
2023-05-29,CAD,973.6062
2023-05-29,IDR,0.0885
2023-05-30,USD,1317.2375
2023-05-30,EUR,1415.24
2023-05-30,PLN,312.8639
2023-05-30,CNY,186.2403
2023-05-30,CAD,970.2729
2023-05-30,IDR,0.088
2023-05-31,USD,1325.7418
2023-05-31,EUR,1416.29
2023-05-31,PLN,312.1782
2023-05-31,CNY,186.5356
2023-05-31,CAD,971.2591
2023-05-31,IDR,0.0884
2023-06-01,USD,1321.1461
2023-06-01,EUR,1413.23
2023-06-01,PLN,311.2156
2023-06-01,CNY,185.79
2023-06-01,CAD,973.7013
2023-06-01,IDR,0.0885
2023-06-02,USD,1302.2949
2023-06-02,EUR,1401.66
2023-06-02,PLN,311.6531
2023-06-02,CNY,184.2713
2023-06-02,CAD,970.477
2023-06-02,IDR,0.0877
2023-06-05,USD,1306.3517
2023-06-05,EUR,1396.49
2023-06-05,PLN,312.1694
2023-06-05,CNY,183.5989
2023-06-05,CAD,972.0123
2023-06-05,IDR,0.0879
2023-06-06,USD,1300.131
2023-06-06,EUR,1388.93
2023-06-06,PLN,309.2352
2023-06-06,CNY,182.6578
2023-06-06,CAD,968.4354
2023-06-06,IDR,0.0874
2023-06-07,USD,1300.7745
2023-06-07,EUR,1394.04
2023-06-07,PLN,311.9007
2023-06-07,CNY,182.8609
2023-06-07,CAD,971.3888
2023-06-07,IDR,0.0877
2023-06-08,USD,1303.772
2023-06-08,EUR,1399.86
2023-06-08,PLN,312.5525
2023-06-08,CNY,182.8902
2023-06-08,CAD,976.0563
2023-06-08,IDR,0.0876
2023-06-09,USD,1290.4545
2023-06-09,EUR,1391.11
2023-06-09,PLN,311.8731
2023-06-09,CNY,181.0422
2023-06-09,CAD,968.6047
2023-06-09,IDR,0.087
2023-06-12,USD,1287.2829
2023-06-12,EUR,1385.76
2023-06-12,PLN,312.1433
2023-06-12,CNY,180.231
2023-06-12,CAD,965.2156
2023-06-12,IDR,0.0866
2023-06-13,USD,1272.7972
2023-06-13,EUR,1373.73
2023-06-13,PLN,306.9788
2023-06-13,CNY,178.0204
2023-06-13,CAD,953.7805
2023-06-13,IDR,0.0856
2023-06-14,USD,1277.565
2023-06-14,EUR,1380.92
2023-06-14,PLN,309.9499
2023-06-14,CNY,178.4988
2023-06-14,CAD,960.4396
2023-06-14,IDR,0.0858
2023-06-15,USD,1282.5585
2023-06-15,EUR,1387.6
2023-06-15,PLN,310.4737
2023-06-15,CNY,179.066
2023-06-15,CAD,962.6084
2023-06-15,IDR,0.0856
2023-06-16,USD,1274.5486
2023-06-16,EUR,1397.67
2023-06-16,PLN,312.4821
2023-06-16,CNY,178.959
2023-06-16,CAD,963.9103
2023-06-16,IDR,0.0853
2023-06-19,USD,1282.668
2023-06-19,EUR,1400.93
2023-06-19,PLN,314.3213
2023-06-19,CNY,179.1883
2023-06-19,CAD,972.1255
2023-06-19,IDR,0.0855
2023-06-20,USD,1286.3167
2023-06-20,EUR,1406.33
2023-06-20,PLN,316.2922
2023-06-20,CNY,179.2371
2023-06-20,CAD,971.6921
2023-06-20,IDR,0.0857
2023-06-21,USD,1294.4063
2023-06-21,EUR,1413.88
2023-06-21,PLN,318.9587
2023-06-21,CNY,180.0685
2023-06-21,CAD,979.4804
2023-06-21,IDR,0.0866
2023-06-22,USD,1296.8776
2023-06-22,EUR,1424.62
2023-06-22,PLN,321.9262
2023-06-22,CNY,180.638
2023-06-22,CAD,985.01
2023-06-22,IDR,0.0867
2023-06-23,USD,1310.1066
2023-06-23,EUR,1425.92
2023-06-23,PLN,322.3292
2023-06-23,CNY,182.4804
2023-06-23,CAD,991.5994
2023-06-23,IDR,0.0873
2023-06-26,USD,1305.7062
2023-06-26,EUR,1425.57
2023-06-26,PLN,321.3421
2023-06-26,CNY,180.5159
2023-06-26,CAD,993.1517
2023-06-26,IDR,0.0867
2023-06-27,USD,1300.5205
2023-06-27,EUR,1424.2
2023-06-27,PLN,321.6133
2023-06-27,CNY,180.3333
2023-06-27,CAD,988.4786
2023-06-27,IDR,0.0867
2023-06-28,USD,1311.3275
2023-06-28,EUR,1434.33
2023-06-28,PLN,320.4276
2023-06-28,CNY,180.9606
2023-06-28,CAD,989.8075
2023-06-28,IDR,0.0875
2023-06-29,USD,1315.3867
2023-06-29,EUR,1438.77
2023-06-29,PLN,323.4281
2023-06-29,CNY,181.8006
2023-06-29,CAD,992.0499
2023-06-29,IDR,0.0877
2023-06-30,USD,1321.443
2023-06-30,EUR,1435.88
2023-06-30,PLN,323.4838
2023-06-30,CNY,181.7961
2023-06-30,CAD,996.1013
2023-06-30,IDR,0.0876
2023-07-03,USD,1308.1384
2023-07-03,EUR,1425.74
2023-07-03,PLN,321.2211
2023-07-03,CNY,180.4574
2023-07-03,CAD,987.2862
2023-07-03,IDR,0.0869
2023-07-04,USD,1298.4029
2023-07-04,EUR,1414.61
2023-07-04,PLN,319.9389
2023-07-04,CNY,179.8706
2023-07-04,CAD,982.1634
2023-07-04,IDR,0.0865
2023-07-05,USD,1300.9376
2023-07-05,EUR,1415.29
2023-07-05,PLN,317.6287
2023-07-05,CNY,179.6099
2023-07-05,CAD,979.6428
2023-07-05,IDR,0.0864
2023-07-06,USD,1302.6791
2023-07-06,EUR,1419.79
2023-07-06,PLN,317.2502
2023-07-06,CNY,180.1307
2023-07-06,CAD,979.9089
2023-07-06,IDR,0.0865
2023-07-07,USD,1305.9423
2023-07-07,EUR,1421.91
2023-07-07,PLN,317.1216
2023-07-07,CNY,180.5073
2023-07-07,CAD,976.7878
2023-07-07,IDR,0.0861
2023-07-10,USD,1304.7736
2023-07-10,EUR,1429.51
2023-07-10,PLN,321.1805
2023-07-10,CNY,180.2865
2023-07-10,CAD,982.3461
2023-07-10,IDR,0.0858
2023-07-11,USD,1294.2579
2023-07-11,EUR,1422.26
2023-07-11,PLN,319.1571
2023-07-11,CNY,179.7076
2023-07-11,CAD,974.952
2023-07-11,IDR,0.0853
2023-07-12,USD,1289.0582
2023-07-12,EUR,1420.8
2023-07-12,PLN,319.4747
2023-07-12,CNY,179.2265
2023-07-12,CAD,974.8868
2023-07-12,IDR,0.0855
2023-07-13,USD,1268.7086
2023-07-13,EUR,1418.67
2023-07-13,PLN,320.0754
2023-07-13,CNY,177.1168
2023-07-13,CAD,964.1634
2023-07-13,IDR,0.0848
2023-07-14,USD,1268.1847
2023-07-14,EUR,1423.03
2023-07-14,PLN,319.8539
2023-07-14,CNY,177.7099
2023-07-14,CAD,966.2072
2023-07-14,IDR,0.0847
2023-07-17,USD,1266.1799
2023-07-17,EUR,1421.92
2023-07-17,PLN,319.4752
2023-07-17,CNY,176.7304
2023-07-17,CAD,957.8444
2023-07-17,IDR,0.0844
2023-07-18,USD,1261.235
2023-07-18,EUR,1419.52
2023-07-18,PLN,319.2946
2023-07-18,CNY,175.8028
2023-07-18,CAD,955.1339
2023-07-18,IDR,0.0842
2023-07-19,USD,1265.6567
2023-07-19,EUR,1420.32
2023-07-19,PLN,319.1157
2023-07-19,CNY,175.3178
2023-07-19,CAD,960.0
2023-07-19,IDR,0.0844
2023-07-20,USD,1271.0815
2023-07-20,EUR,1423.23
2023-07-20,PLN,319.7336
2023-07-20,CNY,177.3716
2023-07-20,CAD,967.131
2023-07-20,IDR,0.0848
2023-07-21,USD,1285.1928
2023-07-21,EUR,1429.52
2023-07-21,PLN,320.6424
2023-07-21,CNY,179.0033
2023-07-21,CAD,974.5841
2023-07-21,IDR,0.0855
2023-07-24,USD,1280.5155
2023-07-24,EUR,1420.86
2023-07-24,PLN,319.5816
2023-07-24,CNY,178.1665
2023-07-24,CAD,970.8644
2023-07-24,IDR,0.0852
2023-07-25,USD,1275.5678
2023-07-25,EUR,1409.63
2023-07-25,PLN,318.4669
2023-07-25,CNY,178.6264
2023-07-25,CAD,968.0195
2023-07-25,IDR,0.0849
2023-07-26,USD,1275.477
2023-07-26,EUR,1410.55
2023-07-26,PLN,319.129
2023-07-26,CNY,178.3046
2023-07-26,CAD,964.8085
2023-07-26,IDR,0.0848
2023-07-27,USD,1279.0831
2023-07-27,EUR,1422.98
2023-07-27,PLN,321.4684
2023-07-27,CNY,178.9687
2023-07-27,CAD,971.0523
2023-07-27,IDR,0.0853
2023-07-28,USD,1277.6839
2023-07-28,EUR,1406.73
2023-07-28,PLN,318.8924
2023-07-28,CNY,178.5213
2023-07-28,CAD,966.6254
2023-07-28,IDR,0.0846
2023-07-31,USD,1275.0522
2023-07-31,EUR,1405.49
2023-07-31,PLN,318.9222
2023-07-31,CNY,178.3436
2023-07-31,CAD,964.9114
2023-07-31,IDR,0.0846
2023-08-01,USD,1288.5688
2023-08-01,EUR,1413.56
2023-08-01,PLN,319.0664
2023-08-01,CNY,179.7965
2023-08-01,CAD,970.2519
2023-08-01,IDR,0.0852
2023-08-02,USD,1295.1934
2023-08-02,EUR,1422.77
2023-08-02,PLN,319.9033
2023-08-02,CNY,180.4881
2023-08-02,CAD,973.1003
2023-08-02,IDR,0.0853
2023-08-03,USD,1301.491
2023-08-03,EUR,1422.79
2023-08-03,PLN,319.0255
2023-08-03,CNY,181.4853
2023-08-03,CAD,973.2471
2023-08-03,IDR,0.0858
2023-08-04,USD,1311.3466
2023-08-04,EUR,1435.4
2023-08-04,PLN,322.6706
2023-08-04,CNY,182.4792
2023-08-04,CAD,979.929
2023-08-04,IDR,0.0863
2023-08-07,USD,1307.7021
2023-08-07,EUR,1436.38
2023-08-07,PLN,325.4293
2023-08-07,CNY,181.8755
2023-08-07,CAD,977.9276
2023-08-07,IDR,0.0861
2023-08-08,USD,1320.1937
2023-08-08,EUR,1444.82
2023-08-08,PLN,324.6787
2023-08-08,CNY,183.0044
2023-08-08,CAD,979.207
2023-08-08,IDR,0.0867
2023-08-09,USD,1314.2505
2023-08-09,EUR,1441.47
2023-08-09,PLN,322.6931
2023-08-09,CNY,182.3953
2023-08-09,CAD,977.9308
2023-08-09,IDR,0.0865
2023-08-10,USD,1312.5692
2023-08-10,EUR,1446.32
2023-08-10,PLN,324.6655
2023-08-10,CNY,182.0782
2023-08-10,CAD,979.6261
2023-08-10,IDR,0.0865
2023-08-11,USD,1326.1632
2023-08-11,EUR,1459.31
2023-08-11,PLN,328.9105
2023-08-11,CNY,183.3673
2023-08-11,CAD,986.6202
2023-08-11,IDR,0.0868
2023-08-14,USD,1335.2242
2023-08-14,EUR,1459.4
2023-08-14,PLN,328.7307
2023-08-14,CNY,183.9054
2023-08-14,CAD,992.7891
2023-08-14,IDR,0.0872
2023-08-15,USD,1336.9028
2023-08-15,EUR,1460.7
2023-08-15,PLN,325.4099
2023-08-15,CNY,183.4935
2023-08-15,CAD,990.8425
2023-08-15,IDR,0.0872
2023-08-16,USD,1338.5031
2023-08-16,EUR,1461.11
2023-08-16,PLN,328.1329
2023-08-16,CNY,183.4252
2023-08-16,CAD,992.1975
2023-08-16,IDR,0.0876
2023-08-17,USD,1337.8716
2023-08-17,EUR,1458.28
2023-08-17,PLN,326.1058
2023-08-17,CNY,183.6925
2023-08-17,CAD,990.814
2023-08-17,IDR,0.0872
2023-08-18,USD,1340.7932
2023-08-18,EUR,1457.04
2023-08-18,PLN,325.9743
2023-08-18,CNY,183.9767
2023-08-18,CAD,988.9636
2023-08-18,IDR,0.0875
2023-08-21,USD,1338.7605
2023-08-21,EUR,1460.32
2023-08-21,PLN,326.0735
2023-08-21,CNY,183.7898
2023-08-21,CAD,991.8631
2023-08-21,IDR,0.0873
2023-08-22,USD,1336.0797
2023-08-22,EUR,1454.59
2023-08-22,PLN,325.8271
2023-08-22,CNY,183.2277
2023-08-22,CAD,988.4412
2023-08-22,IDR,0.0871
2023-08-23,USD,1340.3609
2023-08-23,EUR,1448.26
2023-08-23,PLN,323.4673
2023-08-23,CNY,183.7987
2023-08-23,CAD,987.4276
2023-08-23,IDR,0.0876
2023-08-24,USD,1322.0018
2023-08-24,EUR,1433.05
2023-08-24,PLN,320.1059
2023-08-24,CNY,181.5504
2023-08-24,CAD,975.7933
2023-08-24,IDR,0.0867
2023-08-25,USD,1323.6306
2023-08-25,EUR,1430.58
2023-08-25,PLN,320.1119
2023-08-25,CNY,181.5849
2023-08-25,CAD,975.0409
2023-08-25,IDR,0.0866
2023-08-28,USD,1326.5452
2023-08-28,EUR,1433.73
2023-08-28,PLN,320.494
2023-08-28,CNY,181.8946
2023-08-28,CAD,975.7912
2023-08-28,IDR,0.0868
2023-08-29,USD,1326.4001
2023-08-29,EUR,1432.91
2023-08-29,PLN,320.4182
2023-08-29,CNY,181.8414
2023-08-29,CAD,973.312
2023-08-29,IDR,0.0869
2023-08-30,USD,1324.7015
2023-08-30,EUR,1442.07
2023-08-30,PLN,322.4088
2023-08-30,CNY,181.7422
2023-08-30,CAD,976.7475
2023-08-30,IDR,0.0869
2023-08-31,USD,1324.5859
2023-08-31,EUR,1439.56
2023-08-31,PLN,322.2439
2023-08-31,CNY,181.7718
2023-08-31,CAD,977.8955
2023-08-31,IDR,0.087
2023-09-01,USD,1317.1339
2023-09-01,EUR,1428.3
2023-09-01,PLN,319.6375
2023-09-01,CNY,181.5351
2023-09-01,CAD,974.5497
2023-09-01,IDR,0.0864
2023-09-04,USD,1317.628
2023-09-04,EUR,1423.17
2023-09-04,PLN,318.6463
2023-09-04,CNY,181.2309
2023-09-04,CAD,969.0658
2023-09-04,IDR,0.0864
2023-09-05,USD,1333.7527
2023-09-05,EUR,1431.25
2023-09-05,PLN,318.8349
2023-09-05,CNY,182.604
2023-09-05,CAD,976.8291
2023-09-05,IDR,0.0873
2023-09-06,USD,1331.624
2023-09-06,EUR,1430.83
2023-09-06,PLN,317.8916
2023-09-06,CNY,182.3271
2023-09-06,CAD,976.0761
2023-09-06,IDR,0.0871
2023-09-07,USD,1336.788
2023-09-07,EUR,1431.7
2023-09-07,PLN,312.0328
2023-09-07,CNY,182.41
2023-09-07,CAD,978.9402
2023-09-07,IDR,0.0872
2023-09-08,USD,1334.5572
2023-09-08,EUR,1428.51
2023-09-08,PLN,309.1143
2023-09-08,CNY,181.8252
2023-09-08,CAD,976.8926
2023-09-08,IDR,0.0869
2023-09-11,USD,1329.6718
2023-09-11,EUR,1425.94
2023-09-11,PLN,307.0632
2023-09-11,CNY,182.2753
2023-09-11,CAD,979.0182
2023-09-11,IDR,0.0865
2023-09-12,USD,1327.938
2023-09-12,EUR,1422.62
2023-09-12,PLN,305.2833
2023-09-12,CNY,182.1187
2023-09-12,CAD,977.7457
2023-09-12,IDR,0.0864
2023-09-13,USD,1328.8363
2023-09-13,EUR,1426.24
2023-09-13,PLN,308.4229
2023-09-13,CNY,182.5143
2023-09-13,CAD,979.8296
2023-09-13,IDR,0.0864
2023-09-14,USD,1325.6664
2023-09-14,EUR,1422.44
2023-09-14,PLN,307.3884
2023-09-14,CNY,182.1469
2023-09-14,CAD,980.6549
2023-09-14,IDR,0.0863
2023-09-15,USD,1328.3731
2023-09-15,EUR,1415.78
2023-09-15,PLN,305.7312
2023-09-15,CNY,182.5376
2023-09-15,CAD,982.5665
2023-09-15,IDR,0.0864
2023-09-18,USD,1325.6026
2023-09-18,EUR,1413.49
2023-09-18,PLN,304.7431
2023-09-18,CNY,181.6919
2023-09-18,CAD,981.5903
2023-09-18,IDR,0.0862
2023-09-19,USD,1324.5403
2023-09-19,EUR,1418.98
2023-09-19,PLN,304.8423
2023-09-19,CNY,181.662
2023-09-19,CAD,987.2539
2023-09-19,IDR,0.0861
2023-09-20,USD,1327.2192
2023-09-20,EUR,1420.39
2023-09-20,PLN,306.0987
2023-09-20,CNY,181.9636
2023-09-20,CAD,988.7164
2023-09-20,IDR,0.0864
2023-09-21,USD,1340.9027
2023-09-21,EUR,1426.05
2023-09-21,PLN,308.2019
2023-09-21,CNY,183.5446
2023-09-21,CAD,992.5181
2023-09-21,IDR,0.0872
2023-09-22,USD,1332.9858
2023-09-22,EUR,1419.23
2023-09-22,PLN,309.0321
2023-09-22,CNY,182.5001
2023-09-22,CAD,992.2604
2023-09-22,IDR,0.0867
2023-09-25,USD,1338.2488
2023-09-25,EUR,1422.96
2023-09-25,PLN,310.0604
2023-09-25,CNY,183.0692
2023-09-25,CAD,994.3121
2023-09-25,IDR,0.087
2023-09-26,USD,1348.5337
2023-09-26,EUR,1430.12
2023-09-26,PLN,310.2684
2023-09-26,CNY,184.4911
2023-09-26,CAD,998.8267
2023-09-26,IDR,0.0871
2023-09-27,USD,1352.686
2023-09-27,EUR,1425.19
2023-09-27,PLN,308.1492
2023-09-27,CNY,185.0151
2023-09-27,CAD,999.7825
2023-09-27,IDR,0.087
2023-09-28,USD,1353.7432
2023-09-28,EUR,1426.71
2023-09-28,PLN,307.8588
2023-09-28,CNY,185.3207
2023-09-28,CAD,1004.301
2023-09-28,IDR,0.0871
2023-09-29,USD,1345.3464
2023-09-29,EUR,1425.26
2023-09-29,PLN,307.9446
2023-09-29,CNY,184.2564
2023-09-29,CAD,1001.7994
2023-09-29,IDR,0.087
2023-10-02,USD,1355.7645
2023-10-02,EUR,1427.62
2023-10-02,PLN,309.5245
2023-10-02,CNY,185.6825
2023-10-02,CAD,995.8982
2023-10-02,IDR,0.0872
2023-10-03,USD,1361.4576
2023-10-03,EUR,1425.31
2023-10-03,PLN,308.3085
2023-10-03,CNY,186.4637
2023-10-03,CAD,992.2102
2023-10-03,IDR,0.0872
2023-10-04,USD,1354.7776
2023-10-04,EUR,1422.11
2023-10-04,PLN,307.2972
2023-10-04,CNY,185.5475
2023-10-04,CAD,988.194
2023-10-04,IDR,0.0867
2023-10-05,USD,1349.4585
2023-10-05,EUR,1420.44
2023-10-05,PLN,308.8719
2023-10-05,CNY,184.8184
2023-10-05,CAD,981.0346
2023-10-05,IDR,0.0865
2023-10-06,USD,1347.1836
2023-10-06,EUR,1423.03
2023-10-06,PLN,309.4687
2023-10-06,CNY,184.4211
2023-10-06,CAD,981.9418
2023-10-06,IDR,0.0861
2023-10-09,USD,1352.5876
2023-10-09,EUR,1424.41
2023-10-09,PLN,311.0201
2023-10-09,CNY,185.5087
2023-10-09,CAD,990.5494
2023-10-09,IDR,0.0862
2023-10-10,USD,1349.0833
2023-10-10,EUR,1427.6
2023-10-10,PLN,313.3107
2023-10-10,CNY,184.8313
2023-10-10,CAD,992.2847
2023-10-10,IDR,0.0858
2023-10-11,USD,1340.315
2023-10-11,EUR,1421.27
2023-10-11,PLN,314.7327
2023-10-11,CNY,183.5484
2023-10-11,CAD,985.0094
2023-10-11,IDR,0.0852
2023-10-12,USD,1337.2916
2023-10-12,EUR,1420.07
2023-10-12,PLN,313.5435
2023-10-12,CNY,183.2017
2023-10-12,CAD,983.7686
2023-10-12,IDR,0.0854
2023-10-13,USD,1352.2235
2023-10-13,EUR,1423.08
2023-10-13,PLN,313.7993
2023-10-13,CNY,185.0511
2023-10-13,CAD,988.4559
2023-10-13,IDR,0.0862
2023-10-16,USD,1354.4221
2023-10-16,EUR,1427.29
2023-10-16,PLN,319.0687
2023-10-16,CNY,185.2228
2023-10-16,CAD,993.9345
2023-10-16,IDR,0.0862
2023-10-17,USD,1352.6161
2023-10-17,EUR,1429.58
2023-10-17,PLN,322.9011
2023-10-17,CNY,184.9679
2023-10-17,CAD,992.0061
2023-10-17,IDR,0.0861
2023-10-18,USD,1351.8504
2023-10-18,EUR,1428.23
2023-10-18,PLN,321.601
2023-10-18,CNY,184.8172
2023-10-18,CAD,990.1075
2023-10-18,IDR,0.0858
2023-10-19,USD,1358.9695
2023-10-19,EUR,1434.8
2023-10-19,PLN,322.427
2023-10-19,CNY,185.7755
2023-10-19,CAD,990.5419
2023-10-19,IDR,0.0857
2023-10-20,USD,1351.7137
2023-10-20,EUR,1431.6
2023-10-20,PLN,320.6056
2023-10-20,CNY,184.7488
2023-10-20,CAD,987.8554
2023-10-20,IDR,0.0852
2023-10-23,USD,1352.0808
2023-10-23,EUR,1432.8
2023-10-23,PLN,321.3277
2023-10-23,CNY,184.8083
2023-10-23,CAD,985.284
2023-10-23,IDR,0.0848
2023-10-24,USD,1343.8205
2023-10-24,EUR,1428.75
2023-10-24,PLN,320.1322
2023-10-24,CNY,183.833
2023-10-24,CAD,981.0148
2023-10-24,IDR,0.0848
2023-10-25,USD,1349.4421
2023-10-25,EUR,1427.17
2023-10-25,PLN,318.3871
2023-10-25,CNY,184.4342
2023-10-25,CAD,980.9403
2023-10-25,IDR,0.085
2023-10-26,USD,1357.3719
2023-10-26,EUR,1430.67
2023-10-26,PLN,320.2538
2023-10-26,CNY,185.4593
2023-10-26,CAD,982.2657
2023-10-26,IDR,0.0853
2023-10-27,USD,1356.968
2023-10-27,EUR,1430.38
2023-10-27,PLN,319.8882
2023-10-27,CNY,185.4193
2023-10-27,CAD,981.5948
2023-10-27,IDR,0.0851
2023-10-30,USD,1348.7694
2023-10-30,EUR,1430.37
2023-10-30,PLN,320.9626
2023-10-30,CNY,184.3379
2023-10-30,CAD,975.0307
2023-10-30,IDR,0.0849
2023-10-31,USD,1351.0312
2023-10-31,EUR,1434.66
2023-10-31,PLN,323.0852
2023-10-31,CNY,184.6742
2023-10-31,CAD,975.1631
2023-10-31,IDR,0.0851
2023-11-01,USD,1356.3253
2023-11-01,EUR,1429.16
2023-11-01,PLN,320.0233
2023-11-01,CNY,185.3164
2023-11-01,CAD,978.2067
2023-11-01,IDR,0.0851
2023-11-02,USD,1329.2655
2023-11-02,EUR,1417.13
2023-11-02,PLN,318.492
2023-11-02,CNY,181.6624
2023-11-02,CAD,963.5752
2023-11-02,IDR,0.0841
2023-11-03,USD,1310.428
2023-11-03,EUR,1402.42
2023-11-03,PLN,315.1506
2023-11-03,CNY,179.3537
2023-11-03,CAD,957.0873
2023-11-03,IDR,0.0837
2023-11-06,USD,1298.1473
2023-11-06,EUR,1394.34
2023-11-06,PLN,312.1424
2023-11-06,CNY,178.5464
2023-11-06,CAD,950.8592
2023-11-06,IDR,0.0836
2023-11-07,USD,1308.3193
2023-11-07,EUR,1398.07
2023-11-07,PLN,313.3421
2023-11-07,CNY,179.6105
2023-11-07,CAD,952.4286
2023-11-07,IDR,0.0835
2023-11-08,USD,1313.8694
2023-11-08,EUR,1402.03
2023-11-08,PLN,313.9693
2023-11-08,CNY,180.4438
2023-11-08,CAD,953.0487
2023-11-08,IDR,0.0838
2023-11-09,USD,1311.2899
2023-11-09,EUR,1401.9
2023-11-09,PLN,315.1045
2023-11-09,CNY,179.9938
2023-11-09,CAD,951.3436
2023-11-09,IDR,0.0838
2023-11-10,USD,1318.7494
2023-11-10,EUR,1408.82
2023-11-10,PLN,318.4278
2023-11-10,CNY,180.9102
2023-11-10,CAD,954.938
2023-11-10,IDR,0.084
2023-11-13,USD,1324.9485
2023-11-13,EUR,1413.72
2023-11-13,PLN,319.2683
2023-11-13,CNY,181.7261
2023-11-13,CAD,958.1944
2023-11-13,IDR,0.0844
2023-11-14,USD,1325.746
2023-11-14,EUR,1421.73
2023-11-14,PLN,321.5783
2023-11-14,CNY,181.8744
2023-11-14,CAD,958.5558
2023-11-14,IDR,0.0844
2023-11-15,USD,1297.8469
2023-11-15,EUR,1410.5
2023-11-15,PLN,320.7869
2023-11-15,CNY,179.2204
2023-11-15,CAD,949.5759
2023-11-15,IDR,0.0838
2023-11-16,USD,1293.5478
2023-11-16,EUR,1403.37
2023-11-16,PLN,320.917
2023-11-16,CNY,178.421
2023-11-16,CAD,942.4283
2023-11-16,IDR,0.083
2023-11-17,USD,1292.3105
2023-11-17,EUR,1405.0
2023-11-17,PLN,320.9961
2023-11-17,CNY,179.1772
2023-11-17,CAD,942.447
2023-11-17,IDR,0.084
2023-11-20,USD,1292.6061
2023-11-20,EUR,1412.56
2023-11-20,PLN,323.3143
2023-11-20,CNY,180.224
2023-11-20,CAD,942.0835
2023-11-20,IDR,0.0837
2023-11-21,USD,1290.6618
2023-11-21,EUR,1413.92
2023-11-21,PLN,324.1077
2023-11-21,CNY,180.8591
2023-11-21,CAD,940.7945
2023-11-21,IDR,0.0833
2023-11-22,USD,1299.6976
2023-11-22,EUR,1418.1
2023-11-22,PLN,325.0659
2023-11-22,CNY,181.7727
2023-11-22,CAD,947.9912
2023-11-22,IDR,0.0833
2023-11-23,USD,1301.6972
2023-11-23,EUR,1418.85
2023-11-23,PLN,325.0143
2023-11-23,CNY,182.2497
2023-11-23,CAD,949.6988
2023-11-23,IDR,0.0837
2023-11-24,USD,1305.982
2023-11-24,EUR,1425.61
2023-11-24,PLN,326.69
2023-11-24,CNY,182.5599
2023-11-24,CAD,954.543
2023-11-24,IDR,0.0839
2023-11-27,USD,1299.0686
2023-11-27,EUR,1422.61
2023-11-27,PLN,326.3616
2023-11-27,CNY,181.6152
2023-11-27,CAD,952.9171
2023-11-27,IDR,0.0839
2023-11-28,USD,1296.8216
2023-11-28,EUR,1419.89
2023-11-28,PLN,326.6142
2023-11-28,CNY,181.2865
2023-11-28,CAD,953.7785
2023-11-28,IDR,0.0837
2023-11-29,USD,1290.9149
2023-11-29,EUR,1418.07
2023-11-29,PLN,327.0834
2023-11-29,CNY,181.1165
2023-11-29,CAD,950.4491
2023-11-29,IDR,0.0836
2023-11-30,USD,1297.9416
2023-11-30,EUR,1418.78
2023-11-30,PLN,326.2313
2023-11-30,CNY,181.8762
2023-11-30,CAD,954.1224
2023-11-30,IDR,0.0836
2023-12-01,USD,1306.4184
2023-12-01,EUR,1420.73
2023-12-01,PLN,327.131
2023-12-01,CNY,182.8834
2023-12-01,CAD,964.1219
2023-12-01,IDR,0.0844
2023-12-04,USD,1304.6559
2023-12-04,EUR,1417.9
2023-12-04,PLN,326.7578
2023-12-04,CNY,182.7662
2023-12-04,CAD,963.5091
2023-12-04,IDR,0.0843
2023-12-05,USD,1314.7638
2023-12-05,EUR,1422.18
2023-12-05,PLN,329.0179
2023-12-05,CNY,184.0557
2023-12-05,CAD,967.4694
2023-12-05,IDR,0.085
2023-12-06,USD,1315.5409
2023-12-06,EUR,1417.89
2023-12-06,PLN,326.6802
2023-12-06,CNY,183.7883
2023-12-06,CAD,970.0944
2023-12-06,IDR,0.0847
2023-12-07,USD,1319.3018
2023-12-07,EUR,1421.02
2023-12-07,PLN,328.0816
2023-12-07,CNY,184.4091
2023-12-07,CAD,969.5824
2023-12-07,IDR,0.0849
2023-12-08,USD,1310.9678
2023-12-08,EUR,1412.83
2023-12-08,PLN,326.1531
2023-12-08,CNY,183.0589
2023-12-08,CAD,965.9055
2023-12-08,IDR,0.0845
2023-12-11,USD,1320.7307
2023-12-11,EUR,1420.71
2023-12-11,PLN,328.0858
2023-12-11,CNY,184.0155
2023-12-11,CAD,972.4896
2023-12-11,IDR,0.0843
2023-12-12,USD,1309.8945
2023-12-12,EUR,1415.21
2023-12-12,PLN,326.1379
2023-12-12,CNY,182.7327
2023-12-12,CAD,965.6182
2023-12-12,IDR,0.0841
2023-12-13,USD,1319.0507
2023-12-13,EUR,1422.86
2023-12-13,PLN,328.9089
2023-12-13,CNY,183.7703
2023-12-13,CAD,971.6334
2023-12-13,IDR,0.0844
2023-12-14,USD,1293.7632
2023-12-14,EUR,1412.66
2023-12-14,PLN,327.5885
2023-12-14,CNY,181.4219
2023-12-14,CAD,962.4991
2023-12-14,IDR,0.0835
2023-12-15,USD,1300.2649
2023-12-15,EUR,1423.27
2023-12-15,PLN,330.3017
2023-12-15,CNY,182.9114
2023-12-15,CAD,971.3165
2023-12-15,IDR,0.0836
2023-12-18,USD,1300.4213
2023-12-18,EUR,1419.8
2023-12-18,PLN,326.7664
2023-12-18,CNY,182.2757
2023-12-18,CAD,973.5326
2023-12-18,IDR,0.0839
2023-12-19,USD,1304.7072
2023-12-19,EUR,1430.22
2023-12-19,PLN,329.7489
2023-12-19,CNY,182.8201
2023-12-19,CAD,974.7291
2023-12-19,IDR,0.0841
2023-12-20,USD,1302.6499
2023-12-20,EUR,1425.62
2023-12-20,PLN,328.3855
2023-12-20,CNY,182.4887
2023-12-20,CAD,975.8505
2023-12-20,IDR,0.0839
2023-12-21,USD,1302.9591
2023-12-21,EUR,1431.04
2023-12-21,PLN,329.7099
2023-12-21,CNY,182.4701
2023-12-21,CAD,975.6204
2023-12-21,IDR,0.0842
2023-12-22,USD,1297.3328
2023-12-22,EUR,1430.05
2023-12-22,PLN,329.3528
2023-12-22,CNY,181.8477
2023-12-22,CAD,976.8768
2023-12-22,IDR,0.084
2023-12-27,USD,1294.7763
2023-12-27,EUR,1432.67
2023-12-27,PLN,330.8096
2023-12-27,CNY,181.1534
2023-12-27,CAD,980.475
2023-12-27,IDR,0.084
2023-12-28,USD,1285.8377
2023-12-28,EUR,1429.08
2023-12-28,PLN,329.6229
2023-12-28,CNY,181.0314
2023-12-28,CAD,972.2956
2023-12-28,IDR,0.0834
2023-12-29,USD,1297.4299
2023-12-29,EUR,1433.66
2023-12-29,PLN,330.3745
2023-12-29,CNY,182.6109
2023-12-29,CAD,979.1422
2023-12-29,IDR,0.0839
2024-01-02,USD,1313.2348
2024-01-02,EUR,1438.78
2024-01-02,PLN,329.18
2024-01-02,CNY,183.8368
2024-01-02,CAD,987.8338
2024-01-02,IDR,0.0846
2024-01-03,USD,1311.7318
2024-01-03,EUR,1432.28
2024-01-03,PLN,328.2185
2024-01-03,CNY,183.4916
2024-01-03,CAD,982.7638
2024-01-03,IDR,0.0843
2024-01-04,USD,1309.4586
2024-01-04,EUR,1434.25
2024-01-04,PLN,330.0161
2024-01-04,CNY,183.1035
2024-01-04,CAD,982.1612
2024-01-04,IDR,0.0844
2024-01-05,USD,1318.2309
2024-01-05,EUR,1439.64
2024-01-05,PLN,330.4352
2024-01-05,CNY,184.2621
2024-01-05,CAD,986.0548
2024-01-05,IDR,0.0848
2024-01-08,USD,1320.0621
2024-01-08,EUR,1444.94
2024-01-08,PLN,332.4376
2024-01-08,CNY,184.3106
2024-01-08,CAD,986.2398
2024-01-08,IDR,0.085
2024-01-09,USD,1318.6654
2024-01-09,EUR,1442.62
2024-01-09,PLN,332.0337
2024-01-09,CNY,184.0523
2024-01-09,CAD,987.2169
2024-01-09,IDR,0.0848
2024-01-10,USD,1318.9932
2024-01-10,EUR,1443.77
2024-01-10,PLN,332.5893
2024-01-10,CNY,183.976
2024-01-10,CAD,985.5758
2024-01-10,IDR,0.0848
2024-01-11,USD,1314.6355
2024-01-11,EUR,1444.39
2024-01-11,PLN,332.12
2024-01-11,CNY,183.6501
2024-01-11,CAD,984.118
2024-01-11,IDR,0.0845
2024-01-12,USD,1314.8693
2024-01-12,EUR,1438.73
2024-01-12,PLN,329.7722
2024-01-12,CNY,183.3922
2024-01-12,CAD,983.142
2024-01-12,IDR,0.0844
2024-01-15,USD,1322.0192
2024-01-15,EUR,1446.95
2024-01-15,PLN,331.6791
2024-01-15,CNY,184.2568
2024-01-15,CAD,984.6546
2024-01-15,IDR,0.085
2024-01-16,USD,1336.9969
2024-01-16,EUR,1454.92
2024-01-16,PLN,331.6435
2024-01-16,CNY,185.9632
2024-01-16,CAD,992.3743
2024-01-16,IDR,0.0857
2024-01-17,USD,1345.1411
2024-01-17,EUR,1463.11
2024-01-17,PLN,332.5779
2024-01-17,CNY,186.9502
2024-01-17,CAD,995.2452
2024-01-17,IDR,0.0861
2024-01-18,USD,1338.6667
2024-01-18,EUR,1455.8
2024-01-18,PLN,330.9388
2024-01-18,CNY,186.0899
2024-01-18,CAD,991.6218
2024-01-18,IDR,0.0858
2024-01-19,USD,1333.6916
2024-01-19,EUR,1451.99
2024-01-19,PLN,332.8878
2024-01-19,CNY,185.4607
2024-01-19,CAD,990.7137
2024-01-19,IDR,0.0855
2024-01-22,USD,1339.0174
2024-01-22,EUR,1458.19
2024-01-22,PLN,334.1407
2024-01-22,CNY,186.1147
2024-01-22,CAD,997.394
2024-01-22,IDR,0.0854
2024-01-23,USD,1337.6472
2024-01-23,EUR,1454.29
2024-01-23,PLN,331.8024
2024-01-23,CNY,186.5599
2024-01-23,CAD,992.825
2024-01-23,IDR,0.0851
2024-01-24,USD,1332.5722
2024-01-24,EUR,1453.17
2024-01-24,PLN,332.3431
2024-01-24,CNY,186.3134
2024-01-24,CAD,990.6401
2024-01-24,IDR,0.0849
2024-01-25,USD,1336.8677
2024-01-25,EUR,1456.25
2024-01-25,PLN,332.7431
2024-01-25,CNY,186.4764
2024-01-25,CAD,989.7037
2024-01-25,IDR,0.0843
2024-01-26,USD,1334.8174
2024-01-26,EUR,1451.08
2024-01-26,PLN,331.486
2024-01-26,CNY,186.0502
2024-01-26,CAD,993.4141
2024-01-26,IDR,0.0847
2024-01-29,USD,1335.674
2024-01-29,EUR,1445.6
2024-01-29,PLN,331.104
2024-01-29,CNY,186.0441
2024-01-29,CAD,994.0861
2024-01-29,IDR,0.0844
2024-01-30,USD,1330.1401
2024-01-30,EUR,1442.67
2024-01-30,PLN,330.7511
2024-01-30,CNY,185.276
2024-01-30,CAD,990.5726
2024-01-30,IDR,0.0843
2024-01-31,USD,1333.0534
2024-01-31,EUR,1444.63
2024-01-31,PLN,333.4018
2024-01-31,CNY,185.7113
2024-01-31,CAD,992.3272
2024-01-31,IDR,0.0846
2024-02-01,USD,1333.8543
2024-02-01,EUR,1442.43
2024-02-01,PLN,332.564
2024-02-01,CNY,185.7174
2024-02-01,CAD,991.7698
2024-02-01,IDR,0.0846
2024-02-02,USD,1323.8078
2024-02-02,EUR,1440.7
2024-02-02,PLN,333.6885
2024-02-02,CNY,184.4427
2024-02-02,CAD,989.7637
2024-02-02,IDR,0.0847
2024-02-05,USD,1334.5338
2024-02-05,EUR,1434.09
2024-02-05,PLN,330.87
2024-02-05,CNY,185.4027
2024-02-05,CAD,988.5504
2024-02-05,IDR,0.0847
2024-02-06,USD,1328.0834
2024-02-06,EUR,1426.76
2024-02-06,PLN,328.27
2024-02-06,CNY,184.7393
2024-02-06,CAD,982.2112
2024-02-06,IDR,0.0844
2024-02-07,USD,1326.9488
2024-02-07,EUR,1429.92
2024-02-07,PLN,329.0728
2024-02-07,CNY,184.4368
2024-02-07,CAD,986.0837
2024-02-07,IDR,0.0847
2024-02-08,USD,1332.0413
2024-02-08,EUR,1433.01
2024-02-08,PLN,330.3769
2024-02-08,CNY,185.0956
2024-02-08,CAD,987.9421
2024-02-08,IDR,0.0851
2024-02-09,USD,1332.3895
2024-02-09,EUR,1435.25
2024-02-09,PLN,332.1877
2024-02-09,CNY,185.2198
2024-02-09,CAD,990.7842
2024-02-09,IDR,0.0852
2024-02-12,USD,1328.8221
2024-02-12,EUR,1431.54
2024-02-12,PLN,331.3903
2024-02-12,CNY,184.722
2024-02-12,CAD,986.9967
2024-02-12,IDR,0.0852
2024-02-13,USD,1329.2319
2024-02-13,EUR,1434.64
2024-02-13,PLN,332.108
2024-02-13,CNY,184.7787
2024-02-13,CAD,988.6569
2024-02-13,IDR,0.0851
2024-02-14,USD,1333.3427
2024-02-14,EUR,1428.41
2024-02-14,PLN,329.013
2024-02-14,CNY,185.3513
2024-02-14,CAD,984.4993
2024-02-14,IDR,0.0854
2024-02-15,USD,1330.4943
2024-02-15,EUR,1429.35
2024-02-15,PLN,329.0401
2024-02-15,CNY,184.9382
2024-02-15,CAD,982.5737
2024-02-15,IDR,0.0853
2024-02-16,USD,1332.7359
2024-02-16,EUR,1435.09
2024-02-16,PLN,330.6659
2024-02-16,CNY,185.2661
2024-02-16,CAD,988.4902
2024-02-16,IDR,0.0852
2024-02-19,USD,1335.2543
2024-02-19,EUR,1438.87
2024-02-19,PLN,332.5714
2024-02-19,CNY,185.4931
2024-02-19,CAD,990.8208
2024-02-19,IDR,0.0853
2024-02-20,USD,1333.79
2024-02-20,EUR,1440.76
2024-02-20,PLN,333.1391
2024-02-20,CNY,185.3831
2024-02-20,CAD,989.3971
2024-02-20,IDR,0.0852
2024-02-21,USD,1333.8607
2024-02-21,EUR,1441.77
2024-02-21,PLN,334.0137
2024-02-21,CNY,185.4844
2024-02-21,CAD,986.2977
2024-02-21,IDR,0.0854
2024-02-22,USD,1326.789
2024-02-22,EUR,1438.77
2024-02-22,PLN,333.3727
2024-02-22,CNY,184.4861
2024-02-22,CAD,984.2455
2024-02-22,IDR,0.0851
2024-02-23,USD,1330.0258
2024-02-23,EUR,1440.95
2024-02-23,PLN,334.1876
2024-02-23,CNY,184.8035
2024-02-23,CAD,987.8316
2024-02-23,IDR,0.0852
2024-02-26,USD,1331.0542
2024-02-26,EUR,1444.46
2024-02-26,PLN,335.5074
2024-02-26,CNY,184.9501
2024-02-26,CAD,984.3669
2024-02-26,IDR,0.0852
2024-02-27,USD,1331.3467
2024-02-27,EUR,1445.31
2024-02-27,PLN,334.9269
2024-02-27,CNY,184.9642
2024-02-27,CAD,986.5597
2024-02-27,IDR,0.0851
2024-02-28,USD,1337.2964
2024-02-28,EUR,1445.35
2024-02-28,PLN,336.4017
2024-02-28,CNY,185.7609
2024-02-28,CAD,983.9676
2024-02-28,IDR,0.0851
2024-02-29,USD,1336.9943
2024-02-29,EUR,1447.43
2024-02-29,PLN,334.9912
2024-02-29,CNY,185.8348
2024-02-29,CAD,983.3752
2024-02-29,IDR,0.085
2024-03-01,USD,1335.6238
2024-03-01,EUR,1444.21
2024-03-01,PLN,334.4627
2024-03-01,CNY,185.5429
2024-03-01,CAD,983.8613
2024-03-01,IDR,0.085
2024-03-04,USD,1332.2331
2024-03-04,EUR,1444.94
2024-03-04,PLN,334.3221
2024-03-04,CNY,185.0494
2024-03-04,CAD,981.6835
2024-03-04,IDR,0.0847
2024-03-05,USD,1334.6668
2024-03-05,EUR,1447.98
2024-03-05,PLN,334.8085
2024-03-05,CNY,185.3913
2024-03-05,CAD,981.8811
2024-03-05,IDR,0.0848
2024-03-06,USD,1333.833
2024-03-06,EUR,1450.41
2024-03-06,PLN,337.1635
2024-03-06,CNY,185.2825
2024-03-06,CAD,981.9973
2024-03-06,IDR,0.085
2024-03-07,USD,1327.8293
2024-03-07,EUR,1446.67
2024-03-07,PLN,336.2785
2024-03-07,CNY,184.496
2024-03-07,CAD,983.7946
2024-03-07,IDR,0.0849
2024-03-08,USD,1318.981
2024-03-08,EUR,1441.91
2024-03-08,PLN,334.8218
2024-03-08,CNY,183.4631
2024-03-08,CAD,980.8244
2024-03-08,IDR,0.0849
2024-03-11,USD,1311.0562
2024-03-11,EUR,1432.46
2024-03-11,PLN,334.6478
2024-03-11,CNY,182.5464
2024-03-11,CAD,970.9618
2024-03-11,IDR,0.0847
2024-03-12,USD,1312.8985
2024-03-12,EUR,1433.16
2024-03-12,PLN,334.3427
2024-03-12,CNY,182.9177
2024-03-12,CAD,972.359
2024-03-12,IDR,0.0846
2024-03-13,USD,1315.4859
2024-03-13,EUR,1439.01
2024-03-13,PLN,335.7466
2024-03-13,CNY,182.8987
2024-03-13,CAD,975.2033
2024-03-13,IDR,0.0845
2024-03-14,USD,1319.2128
2024-03-14,EUR,1441.24
2024-03-14,PLN,335.6795
2024-03-14,CNY,183.4479
2024-03-14,CAD,978.7708
2024-03-14,IDR,0.0846
2024-03-15,USD,1330.0679
2024-03-15,EUR,1448.71
2024-03-15,PLN,337.278
2024-03-15,CNY,184.8316
2024-03-15,CAD,983.4431
2024-03-15,IDR,0.0852
2024-03-18,USD,1333.7771
2024-03-18,EUR,1452.75
2024-03-18,PLN,336.9633
2024-03-18,CNY,185.295
2024-03-18,CAD,985.2492
2024-03-18,IDR,0.0849
2024-03-19,USD,1338.935
2024-03-19,EUR,1453.28
2024-03-19,PLN,336.3296
2024-03-19,CNY,185.9841
2024-03-19,CAD,984.1403
2024-03-19,IDR,0.085
2024-03-20,USD,1340.7045
2024-03-20,EUR,1453.86
2024-03-20,PLN,336.1681
2024-03-20,CNY,186.2538
2024-03-20,CAD,986.6042
2024-03-20,IDR,0.0852
2024-03-21,USD,1328.5138
2024-03-21,EUR,1449.01
2024-03-21,PLN,336.7598
2024-03-21,CNY,184.5402
2024-03-21,CAD,983.313
2024-03-21,IDR,0.0848
2024-03-22,USD,1343.0842
2024-03-22,EUR,1453.62
2024-03-22,PLN,336.7199
2024-03-22,CNY,185.778
2024-03-22,CAD,989.665
2024-03-22,IDR,0.0849
2024-03-25,USD,1341.3844
2024-03-25,EUR,1453.39
2024-03-25,PLN,337.3857
2024-03-25,CNY,186.0125
2024-03-25,CAD,987.2232
2024-03-25,IDR,0.085
2024-03-26,USD,1341.0871
2024-03-26,EUR,1455.75
2024-03-26,PLN,337.8159
2024-03-26,CNY,185.7819
2024-03-26,CAD,989.095
2024-03-26,IDR,0.0849
2024-03-27,USD,1351.0632
2024-03-27,EUR,1461.31
2024-03-27,PLN,338.6739
2024-03-27,CNY,186.9113
2024-03-27,CAD,993.2776
2024-03-27,IDR,0.085
2024-03-28,USD,1349.2461
2024-03-28,EUR,1458.67
2024-03-28,PLN,338.258
2024-03-28,CNY,186.6644
2024-03-28,CAD,994.1862
2024-03-28,IDR,0.085
2024-04-02,USD,1351.9676
2024-04-02,EUR,1453.23
2024-04-02,PLN,338.4485
2024-04-02,CNY,186.8409
2024-04-02,CAD,996.9335
2024-04-02,IDR,0.085
2024-04-03,USD,1350.3107
2024-04-03,EUR,1456.04
2024-04-03,PLN,338.8661
2024-04-03,CNY,186.6168
2024-04-03,CAD,995.5148
2024-04-03,IDR,0.0847
2024-04-04,USD,1347.641
2024-04-04,EUR,1462.46
2024-04-04,PLN,340.4633
2024-04-04,CNY,186.2983
2024-04-04,CAD,998.1299
2024-04-04,IDR,0.0849
2024-04-05,USD,1350.5119
2024-04-05,EUR,1464.09
2024-04-05,PLN,341.7976
2024-04-05,CNY,186.6962
2024-04-05,CAD,995.8441
2024-04-05,IDR,0.0852
2024-04-08,USD,1356.7126
2024-04-08,EUR,1468.37
2024-04-08,PLN,343.2937
2024-04-08,CNY,187.5744
2024-04-08,CAD,997.8729
2024-04-08,IDR,0.0853
2024-04-09,USD,1353.6211
2024-04-09,EUR,1470.98
2024-04-09,PLN,345.5844
2024-04-09,CNY,187.1404
2024-04-09,CAD,997.3422
2024-04-09,IDR,0.0853
2024-04-10,USD,1351.1326
2024-04-10,EUR,1467.33
2024-04-10,PLN,344.7431
2024-04-10,CNY,186.8068
2024-04-10,CAD,996.286
2024-04-10,IDR,0.0852
2024-04-11,USD,1369.4846
2024-04-11,EUR,1469.32
2024-04-11,PLN,345.1539
2024-04-11,CNY,189.2332
2024-04-11,CAD,1000.354
2024-04-11,IDR,0.0855
2024-04-12,USD,1379.8254
2024-04-12,EUR,1469.79
2024-04-12,PLN,344.9968
2024-04-12,CNY,190.6491
2024-04-12,CAD,1003.7492
2024-04-12,IDR,0.0856
2024-04-15,USD,1383.0612
2024-04-15,EUR,1473.79
2024-04-15,PLN,343.2368
2024-04-15,CNY,191.0688
2024-04-15,CAD,1006.3435
2024-04-15,IDR,0.0861
2024-04-16,USD,1392.8927
2024-04-16,EUR,1481.62
2024-04-16,PLN,341.112
2024-04-16,CNY,192.4307
2024-04-16,CAD,1010.1036
2024-04-16,IDR,0.086
2024-04-17,USD,1383.6435
2024-04-17,EUR,1471.92
2024-04-17,PLN,338.3102
2024-04-17,CNY,191.1435
2024-04-17,CAD,1001.9195
2024-04-17,IDR,0.0851
2024-04-18,USD,1374.1081
2024-04-18,EUR,1467.41
2024-04-18,PLN,339.2463
2024-04-18,CNY,189.8479
2024-04-18,CAD,999.1217
2024-04-18,IDR,0.0849
2024-04-19,USD,1379.0388
2024-04-19,EUR,1469.09
2024-04-19,PLN,339.2818
2024-04-19,CNY,190.4471
2024-04-19,CAD,1001.6978
2024-04-19,IDR,0.0848
2024-04-22,USD,1380.3988
2024-04-22,EUR,1467.64
2024-04-22,PLN,339.8259
2024-04-22,CNY,190.5729
2024-04-22,CAD,1005.784
2024-04-22,IDR,0.0849
2024-04-23,USD,1378.3118
2024-04-23,EUR,1471.21
2024-04-23,PLN,340.8893
2024-04-23,CNY,190.1943
2024-04-23,CAD,1006.0931
2024-04-23,IDR,0.085
2024-04-24,USD,1375.5474
2024-04-24,EUR,1469.91
2024-04-24,PLN,340.3121
2024-04-24,CNY,189.8348
2024-04-24,CAD,1004.8605
2024-04-24,IDR,0.0851
2024-04-25,USD,1374.2817
2024-04-25,EUR,1473.23
2024-04-25,PLN,341.302
2024-04-25,CNY,189.6488
2024-04-25,CAD,1005.0003
2024-04-25,IDR,0.0849
2024-04-26,USD,1376.3767
2024-04-26,EUR,1474.65
2024-04-26,PLN,341.3147
2024-04-26,CNY,189.9392
2024-04-26,CAD,1007.8253
2024-04-26,IDR,0.0848
2024-04-29,USD,1377.0056
2024-04-29,EUR,1476.15
2024-04-29,PLN,341.2669
2024-04-29,CNY,190.1594
2024-04-29,CAD,1008.6437
2024-04-29,IDR,0.0848
2024-04-30,USD,1380.5467
2024-04-30,EUR,1479.67
2024-04-30,PLN,342.6907
2024-04-30,CNY,190.657
2024-04-30,CAD,1008.4992
2024-04-30,IDR,0.0849
2024-05-02,USD,1374.4719
2024-05-02,EUR,1470.41
2024-05-02,PLN,339.7592
2024-05-02,CNY,189.816
2024-05-02,CAD,1001.7782
2024-05-02,IDR,0.085
2024-05-03,USD,1359.1214
2024-05-03,EUR,1460.24
2024-05-03,PLN,337.3158
2024-05-03,CNY,187.6963
2024-05-03,CAD,994.5784
2024-05-03,IDR,0.0847
2024-05-06,USD,1354.8627
2024-05-06,EUR,1460.0
2024-05-06,PLN,338.0804
2024-05-06,CNY,187.9941
2024-05-06,CAD,991.1072
2024-05-06,IDR,0.0844
2024-05-07,USD,1358.3968
2024-05-07,EUR,1462.45
2024-05-07,PLN,339.0166
2024-05-07,CNY,188.2005
2024-05-07,CAD,992.8377
2024-05-07,IDR,0.0846
2024-05-08,USD,1365.047
2024-05-08,EUR,1466.47
2024-05-08,PLN,340.4457
2024-05-08,CNY,188.854
2024-05-08,CAD,991.9305
2024-05-08,IDR,0.0849
2024-05-09,USD,1371.1983
2024-05-09,EUR,1471.57
2024-05-09,PLN,342.8635
2024-05-09,CNY,189.7478
2024-05-09,CAD,999.1649
2024-05-09,IDR,0.0853
2024-05-10,USD,1366.2863
2024-05-10,EUR,1472.72
2024-05-10,PLN,342.7481
2024-05-10,CNY,189.1085
2024-05-10,CAD,998.6574
2024-05-10,IDR,0.0852
2024-05-13,USD,1367.3089
2024-05-13,EUR,1476.01
2024-05-13,PLN,344.3794
2024-05-13,CNY,189.0019
2024-05-13,CAD,1000.2101
2024-05-13,IDR,0.085
2024-05-14,USD,1367.6917
2024-05-14,EUR,1476.56
2024-05-14,PLN,345.8391
2024-05-14,CNY,189.0529
2024-05-14,CAD,1000.8541
2024-05-14,IDR,0.0848
2024-05-15,USD,1358.8719
2024-05-15,EUR,1471.93
2024-05-15,PLN,344.795
2024-05-15,CNY,188.1975
2024-05-15,CAD,997.0399
2024-05-15,IDR,0.0849
2024-05-16,USD,1346.4384
2024-05-16,EUR,1463.04
2024-05-16,PLN,343.0501
2024-05-16,CNY,186.5409
2024-05-16,CAD,987.8731
2024-05-16,IDR,0.0846
2024-05-17,USD,1357.0177
2024-05-17,EUR,1471.55
2024-05-17,PLN,345.0293
2024-05-17,CNY,187.7696
2024-05-17,CAD,995.3666
2024-05-17,IDR,0.085
2024-05-20,USD,1360.197
2024-05-20,EUR,1477.31
2024-05-20,PLN,347.3327
2024-05-20,CNY,188.0486
2024-05-20,CAD,998.3173
2024-05-20,IDR,0.0851
2024-05-21,USD,1362.813
2024-05-21,EUR,1480.56
2024-05-21,PLN,347.9332
2024-05-21,CNY,188.3425
2024-05-21,CAD,1000.5812
2024-05-21,IDR,0.0852
2024-05-22,USD,1367.4515
2024-05-22,EUR,1480.95
2024-05-22,PLN,346.9404
2024-05-22,CNY,188.863
2024-05-22,CAD,999.9662
2024-05-22,IDR,0.0853
2024-05-23,USD,1360.4754
2024-05-23,EUR,1476.66
2024-05-23,PLN,346.3899
2024-05-23,CNY,187.9228
2024-05-23,CAD,995.5906
2024-05-23,IDR,0.0849
2024-05-24,USD,1365.7196
2024-05-24,EUR,1480.44
2024-05-24,PLN,347.905
2024-05-24,CNY,188.5382
2024-05-24,CAD,995.9233
2024-05-24,IDR,0.0852
2024-05-27,USD,1363.1191
2024-05-27,EUR,1478.03
2024-05-27,PLN,347.3386
2024-05-27,CNY,188.1762
2024-05-27,CAD,997.7925
2024-05-27,IDR,0.0848
2024-05-28,USD,1358.004
2024-05-28,EUR,1477.78
2024-05-28,PLN,347.8521
2024-05-28,CNY,187.4356
2024-05-28,CAD,997.1525
2024-05-28,IDR,0.0845
2024-05-29,USD,1367.4312
2024-05-29,EUR,1484.62
2024-05-29,PLN,348.1754
2024-05-29,CNY,188.6286
2024-05-29,CAD,1000.5526
2024-05-29,IDR,0.0844
2024-05-30,USD,1376.4771
2024-05-30,EUR,1488.66
2024-05-30,PLN,347.4281
2024-05-30,CNY,190.2173
2024-05-30,CAD,1003.952
2024-05-30,IDR,0.0848
2024-05-31,USD,1383.2565
2024-05-31,EUR,1501.11
2024-05-31,PLN,352.0014
2024-05-31,CNY,191.0368
2024-05-31,CAD,1013.9895
2024-05-31,IDR,0.0851
2024-06-03,USD,1377.2736
2024-06-03,EUR,1493.24
2024-06-03,PLN,348.7656
2024-06-03,CNY,190.0715
2024-06-03,CAD,1010.0379
2024-06-03,IDR,0.0849
2024-06-04,USD,1376.6314
2024-06-04,EUR,1495.71
2024-06-04,PLN,347.7991
2024-06-04,CNY,190.2213
2024-06-04,CAD,1006.5343
2024-06-04,IDR,0.0846
2024-06-05,USD,1371.7255
2024-06-05,EUR,1491.34
2024-06-05,PLN,346.4607
2024-06-05,CNY,189.2684
2024-06-05,CAD,1003.121
2024-06-05,IDR,0.084
2024-06-06,USD,1368.0994
2024-06-06,EUR,1486.44
2024-06-06,PLN,345.5632
2024-06-06,CNY,188.8382
2024-06-06,CAD,999.0188
2024-06-06,IDR,0.0841
2024-06-07,USD,1367.1958
2024-06-07,EUR,1489.97
2024-06-07,PLN,347.4743
2024-06-07,CNY,188.8046
2024-06-07,CAD,999.8457
2024-06-07,IDR,0.0844
2024-06-10,USD,1375.3533
2024-06-10,EUR,1479.33
2024-06-10,PLN,342.1207
2024-06-10,CNY,189.7623
2024-06-10,CAD,999.4798
2024-06-10,IDR,0.0844
2024-06-11,USD,1378.5927
2024-06-11,EUR,1479.23
2024-06-11,PLN,340.7343
2024-06-11,CNY,190.0371
2024-06-11,CAD,1000.7645
2024-06-11,IDR,0.0846
2024-06-12,USD,1376.0799
2024-06-12,EUR,1481.35
2024-06-12,PLN,341.4429
2024-06-12,CNY,189.7075
2024-06-12,CAD,1001.2504
2024-06-12,IDR,0.0844
2024-06-13,USD,1374.5456
2024-06-13,EUR,1482.31
2024-06-13,PLN,340.9726
2024-06-13,CNY,189.527
2024-06-13,CAD,1000.0067
2024-06-13,IDR,0.0846
2024-06-14,USD,1385.7383
2024-06-14,EUR,1480.8
2024-06-14,PLN,338.6001
2024-06-14,CNY,190.9995
2024-06-14,CAD,1007.0729
2024-06-14,IDR,0.0841
2024-06-17,USD,1382.2349
2024-06-17,EUR,1480.65
2024-06-17,PLN,339.5986
2024-06-17,CNY,190.4912
2024-06-17,CAD,1005.4665
2024-06-17,IDR,0.084
2024-06-18,USD,1385.0397
2024-06-18,EUR,1484.07
2024-06-18,PLN,341.142
2024-06-18,CNY,190.8821
2024-06-18,CAD,1007.4469
2024-06-18,IDR,0.0843
2024-06-19,USD,1380.8261
2024-06-19,EUR,1484.25
2024-06-19,PLN,342.7829
2024-06-19,CNY,190.2763
2024-06-19,CAD,1007.1589
2024-06-19,IDR,0.0843
2024-06-20,USD,1388.1985
2024-06-20,EUR,1488.01
2024-06-20,PLN,344.367
2024-06-20,CNY,191.1995
2024-06-20,CAD,1012.5272
2024-06-20,IDR,0.0842
2024-06-21,USD,1389.0157
2024-06-21,EUR,1484.58
2024-06-21,PLN,343.4938
2024-06-21,CNY,191.3069
2024-06-21,CAD,1014.6118
2024-06-21,IDR,0.0844
2024-06-24,USD,1388.2293
2024-06-24,EUR,1489.57
2024-06-24,PLN,346.3875
2024-06-24,CNY,191.2378
2024-06-24,CAD,1014.5552
2024-06-24,IDR,0.0847
2024-06-25,USD,1391.6651
2024-06-25,EUR,1491.03
2024-06-25,PLN,346.7915
2024-06-25,CNY,191.622
2024-06-25,CAD,1017.7679
2024-06-25,IDR,0.0849
2024-06-26,USD,1392.1415
2024-06-26,EUR,1488.06
2024-06-26,PLN,345.4579
2024-06-26,CNY,191.5801
2024-06-26,CAD,1017.2683
2024-06-26,IDR,0.0847
2024-06-27,USD,1386.2285
2024-06-27,EUR,1482.71
2024-06-27,PLN,343.3153
2024-06-27,CNY,190.7145
2024-06-27,CAD,1012.296
2024-06-27,IDR,0.0846
2024-06-28,USD,1377.73
2024-06-28,EUR,1474.86
2024-06-28,PLN,342.2743
2024-06-28,CNY,189.6975
2024-06-28,CAD,1005.3579
2024-06-28,IDR,0.0843
2024-07-01,USD,1382.4197
2024-07-01,EUR,1485.41
2024-07-01,PLN,345.3799
2024-07-01,CNY,190.2006
2024-07-01,CAD,1009.7274
2024-07-01,IDR,0.0845
2024-07-02,USD,1387.1377
2024-07-02,EUR,1488.26
2024-07-02,PLN,344.1064
2024-07-02,CNY,190.7683
2024-07-02,CAD,1010.5656
2024-07-02,IDR,0.0847
2024-07-03,USD,1389.9052
2024-07-03,EUR,1495.26
2024-07-03,PLN,347.5894
2024-07-03,CNY,191.0949
2024-07-03,CAD,1016.9761
2024-07-03,IDR,0.0849
2024-07-04,USD,1380.6111
2024-07-04,EUR,1491.06
2024-07-04,PLN,347.4207
2024-07-04,CNY,189.9077
2024-07-04,CAD,1013.9816
2024-07-04,IDR,0.0846
2024-07-05,USD,1380.9682
2024-07-05,EUR,1494.76
2024-07-05,PLN,349.2593
2024-07-05,CNY,190.04
2024-07-05,CAD,1014.3594
2024-07-05,IDR,0.0848
2024-07-08,USD,1383.5256
2024-07-08,EUR,1499.05
2024-07-08,PLN,350.4255
2024-07-08,CNY,190.3169
2024-07-08,CAD,1014.7915
2024-07-08,IDR,0.0851
2024-07-09,USD,1383.4011
2024-07-09,EUR,1496.01
2024-07-09,PLN,350.8219
2024-07-09,CNY,190.2377
2024-07-09,CAD,1014.1066
2024-07-09,IDR,0.085
2024-07-10,USD,1384.2587
2024-07-10,EUR,1498.46
2024-07-10,PLN,352.1231
2024-07-10,CNY,190.2492
2024-07-10,CAD,1015.3544
2024-07-10,IDR,0.0853
2024-07-11,USD,1380.0461
2024-07-11,EUR,1498.04
2024-07-11,PLN,352.1072
2024-07-11,CNY,189.9571
2024-07-11,CAD,1012.4628
2024-07-11,IDR,0.0853
2024-07-12,USD,1375.4729
2024-07-12,EUR,1497.89
2024-07-12,PLN,352.0471
2024-07-12,CNY,189.6447
2024-07-12,CAD,1009.7681
2024-07-12,IDR,0.0853
2024-07-15,USD,1382.8459
2024-07-15,EUR,1508.27
2024-07-15,PLN,354.9288
2024-07-15,CNY,190.4237
2024-07-15,CAD,1013.6904
2024-07-15,IDR,0.0854
2024-07-16,USD,1382.8013
2024-07-16,EUR,1507.53
2024-07-16,PLN,353.1921
2024-07-16,CNY,190.2894
2024-07-16,CAD,1011.0187
2024-07-16,IDR,0.0855
2024-07-17,USD,1379.2574
2024-07-17,EUR,1508.08
2024-07-17,PLN,351.1409
2024-07-17,CNY,190.0015
2024-07-17,CAD,1008.8166
2024-07-17,IDR,0.0855
2024-07-18,USD,1382.7813
2024-07-18,EUR,1511.38
2024-07-18,PLN,352.1553
2024-07-18,CNY,190.5253
2024-07-18,CAD,1010.7537
2024-07-18,IDR,0.0855
2024-07-19,USD,1387.8512
2024-07-19,EUR,1511.37
2024-07-19,PLN,352.6871
2024-07-19,CNY,190.9139
2024-07-19,CAD,1011.7619
2024-07-19,IDR,0.0857
2024-07-22,USD,1388.0235
2024-07-22,EUR,1511.28
2024-07-22,PLN,353.2018
2024-07-22,CNY,190.8399
2024-07-22,CAD,1009.4716
2024-07-22,IDR,0.0856
2024-07-23,USD,1386.3628
2024-07-23,EUR,1505.59
2024-07-23,PLN,352.0201
2024-07-23,CNY,190.5738
2024-07-23,CAD,1007.488
2024-07-23,IDR,0.0855
2024-07-24,USD,1382.7526
2024-07-24,EUR,1500.01
2024-07-24,PLN,349.7342
2024-07-24,CNY,190.0334
2024-07-24,CAD,1003.1499
2024-07-24,IDR,0.0851
2024-07-25,USD,1379.9005
2024-07-25,EUR,1497.33
2024-07-25,PLN,348.4756
2024-07-25,CNY,191.1542
2024-07-25,CAD,996.8908
2024-07-25,IDR,0.0846
2024-07-26,USD,1385.9576
2024-07-26,EUR,1505.15
2024-07-26,PLN,352.1642
2024-07-26,CNY,191.1302
2024-07-26,CAD,1002.8316
2024-07-26,IDR,0.0851
2024-07-29,USD,1383.3873
2024-07-29,EUR,1496.41
2024-07-29,PLN,348.5048
2024-07-29,CNY,190.5818
2024-07-29,CAD,999.2054
2024-07-29,IDR,0.085
2024-07-30,USD,1384.5067
2024-07-30,EUR,1498.59
2024-07-30,PLN,349.8273
2024-07-30,CNY,190.9299
2024-07-30,CAD,999.3265
2024-07-30,IDR,0.0848
2024-07-31,USD,1372.331
2024-07-31,EUR,1485.96
2024-07-31,PLN,346.313
2024-07-31,CNY,190.035
2024-07-31,CAD,992.1613
2024-07-31,IDR,0.0843
2024-08-01,USD,1366.3268
2024-08-01,EUR,1474.13
2024-08-01,PLN,343.1561
2024-08-01,CNY,188.5004
2024-08-01,CAD,988.5528
2024-08-01,IDR,0.084
2024-08-02,USD,1365.7314
2024-08-02,EUR,1479.77
2024-08-02,PLN,345.0152
2024-08-02,CNY,189.5319
2024-08-02,CAD,984.2168
2024-08-02,IDR,0.0843
2024-08-05,USD,1364.1893
2024-08-05,EUR,1495.97
2024-08-05,PLN,346.8675
2024-08-05,CNY,191.678
2024-08-05,CAD,984.9684
2024-08-05,IDR,0.0843
2024-08-06,USD,1378.0027
2024-08-06,EUR,1504.09
2024-08-06,PLN,348.9363
2024-08-06,CNY,192.6567
2024-08-06,CAD,996.284
2024-08-06,IDR,0.0852
2024-08-07,USD,1375.1511
2024-08-07,EUR,1501.94
2024-08-07,PLN,347.8887
2024-08-07,CNY,191.5129
2024-08-07,CAD,1000.6262
2024-08-07,IDR,0.0856
2024-08-08,USD,1375.9012
2024-08-08,EUR,1503.86
2024-08-08,PLN,348.1963
2024-08-08,CNY,191.836
2024-08-08,CAD,1001.1717
2024-08-08,IDR,0.0865
2024-08-09,USD,1365.8239
2024-08-09,EUR,1491.07
2024-08-09,PLN,344.7322
2024-08-09,CNY,190.479
2024-08-09,CAD,993.583
2024-08-09,IDR,0.0856
2024-08-12,USD,1370.7826
2024-08-12,EUR,1497.58
2024-08-12,PLN,347.8053
2024-08-12,CNY,190.9229
2024-08-12,CAD,998.5198
2024-08-12,IDR,0.0859
2024-08-13,USD,1371.2652
2024-08-13,EUR,1498.93
2024-08-13,PLN,349.4824
2024-08-13,CNY,191.4318
2024-08-13,CAD,998.3549
2024-08-13,IDR,0.0866
2024-08-14,USD,1355.604
2024-08-14,EUR,1493.74
2024-08-14,PLN,347.5835
2024-08-14,CNY,189.978
2024-08-14,CAD,988.2501
2024-08-14,IDR,0.0869
2024-08-15,USD,1357.9875
2024-08-15,EUR,1495.28
2024-08-15,PLN,349.2421
2024-08-15,CNY,189.7178
2024-08-15,CAD,990.9079
2024-08-15,IDR,0.0865
2024-08-16,USD,1355.8123
2024-08-16,EUR,1490.58
2024-08-16,PLN,349.0574
2024-08-16,CNY,189.2608
2024-08-16,CAD,987.466
2024-08-16,IDR,0.0864
2024-08-19,USD,1336.8988
2024-08-19,EUR,1476.07
2024-08-19,PLN,345.781
2024-08-19,CNY,187.2045
2024-08-19,CAD,977.6593
2024-08-19,IDR,0.0858
2024-08-20,USD,1333.7604
2024-08-20,EUR,1478.34
2024-08-20,PLN,346.6782
2024-08-20,CNY,186.6779
2024-08-20,CAD,980.0066
2024-08-20,IDR,0.0863
2024-08-21,USD,1336.407
2024-08-21,EUR,1485.55
2024-08-21,PLN,346.6214
2024-08-21,CNY,187.3187
2024-08-21,CAD,982.7016
2024-08-21,IDR,0.0861
2024-08-22,USD,1338.7876
2024-08-22,EUR,1490.74
2024-08-22,PLN,348.1817
2024-08-22,CNY,187.5357
2024-08-22,CAD,985.2875
2024-08-22,IDR,0.0856
2024-08-23,USD,1336.9841
2024-08-23,EUR,1486.86
2024-08-23,PLN,347.6002
2024-08-23,CNY,187.3469
2024-08-23,CAD,984.2844
2024-08-23,IDR,0.0859
2024-08-26,USD,1326.8476
2024-08-26,EUR,1481.16
2024-08-26,PLN,345.9442
2024-08-26,CNY,186.2813
2024-08-26,CAD,982.4622
2024-08-26,IDR,0.0859
2024-08-27,USD,1331.1772
2024-08-27,EUR,1485.86
2024-08-27,PLN,347.3015
2024-08-27,CNY,186.7902
2024-08-27,CAD,987.8731
2024-08-27,IDR,0.0856
2024-08-28,USD,1335.837
2024-08-28,EUR,1485.05
2024-08-28,PLN,345.3364
2024-08-28,CNY,187.3809
2024-08-28,CAD,991.2228
2024-08-28,IDR,0.0866
2024-08-29,USD,1329.6717
2024-08-29,EUR,1474.34
2024-08-29,PLN,343.685
2024-08-29,CNY,187.4487
2024-08-29,CAD,987.7001
2024-08-29,IDR,0.0863
2024-08-30,USD,1333.634
2024-08-30,EUR,1478.6
2024-08-30,PLN,345.7662
2024-08-30,CNY,188.153
2024-08-30,CAD,989.6259
2024-08-30,IDR,0.0861
2024-09-02,USD,1339.2279
2024-09-02,EUR,1481.32
2024-09-02,PLN,346.5076
2024-09-02,CNY,188.2787
2024-09-02,CAD,992.0439
2024-09-02,IDR,0.0862
2024-09-03,USD,1342.3018
2024-09-03,EUR,1481.23
2024-09-03,PLN,346.2193
2024-09-03,CNY,188.4181
2024-09-03,CAD,990.723
2024-09-03,IDR,0.0863
2024-09-04,USD,1340.724
2024-09-04,EUR,1481.5
2024-09-04,PLN,346.2419
2024-09-04,CNY,188.371
2024-09-04,CAD,988.9853
2024-09-04,IDR,0.0865
2024-09-05,USD,1335.0816
2024-09-05,EUR,1481.54
2024-09-05,PLN,347.1031
2024-09-05,CNY,188.1583
2024-09-05,CAD,987.9568
2024-09-05,IDR,0.0866
2024-09-06,USD,1330.5413
2024-09-06,EUR,1477.3
2024-09-06,PLN,345.1636
2024-09-06,CNY,187.8322
2024-09-06,CAD,985.9183
2024-09-06,IDR,0.0863
2024-09-09,USD,1345.1779
2024-09-09,EUR,1485.48
2024-09-09,PLN,347.237
2024-09-09,CNY,189.0188
2024-09-09,CAD,991.7084
2024-09-09,IDR,0.087
2024-09-10,USD,1342.2083
2024-09-10,EUR,1480.59
2024-09-10,PLN,345.6657
2024-09-10,CNY,188.5381
2024-09-10,CAD,988.8399
2024-09-10,IDR,0.0869
2024-09-11,USD,1338.8572
2024-09-11,EUR,1478.5
2024-09-11,PLN,344.8557
2024-09-11,CNY,188.2624
2024-09-11,CAD,985.8638
2024-09-11,IDR,0.0869
2024-09-12,USD,1341.0494
2024-09-12,EUR,1477.3
2024-09-12,PLN,343.734
2024-09-12,CNY,188.3326
2024-09-12,CAD,987.236
2024-09-12,IDR,0.0869
2024-09-13,USD,1330.3944
2024-09-13,EUR,1474.21
2024-09-13,PLN,343.6547
2024-09-13,CNY,187.4774
2024-09-13,CAD,978.8261
2024-09-13,IDR,0.0864
2024-09-16,USD,1318.9107
2024-09-16,EUR,1467.42
2024-09-16,PLN,343.5937
2024-09-16,CNY,185.8599
2024-09-16,CAD,971.2225
2024-09-16,IDR,0.0858
2024-09-17,USD,1317.5869
2024-09-17,EUR,1467.66
2024-09-17,PLN,343.8512
2024-09-17,CNY,185.6716
2024-09-17,CAD,969.7767
2024-09-17,IDR,0.0859
2024-09-18,USD,1324.7483
2024-09-18,EUR,1473.65
2024-09-18,PLN,345.1171
2024-09-18,CNY,187.0185
2024-09-18,CAD,974.8297
2024-09-18,IDR,0.0865
2024-09-19,USD,1328.0477
2024-09-19,EUR,1481.57
2024-09-19,PLN,347.3135
2024-09-19,CNY,187.9521
2024-09-19,CAD,980.5228
2024-09-19,IDR,0.0875
2024-09-20,USD,1335.7603
2024-09-20,EUR,1491.51
2024-09-20,PLN,348.7852
2024-09-20,CNY,189.3356
2024-09-20,CAD,984.625
2024-09-20,IDR,0.0881
2024-09-23,USD,1337.0087
2024-09-23,EUR,1486.62
2024-09-23,PLN,347.7474
2024-09-23,CNY,189.528
2024-09-23,CAD,986.8038
2024-09-23,IDR,0.088
2024-09-24,USD,1334.6537
2024-09-24,EUR,1485.87
2024-09-24,PLN,348.2644
2024-09-24,CNY,189.7905
2024-09-24,CAD,988.4055
2024-09-24,IDR,0.0879
2024-09-25,USD,1330.5878
2024-09-25,EUR,1489.46
2024-09-25,PLN,349.2859
2024-09-25,CNY,189.2772
2024-09-25,CAD,990.0691
2024-09-25,IDR,0.088
2024-09-26,USD,1325.5222
2024-09-26,EUR,1478.62
2024-09-26,PLN,346.2
2024-09-26,CNY,189.0504
2024-09-26,CAD,984.1065
2024-09-26,IDR,0.0876
2024-09-27,USD,1310.9518
2024-09-27,EUR,1462.76
2024-09-27,PLN,342.2622
2024-09-27,CNY,186.982
2024-09-27,CAD,972.8385
2024-09-27,IDR,0.0868
2024-09-30,USD,1312.174
2024-09-30,EUR,1469.11
2024-09-30,PLN,343.3463
2024-09-30,CNY,187.1215
2024-09-30,CAD,970.7989
2024-09-30,IDR,0.0865
2024-10-01,USD,1320.5755
2024-10-01,EUR,1463.99
2024-10-01,PLN,341.6307
2024-10-01,CNY,188.1566
2024-10-01,CAD,976.9051
2024-10-01,IDR,0.0869
2024-10-02,USD,1321.046
2024-10-02,EUR,1462.53
2024-10-02,PLN,340.5192
2024-10-02,CNY,188.223
2024-10-02,CAD,979.4602
2024-10-02,IDR,0.0865
2024-10-03,USD,1334.2603
2024-10-03,EUR,1472.89
2024-10-03,PLN,342.0712
2024-10-03,CNY,190.1067
2024-10-03,CAD,985.5403
2024-10-03,IDR,0.0863
2024-10-04,USD,1340.321
2024-10-04,EUR,1478.24
2024-10-04,PLN,342.6214
2024-10-04,CNY,190.9698
2024-10-04,CAD,988.657
2024-10-04,IDR,0.0861
2024-10-07,USD,1344.1268
2024-10-07,EUR,1476.12
2024-10-07,PLN,341.5758
2024-10-07,CNY,191.5124
2024-10-07,CAD,989.7546
2024-10-07,IDR,0.0855
2024-10-08,USD,1346.039
2024-10-08,EUR,1478.22
2024-10-08,PLN,343.1098
2024-10-08,CNY,190.8637
2024-10-08,CAD,986.7299
2024-10-08,IDR,0.086
2024-10-09,USD,1344.3735
2024-10-09,EUR,1473.03
2024-10-09,PLN,342.7405
2024-10-09,CNY,190.2279
2024-10-09,CAD,983.003
2024-10-09,IDR,0.086
2024-10-10,USD,1351.5459
2024-10-10,EUR,1477.51
2024-10-10,PLN,343.2238
2024-10-10,CNY,190.952
2024-10-10,CAD,982.9752
2024-10-10,IDR,0.0861
2024-10-11,USD,1350.9234
2024-10-11,EUR,1477.64
2024-10-11,PLN,344.4543
2024-10-11,CNY,191.2011
2024-10-11,CAD,980.9732
2024-10-11,IDR,0.0867
2024-10-14,USD,1359.6244
2024-10-14,EUR,1484.03
2024-10-14,PLN,345.9842
2024-10-14,CNY,191.9037
2024-10-14,CAD,986.263
2024-10-14,IDR,0.0872
2024-10-15,USD,1359.9285
2024-10-15,EUR,1482.73
2024-10-15,PLN,345.3188
2024-10-15,CNY,191.1375
2024-10-15,CAD,984.3524
2024-10-15,IDR,0.0876
2024-10-16,USD,1361.0168
2024-10-16,EUR,1483.1
2024-10-16,PLN,344.907
2024-10-16,CNY,191.3406
2024-10-16,CAD,987.8772
2024-10-16,IDR,0.0877
2024-10-17,USD,1370.173
2024-10-17,EUR,1488.83
2024-10-17,PLN,345.332
2024-10-17,CNY,192.3926
2024-10-17,CAD,994.2104
2024-10-17,IDR,0.0883
2024-10-18,USD,1371.854
2024-10-18,EUR,1488.05
2024-10-18,PLN,345.3754
2024-10-18,CNY,193.0902
2024-10-18,CAD,994.6858
2024-10-18,IDR,0.0886
2024-10-21,USD,1378.1719
2024-10-21,EUR,1495.73
2024-10-21,PLN,346.4343
2024-10-21,CNY,193.7524
2024-10-21,CAD,997.2863
2024-10-21,IDR,0.0889
2024-10-22,USD,1378.4863
2024-10-22,EUR,1491.66
2024-10-22,PLN,345.5316
2024-10-22,CNY,193.5913
2024-10-22,CAD,996.8324
2024-10-22,IDR,0.0886
2024-10-23,USD,1385.2884
2024-10-23,EUR,1491.54
2024-10-23,PLN,343.4117
2024-10-23,CNY,194.3147
2024-10-23,CAD,1001.0336
2024-10-23,IDR,0.0884
2024-10-24,USD,1379.3352
2024-10-24,EUR,1489.82
2024-10-24,PLN,342.9999
2024-10-24,CNY,193.8658
2024-10-24,CAD,998.405
2024-10-24,IDR,0.0885
2024-10-25,USD,1389.4596
2024-10-25,EUR,1504.09
2024-10-25,PLN,345.9428
2024-10-25,CNY,195.0248
2024-10-25,CAD,1003.4625
2024-10-25,IDR,0.0886
2024-10-28,USD,1383.2964
2024-10-28,EUR,1496.45
2024-10-28,PLN,344.0115
2024-10-28,CNY,194.0946
2024-10-28,CAD,995.642
2024-10-28,IDR,0.0879
2024-10-29,USD,1388.8992
2024-10-29,EUR,1496.4
2024-10-29,PLN,344.1582
2024-10-29,CNY,194.603
2024-10-29,CAD,998.8652
2024-10-29,IDR,0.0881
2024-10-30,USD,1380.5086
2024-10-30,EUR,1493.02
2024-10-30,PLN,343.5152
2024-10-30,CNY,193.7628
2024-10-30,CAD,990.5918
2024-10-30,IDR,0.088
2024-10-31,USD,1378.469
2024-10-31,EUR,1500.05
2024-10-31,PLN,344.7757
2024-10-31,CNY,193.7148
2024-10-31,CAD,991.1788
2024-10-31,IDR,0.0877
2024-11-01,USD,1376.3987
2024-11-01,EUR,1498.21
2024-11-01,PLN,344.076
2024-11-01,CNY,193.5597
2024-11-01,CAD,989.3093
2024-11-01,IDR,0.0874
2024-11-04,USD,1373.7803
2024-11-04,EUR,1497.97
2024-11-04,PLN,344.9716
2024-11-04,CNY,193.6287
2024-11-04,CAD,988.4329
2024-11-04,IDR,0.0871
2024-11-05,USD,1379.9303
2024-11-05,EUR,1503.71
2024-11-05,PLN,345.0459
2024-11-05,CNY,194.2652
2024-11-05,CAD,993.9913
2024-11-05,IDR,0.0875
2024-11-06,USD,1403.3661
2024-11-06,EUR,1500.9
2024-11-06,PLN,345.09
2024-11-06,CNY,195.4831
2024-11-06,CAD,1007.7889
2024-11-06,IDR,0.0884
2024-11-07,USD,1386.9077
2024-11-07,EUR,1495.78
2024-11-07,PLN,345.8211
2024-11-07,CNY,193.8568
2024-11-07,CAD,999.8529
2024-11-07,IDR,0.0886
2024-11-08,USD,1388.238
2024-11-08,EUR,1495.41
2024-11-08,PLN,345.7196
2024-11-08,CNY,193.6232
2024-11-08,CAD,998.0711
2024-11-08,IDR,0.089
2024-11-11,USD,1398.9015
2024-11-11,EUR,1489.97
2024-11-11,PLN,342.9949
2024-11-11,CNY,194.2113
2024-11-11,CAD,1003.482
2024-11-11,IDR,0.089
2024-11-12,USD,1405.4347
2024-11-12,EUR,1492.15
2024-11-12,PLN,342.9993
2024-11-12,CNY,194.3384
2024-11-12,CAD,1008.2776
2024-11-12,IDR,0.089
2024-11-13,USD,1399.3791
2024-11-13,EUR,1487.4
2024-11-13,PLN,342.5216
2024-11-13,CNY,194.1117
2024-11-13,CAD,1002.2911
2024-11-13,IDR,0.089
2024-11-14,USD,1403.9495
2024-11-14,EUR,1478.78
2024-11-14,PLN,340.8662
2024-11-14,CNY,193.8951
2024-11-14,CAD,1001.9514
2024-11-14,IDR,0.088
2024-11-15,USD,1394.9069
2024-11-15,EUR,1476.23
2024-11-15,PLN,341.7199
2024-11-15,CNY,192.9914
2024-11-15,CAD,993.3585
2024-11-15,IDR,0.0878
2024-11-18,USD,1397.356
2024-11-18,EUR,1474.49
2024-11-18,PLN,340.702
2024-11-18,CNY,192.89
2024-11-18,CAD,991.3871
2024-11-18,IDR,0.0881
2024-11-19,USD,1392.3615
2024-11-19,EUR,1472.84
2024-11-19,PLN,340.1242
2024-11-19,CNY,192.332
2024-11-19,CAD,992.9482
2024-11-19,IDR,0.0879
2024-11-20,USD,1395.9477
2024-11-20,EUR,1474.4
2024-11-20,PLN,340.4452
2024-11-20,CNY,192.6615
2024-11-20,CAD,998.4425
2024-11-20,IDR,0.0878
2024-11-21,USD,1398.0619
2024-11-21,EUR,1471.6
2024-11-21,PLN,338.9378
2024-11-21,CNY,193.1132
2024-11-21,CAD,1001.0884
2024-11-21,IDR,0.0879
2024-11-22,USD,1406.4829
2024-11-22,EUR,1464.43
2024-11-22,PLN,337.6363
2024-11-22,CNY,194.0722
2024-11-22,CAD,1005.7208
2024-11-22,IDR,0.0884
2024-11-25,USD,1400.5431
2024-11-25,EUR,1469.87
2024-11-25,PLN,340.3659
2024-11-25,CNY,193.3582
2024-11-25,CAD,1003.4612
2024-11-25,IDR,0.0883
2024-11-26,USD,1395.4476
2024-11-26,EUR,1468.29
2024-11-26,PLN,340.631
2024-11-26,CNY,192.5247
2024-11-26,CAD,989.8807
2024-11-26,IDR,0.0879
2024-11-27,USD,1392.3939
2024-11-27,EUR,1466.33
2024-11-27,PLN,340.058
2024-11-27,CNY,192.0612
2024-11-27,CAD,990.2951
2024-11-27,IDR,0.0878
2024-11-28,USD,1396.5946
2024-11-28,EUR,1472.29
2024-11-28,PLN,341.5986
2024-11-28,CNY,192.7005
2024-11-28,CAD,996.8111
2024-11-28,IDR,0.088
2024-11-29,USD,1397.5667
2024-11-29,EUR,1476.11
2024-11-29,PLN,343.601
2024-11-29,CNY,192.9959
2024-11-29,CAD,997.6413
2024-11-29,IDR,0.0881
2024-12-02,USD,1404.3304
2024-12-02,EUR,1475.53
2024-12-02,PLN,343.9063
2024-12-02,CNY,193.0791
2024-12-02,CAD,1000.495
2024-12-02,IDR,0.0883
2024-12-03,USD,1403.0632
2024-12-03,EUR,1474.9
2024-12-03,PLN,343.2155
2024-12-03,CNY,192.5733
2024-12-03,CAD,999.7289
2024-12-03,IDR,0.0881
2024-12-04,USD,1417.5372
2024-12-04,EUR,1487.28
2024-12-04,PLN,346.9441
2024-12-04,CNY,194.9636
2024-12-04,CAD,1007.9837
2024-12-04,IDR,0.089
2024-12-05,USD,1418.0361
2024-12-05,EUR,1494.61
2024-12-05,PLN,349.6573
2024-12-05,CNY,195.1774
2024-12-05,CAD,1009.2579
2024-12-05,IDR,0.0894
2024-12-06,USD,1419.7429
2024-12-06,EUR,1502.23
2024-12-06,PLN,352.0577
2024-12-06,CNY,195.4705
2024-12-06,CAD,1009.4275
2024-12-06,IDR,0.0897
2024-12-09,USD,1432.1442
2024-12-09,EUR,1513.49
2024-12-09,PLN,355.3377
2024-12-09,CNY,197.146
2024-12-09,CAD,1014.4715
2024-12-09,IDR,0.0902
2024-12-10,USD,1431.8514
2024-12-10,EUR,1507.31
2024-12-10,PLN,353.182
2024-12-10,CNY,197.4107
2024-12-10,CAD,1011.0746
2024-12-10,IDR,0.0902
2024-12-11,USD,1430.3607
2024-12-11,EUR,1502.88
2024-12-11,PLN,352.433
2024-12-11,CNY,196.9234
2024-12-11,CAD,1008.3059
2024-12-11,IDR,0.0898
2024-12-12,USD,1430.7216
2024-12-12,EUR,1500.97
2024-12-12,PLN,351.0384
2024-12-12,CNY,196.7917
2024-12-12,CAD,1009.7343
2024-12-12,IDR,0.0896
2024-12-13,USD,1433.3333
2024-12-13,EUR,1507.58
2024-12-13,PLN,353.5352
2024-12-13,CNY,197.0435
2024-12-13,CAD,1008.145
2024-12-13,IDR,0.0895
2024-12-16,USD,1437.5595
2024-12-16,EUR,1509.15
2024-12-16,PLN,353.9282
2024-12-16,CNY,197.37
2024-12-16,CAD,1008.8575
2024-12-16,IDR,0.0897
2024-12-17,USD,1436.7248
2024-12-17,EUR,1508.13
2024-12-17,PLN,353.7305
2024-12-17,CNY,197.234
2024-12-17,CAD,1005.7553
2024-12-17,IDR,0.089
2024-12-18,USD,1438.1479
2024-12-18,EUR,1509.48
2024-12-18,PLN,354.5211
2024-12-18,CNY,197.4131
2024-12-18,CAD,1004.8462
2024-12-18,IDR,0.0893
2024-12-19,USD,1448.1
2024-12-19,EUR,1505.3
2024-12-19,PLN,354.1882
2024-12-19,CNY,198.4366
2024-12-19,CAD,1008.2384
2024-12-19,IDR,0.0888
2024-12-20,USD,1446.2945
2024-12-20,EUR,1502.7
2024-12-20,PLN,352.5561
2024-12-20,CNY,198.1643
2024-12-20,CAD,1005.4195
2024-12-20,IDR,0.0891
2024-12-23,USD,1453.4398
2024-12-23,EUR,1510.56
2024-12-23,PLN,353.3226
2024-12-23,CNY,199.1221
2024-12-23,CAD,1008.5192
2024-12-23,IDR,0.0898
2024-12-24,USD,1458.3742
2024-12-24,EUR,1515.98
2024-12-24,PLN,354.9058
2024-12-24,CNY,199.884
2024-12-24,CAD,1011.4625
2024-12-24,IDR,0.09
2024-12-27,USD,1473.5506
2024-12-27,EUR,1537.65
2024-12-27,PLN,359.659
2024-12-27,CNY,201.8735
2024-12-27,CAD,1024.9633
2024-12-27,IDR,0.0909
2024-12-30,USD,1473.6978
2024-12-30,EUR,1539.13
2024-12-30,PLN,360.8323
2024-12-30,CNY,201.8955
2024-12-30,CAD,1023.698
2024-12-30,IDR,0.0912
2024-12-31,USD,1474.781
2024-12-31,EUR,1532.15
2024-12-31,PLN,358.3977
2024-12-31,CNY,202.0426
2024-12-31,CAD,1024.9866
2024-12-31,IDR,0.0911
2025-01-02,USD,1467.9488
2025-01-02,EUR,1515.07
2025-01-02,PLN,354.3775
2025-01-02,CNY,201.103
2025-01-02,CAD,1017.8502
2025-01-02,IDR,0.0906
2025-01-03,USD,1468.7834
2025-01-03,EUR,1512.7
2025-01-03,PLN,354.055
2025-01-03,CNY,200.7005
2025-01-03,CAD,1019.2023
2025-01-03,IDR,0.0906
2025-01-06,USD,1456.2056
2025-01-06,EUR,1518.24
2025-01-06,PLN,357.0817
2025-01-06,CNY,199.0247
2025-01-06,CAD,1017.9965
2025-01-06,IDR,0.0902
2025-01-07,USD,1450.3512
2025-01-07,EUR,1507.35
2025-01-07,PLN,353.9793
2025-01-07,CNY,197.9656
2025-01-07,CAD,1013.1402
2025-01-07,IDR,0.0898
2025-01-08,USD,1461.6955
2025-01-08,EUR,1503.5
2025-01-08,PLN,351.5725
2025-01-08,CNY,199.3688
2025-01-08,CAD,1015.6725
2025-01-08,IDR,0.0899
2025-01-09,USD,1459.7089
2025-01-09,EUR,1504.23
2025-01-09,PLN,352.089
2025-01-09,CNY,199.0828
2025-01-09,CAD,1014.2472
2025-01-09,IDR,0.0901
2025-01-10,USD,1466.7314
2025-01-10,EUR,1511.32
2025-01-10,PLN,354.271
2025-01-10,CNY,200.0635
2025-01-10,CAD,1018.0667
2025-01-10,IDR,0.0906
2025-01-13,USD,1468.4448
2025-01-13,EUR,1497.52
2025-01-13,PLN,350.5841
2025-01-13,CNY,200.2809
2025-01-13,CAD,1018.7904
2025-01-13,IDR,0.09
2025-01-14,USD,1460.6052
2025-01-14,EUR,1496.39
2025-01-14,PLN,350.5822
2025-01-14,CNY,199.2318
2025-01-14,CAD,1014.9145
2025-01-14,IDR,0.0896
2025-01-15,USD,1459.3689
2025-01-15,EUR,1503.15
2025-01-15,PLN,352.7445
2025-01-15,CNY,199.0532
2025-01-15,CAD,1016.7411
2025-01-15,IDR,0.0891
2025-01-16,USD,1459.3458
2025-01-16,EUR,1499.04
2025-01-16,PLN,351.1619
2025-01-16,CNY,199.0466
2025-01-16,CAD,1014.51
2025-01-16,IDR,0.089
2025-01-17,USD,1458.5842
2025-01-17,EUR,1502.05
2025-01-17,PLN,352.7181
2025-01-17,CNY,199.0156
2025-01-17,CAD,1010.5288
2025-01-17,IDR,0.0889
2025-01-20,USD,1451.3377
2025-01-20,EUR,1497.2
2025-01-20,PLN,351.7196
2025-01-20,CNY,198.486
2025-01-20,CAD,1003.2163
2025-01-20,IDR,0.0885
2025-01-21,USD,1441.933
2025-01-21,EUR,1493.41
2025-01-21,PLN,351.0767
2025-01-21,CNY,197.9521
2025-01-21,CAD,998.0686
2025-01-21,IDR,0.0883
2025-01-22,USD,1432.5481
2025-01-22,EUR,1496.01
2025-01-22,PLN,353.6667
2025-01-22,CNY,197.1235
2025-01-22,CAD,999.2052
2025-01-22,IDR,0.0884
2025-01-23,USD,1436.8512
2025-01-23,EUR,1494.9
2025-01-23,PLN,354.9988
2025-01-23,CNY,197.1409
2025-01-23,CAD,997.6642
2025-01-23,IDR,0.0885
2025-01-24,USD,1433.919
2025-01-24,EUR,1501.6
2025-01-24,PLN,356.3529
2025-01-24,CNY,197.8627
2025-01-24,CAD,1000.0666
2025-01-24,IDR,0.0888
2025-01-27,USD,1432.0703
2025-01-27,EUR,1507.97
2025-01-27,PLN,357.3981
2025-01-27,CNY,197.6214
2025-01-27,CAD,998.9202
2025-01-27,IDR,0.0887
2025-01-28,USD,1445.9361
2025-01-28,EUR,1506.81
2025-01-28,PLN,358.0992
2025-01-28,CNY,199.5326
2025-01-28,CAD,1003.2692
2025-01-28,IDR,0.0891
2025-01-29,USD,1446.7295
2025-01-29,EUR,1504.02
2025-01-29,PLN,356.9527
2025-01-29,CNY,199.5118
2025-01-29,CAD,1001.9452
2025-01-29,IDR,0.0891
2025-01-30,USD,1441.911
2025-01-30,EUR,1500.02
2025-01-30,PLN,356.6127
2025-01-30,CNY,198.8467
2025-01-30,CAD,1000.2134
2025-01-30,IDR,0.0887
2025-01-31,USD,1449.6488
2025-01-31,EUR,1506.62
2025-01-31,PLN,357.6122
2025-01-31,CNY,199.9151
2025-01-31,CAD,1002.0752
2025-01-31,IDR,0.0889
2025-02-03,USD,1463.8992
2025-02-03,EUR,1504.01
2025-02-03,PLN,355.9366
2025-02-03,CNY,201.8805
2025-02-03,CAD,999.2758
2025-02-03,IDR,0.0892
2025-02-04,USD,1455.4523
2025-02-04,EUR,1504.21
2025-02-04,PLN,356.507
2025-02-04,CNY,200.7139
2025-02-04,CAD,1009.9436
2025-02-04,IDR,0.0892
2025-02-05,USD,1446.5458
2025-02-05,EUR,1507.59
2025-02-05,PLN,359.2237
2025-02-05,CNY,198.8984
2025-02-05,CAD,1013.4378
2025-02-05,IDR,0.0887
2025-02-06,USD,1450.7529
2025-02-06,EUR,1502.98
2025-02-06,PLN,357.2994
2025-02-06,CNY,199.0412
2025-02-06,CAD,1011.0864
2025-02-06,IDR,0.0887
2025-02-07,USD,1447.0945
2025-02-07,EUR,1501.65
2025-02-07,PLN,357.6635
2025-02-07,CNY,198.5417
2025-02-07,CAD,1008.97
2025-02-07,IDR,0.0887
2025-02-10,USD,1450.3973
2025-02-10,EUR,1496.81
2025-02-10,PLN,358.4487
2025-02-10,CNY,198.5291
2025-02-10,CAD,1011.4948
2025-02-10,IDR,0.0887
2025-02-11,USD,1453.6033
2025-02-11,EUR,1500.7
2025-02-11,PLN,359.148
2025-02-11,CNY,198.9263
2025-02-11,CAD,1014.7407
2025-02-11,IDR,0.0888
2025-02-12,USD,1452.2372
2025-02-12,EUR,1505.97
2025-02-12,PLN,361.0313
2025-02-12,CNY,198.6925
2025-02-12,CAD,1015.4889
2025-02-12,IDR,0.0888
2025-02-13,USD,1450.9336
2025-02-13,EUR,1507.52
2025-02-13,PLN,361.6197
2025-02-13,CNY,198.8367
2025-02-13,CAD,1015.5753
2025-02-13,IDR,0.0885
2025-02-14,USD,1440.6375
2025-02-14,EUR,1509.5
2025-02-14,PLN,362.3989
2025-02-14,CNY,198.2506
2025-02-14,CAD,1016.0878
2025-02-14,IDR,0.0889
2025-02-17,USD,1443.5692
2025-02-17,EUR,1511.85
2025-02-17,PLN,363.3818
2025-02-17,CNY,198.755
2025-02-17,CAD,1017.3272
2025-02-17,IDR,0.089
2025-02-18,USD,1441.8685
2025-02-18,EUR,1506.32
2025-02-18,PLN,361.5747
2025-02-18,CNY,198.0541
2025-02-18,CAD,1014.7669
2025-02-18,IDR,0.0883
2025-02-19,USD,1442.1315
2025-02-19,EUR,1504.72
2025-02-19,PLN,360.4983
2025-02-19,CNY,197.9452
2025-02-19,CAD,1015.2621
2025-02-19,IDR,0.0881
2025-02-20,USD,1436.9626
2025-02-20,EUR,1500.62
2025-02-20,PLN,360.6826
2025-02-20,CNY,197.9527
2025-02-20,CAD,1011.1313
2025-02-20,IDR,0.0882
2025-02-21,USD,1433.5022
2025-02-21,EUR,1500.16
2025-02-21,PLN,359.8973
2025-02-21,CNY,197.5636
2025-02-21,CAD,1009.8008
2025-02-21,IDR,0.0878
2025-02-24,USD,1427.9763
2025-02-24,EUR,1494.52
2025-02-24,PLN,360.6032
2025-02-24,CNY,196.961
2025-02-24,CAD,1004.6518
2025-02-24,IDR,0.0877
2025-02-25,USD,1433.8478
2025-02-25,EUR,1505.11
2025-02-25,PLN,363.6146
2025-02-25,CNY,197.4718
2025-02-25,CAD,1005.4847
2025-02-25,IDR,0.0877
2025-02-26,USD,1434.4903
2025-02-26,EUR,1504.35
2025-02-26,PLN,363.0188
2025-02-26,CNY,197.6158
2025-02-26,CAD,999.3025
2025-02-26,IDR,0.0876
2025-02-27,USD,1443.0371
2025-02-27,EUR,1511.87
2025-02-27,PLN,365.9993
2025-02-27,CNY,198.5984
2025-02-27,CAD,1005.2327
2025-02-27,IDR,0.0877
2025-02-28,USD,1459.9174
2025-02-28,EUR,1519.92
2025-02-28,PLN,366.2193
2025-02-28,CNY,200.5648
2025-02-28,CAD,1011.9981
2025-02-28,IDR,0.0882
2025-03-03,USD,1458.5953
2025-03-03,EUR,1526.42
2025-03-03,PLN,365.9778
2025-03-03,CNY,200.1023
2025-03-03,CAD,1010.6065
2025-03-03,IDR,0.0887
2025-03-04,USD,1456.0292
2025-03-04,EUR,1537.13
2025-03-04,PLN,369.5646
2025-03-04,CNY,200.633
2025-03-04,CAD,1009.6755
2025-03-04,IDR,0.0887
2025-03-05,USD,1450.9538
2025-03-05,EUR,1551.65
2025-03-05,PLN,373.8916
2025-03-05,CNY,199.7618
2025-03-05,CAD,1007.6958
2025-03-05,IDR,0.0887
2025-03-06,USD,1448.2494
2025-03-06,EUR,1563.53
2025-03-06,PLN,374.3189
2025-03-06,CNY,199.8198
2025-03-06,CAD,1008.1437
2025-03-06,IDR,0.0885
2025-03-07,USD,1446.5046
2025-03-07,EUR,1570.47
2025-03-07,PLN,375.8184
2025-03-07,CNY,199.9045
2025-03-07,CAD,1008.9104
2025-03-07,IDR,0.0889
2025-03-10,USD,1455.8875
2025-03-10,EUR,1578.91
2025-03-10,PLN,376.2893
2025-03-10,CNY,200.578
2025-03-10,CAD,1009.4042
2025-03-10,IDR,0.089
2025-03-11,USD,1453.9589
2025-03-11,EUR,1586.56
2025-03-11,PLN,377.7254
2025-03-11,CNY,201.011
2025-03-11,CAD,1008.5564
2025-03-11,IDR,0.0884
2025-03-12,USD,1452.0026
2025-03-12,EUR,1580.65
2025-03-12,PLN,376.7489
2025-03-12,CNY,200.468
2025-03-12,CAD,1007.8105
2025-03-12,IDR,0.0882
2025-03-13,USD,1456.7221
2025-03-13,EUR,1577.63
2025-03-13,PLN,375.9395
2025-03-13,CNY,200.9899
2025-03-13,CAD,1011.8851
2025-03-13,IDR,0.0886
2025-03-14,USD,1453.6413
2025-03-14,EUR,1582.87
2025-03-14,PLN,379.3759
2025-03-14,CNY,200.8158
2025-03-14,CAD,1008.7757
2025-03-14,IDR,0.0889
2025-03-17,USD,1448.2895
2025-03-17,EUR,1579.07
2025-03-17,PLN,377.1994
2025-03-17,CNY,200.2143
2025-03-17,CAD,1010.6048
2025-03-17,IDR,0.0884
2025-03-18,USD,1453.2607
2025-03-18,EUR,1586.67
2025-03-18,PLN,380.0407
2025-03-18,CNY,201.081
2025-03-18,CAD,1017.1614
2025-03-18,IDR,0.088
2025-03-19,USD,1458.8511
2025-03-19,EUR,1589.71
2025-03-19,PLN,379.5416
2025-03-19,CNY,201.7757
2025-03-19,CAD,1018.6531
2025-03-19,IDR,0.0883
2025-03-20,USD,1469.5468
2025-03-20,EUR,1591.96
2025-03-20,PLN,379.011
2025-03-20,CNY,202.8465
2025-03-20,CAD,1021.0108
2025-03-20,IDR,0.089
2025-03-21,USD,1464.4038
2025-03-21,EUR,1585.51
2025-03-21,PLN,377.2958
2025-03-21,CNY,202.035
2025-03-21,CAD,1019.555
2025-03-21,IDR,0.0887
2025-03-24,USD,1467.2949
2025-03-24,EUR,1588.2
2025-03-24,PLN,380.3161
2025-03-24,CNY,202.285
2025-03-24,CAD,1023.3247
2025-03-24,IDR,0.0886
2025-03-25,USD,1466.1986
2025-03-25,EUR,1587.16
2025-03-25,PLN,381.2081
2025-03-25,CNY,202.0033
2025-03-25,CAD,1026.69
2025-03-25,IDR,0.0885
2025-03-26,USD,1465.3875
2025-03-26,EUR,1580.86
2025-03-26,PLN,378.6038
2025-03-26,CNY,201.6892
2025-03-26,CAD,1027.3998
2025-03-26,IDR,0.0882
2025-03-27,USD,1465.146
2025-03-27,EUR,1580.16
2025-03-27,PLN,376.5154
2025-03-27,CNY,201.6513
2025-03-27,CAD,1024.4149
2025-03-27,IDR,0.0883
2025-03-28,USD,1468.6024
2025-03-28,EUR,1585.65
2025-03-28,PLN,379.5691
2025-03-28,CNY,202.1353
2025-03-28,CAD,1026.7094
2025-03-28,IDR,0.0885
2025-03-31,USD,1474.5354
2025-03-31,EUR,1594.71
2025-03-31,PLN,381.1448
2025-03-31,CNY,203.298
2025-03-31,CAD,1026.6594
2025-03-31,IDR,0.0886
2025-04-01,USD,1472.4045
2025-04-01,EUR,1588.43
2025-04-01,PLN,379.4353
2025-04-01,CNY,202.5258
2025-04-01,CAD,1022.8798
2025-04-01,IDR,0.0879
2025-04-02,USD,1461.881
2025-04-02,EUR,1579.27
2025-04-02,PLN,378.0419
2025-04-02,CNY,201.1066
2025-04-02,CAD,1020.2662
2025-04-02,IDR,0.0875
2025-04-03,USD,1455.4474
2025-04-03,EUR,1615.11
2025-04-03,PLN,384.9166
2025-04-03,CNY,199.5959
2025-04-03,CAD,1032.9432
2025-04-03,IDR,0.0871
2025-04-04,USD,1448.051
2025-04-04,EUR,1601.11
2025-04-04,PLN,375.627
2025-04-04,CNY,198.8512
2025-04-04,CAD,1020.0752
2025-04-04,IDR,0.0854
2025-04-07,USD,1464.8582
2025-04-07,EUR,1606.51
2025-04-07,PLN,374.129
2025-04-07,CNY,200.4254
2025-04-07,CAD,1026.065
2025-04-07,IDR,0.0864
2025-04-08,USD,1478.347
2025-04-08,EUR,1618.79
2025-04-08,PLN,379.1965
2025-04-08,CNY,201.4448
2025-04-08,CAD,1043.5727
2025-04-08,IDR,0.0874
2025-04-09,USD,1476.7316
2025-04-09,EUR,1631.05
2025-04-09,PLN,379.729
2025-04-09,CNY,200.9202
2025-04-09,CAD,1040.8079
2025-04-09,IDR,0.0872
2025-04-10,USD,1455.4503
2025-04-10,EUR,1612.93
2025-04-10,PLN,379.1294
2025-04-10,CNY,198.7909
2025-04-10,CAD,1033.4658
2025-04-10,IDR,0.0865
2025-04-11,USD,1431.6764
2025-04-11,EUR,1624.38
2025-04-11,PLN,378.1761
2025-04-11,CNY,196.1362
2025-04-11,CAD,1032.27
2025-04-11,IDR,0.0849
2025-04-14,USD,1421.5435
2025-04-14,EUR,1617.29
2025-04-14,PLN,377.3425
2025-04-14,CNY,194.3952
2025-04-14,CAD,1024.5091
2025-04-14,IDR,0.0846
2025-04-15,USD,1426.8456
2025-04-15,EUR,1615.76
2025-04-15,PLN,377.1263
2025-04-15,CNY,195.0576
2025-04-15,CAD,1028.4259
2025-04-15,IDR,0.0847
2025-04-16,USD,1418.0625
2025-04-16,EUR,1610.21
2025-04-16,PLN,375.0518
2025-04-16,CNY,194.0924
2025-04-16,CAD,1018.6689
2025-04-16,IDR,0.0844
2025-04-17,USD,1416.4789
2025-04-17,EUR,1609.12
2025-04-17,PLN,376.464
2025-04-17,CNY,194.1037
2025-04-17,CAD,1020.1737
2025-04-17,IDR,0.084
2025-04-22,USD,1425.183
2025-04-22,EUR,1635.54
2025-04-22,PLN,382.1355
2025-04-22,CNY,194.8719
2025-04-22,CAD,1029.2241
2025-04-22,IDR,0.0846
2025-04-23,USD,1422.1288
2025-04-23,EUR,1623.36
2025-04-23,PLN,378.2733
2025-04-23,CNY,195.1177
2025-04-23,CAD,1028.1588
2025-04-23,IDR,0.0843
2025-04-24,USD,1435.2936
2025-04-24,EUR,1632.79
2025-04-24,PLN,381.9571
2025-04-24,CNY,196.8996
2025-04-24,CAD,1035.443
2025-04-24,IDR,0.0852
2025-04-25,USD,1439.4911
2025-04-25,EUR,1634.83
2025-04-25,PLN,383.0167
2025-04-25,CNY,197.5076
2025-04-25,CAD,1037.7238
2025-04-25,IDR,0.0854
2025-04-28,USD,1444.3828
2025-04-28,EUR,1640.53
2025-04-28,PLN,383.7048
2025-04-28,CNY,197.9141
2025-04-28,CAD,1042.0033
2025-04-28,IDR,0.0859
2025-04-29,USD,1435.6722
2025-04-29,EUR,1632.79
2025-04-29,PLN,382.3148
2025-04-29,CNY,197.3995
2025-04-29,CAD,1036.9554
2025-04-29,IDR,0.0857
2025-04-30,USD,1423.0106
2025-04-30,EUR,1618.39
2025-04-30,PLN,378.5442
2025-04-30,CNY,195.848
2025-04-30,CAD,1028.9865
2025-04-30,IDR,0.0856
2025-05-02,USD,1397.7343
2025-05-02,EUR,1585.45
2025-05-02,PLN,370.8655
2025-05-02,CNY,192.2247
2025-05-02,CAD,1011.4514
2025-05-02,IDR,0.085
2025-05-05,USD,1371.3215
2025-05-05,EUR,1555.49
2025-05-05,PLN,364.0021
2025-05-05,CNY,188.5922
2025-05-05,CAD,993.2886
2025-05-05,IDR,0.0834
2025-05-06,USD,1381.0773
2025-05-06,EUR,1564.07
2025-05-06,PLN,365.8814
2025-05-06,CNY,191.3587
2025-05-06,CAD,1000.7486
2025-05-06,IDR,0.0841
2025-05-07,USD,1391.1532
2025-05-07,EUR,1580.35
2025-05-07,PLN,369.6466
2025-05-07,CNY,192.5401
2025-05-07,CAD,1008.3264
2025-05-07,IDR,0.0842
2025-05-08,USD,1398.7165
2025-05-08,EUR,1580.13
2025-05-08,PLN,370.0539
2025-05-08,CNY,193.255
2025-05-08,CAD,1006.837
2025-05-08,IDR,0.0848
2025-05-09,USD,1400.391
2025-05-09,EUR,1575.72
2025-05-09,PLN,371.6934
2025-05-09,CNY,193.4111
2025-05-09,CAD,1006.3354
2025-05-09,IDR,0.0847
2025-05-12,USD,1419.0798
2025-05-12,EUR,1576.03
2025-05-12,PLN,371.6789
2025-05-12,CNY,197.0062
2025-05-12,CAD,1014.764
2025-05-12,IDR,0.0852
2025-05-13,USD,1424.451
2025-05-13,EUR,1582.85
2025-05-13,PLN,372.2776
2025-05-13,CNY,197.8043
2025-05-13,CAD,1017.7791
2025-05-13,IDR,0.0855
2025-05-14,USD,1397.5566
2025-05-14,EUR,1567.22
2025-05-14,PLN,369.4095
2025-05-14,CNY,193.9773
2025-05-14,CAD,1002.5716
2025-05-14,IDR,0.0845
2025-05-15,USD,1398.0778
2025-05-15,EUR,1563.75
2025-05-15,PLN,368.609
2025-05-15,CNY,193.8669
2025-05-15,CAD,999.5206
2025-05-15,IDR,0.0846
2025-05-16,USD,1396.4356
2025-05-16,EUR,1563.17
2025-05-16,PLN,366.9413
2025-05-16,CNY,193.7998
2025-05-16,CAD,999.4693
2025-05-16,IDR,0.0848
2025-05-19,USD,1388.7764
2025-05-19,EUR,1564.04
2025-05-19,PLN,366.3887
2025-05-19,CNY,192.5565
2025-05-19,CAD,995.7599
2025-05-19,IDR,0.0844
2025-05-20,USD,1394.6179
2025-05-20,EUR,1567.69
2025-05-20,PLN,368.9724
2025-05-20,CNY,193.1747
2025-05-20,CAD,999.611
2025-05-20,IDR,0.0849
2025-05-21,USD,1375.3114
2025-05-21,EUR,1556.99
2025-05-21,PLN,367.0415
2025-05-21,CNY,190.9246
2025-05-21,CAD,990.3887
2025-05-21,IDR,0.0842
2025-05-22,USD,1381.7933
2025-05-22,EUR,1562.67
2025-05-22,PLN,368.0334
2025-05-22,CNY,191.7928
2025-05-22,CAD,996.6008
2025-05-22,IDR,0.0846
2025-05-23,USD,1376.6658
2025-05-23,EUR,1555.77
2025-05-23,PLN,365.1785
2025-05-23,CNY,191.6044
2025-05-23,CAD,995.3743
2025-05-23,IDR,0.0846
2025-05-26,USD,1369.4842
2025-05-26,EUR,1558.61
2025-05-26,PLN,367.207
2025-05-26,CNY,190.5508
2025-05-26,CAD,998.2131
2025-05-26,IDR,0.0843
2025-05-27,USD,1374.2515
2025-05-27,EUR,1560.6
2025-05-27,PLN,367.4161
2025-05-27,CNY,190.9949
2025-05-27,CAD,997.6985
2025-05-27,IDR,0.0844
2025-05-28,USD,1373.3587
2025-05-28,EUR,1554.23
2025-05-28,PLN,366.434
2025-05-28,CNY,190.9327
2025-05-28,CAD,993.1817
2025-05-28,IDR,0.0842
2025-05-29,USD,1374.8515
2025-05-29,EUR,1550.97
2025-05-29,PLN,366.1402
2025-05-29,CNY,191.2582
2025-05-29,CAD,994.5941
2025-05-29,IDR,0.0844
2025-05-30,USD,1378.5078
2025-05-30,EUR,1563.09
2025-05-30,PLN,367.8032
2025-05-30,CNY,191.6115
2025-05-30,CAD,998.3968
2025-05-30,IDR,0.0844
2025-06-02,USD,1376.8281
2025-06-02,EUR,1572.2
2025-06-02,PLN,369.2517
2025-06-02,CNY,191.2326
2025-06-02,CAD,1005.0502
2025-06-02,IDR,0.0846
2025-06-03,USD,1376.7785
2025-06-03,EUR,1567.6
2025-06-03,PLN,366.2788
2025-06-03,CNY,191.5421
2025-06-03,CAD,1002.1096
2025-06-03,IDR,0.0844
2025-06-04,USD,1366.3212
2025-06-04,EUR,1555.42
2025-06-04,PLN,363.1613
2025-06-04,CNY,190.0678
2025-06-04,CAD,997.0002
2025-06-04,IDR,0.0838
2025-06-05,USD,1357.393
2025-06-05,EUR,1550.55
2025-06-05,PLN,361.9398
2025-06-05,CNY,189.073
2025-06-05,CAD,993.7512
2025-06-05,IDR,0.0835
2025-06-06,USD,1359.2937
2025-06-06,EUR,1551.09
2025-06-06,PLN,361.8125
2025-06-06,CNY,189.2612
2025-06-06,CAD,992.38
2025-06-06,IDR,0.0833
2025-06-09,USD,1356.4417
2025-06-09,EUR,1547.7
2025-06-09,PLN,362.459
2025-06-09,CNY,188.8752
2025-06-09,CAD,991.1623
2025-06-09,IDR,0.0833
2025-06-10,USD,1366.55
2025-06-10,EUR,1561.83
2025-06-10,PLN,367.2043
2025-06-10,CNY,190.2003
2025-06-10,CAD,998.1658
2025-06-10,IDR,0.084
2025-06-11,USD,1375.5795
2025-06-11,EUR,1572.7
2025-06-11,PLN,369.1351
2025-06-11,CNY,191.3912
2025-06-11,CAD,1005.1128
2025-06-11,IDR,0.0845
2025-06-12,USD,1353.7778
2025-06-12,EUR,1569.57
2025-06-12,PLN,367.6669
2025-06-12,CNY,188.648
2025-06-12,CAD,992.9588
2025-06-12,IDR,0.0835
2025-06-13,USD,1370.2397
2025-06-13,EUR,1577.42
2025-06-13,PLN,369.0303
2025-06-13,CNY,190.7815
2025-06-13,CAD,1005.3665
2025-06-13,IDR,0.084
2025-06-16,USD,1359.4781
2025-06-16,EUR,1573.46
2025-06-16,PLN,368.9844
2025-06-16,CNY,189.3408
2025-06-16,CAD,1002.14
2025-06-16,IDR,0.0835
2025-06-17,USD,1365.3354
2025-06-17,EUR,1579.42
2025-06-17,PLN,369.2131
2025-06-17,CNY,190.0832
2025-06-17,CAD,1006.7695
2025-06-17,IDR,0.0838
2025-06-18,USD,1375.6517
2025-06-18,EUR,1583.1
2025-06-18,PLN,370.4631
2025-06-18,CNY,191.3736
2025-06-18,CAD,1007.4456
2025-06-18,IDR,0.0841
2025-06-19,USD,1380.1185
2025-06-19,EUR,1584.1
2025-06-19,PLN,370.3505
2025-06-19,CNY,192.0214
2025-06-19,CAD,1006.7366
2025-06-19,IDR,0.0842
2025-06-20,USD,1366.739
2025-06-20,EUR,1573.8
2025-06-20,PLN,368.9516
2025-06-20,CNY,190.4336
2025-06-20,CAD,996.5174
2025-06-20,IDR,0.0833
2025-06-23,USD,1388.1538
2025-06-23,EUR,1592.49
2025-06-23,PLN,372.4687
2025-06-23,CNY,193.1649
2025-06-23,CAD,1006.7581
2025-06-23,IDR,0.0841
2025-06-24,USD,1360.1706
2025-06-24,EUR,1578.75
2025-06-24,PLN,371.1387
2025-06-24,CNY,189.6123
2025-06-24,CAD,991.9887
2025-06-24,IDR,0.0833
2025-06-25,USD,1363.5541
2025-06-25,EUR,1581.45
2025-06-25,PLN,372.2986
2025-06-25,CNY,190.0553
2025-06-25,CAD,992.8742
2025-06-25,IDR,0.0836
2025-06-26,USD,1357.1013
2025-06-26,EUR,1587.13
2025-06-26,PLN,373.7237
2025-06-26,CNY,189.255
2025-06-26,CAD,991.4605
2025-06-26,IDR,0.0836
2025-06-27,USD,1360.8168
2025-06-27,EUR,1592.7
2025-06-27,PLN,375.8318
2025-06-27,CNY,189.7449
2025-06-27,CAD,996.8705
2025-06-27,IDR,0.0839
2025-06-30,USD,1355.128
2025-06-30,EUR,1588.21
2025-06-30,PLN,374.3747
2025-06-30,CNY,189.1402
2025-06-30,CAD,990.959
2025-06-30,IDR,0.0835
2025-07-01,USD,1353.243
2025-07-01,EUR,1598.18
2025-07-01,PLN,376.5474
2025-07-01,CNY,188.9459
2025-07-01,CAD,994.1403
2025-07-01,IDR,0.0835
2025-07-02,USD,1359.9064
2025-07-02,EUR,1598.57
2025-07-02,PLN,376.1961
2025-07-02,CNY,189.685
2025-07-02,CAD,996.5526
2025-07-02,IDR,0.0837
2025-07-03,USD,1362.0777
2025-07-03,EUR,1604.8
2025-07-03,PLN,377.7333
2025-07-03,CNY,190.194
2025-07-03,CAD,1002.3735
2025-07-03,IDR,0.084
2025-07-04,USD,1363.3891
2025-07-04,EUR,1604.3
2025-07-04,PLN,377.8558
2025-07-04,CNY,190.3423
2025-07-04,CAD,1003.0009
2025-07-04,IDR,0.0842
2025-07-07,USD,1367.292
2025-07-07,EUR,1603.56
2025-07-07,PLN,377.3704
2025-07-07,CNY,190.6095
2025-07-07,CAD,1001.2238
2025-07-07,IDR,0.0841
2025-07-08,USD,1370.4642
2025-07-08,EUR,1605.91
2025-07-08,PLN,378.4132
2025-07-08,CNY,191.0297
2025-07-08,CAD,1003.3175
2025-07-08,IDR,0.0842
2025-07-09,USD,1376.7995
2025-07-09,EUR,1610.58
2025-07-09,PLN,379.8986
2025-07-09,CNY,191.7517
2025-07-09,CAD,1004.7286
2025-07-09,IDR,0.0847
2025-07-10,USD,1373.2513
2025-07-10,EUR,1607.94
2025-07-10,PLN,378.5615
2025-07-10,CNY,191.3986
2025-07-10,CAD,1003.2069
2025-07-10,IDR,0.0846
2025-07-11,USD,1374.9979
2025-07-11,EUR,1606.41
2025-07-11,PLN,377.313
2025-07-11,CNY,191.8308
2025-07-11,CAD,1003.5672
2025-07-11,IDR,0.0848
2025-07-14,USD,1380.6501
2025-07-14,EUR,1613.98
2025-07-14,PLN,379.002
2025-07-14,CNY,192.6335
2025-07-14,CAD,1009.7472
2025-07-14,IDR,0.0848
2025-07-15,USD,1381.063
2025-07-15,EUR,1611.01
2025-07-15,PLN,378.6157
2025-07-15,CNY,192.5364
2025-07-15,CAD,1008.5832
2025-07-15,IDR,0.0849
2025-07-16,USD,1391.1826
2025-07-16,EUR,1614.05
2025-07-16,PLN,378.9472
2025-07-16,CNY,193.7426
2025-07-16,CAD,1013.5958
2025-07-16,IDR,0.0854
2025-07-17,USD,1394.4728
2025-07-17,EUR,1614.66
2025-07-17,PLN,379.5271
2025-07-17,CNY,194.1701
2025-07-17,CAD,1013.1518
2025-07-17,IDR,0.0853
2025-07-18,USD,1390.1459
2025-07-18,EUR,1619.52
2025-07-18,PLN,381.1263
2025-07-18,CNY,193.6692
2025-07-18,CAD,1013.2132
2025-07-18,IDR,0.0853
2025-07-21,USD,1383.9376
2025-07-21,EUR,1614.64
2025-07-21,PLN,380.5869
2025-07-21,CNY,192.8481
2025-07-21,CAD,1009.7811
2025-07-21,IDR,0.0848
2025-07-22,USD,1386.1014
2025-07-22,EUR,1621.6
2025-07-22,PLN,380.9703
2025-07-22,CNY,193.1856
2025-07-22,CAD,1013.9436
2025-07-22,IDR,0.085
2025-07-23,USD,1374.9446
2025-07-23,EUR,1612.26
2025-07-23,PLN,378.954
2025-07-23,CNY,192.0249
2025-07-23,CAD,1012.2175
2025-07-23,IDR,0.0844
2025-07-24,USD,1369.5815
2025-07-24,EUR,1610.08
2025-07-24,PLN,378.3705
2025-07-24,CNY,191.3527
2025-07-24,CAD,1005.7343
2025-07-24,IDR,0.0841
2025-07-25,USD,1381.2692
2025-07-25,EUR,1619.4
2025-07-25,PLN,380.6502
2025-07-25,CNY,192.6802
2025-07-25,CAD,1009.9158
2025-07-25,IDR,0.0845
2025-07-28,USD,1385.4471
2025-07-28,EUR,1614.6
2025-07-28,PLN,379.0586
2025-07-28,CNY,193.1224
2025-07-28,CAD,1009.6298
2025-07-28,IDR,0.0846
2025-07-29,USD,1394.0865
2025-07-29,EUR,1607.8
2025-07-29,PLN,375.6103
2025-07-29,CNY,194.2304
2025-07-29,CAD,1012.0224
2025-07-29,IDR,0.0849
2025-07-30,USD,1384.2283
2025-07-30,EUR,1595.6
2025-07-30,PLN,373.8957
2025-07-30,CNY,192.7449
2025-07-30,CAD,1003.522
2025-07-30,IDR,0.0843
2025-07-31,USD,1394.6269
2025-07-31,EUR,1596.29
2025-07-31,PLN,373.5934
2025-07-31,CNY,193.8421
2025-07-31,CAD,1007.8861
2025-07-31,IDR,0.0845
2025-08-01,USD,1404.6212
2025-08-01,EUR,1601.83
2025-08-01,PLN,374.6533
2025-08-01,CNY,194.7679
2025-08-01,CAD,1012.4068
2025-08-01,IDR,0.085
2025-08-04,USD,1383.7181
2025-08-04,EUR,1600.27
2025-08-04,PLN,374.2621
2025-08-04,CNY,192.8199
2025-08-04,CAD,1004.3115
2025-08-04,IDR,0.0845
2025-08-05,USD,1391.1225
2025-08-05,EUR,1606.19
2025-08-05,PLN,375.5852
2025-08-05,CNY,193.5495
2025-08-05,CAD,1008.4066
2025-08-05,IDR,0.0849
2025-08-06,USD,1388.323
2025-08-06,EUR,1611.01
2025-08-06,PLN,376.5802
2025-08-06,CNY,193.206
2025-08-06,CAD,1008.9622
2025-08-06,IDR,0.0849
2025-08-07,USD,1383.6296
2025-08-07,EUR,1610.96
2025-08-07,PLN,378.2218
2025-08-07,CNY,192.7285
2025-08-07,CAD,1006.7871
2025-08-07,IDR,0.0848
2025-08-08,USD,1390.7366
2025-08-08,EUR,1619.93
2025-08-08,PLN,381.0703
2025-08-08,CNY,193.5932
2025-08-08,CAD,1012.2665
2025-08-08,IDR,0.0855
2025-08-11,USD,1391.8517
2025-08-11,EUR,1617.61
2025-08-11,PLN,380.3009
2025-08-11,CNY,193.7257
2025-08-11,CAD,1009.7441
2025-08-11,IDR,0.0853
2025-08-12,USD,1390.1689
2025-08-12,EUR,1613.43
2025-08-12,PLN,378.7128
2025-08-12,CNY,193.4197
2025-08-12,CAD,1007.4493
2025-08-12,IDR,0.0852
2025-08-13,USD,1378.3622
2025-08-13,EUR,1614.2
2025-08-13,PLN,378.9202
2025-08-13,CNY,192.1209
2025-08-13,CAD,1001.7376
2025-08-13,IDR,0.0855
2025-08-14,USD,1386.0736
2025-08-14,EUR,1620.32
2025-08-14,PLN,380.3122
2025-08-14,CNY,193.3002
2025-08-14,CAD,1005.598
2025-08-14,IDR,0.0861
2025-08-15,USD,1388.963
2025-08-15,EUR,1623.42
2025-08-15,PLN,381.1919
2025-08-15,CNY,193.4739
2025-08-15,CAD,1007.0844
2025-08-15,IDR,0.0858
2025-08-18,USD,1386.2503
2025-08-18,EUR,1618.17
2025-08-18,PLN,380.7459
2025-08-18,CNY,193.1037
2025-08-18,CAD,1005.1994
2025-08-18,IDR,0.0855
2025-08-19,USD,1388.8033
2025-08-19,EUR,1622.4
2025-08-19,PLN,382.2088
2025-08-19,CNY,193.4515
2025-08-19,CAD,1005.6406
2025-08-19,IDR,0.0854
2025-08-20,USD,1398.7812
2025-08-20,EUR,1629.72
2025-08-20,PLN,383.617
2025-08-20,CNY,194.9216
2025-08-20,CAD,1008.7398
2025-08-20,IDR,0.0859
2025-08-21,USD,1398.694
2025-08-21,EUR,1627.94
2025-08-21,PLN,382.8825
2025-08-21,CNY,194.8532
2025-08-21,CAD,1007.1393
2025-08-21,IDR,0.0857
2025-08-22,USD,1390.4721
2025-08-22,EUR,1614.06
2025-08-22,PLN,378.6385
2025-08-22,CNY,193.688
2025-08-22,CAD,999.3561
2025-08-22,IDR,0.0849
2025-08-25,USD,1387.2788
2025-08-25,EUR,1622.7
2025-08-25,PLN,380.7725
2025-08-25,CNY,193.8501
2025-08-25,CAD,1003.463
2025-08-25,IDR,0.0854
2025-08-26,USD,1394.3634
2025-08-26,EUR,1625.27
2025-08-26,PLN,381.4471
2025-08-26,CNY,194.8134
2025-08-26,CAD,1007.1699
2025-08-26,IDR,0.0855
2025-08-27,USD,1397.8176
2025-08-27,EUR,1620.49
2025-08-27,PLN,379.5236
2025-08-27,CNY,195.1763
2025-08-27,CAD,1009.2738
2025-08-27,IDR,0.0851
2025-08-28,USD,1385.7999
2025-08-28,EUR,1618.06
2025-08-28,PLN,379.6659
2025-08-28,CNY,194.3242
2025-08-28,CAD,1007.3839
2025-08-28,IDR,0.0849
2025-08-29,USD,1391.5423
2025-08-29,EUR,1622.26
2025-08-29,PLN,380.232
2025-08-29,CNY,195.0887
2025-08-29,CAD,1011.9518
2025-08-29,IDR,0.0845
2025-09-01,USD,1393.3589
2025-09-01,EUR,1632.32
2025-09-01,PLN,383.5969
2025-09-01,CNY,195.298
2025-09-01,CAD,1013.5486
2025-09-01,IDR,0.0848
2025-09-02,USD,1395.3375
2025-09-02,EUR,1625.01
2025-09-02,PLN,380.9838
2025-09-02,CNY,195.309
2025-09-02,CAD,1012.0889
2025-09-02,IDR,0.085
2025-09-03,USD,1389.4276
2025-09-03,EUR,1619.1
2025-09-03,PLN,380.7586
2025-09-03,CNY,194.4444
2025-09-03,CAD,1006.9656
2025-09-03,IDR,0.0845
2025-09-04,USD,1393.3116
2025-09-04,EUR,1622.79
2025-09-04,PLN,381.7431
2025-09-04,CNY,195.1219
2025-09-04,CAD,1008.3199
2025-09-04,IDR,0.0847
2025-09-05,USD,1390.784
2025-09-05,EUR,1626.8
2025-09-05,PLN,382.7314
2025-09-05,CNY,194.852
2025-09-05,CAD,1008.0555
2025-09-05,IDR,0.0847
2025-09-08,USD,1387.8837
2025-09-08,EUR,1627.71
2025-09-08,PLN,383.0357
2025-09-08,CNY,194.6579
2025-09-08,CAD,1005.3799
2025-09-08,IDR,0.084
2025-09-09,USD,1386.7081
2025-09-09,EUR,1628.55
2025-09-09,PLN,382.666
2025-09-09,CNY,194.7211
2025-09-09,CAD,1004.0382
2025-09-09,IDR,0.0844
2025-09-10,USD,1388.8528
2025-09-10,EUR,1625.93
2025-09-10,PLN,381.271
2025-09-10,CNY,194.986
2025-09-10,CAD,1002.1758
2025-09-10,IDR,0.0842
2025-09-11,USD,1392.9568
2025-09-11,EUR,1627.67
2025-09-11,PLN,381.6074
2025-09-11,CNY,195.5112
2025-09-11,CAD,1003.372
2025-09-11,IDR,0.0845
2025-09-12,USD,1391.8587
2025-09-12,EUR,1630.98
2025-09-12,PLN,383.084
2025-09-12,CNY,195.4182
2025-09-12,CAD,1005.1026
2025-09-12,IDR,0.0847
2025-09-15,USD,1387.9823
2025-09-15,EUR,1633.1
2025-09-15,PLN,384.2136
2025-09-15,CNY,194.8923
2025-09-15,CAD,1004.243
2025-09-15,IDR,0.0845
2025-09-16,USD,1381.926
2025-09-16,EUR,1631.64
2025-09-16,PLN,383.7979
2025-09-16,CNY,194.2197
2025-09-16,CAD,1005.1377
2025-09-16,IDR,0.0842
2025-09-17,USD,1378.5588
2025-09-17,EUR,1631.8
2025-09-17,PLN,383.7272
2025-09-17,CNY,194.0494
2025-09-17,CAD,1002.2726
2025-09-17,IDR,0.0837
2025-09-18,USD,1386.4952
2025-09-18,EUR,1638.56
2025-09-18,PLN,385.0
2025-09-18,CNY,195.1294
2025-09-18,CAD,1005.9921
2025-09-18,IDR,0.0838
2025-09-19,USD,1398.1595
2025-09-19,EUR,1640.88
2025-09-19,PLN,384.912
2025-09-19,CNY,196.489
2025-09-19,CAD,1012.0143
2025-09-19,IDR,0.084
2025-09-22,USD,1391.2911
2025-09-22,EUR,1639.08
2025-09-22,PLN,384.8509
2025-09-22,CNY,195.6223
2025-09-22,CAD,1007.3009
2025-09-22,IDR,0.0839
2025-09-23,USD,1394.5476
2025-09-23,EUR,1644.59
2025-09-23,PLN,386.4804
2025-09-23,CNY,196.0903
2025-09-23,CAD,1008.5178
2025-09-23,IDR,0.0837
2025-09-24,USD,1399.277
2025-09-24,EUR,1644.99
2025-09-24,PLN,385.4873
2025-09-24,CNY,196.3323
2025-09-24,CAD,1009.0725
2025-09-24,IDR,0.0838
2025-09-25,USD,1403.9271
2025-09-25,EUR,1648.07
2025-09-25,PLN,386.5261
2025-09-25,CNY,197.0668
2025-09-25,CAD,1010.466
2025-09-25,IDR,0.0836
2025-09-26,USD,1409.8184
2025-09-26,EUR,1645.54
2025-09-26,PLN,385.3272
2025-09-26,CNY,197.5248
2025-09-26,CAD,1010.774
2025-09-26,IDR,0.0844
2025-09-29,USD,1401.7828
2025-09-29,EUR,1643.31
2025-09-29,PLN,384.8952
2025-09-29,CNY,196.846
2025-09-29,CAD,1006.1287
2025-09-29,IDR,0.0841
2025-09-30,USD,1403.6709
2025-09-30,EUR,1648.05
2025-09-30,PLN,385.9783
2025-09-30,CNY,197.1564
2025-09-30,CAD,1008.2283
2025-09-30,IDR,0.0842
2025-10-01,USD,1405.2542
2025-10-01,EUR,1647.52
2025-10-01,PLN,386.8962
2025-10-01,CNY,197.3787
2025-10-01,CAD,1008.4593
2025-10-01,IDR,0.0845
2025-10-02,USD,1401.4038
2025-10-02,EUR,1647.21
2025-10-02,PLN,386.987
2025-10-02,CNY,196.8393
2025-10-02,CAD,1005.1931
2025-10-02,IDR,0.0843
2025-10-03,USD,1405.565
2025-10-03,EUR,1649.29
2025-10-03,PLN,387.5667
2025-10-03,CNY,197.4228
2025-10-03,CAD,1006.4624
2025-10-03,IDR,0.0849
2025-10-06,USD,1412.2281
2025-10-06,EUR,1649.2
2025-10-06,PLN,387.7916
2025-10-06,CNY,198.3594
2025-10-06,CAD,1011.5309
2025-10-06,IDR,0.085
2025-10-07,USD,1413.2008
2025-10-07,EUR,1648.64
2025-10-07,PLN,387.5961
2025-10-07,CNY,198.495
2025-10-07,CAD,1012.6781
2025-10-07,IDR,0.0853
2025-10-08,USD,1424.3313
2025-10-08,EUR,1656.07
2025-10-08,PLN,389.5902
2025-10-08,CNY,200.0592
2025-10-08,CAD,1021.6348
2025-10-08,IDR,0.0858
2025-10-09,USD,1419.1715
2025-10-09,EUR,1647.8
2025-10-09,PLN,387.2802
2025-10-09,CNY,199.2551
2025-10-09,CAD,1017.2861
2025-10-09,IDR,0.0857
2025-10-10,USD,1421.0322
2025-10-10,EUR,1643.85
2025-10-10,PLN,386.0978
2025-10-10,CNY,199.5036
2025-10-10,CAD,1013.596
2025-10-10,IDR,0.0857
2025-10-13,USD,1427.5996
2025-10-13,EUR,1651.59
2025-10-13,PLN,387.5607
2025-10-13,CNY,200.166
2025-10-13,CAD,1019.0597
2025-10-13,IDR,0.0861
2025-10-14,USD,1434.7096
2025-10-14,EUR,1657.52
2025-10-14,PLN,388.861
2025-10-14,CNY,200.9407
2025-10-14,CAD,1020.0751
2025-10-14,IDR,0.0863
2025-10-15,USD,1423.5932
2025-10-15,EUR,1654.5
2025-10-15,PLN,388.7453
2025-10-15,CNY,199.7634
2025-10-15,CAD,1013.6004
2025-10-15,IDR,0.0857
2025-10-16,USD,1417.8814
2025-10-16,EUR,1651.69
2025-10-16,PLN,388.5141
2025-10-16,CNY,198.9772
2025-10-16,CAD,1008.9737
2025-10-16,IDR,0.0854
2025-10-17,USD,1420.5804
2025-10-17,EUR,1659.38
2025-10-17,PLN,390.9022
2025-10-17,CNY,199.4543
2025-10-17,CAD,1012.2491
2025-10-17,IDR,0.0857
2025-10-20,USD,1423.5435
2025-10-20,EUR,1659.14
2025-10-20,PLN,390.68
2025-10-20,CNY,199.8386
2025-10-20,CAD,1013.6486
2025-10-20,IDR,0.0859
2025-10-21,USD,1430.4988
2025-10-21,EUR,1660.38
2025-10-21,PLN,391.6637
2025-10-21,CNY,200.9513
2025-10-21,CAD,1018.5755
2025-10-21,IDR,0.0862
2025-10-22,USD,1432.6573
2025-10-22,EUR,1660.02
2025-10-22,PLN,392.3284
2025-10-22,CNY,201.0294
2025-10-22,CAD,1021.2994
2025-10-22,IDR,0.0862
2025-10-23,USD,1440.4296
2025-10-23,EUR,1669.89
2025-10-23,PLN,394.5212
2025-10-23,CNY,202.183
2025-10-23,CAD,1029.4618
2025-10-23,IDR,0.0866
2025-10-24,USD,1439.4506
2025-10-24,EUR,1671.49
2025-10-24,PLN,394.145
2025-10-24,CNY,202.1002
2025-10-24,CAD,1026.3355
2025-10-24,IDR,0.0867
2025-10-27,USD,1432.3196
2025-10-27,EUR,1667.22
2025-10-27,PLN,393.6765
2025-10-27,CNY,201.523
2025-10-27,CAD,1024.3426
2025-10-27,IDR,0.0862
2025-10-28,USD,1436.3801
2025-10-28,EUR,1670.51
2025-10-28,PLN,394.2206
2025-10-28,CNY,202.2679
2025-10-28,CAD,1025.8597
2025-10-28,IDR,0.0864
2025-10-29,USD,1422.946
2025-10-29,EUR,1655.74
2025-10-29,PLN,390.339
2025-10-29,CNY,200.4309
2025-10-29,CAD,1021.6203
2025-10-29,IDR,0.0859
2025-10-30,USD,1434.987
2025-10-30,EUR,1657.41
2025-10-30,PLN,390.4382
2025-10-30,CNY,201.705
2025-10-30,CAD,1024.4205
2025-10-30,IDR,0.0861
2025-10-31,USD,1428.1374
2025-10-31,EUR,1650.07
2025-10-31,PLN,387.7044
2025-10-31,CNY,200.6896
2025-10-31,CAD,1018.1218
2025-10-31,IDR,0.0857
2025-11-03,USD,1430.0243
2025-11-03,EUR,1646.53
2025-11-03,PLN,387.0545
2025-11-03,CNY,200.8282
2025-11-03,CAD,1018.2622
2025-11-03,IDR,0.0856
2025-11-04,USD,1439.1959
2025-11-04,EUR,1653.78
2025-11-04,PLN,388.4848
2025-11-04,CNY,201.9835
2025-11-04,CAD,1022.2401
2025-11-04,IDR,0.0861
2025-11-05,USD,1444.0045
2025-11-05,EUR,1659.45
2025-11-05,PLN,389.6978
2025-11-05,CNY,202.6067
2025-11-05,CAD,1021.9547
2025-11-05,IDR,0.0864
2025-11-06,USD,1445.7643
2025-11-06,EUR,1667.4
2025-11-06,PLN,392.0711
2025-11-06,CNY,203.0715
2025-11-06,CAD,1025.966
2025-11-06,IDR,0.0867
2025-11-07,USD,1459.6402
2025-11-07,EUR,1687.49
2025-11-07,PLN,397.2434
2025-11-07,CNY,204.9815
2025-11-07,CAD,1034.5718
2025-11-07,IDR,0.0874
2025-11-10,USD,1454.1267
2025-11-10,EUR,1682.57
2025-11-10,PLN,397.3949
2025-11-10,CNY,204.2524
2025-11-10,CAD,1037.7907
2025-11-10,IDR,0.0871
2025-11-11,USD,1465.0972
2025-11-11,EUR,1695.85
2025-11-11,PLN,400.9102
2025-11-11,CNY,205.8145
2025-11-11,CAD,1044.6286
2025-11-11,IDR,0.0876
2025-11-12,USD,1465.8777
2025-11-12,EUR,1696.9
2025-11-12,PLN,401.3482
2025-11-12,CNY,205.982
2025-11-12,CAD,1046.4356
2025-11-12,IDR,0.0875
2025-11-13,USD,1463.4822
2025-11-13,EUR,1700.42
2025-11-13,PLN,402.1807
2025-11-13,CNY,206.2365
2025-11-13,CAD,1044.9975
2025-11-13,IDR,0.0876
2025-11-14,USD,1451.5024
2025-11-14,EUR,1690.71
2025-11-14,PLN,399.4306
2025-11-14,CNY,204.5502
2025-11-14,CAD,1035.2765
2025-11-14,IDR,0.0869
2025-11-17,USD,1461.4595
2025-11-17,EUR,1694.27
2025-11-17,PLN,401.2196
2025-11-17,CNY,205.6203
2025-11-17,CAD,1041.346
2025-11-17,IDR,0.0873
2025-11-18,USD,1462.994
2025-11-18,EUR,1695.61
2025-11-18,PLN,399.5311
2025-11-18,CNY,205.7529
2025-11-18,CAD,1043.003
2025-11-18,IDR,0.0873
2025-11-19,USD,1466.0105
2025-11-19,EUR,1698.08
2025-11-19,PLN,401.5988
2025-11-19,CNY,206.1803
2025-11-19,CAD,1046.26
2025-11-19,IDR,0.0877
2025-11-20,USD,1469.3504
2025-11-20,EUR,1691.81
2025-11-20,PLN,399.7661
2025-11-20,CNY,206.55
2025-11-20,CAD,1044.7141
2025-11-20,IDR,0.0877
2025-11-21,USD,1474.2882
2025-11-21,EUR,1698.38
2025-11-21,PLN,400.1084
2025-11-21,CNY,207.3597
2025-11-21,CAD,1046.7028
2025-11-21,IDR,0.0882
2025-11-24,USD,1473.2675
2025-11-24,EUR,1700.74
2025-11-24,PLN,402.0377
2025-11-24,CNY,207.8306
2025-11-24,CAD,1044.7448
2025-11-24,IDR,0.0886
2025-11-25,USD,1464.8775
2025-11-25,EUR,1692.08
2025-11-25,PLN,400.701
2025-11-25,CNY,206.742
2025-11-25,CAD,1038.0222
2025-11-25,IDR,0.0882
2025-11-26,USD,1474.3025
2025-11-26,EUR,1706.8
2025-11-26,PLN,403.3748
2025-11-26,CNY,208.2505
2025-11-26,CAD,1046.5387
2025-11-26,IDR,0.0886
2025-11-27,USD,1462.2389
2025-11-27,EUR,1694.15
2025-11-27,PLN,400.0827
2025-11-27,CNY,206.4325
2025-11-27,CAD,1041.0803
2025-11-27,IDR,0.0879
2025-11-28,USD,1469.6611
2025-11-28,EUR,1699.81
2025-11-28,PLN,400.9932
2025-11-28,CNY,207.7093
2025-11-28,CAD,1048.6181
2025-11-28,IDR,0.0882
2025-12-01,USD,1465.1468
2025-12-01,EUR,1706.31
2025-12-01,PLN,403.5452
2025-12-01,CNY,207.1821
2025-12-01,CAD,1049.4557
2025-12-01,IDR,0.0883
2025-12-02,USD,1467.9008
2025-12-02,EUR,1704.82
2025-12-02,PLN,402.2699
2025-12-02,CNY,207.5935
2025-12-02,CAD,1048.2169
2025-12-02,IDR,0.0883
2025-12-03,USD,1464.5012
2025-12-03,EUR,1708.78
2025-12-03,PLN,403.7951
2025-12-03,CNY,207.3234
2025-12-03,CAD,1050.2643
2025-12-03,IDR,0.0881
2025-12-04,USD,1471.5327
2025-12-04,EUR,1716.69
2025-12-04,PLN,405.7122
2025-12-04,CNY,208.0887
2025-12-04,CAD,1053.2487
2025-12-04,IDR,0.0884
2025-12-05,USD,1472.5805
2025-12-05,EUR,1714.82
2025-12-05,PLN,405.1745
2025-12-05,CNY,208.2786
2025-12-05,CAD,1056.5742
2025-12-05,IDR,0.0883
2025-12-08,USD,1466.1948
2025-12-08,EUR,1708.85
2025-12-08,PLN,403.9357
2025-12-08,CNY,207.4401
2025-12-08,CAD,1062.0572
2025-12-08,IDR,0.0878
2025-12-09,USD,1468.5142
2025-12-09,EUR,1708.91
2025-12-09,PLN,403.969
2025-12-09,CNY,207.8789
2025-12-09,CAD,1060.5126
2025-12-09,IDR,0.0881
2025-12-10,USD,1469.9673
2025-12-10,EUR,1710.16
2025-12-10,PLN,404.7908
2025-12-10,CNY,208.1373
2025-12-10,CAD,1061.6836
2025-12-10,IDR,0.0881
2025-12-11,USD,1471.1371
2025-12-11,EUR,1723.29
2025-12-11,PLN,407.6863
2025-12-11,CNY,208.4339
2025-12-11,CAD,1066.1284
2025-12-11,IDR,0.0882
2025-12-12,USD,1477.1205
2025-12-12,EUR,1732.81
2025-12-12,PLN,410.3754
2025-12-12,CNY,209.3802
2025-12-12,CAD,1073.6787
2025-12-12,IDR,0.0887
2025-12-15,USD,1465.1493
2025-12-15,EUR,1721.99
2025-12-15,PLN,407.9095
2025-12-15,CNY,207.9095
2025-12-15,CAD,1064.9947
2025-12-15,IDR,0.0878
2025-12-16,USD,1473.2422
2025-12-16,EUR,1734.89
2025-12-16,PLN,411.0335
2025-12-16,CNY,209.1993
2025-12-16,CAD,1070.5233
2025-12-16,IDR,0.0884
2025-12-17,USD,1479.3807
2025-12-17,EUR,1734.13
2025-12-17,PLN,411.9074
2025-12-17,CNY,210.0219
2025-12-17,CAD,1072.7683
2025-12-17,IDR,0.0886
2025-12-18,USD,1477.2421
2025-12-18,EUR,1731.18
2025-12-18,PLN,411.6662
2025-12-18,CNY,209.7968
2025-12-18,CAD,1071.2085
2025-12-18,IDR,0.0884
2025-12-19,USD,1478.7227
2025-12-19,EUR,1731.88
2025-12-19,PLN,411.3241
2025-12-19,CNY,210.0139
2025-12-19,CAD,1072.0396
2025-12-19,IDR,0.0884
2025-12-22,USD,1480.3917
2025-12-22,EUR,1738.72
2025-12-22,PLN,412.6252
2025-12-22,CNY,210.3714
2025-12-22,CAD,1075.4082
2025-12-22,IDR,0.0882
2025-12-23,USD,1480.8756
2025-12-23,EUR,1745.36
2025-12-23,PLN,412.4197
2025-12-23,CNY,210.7083
2025-12-23,CAD,1080.8521
2025-12-23,IDR,0.0882
2025-12-24,USD,1448.2396
2025-12-24,EUR,1707.04
2025-12-24,PLN,405.1359
2025-12-24,CNY,206.466
2025-12-24,CAD,1058.4325
2025-12-24,IDR,0.0865
2025-12-29,USD,1437.1494
2025-12-29,EUR,1690.95
2025-12-29,PLN,399.799
2025-12-29,CNY,205.1178
2025-12-29,CAD,1049.8882
2025-12-29,IDR,0.0857
2025-12-30,USD,1443.9483
2025-12-30,EUR,1697.65
2025-12-30,PLN,401.6871
2025-12-30,CNY,206.4866
2025-12-30,CAD,1054.1791
2025-12-30,IDR,0.0861
2025-12-31,USD,1444.2043
2025-12-31,EUR,1696.94
2025-12-31,PLN,402.0232
2025-12-31,CNY,206.2848
2025-12-31,CAD,1054.7862
2025-12-31,IDR,0.0864
2026-01-02,USD,1444.8682
2026-01-02,EUR,1693.53
2026-01-02,PLN,402.044
2026-01-02,CNY,206.5961
2026-01-02,CAD,1052.078
2026-01-02,IDR,0.0864
2026-01-05,USD,1449.2798
2026-01-05,EUR,1690.44
2026-01-05,PLN,400.7871
2026-01-05,CNY,207.472
2026-01-05,CAD,1050.8112
2026-01-05,IDR,0.0866
2026-01-06,USD,1448.6461
2026-01-06,EUR,1695.93
2026-01-06,PLN,402.7859
2026-01-06,CNY,207.4126
2026-01-06,CAD,1051.4787
2026-01-06,IDR,0.0864
2026-01-07,USD,1447.6806
2026-01-07,EUR,1691.47
2026-01-07,PLN,401.3168
2026-01-07,CNY,207.0723
2026-01-07,CAD,1048.3235
2026-01-07,IDR,0.0863
2026-01-08,USD,1452.3084
2026-01-08,EUR,1695.57
2026-01-08,PLN,402.8152
2026-01-08,CNY,208.0122
2026-01-08,CAD,1047.7476
2026-01-08,IDR,0.0863
2026-01-09,USD,1459.8437
2026-01-09,EUR,1699.55
2026-01-09,PLN,403.3295
2026-01-09,CNY,209.0776
2026-01-09,CAD,1051.5065
2026-01-09,IDR,0.0866
2026-01-12,USD,1466.909
2026-01-12,EUR,1715.11
2026-01-12,PLN,407.4573
2026-01-12,CNY,210.3681
2026-01-12,CAD,1057.4696
2026-01-12,IDR,0.0868
2026-01-13,USD,1474.0776
2026-01-13,EUR,1717.89
2026-01-13,PLN,407.8755
2026-01-13,CNY,211.3182
2026-01-13,CAD,1062.2619
2026-01-13,IDR,0.0874
2026-01-14,USD,1475.4098
2026-01-14,EUR,1719.0
2026-01-14,PLN,407.5391
2026-01-14,CNY,211.577
2026-01-14,CAD,1063.1455
2026-01-14,IDR,0.0875
2026-01-15,USD,1468.3156
2026-01-15,EUR,1706.77
2026-01-15,PLN,405.476
2026-01-15,CNY,210.7436
2026-01-15,CAD,1056.0389
2026-01-15,IDR,0.0869
2026-01-16,USD,1472.9276
2026-01-16,EUR,1711.1
2026-01-16,PLN,405.0133
2026-01-16,CNY,211.333
2026-01-16,CAD,1060.4896
2026-01-16,IDR,0.0871
2026-01-19,USD,1473.2009
2026-01-19,EUR,1713.48
2026-01-19,PLN,405.5286
2026-01-19,CNY,211.5642
2026-01-19,CAD,1061.044
2026-01-19,IDR,0.0868
2026-01-20,USD,1476.7991
2026-01-20,EUR,1731.99
2026-01-20,PLN,409.7154
2026-01-20,CNY,212.2173
2026-01-20,CAD,1068.1406
2026-01-20,IDR,0.0871
2026-01-21,USD,1464.6222
2026-01-21,EUR,1719.32
2026-01-21,PLN,406.699
2026-01-21,CNY,210.3169
2026-01-21,CAD,1061.833
2026-01-21,IDR,0.0866
2026-01-22,USD,1467.7174
2026-01-22,EUR,1718.11
2026-01-22,PLN,408.4611
2026-01-22,CNY,210.4031
2026-01-22,CAD,1062.4637
2026-01-22,IDR,0.087
2026-01-23,USD,1467.5524
2026-01-23,EUR,1723.2
2026-01-23,PLN,409.9441
2026-01-23,CNY,210.7168
2026-01-23,CAD,1066.2707
2026-01-23,IDR,0.0872
2026-01-26,USD,1447.7695
2026-01-26,EUR,1713.58
2026-01-26,PLN,407.1712
2026-01-26,CNY,208.1811
2026-01-26,CAD,1055.8102
2026-01-26,IDR,0.0863
2026-01-27,USD,1441.2021
2026-01-27,EUR,1719.21
2026-01-27,PLN,409.1117
2026-01-27,CNY,207.2236
2026-01-27,CAD,1053.6958
2026-01-27,IDR,0.0862
2026-01-28,USD,1428.8291
2026-01-28,EUR,1710.88
2026-01-28,PLN,407.081
2026-01-28,CNY,205.694
2026-01-28,CAD,1053.3678
2026-01-28,IDR,0.0853
2026-01-29,USD,1430.8322
2026-01-29,EUR,1712.42
2026-01-29,PLN,407.3989
2026-01-29,CNY,205.9881
2026-01-29,CAD,1057.9637
2026-01-29,IDR,0.0853
2026-01-30,USD,1442.6294
2026-01-30,EUR,1719.47
2026-01-30,PLN,408.6873
2026-01-30,CNY,207.5802
2026-01-30,CAD,1066.6687
2026-01-30,IDR,0.0859
2026-02-02,USD,1452.4831
2026-02-02,EUR,1719.74
2026-02-02,PLN,407.7822
2026-02-02,CNY,209.1887
2026-02-02,CAD,1064.3931
2026-02-02,IDR,0.0865
2026-02-03,USD,1448.5552
2026-02-03,EUR,1709.44
2026-02-03,PLN,405.0326
2026-02-03,CNY,208.7815
2026-02-03,CAD,1060.7099
2026-02-03,IDR,0.0864
2026-02-04,USD,1455.753
2026-02-04,EUR,1720.7
2026-02-04,PLN,407.4109
2026-02-04,CNY,209.711
2026-02-04,CAD,1066.2412
2026-02-04,IDR,0.0867
2026-02-05,USD,1465.1466
2026-02-05,EUR,1728.58
2026-02-05,PLN,409.5676
2026-02-05,CNY,211.1397
2026-02-05,CAD,1070.726
2026-02-05,IDR,0.0869
2026-02-06,USD,1467.4241
2026-02-06,EUR,1730.68
2026-02-06,PLN,410.2596
2026-02-06,CNY,211.4763
2026-02-06,CAD,1073.756
2026-02-06,IDR,0.087
2026-02-09,USD,1462.0478
2026-02-09,EUR,1737.79
2026-02-09,PLN,412.6003
2026-02-09,CNY,211.2019
2026-02-09,CAD,1074.4343
2026-02-09,IDR,0.0869
2026-02-10,USD,1461.6445
2026-02-10,EUR,1738.48
2026-02-10,PLN,412.2552
2026-02-10,CNY,211.3782
2026-02-10,CAD,1077.0584
2026-02-10,IDR,0.0871
2026-02-11,USD,1451.9664
2026-02-11,EUR,1727.84
2026-02-11,PLN,410.0724
2026-02-11,CNY,210.0845
2026-02-11,CAD,1070.6655
2026-02-11,IDR,0.0864
2026-02-12,USD,1438.2853
2026-02-12,EUR,1707.82
2026-02-12,PLN,405.0999
2026-02-12,CNY,208.4131
2026-02-12,CAD,1058.9162
2026-02-12,IDR,0.0855
2026-02-13,USD,1446.4509
2026-02-13,EUR,1715.78
2026-02-13,PLN,407.0652
2026-02-13,CNY,209.3691
2026-02-13,CAD,1061.6794
2026-02-13,IDR,0.086
2026-02-16,USD,1441.4171
2026-02-16,EUR,1708.8
2026-02-16,PLN,405.8425
2026-02-16,CNY,208.6396
2026-02-16,CAD,1057.753
2026-02-16,IDR,0.0857
2026-02-17,USD,1445.8228
2026-02-17,EUR,1709.83
2026-02-17,PLN,405.7691
2026-02-17,CNY,209.2764
2026-02-17,CAD,1058.7838
2026-02-17,IDR,0.0859
2026-02-18,USD,1445.8928
2026-02-18,EUR,1712.66
2026-02-18,PLN,406.1805
2026-02-18,CNY,209.2872
2026-02-18,CAD,1059.5521
2026-02-18,IDR,0.0856
2026-02-19,USD,1449.6809
2026-02-19,EUR,1703.81
2026-02-19,PLN,403.603
2026-02-19,CNY,209.8366
2026-02-19,CAD,1057.8072
2026-02-19,IDR,0.0857
2026-02-20,USD,1449.6558
2026-02-20,EUR,1705.81
2026-02-20,PLN,403.8567
2026-02-20,CNY,209.8322
2026-02-20,CAD,1058.7202
2026-02-20,IDR,0.0858
2026-02-23,USD,1443.5506
2026-02-23,EUR,1701.08
2026-02-23,PLN,403.3576
2026-02-23,CNY,208.9471
2026-02-23,CAD,1054.4756
2026-02-23,IDR,0.0858
2026-02-24,USD,1443.2963
2026-02-24,EUR,1699.77
2026-02-24,PLN,402.7605
2026-02-24,CNY,209.729
2026-02-24,CAD,1052.6195
2026-02-24,IDR,0.0857
2026-02-25,USD,1427.9022
2026-02-25,EUR,1682.64
2026-02-25,PLN,398.4183
2026-02-25,CNY,207.8616
2026-02-25,CAD,1042.9802
2026-02-25,IDR,0.0849
2026-02-26,USD,1425.6391
2026-02-26,EUR,1684.25
2026-02-26,PLN,398.8751
2026-02-26,CNY,208.3875
2026-02-26,CAD,1042.5565
2026-02-26,IDR,0.085
2026-02-27,USD,1441.9737
2026-02-27,EUR,1702.25
2026-02-27,PLN,402.9662
2026-02-27,CNY,210.2556
2026-02-27,CAD,1054.7432
2026-02-27,IDR,0.0858
2026-03-02,USD,1462.1132
2026-03-02,EUR,1710.38
2026-03-02,PLN,403.0113
2026-03-02,CNY,212.4379
2026-03-02,CAD,1069.5891
2026-03-02,IDR,0.0866
2026-03-03,USD,1478.5025
2026-03-03,EUR,1715.95
2026-03-03,PLN,400.3149
2026-03-03,CNY,214.0389
2026-03-03,CAD,1080.3689
2026-03-03,IDR,0.0875
2026-03-04,USD,1464.7953
2026-03-04,EUR,1706.34
2026-03-04,PLN,400.6622
2026-03-04,CNY,212.3713
2026-03-04,CAD,1072.4953
2026-03-04,IDR,0.0869
2026-03-05,USD,1475.7876
2026-03-05,EUR,1714.57
2026-03-05,PLN,401.3037
2026-03-05,CNY,213.8481
2026-03-05,CAD,1083.2512
2026-03-05,IDR,0.0873
2026-03-06,USD,1485.1829
2026-03-06,EUR,1717.02
2026-03-06,PLN,400.4711
2026-03-06,CNY,215.098
2026-03-06,CAD,1087.961
2026-03-06,IDR,0.0875
2026-03-09,USD,1485.1233
2026-03-09,EUR,1716.06
2026-03-09,PLN,401.0892
2026-03-09,CNY,214.698
2026-03-09,CAD,1094.426
2026-03-09,IDR,0.0877
2026-03-10,USD,1470.1228
2026-03-10,EUR,1711.37
2026-03-10,PLN,402.221
2026-03-10,CNY,213.7689
2026-03-10,CAD,1084.7246
2026-03-10,IDR,0.0872
2026-03-11,USD,1477.1091
2026-03-11,EUR,1710.64
2026-03-11,PLN,402.2858
2026-03-11,CNY,215.1261
2026-03-11,CAD,1086.6726
2026-03-11,IDR,0.0874
2026-03-12,USD,1480.8435
2026-03-12,EUR,1709.93
2026-03-12,PLN,401.5994
2026-03-12,CNY,215.5845
2026-03-12,CAD,1088.7113
2026-03-12,IDR,0.0877
2026-03-13,USD,1491.6957
2026-03-13,EUR,1711.87
2026-03-13,PLN,401.1412
2026-03-13,CNY,216.2954
2026-03-13,CAD,1088.5603
2026-03-13,IDR,0.0883
2026-03-16,USD,1490.7475
2026-03-16,EUR,1711.08
2026-03-16,PLN,400.8809
2026-03-16,CNY,216.171
2026-03-16,CAD,1089.6517
2026-03-16,IDR,0.0879
2026-03-17,USD,1487.1824
2026-03-17,EUR,1714.87
2026-03-17,PLN,402.6178
2026-03-17,CNY,215.946
2026-03-17,CAD,1085.0861
2026-03-17,IDR,0.0877
2026-03-18,USD,1503.5478
2026-03-18,EUR,1729.08
2026-03-18,PLN,404.8135
2026-03-18,CNY,218.2796
2026-03-18,CAD,1096.1582
2026-03-18,IDR,0.0885
2026-03-19,USD,1501.6102
2026-03-19,EUR,1725.2
2026-03-19,PLN,402.5856
2026-03-19,CNY,217.6112
2026-03-19,CAD,1093.9759
2026-03-19,IDR,0.0885
2026-03-20,USD,1500.7962
2026-03-20,EUR,1734.17
2026-03-20,PLN,405.3409
2026-03-20,CNY,217.6855
2026-03-20,CAD,1094.1826
2026-03-20,IDR,0.0887
2026-03-23,USD,1487.5216
2026-03-23,EUR,1724.93
2026-03-23,PLN,404.5048
2026-03-23,CNY,215.8429
2026-03-23,CAD,1085.1346
2026-03-23,IDR,0.088
2026-03-24,USD,1498.8593
2026-03-24,EUR,1734.48
2026-03-24,PLN,405.7928
2026-03-24,CNY,217.4351
2026-03-24,CAD,1090.1823
2026-03-24,IDR,0.0887
2026-03-25,USD,1497.5328
2026-03-25,EUR,1735.94
2026-03-25,PLN,406.372
2026-03-25,CNY,217.0495
2026-03-25,CAD,1086.5244
2026-03-25,IDR,0.0888
2026-03-26,USD,1506.3177
2026-03-26,EUR,1738.14
2026-03-26,PLN,406.649
2026-03-26,CNY,217.9841
2026-03-26,CAD,1088.7873
2026-03-26,IDR,0.089
2026-03-27,USD,1511.496
2026-03-27,EUR,1740.79
2026-03-27,PLN,406.0152
2026-03-27,CNY,218.6208
2026-03-27,CAD,1089.7646
2026-03-27,IDR,0.089
2026-03-30,USD,1517.7029
2026-03-30,EUR,1742.93
2026-03-30,PLN,406.4384
2026-03-30,CNY,219.5956
2026-03-30,CAD,1090.2171
2026-03-30,IDR,0.0892
2026-03-31,USD,1524.8043
2026-03-31,EUR,1753.22
2026-03-31,PLN,408.7713
2026-03-31,CNY,220.9728
2026-03-31,CAD,1094.2579
2026-03-31,IDR,0.0899
2026-04-01,USD,1504.8083
2026-04-01,EUR,1746.33
2026-04-01,PLN,408.0878
2026-04-01,CNY,218.9179
2026-04-01,CAD,1083.0625
2026-04-01,IDR,0.089
2026-04-02,USD,1516.6508
2026-04-02,EUR,1747.94
2026-04-02,PLN,407.8731
2026-04-02,CNY,219.8805
2026-04-02,CAD,1090.418
2026-04-02,IDR,0.0892
2026-04-07,USD,1497.4128
2026-04-07,EUR,1730.56
2026-04-07,PLN,404.781
2026-04-07,CNY,218.3644
2026-04-07,CAD,1076.3528
2026-04-07,IDR,0.0877
2026-04-08,USD,1474.2269
2026-04-08,EUR,1725.73
2026-04-08,PLN,405.6914
2026-04-08,CNY,215.8566
2026-04-08,CAD,1063.624
2026-04-08,IDR,0.0868
2026-04-09,USD,1479.4865
2026-04-09,EUR,1728.78
2026-04-09,PLN,406.2174
2026-04-09,CNY,216.4682
2026-04-09,CAD,1068.7975
2026-04-09,IDR,0.0865
2026-04-10,USD,1483.2721
2026-04-10,EUR,1737.06
2026-04-10,PLN,409.3461
2026-04-10,CNY,217.2221
2026-04-10,CAD,1073.1204
2026-04-10,IDR,0.0868
2026-04-13,USD,1489.9521
2026-04-13,EUR,1740.86
2026-04-13,PLN,409.2001
2026-04-13,CNY,218.0791
2026-04-13,CAD,1076.1328
2026-04-13,IDR,0.0867
2026-04-14,USD,1470.5164
2026-04-14,EUR,1734.18
2026-04-14,PLN,408.7637
2026-04-14,CNY,215.7504
2026-04-14,CAD,1068.832
2026-04-14,IDR,0.0858
2026-04-15,USD,1477.0968
2026-04-15,EUR,1740.02
2026-04-15,PLN,410.2563
2026-04-15,CNY,216.547
2026-04-15,CAD,1071.7709
2026-04-15,IDR,0.0861
2026-04-16,USD,1476.5065
2026-04-16,EUR,1739.62
2026-04-16,PLN,410.0653
2026-04-16,CNY,216.4568
2026-04-16,CAD,1075.5657
2026-04-16,IDR,0.0861
2026-04-17,USD,1478.9862
2026-04-17,EUR,1744.76
2026-04-17,PLN,412.2
2026-04-17,CNY,216.7862
2026-04-17,CAD,1081.7534
2026-04-17,IDR,0.0861
2026-04-20,USD,1470.2466
2026-04-20,EUR,1729.01
2026-04-20,PLN,408.4115
2026-04-20,CNY,215.6518
2026-04-20,CAD,1073.5858
2026-04-20,IDR,0.0858
2026-04-21,USD,1469.8479
2026-04-21,EUR,1729.57
2026-04-21,PLN,408.9301
2026-04-21,CNY,215.6517
2026-04-21,CAD,1076.2726
2026-04-21,IDR,0.0858
2026-04-22,USD,1478.0534
2026-04-22,EUR,1734.2
2026-04-22,PLN,408.3545
2026-04-22,CNY,216.5828
2026-04-22,CAD,1081.5766
2026-04-22,IDR,0.0859
2026-04-23,USD,1479.3569
2026-04-23,EUR,1729.96
2026-04-23,PLN,407.7402
2026-04-23,CNY,216.4398
2026-04-23,CAD,1082.1719
2026-04-23,IDR,0.0856
2026-04-24,USD,1477.0406
2026-04-24,EUR,1729.91
2026-04-24,PLN,407.9688
2026-04-24,CNY,216.0578
2026-04-24,CAD,1079.6418
2026-04-24,IDR,0.0857
2026-04-27,USD,1471.2231
2026-04-27,EUR,1728.54
2026-04-27,PLN,407.2615
2026-04-27,CNY,215.6228
2026-04-27,CAD,1081.7573
2026-04-27,IDR,0.0855
2026-04-28,USD,1476.8921
2026-04-28,EUR,1725.01
2026-04-28,PLN,406.0949
2026-04-28,CNY,215.9583
2026-04-28,CAD,1079.8861
2026-04-28,IDR,0.0854
2026-04-29,USD,1478.3786
2026-04-29,EUR,1730.59
2026-04-29,PLN,407.0253
2026-04-29,CNY,216.3427
2026-04-29,CAD,1081.1457
2026-04-29,IDR,0.0852
2026-04-30,USD,1477.0039
2026-04-30,EUR,1728.39
2026-04-30,PLN,405.6777
2026-04-30,CNY,216.2921
2026-04-30,CAD,1080.649
2026-04-30,IDR,0.0852
2026-05-04,USD,1472.0342
2026-05-04,EUR,1722.28
2026-05-04,PLN,404.576
2026-05-04,CNY,215.5167
2026-05-04,CAD,1081.1551
2026-05-04,IDR,0.0846
2026-05-05,USD,1472.9505
2026-05-05,EUR,1721.29
2026-05-05,PLN,404.6001
2026-05-05,CNY,215.6519
2026-05-05,CAD,1081.8919
2026-05-05,IDR,0.0844
2026-05-06,USD,1448.1041
2026-05-06,EUR,1703.26
2026-05-06,PLN,402.3766
2026-05-06,CNY,212.6072
2026-05-06,CAD,1064.604
2026-05-06,IDR,0.0836
2026-05-07,USD,1450.6372
2026-05-07,EUR,1707.4
2026-05-07,PLN,403.9271
2026-05-07,CNY,213.2704
2026-05-07,CAD,1064.4638
2026-05-07,IDR,0.0839
2026-05-08,USD,1466.78
2026-05-08,EUR,1725.08
2026-05-08,PLN,407.6469
2026-05-08,CNY,215.6647
2026-05-08,CAD,1073.9463
2026-05-08,IDR,0.0845
2026-05-11,USD,1472.9027
2026-05-11,EUR,1732.87
2026-05-11,PLN,408.715
2026-05-11,CNY,216.7144
2026-05-11,CAD,1077.7225
2026-05-11,IDR,0.0845
2026-05-12,USD,1488.8737
2026-05-12,EUR,1747.64
2026-05-12,PLN,411.403
2026-05-12,CNY,219.2058
2026-05-12,CAD,1086.3003
2026-05-12,IDR,0.0851
2026-05-13,USD,1488.5787
2026-05-13,EUR,1743.87
2026-05-13,PLN,410.1969
2026-05-13,CNY,219.2003
2026-05-13,CAD,1087.2685
2026-05-13,IDR,0.0851
2026-05-14,USD,1491.7279
2026-05-14,EUR,1745.62
2026-05-14,PLN,411.9166
2026-05-14,CNY,219.8514
2026-05-14,CAD,1086.9365
2026-05-14,IDR,0.0854
2026-05-15,USD,1499.6216
2026-05-15,EUR,1743.76
2026-05-15,PLN,410.6346
2026-05-15,CNY,220.1884
2026-05-15,CAD,1090.1907
2026-05-15,IDR,0.0853
2026-05-18,USD,1497.8022
2026-05-18,EUR,1744.64
2026-05-18,PLN,411.0548
2026-05-18,CNY,220.2578
2026-05-18,CAD,1089.9913
2026-05-18,IDR,0.0847
2026-05-19,USD,1508.7522
2026-05-19,EUR,1753.17
2026-05-19,PLN,413.1425
2026-05-19,CNY,221.6761
2026-05-19,CAD,1096.7595
2026-05-19,IDR,0.085
2026-05-20,USD,1505.4397
2026-05-20,EUR,1746.31
2026-05-20,PLN,410.4136
2026-05-20,CNY,221.2984
2026-05-20,CAD,1094.2478
2026-05-20,IDR,0.0851
2026-05-21,USD,1508.7421
2026-05-21,EUR,1749.99
2026-05-21,PLN,411.9271
2026-05-21,CNY,221.8013
2026-05-21,CAD,1095.6612
2026-05-21,IDR,0.0853
2026-05-22,USD,1517.5507
2026-05-22,EUR,1759.6
2026-05-22,PLN,414.8043
2026-05-22,CNY,223.325
2026-05-22,CAD,1099.6125
2026-05-22,IDR,0.0858
2026-05-25,USD,1513.7508
2026-05-25,EUR,1762.46
2026-05-25,PLN,416.2144
2026-05-25,CNY,223.1244
2026-05-25,CAD,1095.9209
2026-05-25,IDR,0.0854
2026-05-26,USD,1505.3034
2026-05-26,EUR,1751.27
2026-05-26,PLN,413.8651
2026-05-26,CNY,221.851
2026-05-26,CAD,1089.8438
2026-05-26,IDR,0.0844
2026-05-27,USD,1499.6992
2026-05-27,EUR,1745.2
2026-05-27,PLN,411.9438
2026-05-27,CNY,221.1269
2026-05-27,CAD,1084.0425
2026-05-27,IDR,0.0841
2026-05-28,USD,1502.8321
2026-05-28,EUR,1745.84
2026-05-28,PLN,412.3869
2026-05-28,CNY,221.6602
2026-05-28,CAD,1084.7769
2026-05-28,IDR,0.0842
2026-05-29,USD,1506.2693
2026-05-29,EUR,1753.9
2026-05-29,PLN,414.8788
2026-05-29,CNY,222.5959
2026-05-29,CAD,1091.141
2026-05-29,IDR,0.0845
2026-06-01,USD,1508.6382
2026-06-01,EUR,1756.96
2026-06-01,PLN,415.0626
2026-06-01,CNY,223.0041
2026-06-01,CAD,1090.873
2026-06-01,IDR,0.0846
2026-06-02,USD,1517.1517
2026-06-02,EUR,1767.33
2026-06-02,PLN,417.3645
2026-06-02,CNY,224.3431
2026-06-02,CAD,1096.4266
2026-06-02,IDR,0.0851
2026-06-03,USD,1530.9885
2026-06-03,EUR,1778.09
2026-06-03,PLN,419.5291
2026-06-03,CNY,226.1626
2026-06-03,CAD,1104.8155
2026-06-03,IDR,0.0852
2026-06-04,USD,1532.5172
2026-06-04,EUR,1783.85
2026-06-04,PLN,421.0371
2026-06-04,CNY,226.2391
2026-06-04,CAD,1102.7757
2026-06-04,IDR,0.085
2026-06-05,USD,1540.9278
2026-06-05,EUR,1793.64
2026-06-05,PLN,423.6478
2026-06-05,CNY,227.758
2026-06-05,CAD,1109.9944
2026-06-05,IDR,0.0853
2026-06-08,USD,1527.9549
2026-06-08,EUR,1763.26
2026-06-08,PLN,415.6377
2026-06-08,CNY,225.2993
2026-06-08,CAD,1096.3502
2026-06-08,IDR,0.0842
2026-06-09,USD,1525.4817
2026-06-09,EUR,1765.44
2026-06-09,PLN,416.6427
2026-06-09,CNY,225.2785
2026-06-09,CAD,1095.7979
2026-06-09,IDR,0.085
2026-06-10,USD,1524.4995
2026-06-10,EUR,1759.12
2026-06-10,PLN,414.008
2026-06-10,CNY,224.8278
2026-06-10,CAD,1094.4565
2026-06-10,IDR,0.0851
2026-06-11,USD,1529.5311
2026-06-11,EUR,1764.62
2026-06-11,PLN,415.0289
2026-06-11,CNY,225.6807
2026-06-11,CAD,1094.2023
2026-06-11,IDR,0.0851
2026-06-12,USD,1520.2127
2026-06-12,EUR,1758.43
2026-06-12,PLN,413.943
2026-06-12,CNY,224.8057
2026-06-12,CAD,1086.7923
2026-06-12,IDR,0.0855
2026-06-15,USD,1514.3017
2026-06-15,EUR,1757.65
2026-06-15,PLN,413.9543
2026-06-15,CNY,224.1072
2026-06-15,CAD,1083.0971
2026-06-15,IDR,0.0855
2026-06-16,USD,1508.8494
2026-06-16,EUR,1749.36
2026-06-16,PLN,412.3029
2026-06-16,CNY,223.3207
2026-06-16,CAD,1076.6617
2026-06-16,IDR,0.0851
2026-06-17,USD,1517.0822
2026-06-17,EUR,1758.45
2026-06-17,PLN,414.631
2026-06-17,CNY,224.4381
2026-06-17,CAD,1082.7227
2026-06-17,IDR,0.0852
2026-06-18,USD,1538.8884
2026-06-18,EUR,1763.72
2026-06-18,PLN,414.2132
2026-06-18,CNY,227.2571
2026-06-18,CAD,1089.4558
2026-06-18,IDR,0.0861
2026-06-19,USD,1532.3101
2026-06-19,EUR,1757.1
2026-06-19,PLN,412.3196
2026-06-19,CNY,226.3604
2026-06-19,CAD,1082.7582
2026-06-19,IDR,0.086
2026-06-22,USD,1537.081
2026-06-22,EUR,1760.88
2026-06-22,PLN,412.5773
2026-06-22,CNY,226.8824
2026-06-22,CAD,1085.4219
2026-06-22,IDR,0.0862
2026-06-23,USD,1536.1482
2026-06-23,EUR,1749.98
2026-06-23,PLN,408.6351
2026-06-23,CNY,226.3793
2026-06-23,CAD,1082.7744
2026-06-23,IDR,0.0857
2026-06-24,USD,1546.4286
2026-06-24,EUR,1753.65
2026-06-24,PLN,408.986
2026-06-24,CNY,227.0509
2026-06-24,CAD,1086.5242
2026-06-24,IDR,0.086
2026-06-25,USD,1542.9201
2026-06-25,EUR,1749.98
2026-06-25,PLN,408.1586
2026-06-25,CNY,226.9606
2026-06-25,CAD,1083.5119
2026-06-25,IDR,0.0858
2026-06-26,USD,1536.4705
2026-06-26,EUR,1751.73
2026-06-26,PLN,408.6335
2026-06-26,CNY,226.0122
2026-06-26,CAD,1083.388
2026-06-26,IDR,0.086
2026-06-29,USD,1543.7489
2026-06-29,EUR,1760.8
2026-06-29,PLN,410.7014
2026-06-29,CNY,227.2235
2026-06-29,CAD,1086.8465
2026-06-29,IDR,0.0865
2026-06-30,USD,1550.8864
2026-06-30,EUR,1767.08
2026-06-30,PLN,411.3794
2026-06-30,CNY,228.5589
2026-06-30,CAD,1089.4451
2026-06-30,IDR,0.0866
2026-07-01,USD,1558.0866
2026-07-01,EUR,1773.57
2026-07-01,PLN,412.8614
2026-07-01,CNY,229.3152
2026-07-01,CAD,1095.4049
2026-07-01,IDR,0.0867
2026-07-02,USD,1548.8464
2026-07-02,EUR,1765.53
2026-07-02,PLN,411.5455
2026-07-02,CNY,228.14
2026-07-02,CAD,1089.6315
2026-07-02,IDR,0.0859
2026-07-03,USD,1531.2282
2026-07-03,EUR,1752.95
2026-07-03,PLN,409.1089
2026-07-03,CNY,225.7967
2026-07-03,CAD,1078.2077
2026-07-03,IDR,0.0852
2026-07-06,USD,1531.0731
2026-07-06,EUR,1747.72
2026-07-06,PLN,407.5554
2026-07-06,CNY,225.3
2026-07-06,CAD,1076.4474
2026-07-06,IDR,0.085
2026-07-07,USD,1514.4494
2026-07-07,EUR,1731.47
2026-07-07,PLN,403.3428
2026-07-07,CNY,222.9265
2026-07-07,CAD,1065.1922
2026-07-07,IDR,0.0846
2026-07-08,USD,1509.0758
2026-07-08,EUR,1720.95
2026-07-08,PLN,399.3387
2026-07-08,CNY,221.9149
2026-07-08,CAD,1063.8909
2026-07-08,IDR,0.0834
2026-07-09,USD,1512.453
2026-07-09,EUR,1729.49
2026-07-09,PLN,401.4135
2026-07-09,CNY,222.5512
2026-07-09,CAD,1067.4546
2026-07-09,IDR,0.0835
2026-07-10,USD,1504.9169
2026-07-10,EUR,1720.12
2026-07-10,PLN,395.6573
2026-07-10,CNY,222.143
2026-07-10,CAD,1063.3121
2026-07-10,IDR,0.0833
2026-07-13,USD,1494.0914
2026-07-13,EUR,1706.85
2026-07-13,PLN,394.7569
2026-07-13,CNY,220.4464
2026-07-13,CAD,1057.004
2026-07-13,IDR,0.0828
2026-07-14,USD,1495.4932
2026-07-14,EUR,1705.61
2026-07-14,PLN,393.1517
2026-07-14,CNY,220.5711
2026-07-14,CAD,1059.7142
2026-07-14,IDR,0.0828
2026-07-15,USD,1492.1708
2026-07-15,EUR,1701.97
2026-07-15,PLN,393.4463
2026-07-15,CNY,220.2684
2026-07-15,CAD,1060.2193
2026-07-15,IDR,0.0826
2026-07-16,USD,1479.4541
2026-07-16,EUR,1696.49
2026-07-16,PLN,391.9349
2026-07-16,CNY,218.6311
2026-07-16,CAD,1054.8999
2026-07-16,IDR,0.0823
2026-07-17,USD,1485.317
2026-07-17,EUR,1698.46
2026-07-17,PLN,390.6931
2026-07-17,CNY,219.1533
2026-07-17,CAD,1059.2205
2026-07-17,IDR,0.0828
2026-07-20,USD,1481.1833
2026-07-20,EUR,1692.4
2026-07-20,PLN,390.6741
2026-07-20,CNY,218.8854
2026-07-20,CAD,1055.6387
2026-07-20,IDR,0.0825
2026-07-21,USD,1478.4025
2026-07-21,EUR,1688.04
2026-07-21,PLN,389.8026
2026-07-21,CNY,218.5024
2026-07-21,CAD,1050.4947
2026-07-21,IDR,0.0826
2026-07-22,USD,1480.3471
2026-07-22,EUR,1688.78
2026-07-22,PLN,390.0185
2026-07-22,CNY,218.567
2026-07-22,CAD,1050.8245
2026-07-22,IDR,0.0826
2026-07-23,USD,1472.7177
2026-07-23,EUR,1677.72
2026-07-23,PLN,387.7328
2026-07-23,CNY,217.5269
2026-07-23,CAD,1046.3515
2026-07-23,IDR,0.082
2026-07-24,USD,1461.0003
2026-07-24,EUR,1662.18
2026-07-24,PLN,385.1651
2026-07-24,CNY,215.7358
2026-07-24,CAD,1037.1771
2026-07-24,IDR,0.0815
2026-07-27,USD,1470.1115
2026-07-27,EUR,1674.31
2026-07-27,PLN,387.3924
2026-07-27,CNY,217.2764
2026-07-27,CAD,1042.2747
2026-07-27,IDR,0.0814
2026-07-28,USD,1459.4528
2026-07-28,EUR,1658.96
2026-07-28,PLN,383.4416
2026-07-28,CNY,215.5361
2026-07-28,CAD,1034.5223
2026-07-28,IDR,0.0806
2026-07-29,USD,1452.3462
2026-07-29,EUR,1652.77
2026-07-29,PLN,381.9667
2026-07-29,CNY,214.6455
2026-07-29,CAD,1029.6991
2026-07-29,IDR,0.0804
2026-07-30,USD,1433.6964
2026-07-30,EUR,1645.31
2026-07-30,PLN,381.9374
2026-07-30,CNY,212.2406
2026-07-30,CAD,1020.7271
2026-07-30,IDR,0.0793
2026-07-31,USD,1443.6134
2026-07-31,EUR,1657.99
2026-07-31,PLN,384.3723
2026-07-31,CNY,213.8266
2026-07-31,CAD,1028.1471
2026-07-31,IDR,0.08
2026-08-03,USD,1427.0481
2026-08-03,EUR,1646.1
2026-08-03,PLN,382.5204
2026-08-03,CNY,211.3338
2026-08-03,CAD,1017.3042
2026-08-03,IDR,0.0794
2026-08-04,USD,1427.1125
2026-08-04,EUR,1643.32
2026-08-04,PLN,381.6083
2026-08-04,CNY,211.3133
2026-08-04,CAD,1014.9589
2026-08-04,IDR,0.0793
2026-08-05,USD,1423.7234
2026-08-05,EUR,1644.97
2026-08-05,PLN,382.0181
2026-08-05,CNY,210.9233
2026-08-05,CAD,1013.5367
2026-08-05,IDR,0.0797
2026-08-06,USD,1423.5748
2026-08-06,EUR,1643.09
2026-08-06,PLN,382.2028
2026-08-06,CNY,210.9284
2026-08-06,CAD,1017.0154
2026-08-06,IDR,0.0795
2026-08-07,USD,1415.9515
2026-08-07,EUR,1633.3
2026-08-07,PLN,379.9874
2026-08-07,CNY,209.844
2026-08-07,CAD,1010.7054
2026-08-07,IDR,0.0793
2026-08-10,USD,1416.6162
2026-08-10,EUR,1636.9
2026-08-10,PLN,380.7364
2026-08-10,CNY,210.0448
2026-08-10,CAD,1016.2031
2026-08-10,IDR,0.0798
2026-08-11,USD,1412.1664
2026-08-11,EUR,1629.64
2026-08-11,PLN,379.2948
2026-08-11,CNY,209.355
2026-08-11,CAD,1013.2057
2026-08-11,IDR,0.0792
2026-08-12,USD,1417.133
2026-08-12,EUR,1636.08
2026-08-12,PLN,380.1036
2026-08-12,CNY,210.158
2026-08-12,CAD,1017.6525
2026-08-12,IDR,0.0794
2026-08-13,USD,1420.2878
2026-08-13,EUR,1638.16
2026-08-13,PLN,380.5427
2026-08-13,CNY,210.6308
2026-08-13,CAD,1018.1863
2026-08-13,IDR,0.0795
2026-08-14,USD,1411.2735
2026-08-14,EUR,1632.42
2026-08-14,PLN,379.0332
2026-08-14,CNY,209.3463
2026-08-14,CAD,1017.1475
2026-08-14,IDR,0.0793
2026-08-17,USD,1411.9124
2026-08-17,EUR,1636.83
2026-08-17,PLN,380.1012
2026-08-17,CNY,209.5008
2026-08-17,CAD,1018.7527
2026-08-17,IDR,0.0792
2026-08-18,USD,1410.0726
2026-08-18,EUR,1632.3
2026-08-18,PLN,377.9347
2026-08-18,CNY,209.1378
2026-08-18,CAD,1016.3761
2026-08-18,IDR,0.0789
2026-08-19,USD,1391.4778
2026-08-19,EUR,1614.81
2026-08-19,PLN,373.4096
2026-08-19,CNY,206.5054
2026-08-19,CAD,1003.1122
2026-08-19,IDR,0.078
2026-08-20,USD,1396.3531
2026-08-20,EUR,1631.08
2026-08-20,PLN,377.6697
2026-08-20,CNY,207.6804
2026-08-20,CAD,1014.0379
2026-08-20,IDR,0.0785
2026-08-21,USD,1384.2294
2026-08-21,EUR,1619.41
2026-08-21,PLN,375.9251
2026-08-21,CNY,205.9689
2026-08-21,CAD,1007.4717
2026-08-21,IDR,0.0784
2026-08-24,USD,1384.2593
2026-08-24,EUR,1614.6
2026-08-24,PLN,374.8085
2026-08-24,CNY,205.9071
2026-08-24,CAD,999.5048
2026-08-24,IDR,0.0781
2026-08-25,USD,1383.0732
2026-08-25,EUR,1612.94
2026-08-25,PLN,374.6232
2026-08-25,CNY,205.8214
2026-08-25,CAD,997.9212
2026-08-25,IDR,0.0782
2026-08-26,USD,1383.4862
2026-08-26,EUR,1614.39
2026-08-26,PLN,375.8328
2026-08-26,CNY,205.8593
2026-08-26,CAD,998.0156
2026-08-26,IDR,0.0781
2026-08-27,USD,1380.3778
2026-08-27,EUR,1607.45
2026-08-27,PLN,371.5101
2026-08-27,CNY,205.4039
2026-08-27,CAD,995.2635
2026-08-27,IDR,0.0778
2026-08-28,USD,1374.5512
2026-08-28,EUR,1600.39
2026-08-28,PLN,369.0511
2026-08-28,CNY,204.5201
2026-08-28,CAD,992.1823
2026-08-28,IDR,0.0776
2026-08-31,USD,1368.0321
2026-08-31,EUR,1586.37
2026-08-31,PLN,366.5365
2026-08-31,CNY,203.5844
2026-08-31,CAD,985.2006
2026-08-31,IDR,0.0772
2026-09-01,USD,1374.6074
2026-09-01,EUR,1593.17
2026-09-01,PLN,367.8272
2026-09-01,CNY,204.4859
2026-09-01,CAD,989.7925
2026-09-01,IDR,0.0775
2026-09-02,USD,1362.5583
2026-09-02,EUR,1577.57
2026-09-02,PLN,364.6296
2026-09-02,CNY,202.7152
2026-09-02,CAD,978.52
2026-09-02,IDR,0.0769
