ym,market,entity,var,value,unit,kind,vintage,source,status
2025-07,CA-IESO,OT,ga_class_b_amount,1.76157e+08,CAD,actual,2026-08-11,ieso-harvester/ot_ga_monthly.json,ok
2025-08,CA-IESO,OT,ga_class_b_amount,3.32023e+08,CAD,actual,2026-08-11,ieso-harvester/ot_ga_monthly.json,ok
2025-09,CA-IESO,OT,ga_class_b_amount,5.6163e+08,CAD,actual,2026-08-11,ieso-harvester/ot_ga_monthly.json,ok
2025-10,CA-IESO,OT,ga_class_b_amount,4.45162e+08,CAD,actual,2026-08-11,ieso-harvester/ot_ga_monthly.json,ok
2025-11,CA-IESO,OT,ga_class_b_amount,1.76396e+08,CAD,actual,2026-08-11,ieso-harvester/ot_ga_monthly.json,ok
2025-12,CA-IESO,OT,ga_class_b_amount,-3.43917e+07,CAD,actual,2026-08-11,ieso-harvester/ot_ga_monthly.json,ok
2026-01,CA-IESO,OT,ga_class_b_amount,-4.93919e+08,CAD,actual,2026-08-11,ieso-harvester/ot_ga_monthly.json,ok
2026-02,CA-IESO,OT,ga_class_b_amount,-3.44601e+08,CAD,actual,2026-08-11,ieso-harvester/ot_ga_monthly.json,ok
2026-03,CA-IESO,OT,ga_class_b_amount,7.81436e+08,CAD,actual,2026-08-11,ieso-harvester/ot_ga_monthly.json,ok
2026-04,CA-IESO,OT,ga_class_b_amount,8.71318e+08,CAD,actual,2026-08-11,ieso-harvester/ot_ga_monthly.json,ok
2026-05,CA-IESO,OT,ga_class_b_amount,9.70596e+08,CAD,actual,2026-08-11,ieso-harvester/ot_ga_monthly.json,ok
2026-06,CA-IESO,OT,ga_class_b_amount,8.53853e+08,CAD,actual,2026-08-11,ieso-harvester/ot_ga_monthly.json,ok
2026-07,CA-IESO,OT,ga_class_b_amount,4.01718e+08,CAD,forecast,2026-08-11,ieso-harvester/ot_ga_monthly.json,ok
2025-07,CA-IESO,OT,ga_class_b_rate,14.38,CAD/MWh,actual,2026-08-11,ieso-harvester/ot_ga_monthly.json,ok
2025-08,CA-IESO,OT,ga_class_b_rate,30.1,CAD/MWh,actual,2026-08-11,ieso-harvester/ot_ga_monthly.json,ok
2025-09,CA-IESO,OT,ga_class_b_rate,61.85,CAD/MWh,actual,2026-08-11,ieso-harvester/ot_ga_monthly.json,ok
2025-10,CA-IESO,OT,ga_class_b_rate,48.85,CAD/MWh,actual,2026-08-11,ieso-harvester/ot_ga_monthly.json,ok
2025-11,CA-IESO,OT,ga_class_b_rate,18.16,CAD/MWh,actual,2026-08-11,ieso-harvester/ot_ga_monthly.json,ok
2025-12,CA-IESO,OT,ga_class_b_rate,-2.92,CAD/MWh,actual,2026-08-11,ieso-harvester/ot_ga_monthly.json,ok
2026-01,CA-IESO,OT,ga_class_b_rate,-40.62,CAD/MWh,actual,2026-08-11,ieso-harvester/ot_ga_monthly.json,ok
2026-02,CA-IESO,OT,ga_class_b_rate,-32.81,CAD/MWh,actual,2026-08-11,ieso-harvester/ot_ga_monthly.json,ok
2026-03,CA-IESO,OT,ga_class_b_rate,72.7,CAD/MWh,actual,2026-08-11,ieso-harvester/ot_ga_monthly.json,ok
2026-04,CA-IESO,OT,ga_class_b_rate,99.1,CAD/MWh,actual,2026-08-11,ieso-harvester/ot_ga_monthly.json,ok
2026-05,CA-IESO,OT,ga_class_b_rate,99.51,CAD/MWh,actual,2026-08-11,ieso-harvester/ot_ga_monthly.json,ok
2026-06,CA-IESO,OT,ga_class_b_rate,84.13,CAD/MWh,actual,2026-08-11,ieso-harvester/ot_ga_monthly.json,ok
2026-07,CA-IESO,OT,ga_class_b_rate,29.42,CAD/MWh,forecast,2026-08-11,ieso-harvester/ot_ga_monthly.json,ok
2025-07,CA-IESO,OT,ga_first_estimate_rate,115.93,CAD/MWh,forecast,2026-08-11,ieso-harvester/ot_ga_monthly.json,partial
2025-08,CA-IESO,OT,ga_first_estimate_rate,3,CAD/MWh,forecast,2026-08-11,ieso-harvester/ot_ga_monthly.json,partial
2025-09,CA-IESO,OT,ga_first_estimate_rate,3,CAD/MWh,forecast,2026-08-11,ieso-harvester/ot_ga_monthly.json,partial
2025-10,CA-IESO,OT,ga_first_estimate_rate,74.82,CAD/MWh,forecast,2026-08-11,ieso-harvester/ot_ga_monthly.json,partial
2025-11,CA-IESO,OT,ga_first_estimate_rate,39.61,CAD/MWh,forecast,2026-08-11,ieso-harvester/ot_ga_monthly.json,partial
2025-12,CA-IESO,OT,ga_first_estimate_rate,22.26,CAD/MWh,forecast,2026-08-11,ieso-harvester/ot_ga_monthly.json,partial
2026-01,CA-IESO,OT,ga_first_estimate_rate,14.38,CAD/MWh,forecast,2026-08-11,ieso-harvester/ot_ga_monthly.json,partial
2026-02,CA-IESO,OT,ga_first_estimate_rate,-2.92,CAD/MWh,forecast,2026-08-11,ieso-harvester/ot_ga_monthly.json,partial
2026-03,CA-IESO,OT,ga_first_estimate_rate,-40.62,CAD/MWh,forecast,2026-08-11,ieso-harvester/ot_ga_monthly.json,partial
2026-04,CA-IESO,OT,ga_first_estimate_rate,0.06,CAD/MWh,forecast,2026-08-11,ieso-harvester/ot_ga_monthly.json,partial
2026-05,CA-IESO,OT,ga_first_estimate_rate,72.7,CAD/MWh,forecast,2026-08-11,ieso-harvester/ot_ga_monthly.json,partial
2026-06,CA-IESO,OT,ga_first_estimate_rate,99.1,CAD/MWh,forecast,2026-08-11,ieso-harvester/ot_ga_monthly.json,partial
2026-07,CA-IESO,OT,ga_first_estimate_rate,91.57,CAD/MWh,forecast,2026-08-11,ieso-harvester/ot_ga_monthly.json,partial
2026-06,CA-IESO,OT,ot_cong,-0.2217,CAD/MWh,actual,2026-08-11,ieso-harvester/ot_wholesale_monthly.json,ok
2026-07,CA-IESO,OT,ot_cong,-0.3064,CAD/MWh,actual,2026-08-11,ieso-harvester/ot_wholesale_monthly.json,ok
2026-08,CA-IESO,OT,ot_cong,-1.9958,CAD/MWh,actual,2026-08-11,ieso-harvester/ot_wholesale_monthly.json,ok
2018-01,CA-IESO,OT,ot_energy_hoep,30.325,CAD/MWh,actual,2026-08-11,ieso-harvester/ot_wholesale_monthly.json,ok
2018-02,CA-IESO,OT,ot_energy_hoep,18.006,CAD/MWh,actual,2026-08-11,ieso-harvester/ot_wholesale_monthly.json,ok
2018-03,CA-IESO,OT,ot_energy_hoep,16.496,CAD/MWh,actual,2026-08-11,ieso-harvester/ot_wholesale_monthly.json,ok
2018-04,CA-IESO,OT,ot_energy_hoep,28.557,CAD/MWh,actual,2026-08-11,ieso-harvester/ot_wholesale_monthly.json,ok
2018-05,CA-IESO,OT,ot_energy_hoep,11.539,CAD/MWh,actual,2026-08-11,ieso-harvester/ot_wholesale_monthly.json,ok
2018-06,CA-IESO,OT,ot_energy_hoep,16.733,CAD/MWh,actual,2026-08-11,ieso-harvester/ot_wholesale_monthly.json,ok
2018-07,CA-IESO,OT,ot_energy_hoep,28.597,CAD/MWh,actual,2026-08-11,ieso-harvester/ot_wholesale_monthly.json,ok
2018-08,CA-IESO,OT,ot_energy_hoep,28.919,CAD/MWh,actual,2026-08-11,ieso-harvester/ot_wholesale_monthly.json,ok
2018-09,CA-IESO,OT,ot_energy_hoep,26.926,CAD/MWh,actual,2026-08-11,ieso-harvester/ot_wholesale_monthly.json,ok
2018-10,CA-IESO,OT,ot_energy_hoep,12.778,CAD/MWh,actual,2026-08-11,ieso-harvester/ot_wholesale_monthly.json,ok
2018-11,CA-IESO,OT,ot_energy_hoep,23.619,CAD/MWh,actual,2026-08-11,ieso-harvester/ot_wholesale_monthly.json,ok
2018-12,CA-IESO,OT,ot_energy_hoep,26.605,CAD/MWh,actual,2026-08-11,ieso-harvester/ot_wholesale_monthly.json,ok
2019-01,CA-IESO,OT,ot_energy_hoep,26.363,CAD/MWh,actual,2026-08-11,ieso-harvester/ot_wholesale_monthly.json,ok
2019-02,CA-IESO,OT,ot_energy_hoep,27.081,CAD/MWh,actual,2026-08-11,ieso-harvester/ot_wholesale_monthly.json,ok
2019-03,CA-IESO,OT,ot_energy_hoep,26.696,CAD/MWh,actual,2026-08-11,ieso-harvester/ot_wholesale_monthly.json,ok
2019-04,CA-IESO,OT,ot_energy_hoep,14.79,CAD/MWh,actual,2026-08-11,ieso-harvester/ot_wholesale_monthly.json,ok
2019-05,CA-IESO,OT,ot_energy_hoep,7.012,CAD/MWh,actual,2026-08-11,ieso-harvester/ot_wholesale_monthly.json,ok
2019-06,CA-IESO,OT,ot_energy_hoep,3.679,CAD/MWh,actual,2026-08-11,ieso-harvester/ot_wholesale_monthly.json,ok
2019-07,CA-IESO,OT,ot_energy_hoep,20.532,CAD/MWh,actual,2026-08-11,ieso-harvester/ot_wholesale_monthly.json,ok
2019-08,CA-IESO,OT,ot_energy_hoep,14.813,CAD/MWh,actual,2026-08-11,ieso-harvester/ot_wholesale_monthly.json,ok
2019-09,CA-IESO,OT,ot_energy_hoep,13.37,CAD/MWh,actual,2026-08-11,ieso-harvester/ot_wholesale_monthly.json,ok
2019-10,CA-IESO,OT,ot_energy_hoep,6.55,CAD/MWh,actual,2026-08-11,ieso-harvester/ot_wholesale_monthly.json,ok
2019-11,CA-IESO,OT,ot_energy_hoep,19.624,CAD/MWh,actual,2026-08-11,ieso-harvester/ot_wholesale_monthly.json,ok
2019-12,CA-IESO,OT,ot_energy_hoep,20.589,CAD/MWh,actual,2026-08-11,ieso-harvester/ot_wholesale_monthly.json,ok
2020-01,CA-IESO,OT,ot_energy_hoep,13.923,CAD/MWh,actual,2026-08-11,ieso-harvester/ot_wholesale_monthly.json,ok
2020-02,CA-IESO,OT,ot_energy_hoep,13.995,CAD/MWh,actual,2026-08-11,ieso-harvester/ot_wholesale_monthly.json,ok
2020-03,CA-IESO,OT,ot_energy_hoep,13.44,CAD/MWh,actual,2026-08-11,ieso-harvester/ot_wholesale_monthly.json,ok
2020-04,CA-IESO,OT,ot_energy_hoep,5.782,CAD/MWh,actual,2026-08-11,ieso-harvester/ot_wholesale_monthly.json,ok
2020-05,CA-IESO,OT,ot_energy_hoep,7.31,CAD/MWh,actual,2026-08-11,ieso-harvester/ot_wholesale_monthly.json,ok
2020-06,CA-IESO,OT,ot_energy_hoep,11.221,CAD/MWh,actual,2026-08-11,ieso-harvester/ot_wholesale_monthly.json,ok
2020-07,CA-IESO,OT,ot_energy_hoep,18.599,CAD/MWh,actual,2026-08-11,ieso-harvester/ot_wholesale_monthly.json,ok
2020-08,CA-IESO,OT,ot_energy_hoep,18.169,CAD/MWh,actual,2026-08-11,ieso-harvester/ot_wholesale_monthly.json,ok
2020-09,CA-IESO,OT,ot_energy_hoep,13.783,CAD/MWh,actual,2026-08-11,ieso-harvester/ot_wholesale_monthly.json,ok
2020-10,CA-IESO,OT,ot_energy_hoep,10.645,CAD/MWh,actual,2026-08-11,ieso-harvester/ot_wholesale_monthly.json,ok
2020-11,CA-IESO,OT,ot_energy_hoep,9.544,CAD/MWh,actual,2026-08-11,ieso-harvester/ot_wholesale_monthly.json,ok
2020-12,CA-IESO,OT,ot_energy_hoep,15.162,CAD/MWh,actual,2026-08-11,ieso-harvester/ot_wholesale_monthly.json,ok
2021-01,CA-IESO,OT,ot_energy_hoep,16.864,CAD/MWh,actual,2026-08-11,ieso-harvester/ot_wholesale_monthly.json,ok
2021-02,CA-IESO,OT,ot_energy_hoep,32.52,CAD/MWh,actual,2026-08-11,ieso-harvester/ot_wholesale_monthly.json,ok
2021-03,CA-IESO,OT,ot_energy_hoep,17.069,CAD/MWh,actual,2026-08-11,ieso-harvester/ot_wholesale_monthly.json,ok
2021-04,CA-IESO,OT,ot_energy_hoep,8.523,CAD/MWh,actual,2026-08-11,ieso-harvester/ot_wholesale_monthly.json,ok
2021-05,CA-IESO,OT,ot_energy_hoep,13.566,CAD/MWh,actual,2026-08-11,ieso-harvester/ot_wholesale_monthly.json,ok
2021-06,CA-IESO,OT,ot_energy_hoep,24.418,CAD/MWh,actual,2026-08-11,ieso-harvester/ot_wholesale_monthly.json,ok
2021-07,CA-IESO,OT,ot_energy_hoep,26.084,CAD/MWh,actual,2026-08-11,ieso-harvester/ot_wholesale_monthly.json,ok
2021-08,CA-IESO,OT,ot_energy_hoep,40.481,CAD/MWh,actual,2026-08-11,ieso-harvester/ot_wholesale_monthly.json,ok
2021-09,CA-IESO,OT,ot_energy_hoep,29.243,CAD/MWh,actual,2026-08-11,ieso-harvester/ot_wholesale_monthly.json,ok
2021-10,CA-IESO,OT,ot_energy_hoep,38.612,CAD/MWh,actual,2026-08-11,ieso-harvester/ot_wholesale_monthly.json,ok
2021-11,CA-IESO,OT,ot_energy_hoep,39.359,CAD/MWh,actual,2026-08-11,ieso-harvester/ot_wholesale_monthly.json,ok
2021-12,CA-IESO,OT,ot_energy_hoep,34.615,CAD/MWh,actual,2026-08-11,ieso-harvester/ot_wholesale_monthly.json,ok
2022-01,CA-IESO,OT,ot_energy_hoep,42.667,CAD/MWh,actual,2026-08-11,ieso-harvester/ot_wholesale_monthly.json,ok
2022-02,CA-IESO,OT,ot_energy_hoep,39.423,CAD/MWh,actual,2026-08-11,ieso-harvester/ot_wholesale_monthly.json,ok
2022-03,CA-IESO,OT,ot_energy_hoep,37.297,CAD/MWh,actual,2026-08-11,ieso-harvester/ot_wholesale_monthly.json,ok
2022-04,CA-IESO,OT,ot_energy_hoep,27.766,CAD/MWh,actual,2026-08-11,ieso-harvester/ot_wholesale_monthly.json,ok
2022-05,CA-IESO,OT,ot_energy_hoep,30.614,CAD/MWh,actual,2026-08-11,ieso-harvester/ot_wholesale_monthly.json,ok
2022-06,CA-IESO,OT,ot_energy_hoep,34.824,CAD/MWh,actual,2026-08-11,ieso-harvester/ot_wholesale_monthly.json,ok
2022-07,CA-IESO,OT,ot_energy_hoep,57.694,CAD/MWh,actual,2026-08-11,ieso-harvester/ot_wholesale_monthly.json,ok
2022-08,CA-IESO,OT,ot_energy_hoep,80.752,CAD/MWh,actual,2026-08-11,ieso-harvester/ot_wholesale_monthly.json,ok
2022-09,CA-IESO,OT,ot_energy_hoep,58.702,CAD/MWh,actual,2026-08-11,ieso-harvester/ot_wholesale_monthly.json,ok
2022-10,CA-IESO,OT,ot_energy_hoep,44.28,CAD/MWh,actual,2026-08-11,ieso-harvester/ot_wholesale_monthly.json,ok
2022-11,CA-IESO,OT,ot_energy_hoep,30.281,CAD/MWh,actual,2026-08-11,ieso-harvester/ot_wholesale_monthly.json,ok
2022-12,CA-IESO,OT,ot_energy_hoep,53.744,CAD/MWh,actual,2026-08-11,ieso-harvester/ot_wholesale_monthly.json,ok
2023-01,CA-IESO,OT,ot_energy_hoep,33.281,CAD/MWh,actual,2026-08-11,ieso-harvester/ot_wholesale_monthly.json,ok
2023-02,CA-IESO,OT,ot_energy_hoep,22.67,CAD/MWh,actual,2026-08-11,ieso-harvester/ot_wholesale_monthly.json,ok
2023-03,CA-IESO,OT,ot_energy_hoep,24.769,CAD/MWh,actual,2026-08-11,ieso-harvester/ot_wholesale_monthly.json,ok
2023-04,CA-IESO,OT,ot_energy_hoep,20.474,CAD/MWh,actual,2026-08-11,ieso-harvester/ot_wholesale_monthly.json,ok
2023-05,CA-IESO,OT,ot_energy_hoep,16.547,CAD/MWh,actual,2026-08-11,ieso-harvester/ot_wholesale_monthly.json,ok
2023-06,CA-IESO,OT,ot_energy_hoep,29.131,CAD/MWh,actual,2026-08-11,ieso-harvester/ot_wholesale_monthly.json,ok
2023-07,CA-IESO,OT,ot_energy_hoep,38.533,CAD/MWh,actual,2026-08-11,ieso-harvester/ot_wholesale_monthly.json,ok
2023-08,CA-IESO,OT,ot_energy_hoep,30.334,CAD/MWh,actual,2026-08-11,ieso-harvester/ot_wholesale_monthly.json,ok
2023-09,CA-IESO,OT,ot_energy_hoep,36.277,CAD/MWh,actual,2026-08-11,ieso-harvester/ot_wholesale_monthly.json,ok
2023-10,CA-IESO,OT,ot_energy_hoep,30.09,CAD/MWh,actual,2026-08-11,ieso-harvester/ot_wholesale_monthly.json,ok
2023-11,CA-IESO,OT,ot_energy_hoep,29.896,CAD/MWh,actual,2026-08-11,ieso-harvester/ot_wholesale_monthly.json,ok
2023-12,CA-IESO,OT,ot_energy_hoep,30.306,CAD/MWh,actual,2026-08-11,ieso-harvester/ot_wholesale_monthly.json,ok
2024-01,CA-IESO,OT,ot_energy_hoep,42.27,CAD/MWh,actual,2026-08-11,ieso-harvester/ot_wholesale_monthly.json,ok
2024-02,CA-IESO,OT,ot_energy_hoep,27.935,CAD/MWh,actual,2026-08-11,ieso-harvester/ot_wholesale_monthly.json,ok
2024-03,CA-IESO,OT,ot_energy_hoep,28.366,CAD/MWh,actual,2026-08-11,ieso-harvester/ot_wholesale_monthly.json,ok
2024-04,CA-IESO,OT,ot_energy_hoep,28.062,CAD/MWh,actual,2026-08-11,ieso-harvester/ot_wholesale_monthly.json,ok
2024-05,CA-IESO,OT,ot_energy_hoep,27.309,CAD/MWh,actual,2026-08-11,ieso-harvester/ot_wholesale_monthly.json,ok
2024-06,CA-IESO,OT,ot_energy_hoep,29.011,CAD/MWh,actual,2026-08-11,ieso-harvester/ot_wholesale_monthly.json,ok
2024-07,CA-IESO,OT,ot_energy_hoep,35.437,CAD/MWh,actual,2026-08-11,ieso-harvester/ot_wholesale_monthly.json,ok
2024-08,CA-IESO,OT,ot_energy_hoep,36.149,CAD/MWh,actual,2026-08-11,ieso-harvester/ot_wholesale_monthly.json,ok
2024-09,CA-IESO,OT,ot_energy_hoep,30.434,CAD/MWh,actual,2026-08-11,ieso-harvester/ot_wholesale_monthly.json,ok
2024-10,CA-IESO,OT,ot_energy_hoep,32.859,CAD/MWh,actual,2026-08-11,ieso-harvester/ot_wholesale_monthly.json,ok
2024-11,CA-IESO,OT,ot_energy_hoep,29.316,CAD/MWh,actual,2026-08-11,ieso-harvester/ot_wholesale_monthly.json,ok
2024-12,CA-IESO,OT,ot_energy_hoep,38.428,CAD/MWh,actual,2026-08-11,ieso-harvester/ot_wholesale_monthly.json,ok
2025-01,CA-IESO,OT,ot_energy_hoep,65.985,CAD/MWh,actual,2026-08-11,ieso-harvester/ot_wholesale_monthly.json,ok
2025-02,CA-IESO,OT,ot_energy_hoep,76.679,CAD/MWh,actual,2026-08-11,ieso-harvester/ot_wholesale_monthly.json,ok
2025-03,CA-IESO,OT,ot_energy_hoep,47.442,CAD/MWh,actual,2026-08-11,ieso-harvester/ot_wholesale_monthly.json,ok
2025-04,CA-IESO,OT,ot_energy_hoep,39.181,CAD/MWh,actual,2026-08-11,ieso-harvester/ot_wholesale_monthly.json,ok
2026-06,CA-IESO,OT,ot_energy_zonal,44.93,CAD/MWh,actual,2026-08-11,ieso-harvester/ot_wholesale_monthly.json,ok
2026-07,CA-IESO,OT,ot_energy_zonal,71.824,CAD/MWh,actual,2026-08-11,ieso-harvester/ot_wholesale_monthly.json,ok
2026-08,CA-IESO,OT,ot_energy_zonal,72.243,CAD/MWh,actual,2026-08-11,ieso-harvester/ot_wholesale_monthly.json,ok
2026-06,CA-IESO,OT,ot_loss,-0.0631,CAD/MWh,actual,2026-08-11,ieso-harvester/ot_wholesale_monthly.json,ok
2026-07,CA-IESO,OT,ot_loss,-0.0989,CAD/MWh,actual,2026-08-11,ieso-harvester/ot_wholesale_monthly.json,ok
2026-08,CA-IESO,OT,ot_loss,-0.2559,CAD/MWh,actual,2026-08-11,ieso-harvester/ot_wholesale_monthly.json,ok
2014-12,GLOBAL,CAD,fx_krw_avg,942.047,KRW/unit,actual,2026-08-11,fx_krw_monthly.csv,partial
2015-01,GLOBAL,CAD,fx_krw_avg,902.024,KRW/unit,actual,2026-08-11,fx_krw_monthly.csv,ok
2015-02,GLOBAL,CAD,fx_krw_avg,880.748,KRW/unit,actual,2026-08-11,fx_krw_monthly.csv,ok
2015-03,GLOBAL,CAD,fx_krw_avg,882.808,KRW/unit,actual,2026-08-11,fx_krw_monthly.csv,ok
2015-04,GLOBAL,CAD,fx_krw_avg,879.158,KRW/unit,actual,2026-08-11,fx_krw_monthly.csv,ok
2015-05,GLOBAL,CAD,fx_krw_avg,899.354,KRW/unit,actual,2026-08-11,fx_krw_monthly.csv,ok
2015-06,GLOBAL,CAD,fx_krw_avg,901.411,KRW/unit,actual,2026-08-11,fx_krw_monthly.csv,ok
2015-07,GLOBAL,CAD,fx_krw_avg,892.61,KRW/unit,actual,2026-08-11,fx_krw_monthly.csv,ok
2015-08,GLOBAL,CAD,fx_krw_avg,897.308,KRW/unit,actual,2026-08-11,fx_krw_monthly.csv,ok
2015-09,GLOBAL,CAD,fx_krw_avg,893.697,KRW/unit,actual,2026-08-11,fx_krw_monthly.csv,ok
2015-10,GLOBAL,CAD,fx_krw_avg,875.733,KRW/unit,actual,2026-08-11,fx_krw_monthly.csv,ok
2015-11,GLOBAL,CAD,fx_krw_avg,869.693,KRW/unit,actual,2026-08-11,fx_krw_monthly.csv,ok
2015-12,GLOBAL,CAD,fx_krw_avg,857.408,KRW/unit,actual,2026-08-11,fx_krw_monthly.csv,ok
2016-01,GLOBAL,CAD,fx_krw_avg,846.585,KRW/unit,actual,2026-08-11,fx_krw_monthly.csv,ok
2016-02,GLOBAL,CAD,fx_krw_avg,881.469,KRW/unit,actual,2026-08-11,fx_krw_monthly.csv,ok
2016-03,GLOBAL,CAD,fx_krw_avg,894.692,KRW/unit,actual,2026-08-11,fx_krw_monthly.csv,ok
2016-04,GLOBAL,CAD,fx_krw_avg,893.454,KRW/unit,actual,2026-08-11,fx_krw_monthly.csv,ok
2016-05,GLOBAL,CAD,fx_krw_avg,909.003,KRW/unit,actual,2026-08-11,fx_krw_monthly.csv,ok
2016-06,GLOBAL,CAD,fx_krw_avg,905.288,KRW/unit,actual,2026-08-11,fx_krw_monthly.csv,ok
2016-07,GLOBAL,CAD,fx_krw_avg,876.142,KRW/unit,actual,2026-08-11,fx_krw_monthly.csv,ok
2016-08,GLOBAL,CAD,fx_krw_avg,855.607,KRW/unit,actual,2026-08-11,fx_krw_monthly.csv,ok
2016-09,GLOBAL,CAD,fx_krw_avg,847.681,KRW/unit,actual,2026-08-11,fx_krw_monthly.csv,ok
2016-10,GLOBAL,CAD,fx_krw_avg,851.802,KRW/unit,actual,2026-08-11,fx_krw_monthly.csv,ok
2016-11,GLOBAL,CAD,fx_krw_avg,865.735,KRW/unit,actual,2026-08-11,fx_krw_monthly.csv,ok
2016-12,GLOBAL,CAD,fx_krw_avg,887.351,KRW/unit,actual,2026-08-11,fx_krw_monthly.csv,ok
2017-01,GLOBAL,CAD,fx_krw_avg,894.022,KRW/unit,actual,2026-08-11,fx_krw_monthly.csv,ok
2017-02,GLOBAL,CAD,fx_krw_avg,872.108,KRW/unit,actual,2026-08-11,fx_krw_monthly.csv,ok
2017-03,GLOBAL,CAD,fx_krw_avg,846.74,KRW/unit,actual,2026-08-11,fx_krw_monthly.csv,ok
2017-04,GLOBAL,CAD,fx_krw_avg,843.865,KRW/unit,actual,2026-08-11,fx_krw_monthly.csv,ok
2017-05,GLOBAL,CAD,fx_krw_avg,827.759,KRW/unit,actual,2026-08-11,fx_krw_monthly.csv,ok
2017-06,GLOBAL,CAD,fx_krw_avg,850.991,KRW/unit,actual,2026-08-11,fx_krw_monthly.csv,ok
2017-07,GLOBAL,CAD,fx_krw_avg,891.463,KRW/unit,actual,2026-08-11,fx_krw_monthly.csv,ok
2017-08,GLOBAL,CAD,fx_krw_avg,897.277,KRW/unit,actual,2026-08-11,fx_krw_monthly.csv,ok
2017-09,GLOBAL,CAD,fx_krw_avg,921.509,KRW/unit,actual,2026-08-11,fx_krw_monthly.csv,ok
2017-10,GLOBAL,CAD,fx_krw_avg,899.358,KRW/unit,actual,2026-08-11,fx_krw_monthly.csv,ok
2017-11,GLOBAL,CAD,fx_krw_avg,862.762,KRW/unit,actual,2026-08-11,fx_krw_monthly.csv,ok
2017-12,GLOBAL,CAD,fx_krw_avg,849.48,KRW/unit,actual,2026-08-11,fx_krw_monthly.csv,ok
2018-01,GLOBAL,CAD,fx_krw_avg,857.742,KRW/unit,actual,2026-08-11,fx_krw_monthly.csv,ok
2018-02,GLOBAL,CAD,fx_krw_avg,857.616,KRW/unit,actual,2026-08-11,fx_krw_monthly.csv,ok
2018-03,GLOBAL,CAD,fx_krw_avg,829.225,KRW/unit,actual,2026-08-11,fx_krw_monthly.csv,ok
2018-04,GLOBAL,CAD,fx_krw_avg,840.46,KRW/unit,actual,2026-08-11,fx_krw_monthly.csv,ok
2018-05,GLOBAL,CAD,fx_krw_avg,837.25,KRW/unit,actual,2026-08-11,fx_krw_monthly.csv,ok
2018-06,GLOBAL,CAD,fx_krw_avg,833.755,KRW/unit,actual,2026-08-11,fx_krw_monthly.csv,ok
2018-07,GLOBAL,CAD,fx_krw_avg,855.045,KRW/unit,actual,2026-08-11,fx_krw_monthly.csv,ok
2018-08,GLOBAL,CAD,fx_krw_avg,860.011,KRW/unit,actual,2026-08-11,fx_krw_monthly.csv,ok
2018-09,GLOBAL,CAD,fx_krw_avg,858.533,KRW/unit,actual,2026-08-11,fx_krw_monthly.csv,ok
2018-10,GLOBAL,CAD,fx_krw_avg,870.513,KRW/unit,actual,2026-08-11,fx_krw_monthly.csv,ok
2018-11,GLOBAL,CAD,fx_krw_avg,854.031,KRW/unit,actual,2026-08-11,fx_krw_monthly.csv,ok
2018-12,GLOBAL,CAD,fx_krw_avg,836.682,KRW/unit,actual,2026-08-11,fx_krw_monthly.csv,ok
2019-01,GLOBAL,CAD,fx_krw_avg,843.319,KRW/unit,actual,2026-08-11,fx_krw_monthly.csv,ok
2019-02,GLOBAL,CAD,fx_krw_avg,849.854,KRW/unit,actual,2026-08-11,fx_krw_monthly.csv,ok
2019-03,GLOBAL,CAD,fx_krw_avg,847.241,KRW/unit,actual,2026-08-11,fx_krw_monthly.csv,ok
2019-04,GLOBAL,CAD,fx_krw_avg,854.285,KRW/unit,actual,2026-08-11,fx_krw_monthly.csv,ok
2019-05,GLOBAL,CAD,fx_krw_avg,880.075,KRW/unit,actual,2026-08-11,fx_krw_monthly.csv,ok
2019-06,GLOBAL,CAD,fx_krw_avg,882.849,KRW/unit,actual,2026-08-11,fx_krw_monthly.csv,ok
2019-07,GLOBAL,CAD,fx_krw_avg,898.596,KRW/unit,actual,2026-08-11,fx_krw_monthly.csv,ok
2019-08,GLOBAL,CAD,fx_krw_avg,912.173,KRW/unit,actual,2026-08-11,fx_krw_monthly.csv,ok
2019-09,GLOBAL,CAD,fx_krw_avg,902.081,KRW/unit,actual,2026-08-11,fx_krw_monthly.csv,ok
2019-10,GLOBAL,CAD,fx_krw_avg,897.487,KRW/unit,actual,2026-08-11,fx_krw_monthly.csv,ok
2019-11,GLOBAL,CAD,fx_krw_avg,882.553,KRW/unit,actual,2026-08-11,fx_krw_monthly.csv,ok
2019-12,GLOBAL,CAD,fx_krw_avg,892.197,KRW/unit,actual,2026-08-11,fx_krw_monthly.csv,ok
2020-01,GLOBAL,CAD,fx_krw_avg,892.444,KRW/unit,actual,2026-08-11,fx_krw_monthly.csv,ok
2020-02,GLOBAL,CAD,fx_krw_avg,899.957,KRW/unit,actual,2026-08-11,fx_krw_monthly.csv,ok
2020-03,GLOBAL,CAD,fx_krw_avg,874.5,KRW/unit,actual,2026-08-11,fx_krw_monthly.csv,ok
2020-04,GLOBAL,CAD,fx_krw_avg,869.293,KRW/unit,actual,2026-08-11,fx_krw_monthly.csv,ok
2020-05,GLOBAL,CAD,fx_krw_avg,880.782,KRW/unit,actual,2026-08-11,fx_krw_monthly.csv,ok
2020-06,GLOBAL,CAD,fx_krw_avg,890.766,KRW/unit,actual,2026-08-11,fx_krw_monthly.csv,ok
2020-07,GLOBAL,CAD,fx_krw_avg,887.604,KRW/unit,actual,2026-08-11,fx_krw_monthly.csv,ok
2020-08,GLOBAL,CAD,fx_krw_avg,896.583,KRW/unit,actual,2026-08-11,fx_krw_monthly.csv,ok
2020-09,GLOBAL,CAD,fx_krw_avg,891.033,KRW/unit,actual,2026-08-11,fx_krw_monthly.csv,ok
2020-10,GLOBAL,CAD,fx_krw_avg,865.776,KRW/unit,actual,2026-08-11,fx_krw_monthly.csv,ok
2020-11,GLOBAL,CAD,fx_krw_avg,852.94,KRW/unit,actual,2026-08-11,fx_krw_monthly.csv,ok
2020-12,GLOBAL,CAD,fx_krw_avg,854.439,KRW/unit,actual,2026-08-11,fx_krw_monthly.csv,ok
2021-01,GLOBAL,CAD,fx_krw_avg,864.018,KRW/unit,actual,2026-08-11,fx_krw_monthly.csv,ok
2021-02,GLOBAL,CAD,fx_krw_avg,876.062,KRW/unit,actual,2026-08-11,fx_krw_monthly.csv,ok
2021-03,GLOBAL,CAD,fx_krw_avg,898.91,KRW/unit,actual,2026-08-11,fx_krw_monthly.csv,ok
2021-04,GLOBAL,CAD,fx_krw_avg,893.454,KRW/unit,actual,2026-08-11,fx_krw_monthly.csv,ok
2021-05,GLOBAL,CAD,fx_krw_avg,926.179,KRW/unit,actual,2026-08-11,fx_krw_monthly.csv,ok
2021-06,GLOBAL,CAD,fx_krw_avg,919.246,KRW/unit,actual,2026-08-11,fx_krw_monthly.csv,ok
2021-07,GLOBAL,CAD,fx_krw_avg,914.849,KRW/unit,actual,2026-08-11,fx_krw_monthly.csv,ok
2021-08,GLOBAL,CAD,fx_krw_avg,921.789,KRW/unit,actual,2026-08-11,fx_krw_monthly.csv,ok
2021-09,GLOBAL,CAD,fx_krw_avg,925.94,KRW/unit,actual,2026-08-11,fx_krw_monthly.csv,ok
2021-10,GLOBAL,CAD,fx_krw_avg,949.883,KRW/unit,actual,2026-08-11,fx_krw_monthly.csv,ok
2021-11,GLOBAL,CAD,fx_krw_avg,942.68,KRW/unit,actual,2026-08-11,fx_krw_monthly.csv,ok
2021-12,GLOBAL,CAD,fx_krw_avg,925.497,KRW/unit,actual,2026-08-11,fx_krw_monthly.csv,ok
2022-01,GLOBAL,CAD,fx_krw_avg,947.779,KRW/unit,actual,2026-08-11,fx_krw_monthly.csv,ok
2022-02,GLOBAL,CAD,fx_krw_avg,941.981,KRW/unit,actual,2026-08-11,fx_krw_monthly.csv,ok
2022-03,GLOBAL,CAD,fx_krw_avg,964.702,KRW/unit,actual,2026-08-11,fx_krw_monthly.csv,ok
2022-04,GLOBAL,CAD,fx_krw_avg,979.776,KRW/unit,actual,2026-08-11,fx_krw_monthly.csv,ok
2022-05,GLOBAL,CAD,fx_krw_avg,986.23,KRW/unit,actual,2026-08-11,fx_krw_monthly.csv,ok
2022-06,GLOBAL,CAD,fx_krw_avg,998.369,KRW/unit,actual,2026-08-11,fx_krw_monthly.csv,ok
2022-07,GLOBAL,CAD,fx_krw_avg,1010.66,KRW/unit,actual,2026-08-11,fx_krw_monthly.csv,ok
2022-08,GLOBAL,CAD,fx_krw_avg,1023.06,KRW/unit,actual,2026-08-11,fx_krw_monthly.csv,ok
2022-09,GLOBAL,CAD,fx_krw_avg,1047.83,KRW/unit,actual,2026-08-11,fx_krw_monthly.csv,ok
2022-10,GLOBAL,CAD,fx_krw_avg,1041.37,KRW/unit,actual,2026-08-11,fx_krw_monthly.csv,ok
2022-11,GLOBAL,CAD,fx_krw_avg,1010.02,KRW/unit,actual,2026-08-11,fx_krw_monthly.csv,ok
2022-12,GLOBAL,CAD,fx_krw_avg,953.274,KRW/unit,actual,2026-08-11,fx_krw_monthly.csv,ok
2023-01,GLOBAL,CAD,fx_krw_avg,926.78,KRW/unit,actual,2026-08-11,fx_krw_monthly.csv,ok
2023-02,GLOBAL,CAD,fx_krw_avg,950.635,KRW/unit,actual,2026-08-11,fx_krw_monthly.csv,ok
2023-03,GLOBAL,CAD,fx_krw_avg,954.552,KRW/unit,actual,2026-08-11,fx_krw_monthly.csv,ok
2023-04,GLOBAL,CAD,fx_krw_avg,981.676,KRW/unit,actual,2026-08-11,fx_krw_monthly.csv,ok
2023-05,GLOBAL,CAD,fx_krw_avg,982.019,KRW/unit,actual,2026-08-11,fx_krw_monthly.csv,ok
2023-06,GLOBAL,CAD,fx_krw_avg,975.733,KRW/unit,actual,2026-08-11,fx_krw_monthly.csv,ok
2023-07,GLOBAL,CAD,fx_krw_avg,970.92,KRW/unit,actual,2026-08-11,fx_krw_monthly.csv,ok
2023-08,GLOBAL,CAD,fx_krw_avg,981.555,KRW/unit,actual,2026-08-11,fx_krw_monthly.csv,ok
2023-09,GLOBAL,CAD,fx_krw_avg,985.406,KRW/unit,actual,2026-08-11,fx_krw_monthly.csv,ok
2023-10,GLOBAL,CAD,fx_krw_avg,986.14,KRW/unit,actual,2026-08-11,fx_krw_monthly.csv,ok
2023-11,GLOBAL,CAD,fx_krw_avg,952.685,KRW/unit,actual,2026-08-11,fx_krw_monthly.csv,ok
2023-12,GLOBAL,CAD,fx_krw_avg,971.198,KRW/unit,actual,2026-08-11,fx_krw_monthly.csv,ok
2024-01,GLOBAL,CAD,fx_krw_avg,989.122,KRW/unit,actual,2026-08-11,fx_krw_monthly.csv,ok
2024-02,GLOBAL,CAD,fx_krw_avg,986.913,KRW/unit,actual,2026-08-11,fx_krw_monthly.csv,ok
2024-03,GLOBAL,CAD,fx_krw_avg,983.377,KRW/unit,actual,2026-08-11,fx_krw_monthly.csv,ok
2024-04,GLOBAL,CAD,fx_krw_avg,1002.28,KRW/unit,actual,2026-08-11,fx_krw_monthly.csv,ok
2024-05,GLOBAL,CAD,fx_krw_avg,997.964,KRW/unit,actual,2026-08-11,fx_krw_monthly.csv,ok
2024-06,GLOBAL,CAD,fx_krw_avg,1007.08,KRW/unit,actual,2026-08-11,fx_krw_monthly.csv,ok
2024-07,GLOBAL,CAD,fx_krw_avg,1008.64,KRW/unit,actual,2026-08-11,fx_krw_monthly.csv,ok
2024-08,GLOBAL,CAD,fx_krw_avg,989.169,KRW/unit,actual,2026-08-11,fx_krw_monthly.csv,ok
2024-09,GLOBAL,CAD,fx_krw_avg,983.433,KRW/unit,actual,2026-08-11,fx_krw_monthly.csv,ok
2024-10,GLOBAL,CAD,fx_krw_avg,990.204,KRW/unit,actual,2026-08-11,fx_krw_monthly.csv,ok
2024-11,GLOBAL,CAD,fx_krw_avg,997.832,KRW/unit,actual,2026-08-11,fx_krw_monthly.csv,ok
2024-12,GLOBAL,CAD,fx_krw_avg,1010.27,KRW/unit,actual,2026-08-11,fx_krw_monthly.csv,ok
2025-01,GLOBAL,CAD,fx_krw_avg,1008.92,KRW/unit,actual,2026-08-11,fx_krw_monthly.csv,ok
2025-02,GLOBAL,CAD,fx_krw_avg,1010.55,KRW/unit,actual,2026-08-11,fx_krw_monthly.csv,ok
2025-03,GLOBAL,CAD,fx_krw_avg,1015.89,KRW/unit,actual,2026-08-11,fx_krw_monthly.csv,ok
2025-04,GLOBAL,CAD,fx_krw_avg,1030.13,KRW/unit,actual,2026-08-11,fx_krw_monthly.csv,ok
2025-05,GLOBAL,CAD,fx_krw_avg,1001,KRW/unit,actual,2026-08-11,fx_krw_monthly.csv,ok
2025-06,GLOBAL,CAD,fx_krw_avg,998.742,KRW/unit,actual,2026-08-11,fx_krw_monthly.csv,ok
2025-07,GLOBAL,CAD,fx_krw_avg,1006.74,KRW/unit,actual,2026-08-11,fx_krw_monthly.csv,ok
2025-08,GLOBAL,CAD,fx_krw_avg,1007.15,KRW/unit,actual,2026-08-11,fx_krw_monthly.csv,ok
2025-09,GLOBAL,CAD,fx_krw_avg,1007.24,KRW/unit,actual,2026-08-11,fx_krw_monthly.csv,ok
2025-10,GLOBAL,CAD,fx_krw_avg,1017.15,KRW/unit,actual,2026-08-11,fx_krw_monthly.csv,ok
2025-11,GLOBAL,CAD,fx_krw_avg,1038.66,KRW/unit,actual,2026-08-11,fx_krw_monthly.csv,ok
2025-12,GLOBAL,CAD,fx_krw_avg,1062.23,KRW/unit,actual,2026-08-11,fx_krw_monthly.csv,ok
2026-01,GLOBAL,CAD,fx_krw_avg,1057.55,KRW/unit,actual,2026-08-11,fx_krw_monthly.csv,ok
2026-02,GLOBAL,CAD,fx_krw_avg,1060.93,KRW/unit,actual,2026-08-11,fx_krw_monthly.csv,ok
2026-03,GLOBAL,CAD,fx_krw_avg,1087.3,KRW/unit,actual,2026-08-11,fx_krw_monthly.csv,ok
2026-04,GLOBAL,CAD,fx_krw_avg,1077.31,KRW/unit,actual,2026-08-11,fx_krw_monthly.csv,ok
2026-05,GLOBAL,CAD,fx_krw_avg,1085.82,KRW/unit,actual,2026-08-11,fx_krw_monthly.csv,ok
2026-06,GLOBAL,CAD,fx_krw_avg,1090.23,KRW/unit,actual,2026-08-11,fx_krw_monthly.csv,ok
2026-07,GLOBAL,CAD,fx_krw_avg,1055.93,KRW/unit,actual,2026-08-11,fx_krw_monthly.csv,ok
2026-08,GLOBAL,CAD,fx_krw_avg,1014.95,KRW/unit,actual,2026-08-11,fx_krw_monthly.csv,partial
2014-12,GLOBAL,CAD,fx_krw_eom,942.047,KRW/unit,actual,2026-08-11,fx_krw_monthly.csv,partial
2015-01,GLOBAL,CAD,fx_krw_eom,870.307,KRW/unit,actual,2026-08-11,fx_krw_monthly.csv,ok
2015-02,GLOBAL,CAD,fx_krw_eom,883.287,KRW/unit,actual,2026-08-11,fx_krw_monthly.csv,ok
2015-03,GLOBAL,CAD,fx_krw_eom,868.088,KRW/unit,actual,2026-08-11,fx_krw_monthly.csv,ok
2015-04,GLOBAL,CAD,fx_krw_eom,892.048,KRW/unit,actual,2026-08-11,fx_krw_monthly.csv,ok
2015-05,GLOBAL,CAD,fx_krw_eom,894,KRW/unit,actual,2026-08-11,fx_krw_monthly.csv,ok
2015-06,GLOBAL,CAD,fx_krw_eom,904.162,KRW/unit,actual,2026-08-11,fx_krw_monthly.csv,ok
2015-07,GLOBAL,CAD,fx_krw_eom,899.658,KRW/unit,actual,2026-08-11,fx_krw_monthly.csv,ok
2015-08,GLOBAL,CAD,fx_krw_eom,892.794,KRW/unit,actual,2026-08-11,fx_krw_monthly.csv,ok
2015-09,GLOBAL,CAD,fx_krw_eom,883.511,KRW/unit,actual,2026-08-11,fx_krw_monthly.csv,ok
2015-10,GLOBAL,CAD,fx_krw_eom,863.92,KRW/unit,actual,2026-08-11,fx_krw_monthly.csv,ok
2015-11,GLOBAL,CAD,fx_krw_eom,865.594,KRW/unit,actual,2026-08-11,fx_krw_monthly.csv,ok
2015-12,GLOBAL,CAD,fx_krw_eom,847.301,KRW/unit,actual,2026-08-11,fx_krw_monthly.csv,ok
2016-01,GLOBAL,CAD,fx_krw_eom,858.296,KRW/unit,actual,2026-08-11,fx_krw_monthly.csv,ok
2016-02,GLOBAL,CAD,fx_krw_eom,912.535,KRW/unit,actual,2026-08-11,fx_krw_monthly.csv,ok
2016-03,GLOBAL,CAD,fx_krw_eom,878.6,KRW/unit,actual,2026-08-11,fx_krw_monthly.csv,ok
2016-04,GLOBAL,CAD,fx_krw_eom,911.053,KRW/unit,actual,2026-08-11,fx_krw_monthly.csv,ok
2016-05,GLOBAL,CAD,fx_krw_eom,912.67,KRW/unit,actual,2026-08-11,fx_krw_monthly.csv,ok
2016-06,GLOBAL,CAD,fx_krw_eom,888.821,KRW/unit,actual,2026-08-11,fx_krw_monthly.csv,ok
2016-07,GLOBAL,CAD,fx_krw_eom,851.485,KRW/unit,actual,2026-08-11,fx_krw_monthly.csv,ok
2016-08,GLOBAL,CAD,fx_krw_eom,852.815,KRW/unit,actual,2026-08-11,fx_krw_monthly.csv,ok
2016-09,GLOBAL,CAD,fx_krw_eom,837.141,KRW/unit,actual,2026-08-11,fx_krw_monthly.csv,ok
2016-10,GLOBAL,CAD,fx_krw_eom,855.704,KRW/unit,actual,2026-08-11,fx_krw_monthly.csv,ok
2016-11,GLOBAL,CAD,fx_krw_eom,876.393,KRW/unit,actual,2026-08-11,fx_krw_monthly.csv,ok
2016-12,GLOBAL,CAD,fx_krw_eom,894.672,KRW/unit,actual,2026-08-11,fx_krw_monthly.csv,ok
2017-01,GLOBAL,CAD,fx_krw_eom,885.572,KRW/unit,actual,2026-08-11,fx_krw_monthly.csv,ok
2017-02,GLOBAL,CAD,fx_krw_eom,854.005,KRW/unit,actual,2026-08-11,fx_krw_monthly.csv,ok
2017-03,GLOBAL,CAD,fx_krw_eom,837.392,KRW/unit,actual,2026-08-11,fx_krw_monthly.csv,ok
2017-04,GLOBAL,CAD,fx_krw_eom,833.908,KRW/unit,actual,2026-08-11,fx_krw_monthly.csv,ok
2017-05,GLOBAL,CAD,fx_krw_eom,830.692,KRW/unit,actual,2026-08-11,fx_krw_monthly.csv,ok
2017-06,GLOBAL,CAD,fx_krw_eom,882.354,KRW/unit,actual,2026-08-11,fx_krw_monthly.csv,ok
2017-07,GLOBAL,CAD,fx_krw_eom,899.808,KRW/unit,actual,2026-08-11,fx_krw_monthly.csv,ok
2017-08,GLOBAL,CAD,fx_krw_eom,889.259,KRW/unit,actual,2026-08-11,fx_krw_monthly.csv,ok
2017-09,GLOBAL,CAD,fx_krw_eom,920.426,KRW/unit,actual,2026-08-11,fx_krw_monthly.csv,ok
2017-10,GLOBAL,CAD,fx_krw_eom,867.435,KRW/unit,actual,2026-08-11,fx_krw_monthly.csv,ok
2017-11,GLOBAL,CAD,fx_krw_eom,843.165,KRW/unit,actual,2026-08-11,fx_krw_monthly.csv,ok
2017-12,GLOBAL,CAD,fx_krw_eom,850.861,KRW/unit,actual,2026-08-11,fx_krw_monthly.csv,ok
2018-01,GLOBAL,CAD,fx_krw_eom,867.907,KRW/unit,actual,2026-08-11,fx_krw_monthly.csv,ok
2018-02,GLOBAL,CAD,fx_krw_eom,845.88,KRW/unit,actual,2026-08-11,fx_krw_monthly.csv,ok
2018-03,GLOBAL,CAD,fx_krw_eom,824.718,KRW/unit,actual,2026-08-11,fx_krw_monthly.csv,ok
2018-04,GLOBAL,CAD,fx_krw_eom,831.322,KRW/unit,actual,2026-08-11,fx_krw_monthly.csv,ok
2018-05,GLOBAL,CAD,fx_krw_eom,838.709,KRW/unit,actual,2026-08-11,fx_krw_monthly.csv,ok
2018-06,GLOBAL,CAD,fx_krw_eom,839.736,KRW/unit,actual,2026-08-11,fx_krw_monthly.csv,ok
2018-07,GLOBAL,CAD,fx_krw_eom,858.145,KRW/unit,actual,2026-08-11,fx_krw_monthly.csv,ok
2018-08,GLOBAL,CAD,fx_krw_eom,856.971,KRW/unit,actual,2026-08-11,fx_krw_monthly.csv,ok
2018-09,GLOBAL,CAD,fx_krw_eom,853.525,KRW/unit,actual,2026-08-11,fx_krw_monthly.csv,ok
2018-10,GLOBAL,CAD,fx_krw_eom,869.077,KRW/unit,actual,2026-08-11,fx_krw_monthly.csv,ok
2018-11,GLOBAL,CAD,fx_krw_eom,842.842,KRW/unit,actual,2026-08-11,fx_krw_monthly.csv,ok
2018-12,GLOBAL,CAD,fx_krw_eom,818.923,KRW/unit,actual,2026-08-11,fx_krw_monthly.csv,ok
2019-01,GLOBAL,CAD,fx_krw_eom,845.576,KRW/unit,actual,2026-08-11,fx_krw_monthly.csv,ok
2019-02,GLOBAL,CAD,fx_krw_eom,851.662,KRW/unit,actual,2026-08-11,fx_krw_monthly.csv,ok
2019-03,GLOBAL,CAD,fx_krw_eom,850.973,KRW/unit,actual,2026-08-11,fx_krw_monthly.csv,ok
2019-04,GLOBAL,CAD,fx_krw_eom,867.668,KRW/unit,actual,2026-08-11,fx_krw_monthly.csv,ok
2019-05,GLOBAL,CAD,fx_krw_eom,878.803,KRW/unit,actual,2026-08-11,fx_krw_monthly.csv,ok
2019-06,GLOBAL,CAD,fx_krw_eom,883.2,KRW/unit,actual,2026-08-11,fx_krw_monthly.csv,ok
2019-07,GLOBAL,CAD,fx_krw_eom,899.093,KRW/unit,actual,2026-08-11,fx_krw_monthly.csv,ok
2019-08,GLOBAL,CAD,fx_krw_eom,909.544,KRW/unit,actual,2026-08-11,fx_krw_monthly.csv,ok
2019-09,GLOBAL,CAD,fx_krw_eom,904.499,KRW/unit,actual,2026-08-11,fx_krw_monthly.csv,ok
2019-10,GLOBAL,CAD,fx_krw_eom,887.937,KRW/unit,actual,2026-08-11,fx_krw_monthly.csv,ok
2019-11,GLOBAL,CAD,fx_krw_eom,886.691,KRW/unit,actual,2026-08-11,fx_krw_monthly.csv,ok
2019-12,GLOBAL,CAD,fx_krw_eom,887.985,KRW/unit,actual,2026-08-11,fx_krw_monthly.csv,ok
2020-01,GLOBAL,CAD,fx_krw_eom,903.535,KRW/unit,actual,2026-08-11,fx_krw_monthly.csv,ok
2020-02,GLOBAL,CAD,fx_krw_eom,897.865,KRW/unit,actual,2026-08-11,fx_krw_monthly.csv,ok
2020-03,GLOBAL,CAD,fx_krw_eom,858.699,KRW/unit,actual,2026-08-11,fx_krw_monthly.csv,ok
2020-04,GLOBAL,CAD,fx_krw_eom,870.923,KRW/unit,actual,2026-08-11,fx_krw_monthly.csv,ok
2020-05,GLOBAL,CAD,fx_krw_eom,900.661,KRW/unit,actual,2026-08-11,fx_krw_monthly.csv,ok
2020-06,GLOBAL,CAD,fx_krw_eom,878.25,KRW/unit,actual,2026-08-11,fx_krw_monthly.csv,ok
2020-07,GLOBAL,CAD,fx_krw_eom,886.627,KRW/unit,actual,2026-08-11,fx_krw_monthly.csv,ok
2020-08,GLOBAL,CAD,fx_krw_eom,907.48,KRW/unit,actual,2026-08-11,fx_krw_monthly.csv,ok
2020-09,GLOBAL,CAD,fx_krw_eom,872.997,KRW/unit,actual,2026-08-11,fx_krw_monthly.csv,ok
2020-10,GLOBAL,CAD,fx_krw_eom,851.247,KRW/unit,actual,2026-08-11,fx_krw_monthly.csv,ok
2020-11,GLOBAL,CAD,fx_krw_eom,854.653,KRW/unit,actual,2026-08-11,fx_krw_monthly.csv,ok
2020-12,GLOBAL,CAD,fx_krw_eom,854.602,KRW/unit,actual,2026-08-11,fx_krw_monthly.csv,ok
2021-01,GLOBAL,CAD,fx_krw_eom,873.054,KRW/unit,actual,2026-08-11,fx_krw_monthly.csv,ok
2021-02,GLOBAL,CAD,fx_krw_eom,891.723,KRW/unit,actual,2026-08-11,fx_krw_monthly.csv,ok
2021-03,GLOBAL,CAD,fx_krw_eom,895.812,KRW/unit,actual,2026-08-11,fx_krw_monthly.csv,ok
2021-04,GLOBAL,CAD,fx_krw_eom,907.537,KRW/unit,actual,2026-08-11,fx_krw_monthly.csv,ok
2021-05,GLOBAL,CAD,fx_krw_eom,918.069,KRW/unit,actual,2026-08-11,fx_krw_monthly.csv,ok
2021-06,GLOBAL,CAD,fx_krw_eom,911.16,KRW/unit,actual,2026-08-11,fx_krw_monthly.csv,ok
2021-07,GLOBAL,CAD,fx_krw_eom,925.387,KRW/unit,actual,2026-08-11,fx_krw_monthly.csv,ok
2021-08,GLOBAL,CAD,fx_krw_eom,919.73,KRW/unit,actual,2026-08-11,fx_krw_monthly.csv,ok
2021-09,GLOBAL,CAD,fx_krw_eom,929.885,KRW/unit,actual,2026-08-11,fx_krw_monthly.csv,ok
2021-10,GLOBAL,CAD,fx_krw_eom,947.591,KRW/unit,actual,2026-08-11,fx_krw_monthly.csv,ok
2021-11,GLOBAL,CAD,fx_krw_eom,930.08,KRW/unit,actual,2026-08-11,fx_krw_monthly.csv,ok
2021-12,GLOBAL,CAD,fx_krw_eom,935.441,KRW/unit,actual,2026-08-11,fx_krw_monthly.csv,ok
2022-01,GLOBAL,CAD,fx_krw_eom,947.854,KRW/unit,actual,2026-08-11,fx_krw_monthly.csv,ok
2022-02,GLOBAL,CAD,fx_krw_eom,944.77,KRW/unit,actual,2026-08-11,fx_krw_monthly.csv,ok
2022-03,GLOBAL,CAD,fx_krw_eom,969.61,KRW/unit,actual,2026-08-11,fx_krw_monthly.csv,ok
2022-04,GLOBAL,CAD,fx_krw_eom,988.165,KRW/unit,actual,2026-08-11,fx_krw_monthly.csv,ok
2022-05,GLOBAL,CAD,fx_krw_eom,979.385,KRW/unit,actual,2026-08-11,fx_krw_monthly.csv,ok
2022-06,GLOBAL,CAD,fx_krw_eom,1006.78,KRW/unit,actual,2026-08-11,fx_krw_monthly.csv,ok
2022-07,GLOBAL,CAD,fx_krw_eom,1014.81,KRW/unit,actual,2026-08-11,fx_krw_monthly.csv,ok
2022-08,GLOBAL,CAD,fx_krw_eom,1024.17,KRW/unit,actual,2026-08-11,fx_krw_monthly.csv,ok
2022-09,GLOBAL,CAD,fx_krw_eom,1045.21,KRW/unit,actual,2026-08-11,fx_krw_monthly.csv,ok
2022-10,GLOBAL,CAD,fx_krw_eom,1044.88,KRW/unit,actual,2026-08-11,fx_krw_monthly.csv,ok
2022-11,GLOBAL,CAD,fx_krw_eom,973.639,KRW/unit,actual,2026-08-11,fx_krw_monthly.csv,ok
2022-12,GLOBAL,CAD,fx_krw_eom,930.81,KRW/unit,actual,2026-08-11,fx_krw_monthly.csv,ok
2023-01,GLOBAL,CAD,fx_krw_eom,918.943,KRW/unit,actual,2026-08-11,fx_krw_monthly.csv,ok
2023-02,GLOBAL,CAD,fx_krw_eom,972.757,KRW/unit,actual,2026-08-11,fx_krw_monthly.csv,ok
2023-03,GLOBAL,CAD,fx_krw_eom,963.737,KRW/unit,actual,2026-08-11,fx_krw_monthly.csv,ok
2023-04,GLOBAL,CAD,fx_krw_eom,981.837,KRW/unit,actual,2026-08-11,fx_krw_monthly.csv,ok
2023-05,GLOBAL,CAD,fx_krw_eom,971.259,KRW/unit,actual,2026-08-11,fx_krw_monthly.csv,ok
2023-06,GLOBAL,CAD,fx_krw_eom,996.101,KRW/unit,actual,2026-08-11,fx_krw_monthly.csv,ok
2023-07,GLOBAL,CAD,fx_krw_eom,964.911,KRW/unit,actual,2026-08-11,fx_krw_monthly.csv,ok
2023-08,GLOBAL,CAD,fx_krw_eom,977.895,KRW/unit,actual,2026-08-11,fx_krw_monthly.csv,ok
2023-09,GLOBAL,CAD,fx_krw_eom,1001.8,KRW/unit,actual,2026-08-11,fx_krw_monthly.csv,ok
2023-10,GLOBAL,CAD,fx_krw_eom,975.163,KRW/unit,actual,2026-08-11,fx_krw_monthly.csv,ok
2023-11,GLOBAL,CAD,fx_krw_eom,954.122,KRW/unit,actual,2026-08-11,fx_krw_monthly.csv,ok
2023-12,GLOBAL,CAD,fx_krw_eom,979.142,KRW/unit,actual,2026-08-11,fx_krw_monthly.csv,ok
2024-01,GLOBAL,CAD,fx_krw_eom,992.327,KRW/unit,actual,2026-08-11,fx_krw_monthly.csv,ok
2024-02,GLOBAL,CAD,fx_krw_eom,983.375,KRW/unit,actual,2026-08-11,fx_krw_monthly.csv,ok
2024-03,GLOBAL,CAD,fx_krw_eom,994.186,KRW/unit,actual,2026-08-11,fx_krw_monthly.csv,ok
2024-04,GLOBAL,CAD,fx_krw_eom,1008.5,KRW/unit,actual,2026-08-11,fx_krw_monthly.csv,ok
2024-05,GLOBAL,CAD,fx_krw_eom,1013.99,KRW/unit,actual,2026-08-11,fx_krw_monthly.csv,ok
2024-06,GLOBAL,CAD,fx_krw_eom,1005.36,KRW/unit,actual,2026-08-11,fx_krw_monthly.csv,ok
2024-07,GLOBAL,CAD,fx_krw_eom,992.161,KRW/unit,actual,2026-08-11,fx_krw_monthly.csv,ok
2024-08,GLOBAL,CAD,fx_krw_eom,989.626,KRW/unit,actual,2026-08-11,fx_krw_monthly.csv,ok
2024-09,GLOBAL,CAD,fx_krw_eom,970.799,KRW/unit,actual,2026-08-11,fx_krw_monthly.csv,ok
2024-10,GLOBAL,CAD,fx_krw_eom,991.179,KRW/unit,actual,2026-08-11,fx_krw_monthly.csv,ok
2024-11,GLOBAL,CAD,fx_krw_eom,997.641,KRW/unit,actual,2026-08-11,fx_krw_monthly.csv,ok
2024-12,GLOBAL,CAD,fx_krw_eom,1024.99,KRW/unit,actual,2026-08-11,fx_krw_monthly.csv,ok
2025-01,GLOBAL,CAD,fx_krw_eom,1002.08,KRW/unit,actual,2026-08-11,fx_krw_monthly.csv,ok
2025-02,GLOBAL,CAD,fx_krw_eom,1012,KRW/unit,actual,2026-08-11,fx_krw_monthly.csv,ok
2025-03,GLOBAL,CAD,fx_krw_eom,1026.66,KRW/unit,actual,2026-08-11,fx_krw_monthly.csv,ok
2025-04,GLOBAL,CAD,fx_krw_eom,1028.99,KRW/unit,actual,2026-08-11,fx_krw_monthly.csv,ok
2025-05,GLOBAL,CAD,fx_krw_eom,998.397,KRW/unit,actual,2026-08-11,fx_krw_monthly.csv,ok
2025-06,GLOBAL,CAD,fx_krw_eom,990.959,KRW/unit,actual,2026-08-11,fx_krw_monthly.csv,ok
2025-07,GLOBAL,CAD,fx_krw_eom,1007.89,KRW/unit,actual,2026-08-11,fx_krw_monthly.csv,ok
2025-08,GLOBAL,CAD,fx_krw_eom,1011.95,KRW/unit,actual,2026-08-11,fx_krw_monthly.csv,ok
2025-09,GLOBAL,CAD,fx_krw_eom,1008.23,KRW/unit,actual,2026-08-11,fx_krw_monthly.csv,ok
2025-10,GLOBAL,CAD,fx_krw_eom,1018.12,KRW/unit,actual,2026-08-11,fx_krw_monthly.csv,ok
2025-11,GLOBAL,CAD,fx_krw_eom,1048.62,KRW/unit,actual,2026-08-11,fx_krw_monthly.csv,ok
2025-12,GLOBAL,CAD,fx_krw_eom,1054.79,KRW/unit,actual,2026-08-11,fx_krw_monthly.csv,ok
2026-01,GLOBAL,CAD,fx_krw_eom,1066.67,KRW/unit,actual,2026-08-11,fx_krw_monthly.csv,ok
2026-02,GLOBAL,CAD,fx_krw_eom,1054.74,KRW/unit,actual,2026-08-11,fx_krw_monthly.csv,ok
2026-03,GLOBAL,CAD,fx_krw_eom,1094.26,KRW/unit,actual,2026-08-11,fx_krw_monthly.csv,ok
2026-04,GLOBAL,CAD,fx_krw_eom,1080.65,KRW/unit,actual,2026-08-11,fx_krw_monthly.csv,ok
2026-05,GLOBAL,CAD,fx_krw_eom,1091.14,KRW/unit,actual,2026-08-11,fx_krw_monthly.csv,ok
2026-06,GLOBAL,CAD,fx_krw_eom,1089.45,KRW/unit,actual,2026-08-11,fx_krw_monthly.csv,ok
2026-07,GLOBAL,CAD,fx_krw_eom,1028.15,KRW/unit,actual,2026-08-11,fx_krw_monthly.csv,ok
2026-08,GLOBAL,CAD,fx_krw_eom,1016.2,KRW/unit,actual,2026-08-11,fx_krw_monthly.csv,partial
2014-12,GLOBAL,CNY,fx_krw_avg,175.801,KRW/unit,actual,2026-08-11,fx_krw_monthly.csv,partial
2015-01,GLOBAL,CNY,fx_krw_avg,175.182,KRW/unit,actual,2026-08-11,fx_krw_monthly.csv,ok
2015-02,GLOBAL,CNY,fx_krw_avg,176.228,KRW/unit,actual,2026-08-11,fx_krw_monthly.csv,ok
2015-03,GLOBAL,CNY,fx_krw_avg,178.368,KRW/unit,actual,2026-08-11,fx_krw_monthly.csv,ok
2015-04,GLOBAL,CNY,fx_krw_avg,175.049,KRW/unit,actual,2026-08-11,fx_krw_monthly.csv,ok
2015-05,GLOBAL,CNY,fx_krw_avg,176.434,KRW/unit,actual,2026-08-11,fx_krw_monthly.csv,ok
2015-06,GLOBAL,CNY,fx_krw_avg,179.462,KRW/unit,actual,2026-08-11,fx_krw_monthly.csv,ok
2015-07,GLOBAL,CNY,fx_krw_avg,184.683,KRW/unit,actual,2026-08-11,fx_krw_monthly.csv,ok
2015-08,GLOBAL,CNY,fx_krw_avg,186.004,KRW/unit,actual,2026-08-11,fx_krw_monthly.csv,ok
2015-09,GLOBAL,CNY,fx_krw_avg,186.111,KRW/unit,actual,2026-08-11,fx_krw_monthly.csv,ok
2015-10,GLOBAL,CNY,fx_krw_avg,180.26,KRW/unit,actual,2026-08-11,fx_krw_monthly.csv,ok
2015-11,GLOBAL,CNY,fx_krw_avg,181.179,KRW/unit,actual,2026-08-11,fx_krw_monthly.csv,ok
2015-12,GLOBAL,CNY,fx_krw_avg,182.007,KRW/unit,actual,2026-08-11,fx_krw_monthly.csv,ok
2016-01,GLOBAL,CNY,fx_krw_avg,183.146,KRW/unit,actual,2026-08-11,fx_krw_monthly.csv,ok
2016-02,GLOBAL,CNY,fx_krw_avg,185.798,KRW/unit,actual,2026-08-11,fx_krw_monthly.csv,ok
2016-03,GLOBAL,CNY,fx_krw_avg,182.105,KRW/unit,actual,2026-08-11,fx_krw_monthly.csv,ok
2016-04,GLOBAL,CNY,fx_krw_avg,177.043,KRW/unit,actual,2026-08-11,fx_krw_monthly.csv,ok
2016-05,GLOBAL,CNY,fx_krw_avg,179.995,KRW/unit,actual,2026-08-11,fx_krw_monthly.csv,ok
2016-06,GLOBAL,CNY,fx_krw_avg,177.058,KRW/unit,actual,2026-08-11,fx_krw_monthly.csv,ok
2016-07,GLOBAL,CNY,fx_krw_avg,171.023,KRW/unit,actual,2026-08-11,fx_krw_monthly.csv,ok
2016-08,GLOBAL,CNY,fx_krw_avg,167.1,KRW/unit,actual,2026-08-11,fx_krw_monthly.csv,ok
2016-09,GLOBAL,CNY,fx_krw_avg,166.285,KRW/unit,actual,2026-08-11,fx_krw_monthly.csv,ok
2016-10,GLOBAL,CNY,fx_krw_avg,167.529,KRW/unit,actual,2026-08-11,fx_krw_monthly.csv,ok
2016-11,GLOBAL,CNY,fx_krw_avg,170.101,KRW/unit,actual,2026-08-11,fx_krw_monthly.csv,ok
2016-12,GLOBAL,CNY,fx_krw_avg,171.074,KRW/unit,actual,2026-08-11,fx_krw_monthly.csv,ok
2017-01,GLOBAL,CNY,fx_krw_avg,171.403,KRW/unit,actual,2026-08-11,fx_krw_monthly.csv,ok
2017-02,GLOBAL,CNY,fx_krw_avg,166.236,KRW/unit,actual,2026-08-11,fx_krw_monthly.csv,ok
2017-03,GLOBAL,CNY,fx_krw_avg,164.383,KRW/unit,actual,2026-08-11,fx_krw_monthly.csv,ok
2017-04,GLOBAL,CNY,fx_krw_avg,164.518,KRW/unit,actual,2026-08-11,fx_krw_monthly.csv,ok
2017-05,GLOBAL,CNY,fx_krw_avg,163.543,KRW/unit,actual,2026-08-11,fx_krw_monthly.csv,ok
2017-06,GLOBAL,CNY,fx_krw_avg,166.266,KRW/unit,actual,2026-08-11,fx_krw_monthly.csv,ok
2017-07,GLOBAL,CNY,fx_krw_avg,167.421,KRW/unit,actual,2026-08-11,fx_krw_monthly.csv,ok
2017-08,GLOBAL,CNY,fx_krw_avg,169.63,KRW/unit,actual,2026-08-11,fx_krw_monthly.csv,ok
2017-09,GLOBAL,CNY,fx_krw_avg,172.37,KRW/unit,actual,2026-08-11,fx_krw_monthly.csv,ok
2017-10,GLOBAL,CNY,fx_krw_avg,170.88,KRW/unit,actual,2026-08-11,fx_krw_monthly.csv,ok
2017-11,GLOBAL,CNY,fx_krw_avg,166.249,KRW/unit,actual,2026-08-11,fx_krw_monthly.csv,ok
2017-12,GLOBAL,CNY,fx_krw_avg,164.383,KRW/unit,actual,2026-08-11,fx_krw_monthly.csv,ok
2018-01,GLOBAL,CNY,fx_krw_avg,165.935,KRW/unit,actual,2026-08-11,fx_krw_monthly.csv,ok
2018-02,GLOBAL,CNY,fx_krw_avg,170.561,KRW/unit,actual,2026-08-11,fx_krw_monthly.csv,ok
2018-03,GLOBAL,CNY,fx_krw_avg,169.528,KRW/unit,actual,2026-08-11,fx_krw_monthly.csv,ok
2018-04,GLOBAL,CNY,fx_krw_avg,169.746,KRW/unit,actual,2026-08-11,fx_krw_monthly.csv,ok
2018-05,GLOBAL,CNY,fx_krw_avg,168.992,KRW/unit,actual,2026-08-11,fx_krw_monthly.csv,ok
2018-06,GLOBAL,CNY,fx_krw_avg,169.237,KRW/unit,actual,2026-08-11,fx_krw_monthly.csv,ok
2018-07,GLOBAL,CNY,fx_krw_avg,167.271,KRW/unit,actual,2026-08-11,fx_krw_monthly.csv,ok
2018-08,GLOBAL,CNY,fx_krw_avg,163.785,KRW/unit,actual,2026-08-11,fx_krw_monthly.csv,ok
2018-09,GLOBAL,CNY,fx_krw_avg,163.379,KRW/unit,actual,2026-08-11,fx_krw_monthly.csv,ok
2018-10,GLOBAL,CNY,fx_krw_avg,163.575,KRW/unit,actual,2026-08-11,fx_krw_monthly.csv,ok
2018-11,GLOBAL,CNY,fx_krw_avg,162.385,KRW/unit,actual,2026-08-11,fx_krw_monthly.csv,ok
2018-12,GLOBAL,CNY,fx_krw_avg,163.032,KRW/unit,actual,2026-08-11,fx_krw_monthly.csv,ok
2019-01,GLOBAL,CNY,fx_krw_avg,165.349,KRW/unit,actual,2026-08-11,fx_krw_monthly.csv,ok
2019-02,GLOBAL,CNY,fx_krw_avg,166.612,KRW/unit,actual,2026-08-11,fx_krw_monthly.csv,ok
2019-03,GLOBAL,CNY,fx_krw_avg,168.672,KRW/unit,actual,2026-08-11,fx_krw_monthly.csv,ok
2019-04,GLOBAL,CNY,fx_krw_avg,170.148,KRW/unit,actual,2026-08-11,fx_krw_monthly.csv,ok
2019-05,GLOBAL,CNY,fx_krw_avg,172.698,KRW/unit,actual,2026-08-11,fx_krw_monthly.csv,ok
2019-06,GLOBAL,CNY,fx_krw_avg,170.048,KRW/unit,actual,2026-08-11,fx_krw_monthly.csv,ok
2019-07,GLOBAL,CNY,fx_krw_avg,171.134,KRW/unit,actual,2026-08-11,fx_krw_monthly.csv,ok
2019-08,GLOBAL,CNY,fx_krw_avg,171.435,KRW/unit,actual,2026-08-11,fx_krw_monthly.csv,ok
2019-09,GLOBAL,CNY,fx_krw_avg,167.897,KRW/unit,actual,2026-08-11,fx_krw_monthly.csv,ok
2019-10,GLOBAL,CNY,fx_krw_avg,166.822,KRW/unit,actual,2026-08-11,fx_krw_monthly.csv,ok
2019-11,GLOBAL,CNY,fx_krw_avg,166.454,KRW/unit,actual,2026-08-11,fx_krw_monthly.csv,ok
2019-12,GLOBAL,CNY,fx_krw_avg,167.514,KRW/unit,actual,2026-08-11,fx_krw_monthly.csv,ok
2020-01,GLOBAL,CNY,fx_krw_avg,168.7,KRW/unit,actual,2026-08-11,fx_krw_monthly.csv,ok
2020-02,GLOBAL,CNY,fx_krw_avg,170.845,KRW/unit,actual,2026-08-11,fx_krw_monthly.csv,ok
2020-03,GLOBAL,CNY,fx_krw_avg,173.558,KRW/unit,actual,2026-08-11,fx_krw_monthly.csv,ok
2020-04,GLOBAL,CNY,fx_krw_avg,172.904,KRW/unit,actual,2026-08-11,fx_krw_monthly.csv,ok
2020-05,GLOBAL,CNY,fx_krw_avg,172.999,KRW/unit,actual,2026-08-11,fx_krw_monthly.csv,ok
2020-06,GLOBAL,CNY,fx_krw_avg,170.412,KRW/unit,actual,2026-08-11,fx_krw_monthly.csv,ok
2020-07,GLOBAL,CNY,fx_krw_avg,171.018,KRW/unit,actual,2026-08-11,fx_krw_monthly.csv,ok
2020-08,GLOBAL,CNY,fx_krw_avg,171.25,KRW/unit,actual,2026-08-11,fx_krw_monthly.csv,ok
2020-09,GLOBAL,CNY,fx_krw_avg,172.858,KRW/unit,actual,2026-08-11,fx_krw_monthly.csv,ok
2020-10,GLOBAL,CNY,fx_krw_avg,170.024,KRW/unit,actual,2026-08-11,fx_krw_monthly.csv,ok
2020-11,GLOBAL,CNY,fx_krw_avg,168.858,KRW/unit,actual,2026-08-11,fx_krw_monthly.csv,ok
2020-12,GLOBAL,CNY,fx_krw_avg,167.399,KRW/unit,actual,2026-08-11,fx_krw_monthly.csv,ok
2021-01,GLOBAL,CNY,fx_krw_avg,170.035,KRW/unit,actual,2026-08-11,fx_krw_monthly.csv,ok
2021-02,GLOBAL,CNY,fx_krw_avg,172.145,KRW/unit,actual,2026-08-11,fx_krw_monthly.csv,ok
2021-03,GLOBAL,CNY,fx_krw_avg,173.701,KRW/unit,actual,2026-08-11,fx_krw_monthly.csv,ok
2021-04,GLOBAL,CNY,fx_krw_avg,171.421,KRW/unit,actual,2026-08-11,fx_krw_monthly.csv,ok
2021-05,GLOBAL,CNY,fx_krw_avg,174.686,KRW/unit,actual,2026-08-11,fx_krw_monthly.csv,ok
2021-06,GLOBAL,CNY,fx_krw_avg,174.76,KRW/unit,actual,2026-08-11,fx_krw_monthly.csv,ok
2021-07,GLOBAL,CNY,fx_krw_avg,176.971,KRW/unit,actual,2026-08-11,fx_krw_monthly.csv,ok
2021-08,GLOBAL,CNY,fx_krw_avg,179.279,KRW/unit,actual,2026-08-11,fx_krw_monthly.csv,ok
2021-09,GLOBAL,CNY,fx_krw_avg,181.636,KRW/unit,actual,2026-08-11,fx_krw_monthly.csv,ok
2021-10,GLOBAL,CNY,fx_krw_avg,184.058,KRW/unit,actual,2026-08-11,fx_krw_monthly.csv,ok
2021-11,GLOBAL,CNY,fx_krw_avg,185.365,KRW/unit,actual,2026-08-11,fx_krw_monthly.csv,ok
2021-12,GLOBAL,CNY,fx_krw_avg,185.92,KRW/unit,actual,2026-08-11,fx_krw_monthly.csv,ok
2022-01,GLOBAL,CNY,fx_krw_avg,188.212,KRW/unit,actual,2026-08-11,fx_krw_monthly.csv,ok
2022-02,GLOBAL,CNY,fx_krw_avg,188.805,KRW/unit,actual,2026-08-11,fx_krw_monthly.csv,ok
2022-03,GLOBAL,CNY,fx_krw_avg,192.476,KRW/unit,actual,2026-08-11,fx_krw_monthly.csv,ok
2022-04,GLOBAL,CNY,fx_krw_avg,192.171,KRW/unit,actual,2026-08-11,fx_krw_monthly.csv,ok
2022-05,GLOBAL,CNY,fx_krw_avg,189.213,KRW/unit,actual,2026-08-11,fx_krw_monthly.csv,ok
2022-06,GLOBAL,CNY,fx_krw_avg,191.082,KRW/unit,actual,2026-08-11,fx_krw_monthly.csv,ok
2022-07,GLOBAL,CNY,fx_krw_avg,194.347,KRW/unit,actual,2026-08-11,fx_krw_monthly.csv,ok
2022-08,GLOBAL,CNY,fx_krw_avg,194.229,KRW/unit,actual,2026-08-11,fx_krw_monthly.csv,ok
2022-09,GLOBAL,CNY,fx_krw_avg,198.784,KRW/unit,actual,2026-08-11,fx_krw_monthly.csv,ok
2022-10,GLOBAL,CNY,fx_krw_avg,198.568,KRW/unit,actual,2026-08-11,fx_krw_monthly.csv,ok
2022-11,GLOBAL,CNY,fx_krw_avg,189.214,KRW/unit,actual,2026-08-11,fx_krw_monthly.csv,ok
2022-12,GLOBAL,CNY,fx_krw_avg,185.575,KRW/unit,actual,2026-08-11,fx_krw_monthly.csv,ok
2023-01,GLOBAL,CNY,fx_krw_avg,183.323,KRW/unit,actual,2026-08-11,fx_krw_monthly.csv,ok
2023-02,GLOBAL,CNY,fx_krw_avg,186.879,KRW/unit,actual,2026-08-11,fx_krw_monthly.csv,ok
2023-03,GLOBAL,CNY,fx_krw_avg,189.451,KRW/unit,actual,2026-08-11,fx_krw_monthly.csv,ok
2023-04,GLOBAL,CNY,fx_krw_avg,192.168,KRW/unit,actual,2026-08-11,fx_krw_monthly.csv,ok
2023-05,GLOBAL,CNY,fx_krw_avg,189.907,KRW/unit,actual,2026-08-11,fx_krw_monthly.csv,ok
2023-06,GLOBAL,CNY,fx_krw_avg,181.132,KRW/unit,actual,2026-08-11,fx_krw_monthly.csv,ok
2023-07,GLOBAL,CNY,fx_krw_avg,178.561,KRW/unit,actual,2026-08-11,fx_krw_monthly.csv,ok
2023-08,GLOBAL,CNY,fx_krw_avg,182.464,KRW/unit,actual,2026-08-11,fx_krw_monthly.csv,ok
2023-09,GLOBAL,CNY,fx_krw_avg,182.716,KRW/unit,actual,2026-08-11,fx_krw_monthly.csv,ok
2023-10,GLOBAL,CNY,fx_krw_avg,184.89,KRW/unit,actual,2026-08-11,fx_krw_monthly.csv,ok
2023-11,GLOBAL,CNY,fx_krw_avg,180.901,KRW/unit,actual,2026-08-11,fx_krw_monthly.csv,ok
2023-12,GLOBAL,CNY,fx_krw_avg,182.764,KRW/unit,actual,2026-08-11,fx_krw_monthly.csv,ok
2024-01,GLOBAL,CNY,fx_krw_avg,185.061,KRW/unit,actual,2026-08-11,fx_krw_monthly.csv,ok
2024-02,GLOBAL,CNY,fx_krw_avg,185.108,KRW/unit,actual,2026-08-11,fx_krw_monthly.csv,ok
2024-03,GLOBAL,CNY,fx_krw_avg,184.954,KRW/unit,actual,2026-08-11,fx_krw_monthly.csv,ok
2024-04,GLOBAL,CNY,fx_krw_avg,189.229,KRW/unit,actual,2026-08-11,fx_krw_monthly.csv,ok
2024-05,GLOBAL,CNY,fx_krw_avg,188.6,KRW/unit,actual,2026-08-11,fx_krw_monthly.csv,ok
2024-06,GLOBAL,CNY,fx_krw_avg,190.312,KRW/unit,actual,2026-08-11,fx_krw_monthly.csv,ok
2024-07,GLOBAL,CNY,fx_krw_avg,190.428,KRW/unit,actual,2026-08-11,fx_krw_monthly.csv,ok
2024-08,GLOBAL,CNY,fx_krw_avg,189.075,KRW/unit,actual,2026-08-11,fx_krw_monthly.csv,ok
2024-09,GLOBAL,CNY,fx_krw_avg,188.108,KRW/unit,actual,2026-08-11,fx_krw_monthly.csv,ok
2024-10,GLOBAL,CNY,fx_krw_avg,192.122,KRW/unit,actual,2026-08-11,fx_krw_monthly.csv,ok
2024-11,GLOBAL,CNY,fx_krw_avg,193.461,KRW/unit,actual,2026-08-11,fx_krw_monthly.csv,ok
2024-12,GLOBAL,CNY,fx_krw_avg,197.501,KRW/unit,actual,2026-08-11,fx_krw_monthly.csv,ok
2025-01,GLOBAL,CNY,fx_krw_avg,198.997,KRW/unit,actual,2026-08-11,fx_krw_monthly.csv,ok
2025-02,GLOBAL,CNY,fx_krw_avg,198.69,KRW/unit,actual,2026-08-11,fx_krw_monthly.csv,ok
2025-03,GLOBAL,CNY,fx_krw_avg,201.195,KRW/unit,actual,2026-08-11,fx_krw_monthly.csv,ok
2025-04,GLOBAL,CNY,fx_krw_avg,197.65,KRW/unit,actual,2026-08-11,fx_krw_monthly.csv,ok
2025-05,GLOBAL,CNY,fx_krw_avg,192.535,KRW/unit,actual,2026-08-11,fx_krw_monthly.csv,ok
2025-06,GLOBAL,CNY,fx_krw_avg,190.252,KRW/unit,actual,2026-08-11,fx_krw_monthly.csv,ok
2025-07,GLOBAL,CNY,fx_krw_avg,192.112,KRW/unit,actual,2026-08-11,fx_krw_monthly.csv,ok
2025-08,GLOBAL,CNY,fx_krw_avg,193.808,KRW/unit,actual,2026-08-11,fx_krw_monthly.csv,ok
2025-09,GLOBAL,CNY,fx_krw_avg,195.534,KRW/unit,actual,2026-08-11,fx_krw_monthly.csv,ok
2025-10,GLOBAL,CNY,fx_krw_avg,199.971,KRW/unit,actual,2026-08-11,fx_krw_monthly.csv,ok
2025-11,GLOBAL,CNY,fx_krw_avg,205.437,KRW/unit,actual,2026-08-11,fx_krw_monthly.csv,ok
2025-12,GLOBAL,CNY,fx_krw_avg,208.196,KRW/unit,actual,2026-08-11,fx_krw_monthly.csv,ok
2026-01,GLOBAL,CNY,fx_krw_avg,209.089,KRW/unit,actual,2026-08-11,fx_krw_monthly.csv,ok
2026-02,GLOBAL,CNY,fx_krw_avg,209.64,KRW/unit,actual,2026-08-11,fx_krw_monthly.csv,ok
2026-03,GLOBAL,CNY,fx_krw_avg,216.203,KRW/unit,actual,2026-08-11,fx_krw_monthly.csv,ok
2026-04,GLOBAL,CNY,fx_krw_avg,216.746,KRW/unit,actual,2026-08-11,fx_krw_monthly.csv,ok
2026-05,GLOBAL,CNY,fx_krw_avg,219.329,KRW/unit,actual,2026-08-11,fx_krw_monthly.csv,ok
2026-06,GLOBAL,CNY,fx_krw_avg,225.816,KRW/unit,actual,2026-08-11,fx_krw_monthly.csv,ok
2026-07,GLOBAL,CNY,fx_krw_avg,219.996,KRW/unit,actual,2026-08-11,fx_krw_monthly.csv,ok
2026-08,GLOBAL,CNY,fx_krw_avg,210.731,KRW/unit,actual,2026-08-11,fx_krw_monthly.csv,partial
2014-12,GLOBAL,CNY,fx_krw_eom,175.801,KRW/unit,actual,2026-08-11,fx_krw_monthly.csv,partial
2015-01,GLOBAL,CNY,fx_krw_eom,176.466,KRW/unit,actual,2026-08-11,fx_krw_monthly.csv,ok
2015-02,GLOBAL,CNY,fx_krw_eom,175.379,KRW/unit,actual,2026-08-11,fx_krw_monthly.csv,ok
2015-03,GLOBAL,CNY,fx_krw_eom,178.771,KRW/unit,actual,2026-08-11,fx_krw_monthly.csv,ok
2015-04,GLOBAL,CNY,fx_krw_eom,172.85,KRW/unit,actual,2026-08-11,fx_krw_monthly.csv,ok
2015-05,GLOBAL,CNY,fx_krw_eom,179.473,KRW/unit,actual,2026-08-11,fx_krw_monthly.csv,ok
2015-06,GLOBAL,CNY,fx_krw_eom,180.387,KRW/unit,actual,2026-08-11,fx_krw_monthly.csv,ok
2015-07,GLOBAL,CNY,fx_krw_eom,189.041,KRW/unit,actual,2026-08-11,fx_krw_monthly.csv,ok
2015-08,GLOBAL,CNY,fx_krw_eom,185.384,KRW/unit,actual,2026-08-11,fx_krw_monthly.csv,ok
2015-09,GLOBAL,CNY,fx_krw_eom,186.539,KRW/unit,actual,2026-08-11,fx_krw_monthly.csv,ok
2015-10,GLOBAL,CNY,fx_krw_eom,179.903,KRW/unit,actual,2026-08-11,fx_krw_monthly.csv,ok
2015-11,GLOBAL,CNY,fx_krw_eom,180.858,KRW/unit,actual,2026-08-11,fx_krw_monthly.csv,ok
2015-12,GLOBAL,CNY,fx_krw_eom,181.393,KRW/unit,actual,2026-08-11,fx_krw_monthly.csv,ok
2016-01,GLOBAL,CNY,fx_krw_eom,183.624,KRW/unit,actual,2026-08-11,fx_krw_monthly.csv,ok
2016-02,GLOBAL,CNY,fx_krw_eom,188.861,KRW/unit,actual,2026-08-11,fx_krw_monthly.csv,ok
2016-03,GLOBAL,CNY,fx_krw_eom,176.141,KRW/unit,actual,2026-08-11,fx_krw_monthly.csv,ok
2016-04,GLOBAL,CNY,fx_krw_eom,176.018,KRW/unit,actual,2026-08-11,fx_krw_monthly.csv,ok
2016-05,GLOBAL,CNY,fx_krw_eom,180.76,KRW/unit,actual,2026-08-11,fx_krw_monthly.csv,ok
2016-06,GLOBAL,CNY,fx_krw_eom,173.341,KRW/unit,actual,2026-08-11,fx_krw_monthly.csv,ok
2016-07,GLOBAL,CNY,fx_krw_eom,168.7,KRW/unit,actual,2026-08-11,fx_krw_monthly.csv,ok
2016-08,GLOBAL,CNY,fx_krw_eom,167.359,KRW/unit,actual,2026-08-11,fx_krw_monthly.csv,ok
2016-09,GLOBAL,CNY,fx_krw_eom,165.15,KRW/unit,actual,2026-08-11,fx_krw_monthly.csv,ok
2016-10,GLOBAL,CNY,fx_krw_eom,169.223,KRW/unit,actual,2026-08-11,fx_krw_monthly.csv,ok
2016-11,GLOBAL,CNY,fx_krw_eom,170.394,KRW/unit,actual,2026-08-11,fx_krw_monthly.csv,ok
2016-12,GLOBAL,CNY,fx_krw_eom,173.405,KRW/unit,actual,2026-08-11,fx_krw_monthly.csv,ok
2017-01,GLOBAL,CNY,fx_krw_eom,168.279,KRW/unit,actual,2026-08-11,fx_krw_monthly.csv,ok
2017-02,GLOBAL,CNY,fx_krw_eom,164.089,KRW/unit,actual,2026-08-11,fx_krw_monthly.csv,ok
2017-03,GLOBAL,CNY,fx_krw_eom,162.209,KRW/unit,actual,2026-08-11,fx_krw_monthly.csv,ok
2017-04,GLOBAL,CNY,fx_krw_eom,165.018,KRW/unit,actual,2026-08-11,fx_krw_monthly.csv,ok
2017-05,GLOBAL,CNY,fx_krw_eom,164.163,KRW/unit,actual,2026-08-11,fx_krw_monthly.csv,ok
2017-06,GLOBAL,CNY,fx_krw_eom,168.581,KRW/unit,actual,2026-08-11,fx_krw_monthly.csv,ok
2017-07,GLOBAL,CNY,fx_krw_eom,166.798,KRW/unit,actual,2026-08-11,fx_krw_monthly.csv,ok
2017-08,GLOBAL,CNY,fx_krw_eom,170.54,KRW/unit,actual,2026-08-11,fx_krw_monthly.csv,ok
2017-09,GLOBAL,CNY,fx_krw_eom,172.133,KRW/unit,actual,2026-08-11,fx_krw_monthly.csv,ok
2017-10,GLOBAL,CNY,fx_krw_eom,168.638,KRW/unit,actual,2026-08-11,fx_krw_monthly.csv,ok
2017-11,GLOBAL,CNY,fx_krw_eom,164.239,KRW/unit,actual,2026-08-11,fx_krw_monthly.csv,ok
2017-12,GLOBAL,CNY,fx_krw_eom,163.96,KRW/unit,actual,2026-08-11,fx_krw_monthly.csv,ok
2018-01,GLOBAL,CNY,fx_krw_eom,169.394,KRW/unit,actual,2026-08-11,fx_krw_monthly.csv,ok
2018-02,GLOBAL,CNY,fx_krw_eom,170.829,KRW/unit,actual,2026-08-11,fx_krw_monthly.csv,ok
2018-03,GLOBAL,CNY,fx_krw_eom,169.217,KRW/unit,actual,2026-08-11,fx_krw_monthly.csv,ok
2018-04,GLOBAL,CNY,fx_krw_eom,168.731,KRW/unit,actual,2026-08-11,fx_krw_monthly.csv,ok
2018-05,GLOBAL,CNY,fx_krw_eom,168.277,KRW/unit,actual,2026-08-11,fx_krw_monthly.csv,ok
2018-06,GLOBAL,CNY,fx_krw_eom,168.034,KRW/unit,actual,2026-08-11,fx_krw_monthly.csv,ok
2018-07,GLOBAL,CNY,fx_krw_eom,163.734,KRW/unit,actual,2026-08-11,fx_krw_monthly.csv,ok
2018-08,GLOBAL,CNY,fx_krw_eom,163.425,KRW/unit,actual,2026-08-11,fx_krw_monthly.csv,ok
2018-09,GLOBAL,CNY,fx_krw_eom,161.401,KRW/unit,actual,2026-08-11,fx_krw_monthly.csv,ok
2018-10,GLOBAL,CNY,fx_krw_eom,163.565,KRW/unit,actual,2026-08-11,fx_krw_monthly.csv,ok
2018-11,GLOBAL,CNY,fx_krw_eom,161.481,KRW/unit,actual,2026-08-11,fx_krw_monthly.csv,ok
2018-12,GLOBAL,CNY,fx_krw_eom,162.275,KRW/unit,actual,2026-08-11,fx_krw_monthly.csv,ok
2019-01,GLOBAL,CNY,fx_krw_eom,165.898,KRW/unit,actual,2026-08-11,fx_krw_monthly.csv,ok
2019-02,GLOBAL,CNY,fx_krw_eom,167.879,KRW/unit,actual,2026-08-11,fx_krw_monthly.csv,ok
2019-03,GLOBAL,CNY,fx_krw_eom,169.298,KRW/unit,actual,2026-08-11,fx_krw_monthly.csv,ok
2019-04,GLOBAL,CNY,fx_krw_eom,173.152,KRW/unit,actual,2026-08-11,fx_krw_monthly.csv,ok
2019-05,GLOBAL,CNY,fx_krw_eom,172.407,KRW/unit,actual,2026-08-11,fx_krw_monthly.csv,ok
2019-06,GLOBAL,CNY,fx_krw_eom,168.236,KRW/unit,actual,2026-08-11,fx_krw_monthly.csv,ok
2019-07,GLOBAL,CNY,fx_krw_eom,171.775,KRW/unit,actual,2026-08-11,fx_krw_monthly.csv,ok
2019-08,GLOBAL,CNY,fx_krw_eom,168.958,KRW/unit,actual,2026-08-11,fx_krw_monthly.csv,ok
2019-09,GLOBAL,CNY,fx_krw_eom,167.75,KRW/unit,actual,2026-08-11,fx_krw_monthly.csv,ok
2019-10,GLOBAL,CNY,fx_krw_eom,165.886,KRW/unit,actual,2026-08-11,fx_krw_monthly.csv,ok
2019-11,GLOBAL,CNY,fx_krw_eom,167.912,KRW/unit,actual,2026-08-11,fx_krw_monthly.csv,ok
2019-12,GLOBAL,CNY,fx_krw_eom,165.754,KRW/unit,actual,2026-08-11,fx_krw_monthly.csv,ok
2020-01,GLOBAL,CNY,fx_krw_eom,172.389,KRW/unit,actual,2026-08-11,fx_krw_monthly.csv,ok
2020-02,GLOBAL,CNY,fx_krw_eom,172.834,KRW/unit,actual,2026-08-11,fx_krw_monthly.csv,ok
2020-03,GLOBAL,CNY,fx_krw_eom,172.404,KRW/unit,actual,2026-08-11,fx_krw_monthly.csv,ok
2020-04,GLOBAL,CNY,fx_krw_eom,171.276,KRW/unit,actual,2026-08-11,fx_krw_monthly.csv,ok
2020-05,GLOBAL,CNY,fx_krw_eom,173.204,KRW/unit,actual,2026-08-11,fx_krw_monthly.csv,ok
2020-06,GLOBAL,CNY,fx_krw_eom,169.887,KRW/unit,actual,2026-08-11,fx_krw_monthly.csv,ok
2020-07,GLOBAL,CNY,fx_krw_eom,170.572,KRW/unit,actual,2026-08-11,fx_krw_monthly.csv,ok
2020-08,GLOBAL,CNY,fx_krw_eom,173.264,KRW/unit,actual,2026-08-11,fx_krw_monthly.csv,ok
2020-09,GLOBAL,CNY,fx_krw_eom,171.665,KRW/unit,actual,2026-08-11,fx_krw_monthly.csv,ok
2020-10,GLOBAL,CNY,fx_krw_eom,169.426,KRW/unit,actual,2026-08-11,fx_krw_monthly.csv,ok
2020-11,GLOBAL,CNY,fx_krw_eom,168.288,KRW/unit,actual,2026-08-11,fx_krw_monthly.csv,ok
2020-12,GLOBAL,CNY,fx_krw_eom,166.532,KRW/unit,actual,2026-08-11,fx_krw_monthly.csv,ok
2021-01,GLOBAL,CNY,fx_krw_eom,173.611,KRW/unit,actual,2026-08-11,fx_krw_monthly.csv,ok
2021-02,GLOBAL,CNY,fx_krw_eom,174.408,KRW/unit,actual,2026-08-11,fx_krw_monthly.csv,ok
2021-03,GLOBAL,CNY,fx_krw_eom,172.394,KRW/unit,actual,2026-08-11,fx_krw_monthly.csv,ok
2021-04,GLOBAL,CNY,fx_krw_eom,172.299,KRW/unit,actual,2026-08-11,fx_krw_monthly.csv,ok
2021-05,GLOBAL,CNY,fx_krw_eom,173.958,KRW/unit,actual,2026-08-11,fx_krw_monthly.csv,ok
2021-06,GLOBAL,CNY,fx_krw_eom,174.795,KRW/unit,actual,2026-08-11,fx_krw_monthly.csv,ok
2021-07,GLOBAL,CNY,fx_krw_eom,178.133,KRW/unit,actual,2026-08-11,fx_krw_monthly.csv,ok
2021-08,GLOBAL,CNY,fx_krw_eom,179.171,KRW/unit,actual,2026-08-11,fx_krw_monthly.csv,ok
2021-09,GLOBAL,CNY,fx_krw_eom,183.251,KRW/unit,actual,2026-08-11,fx_krw_monthly.csv,ok
2021-10,GLOBAL,CNY,fx_krw_eom,182.972,KRW/unit,actual,2026-08-11,fx_krw_monthly.csv,ok
2021-11,GLOBAL,CNY,fx_krw_eom,186.517,KRW/unit,actual,2026-08-11,fx_krw_monthly.csv,ok
2021-12,GLOBAL,CNY,fx_krw_eom,187.135,KRW/unit,actual,2026-08-11,fx_krw_monthly.csv,ok
2022-01,GLOBAL,CNY,fx_krw_eom,190.11,KRW/unit,actual,2026-08-11,fx_krw_monthly.csv,ok
2022-02,GLOBAL,CNY,fx_krw_eom,190.692,KRW/unit,actual,2026-08-11,fx_krw_monthly.csv,ok
2022-03,GLOBAL,CNY,fx_krw_eom,191.38,KRW/unit,actual,2026-08-11,fx_krw_monthly.csv,ok
2022-04,GLOBAL,CNY,fx_krw_eom,191.056,KRW/unit,actual,2026-08-11,fx_krw_monthly.csv,ok
2022-05,GLOBAL,CNY,fx_krw_eom,186.174,KRW/unit,actual,2026-08-11,fx_krw_monthly.csv,ok
2022-06,GLOBAL,CNY,fx_krw_eom,194.129,KRW/unit,actual,2026-08-11,fx_krw_monthly.csv,ok
2022-07,GLOBAL,CNY,fx_krw_eom,193.494,KRW/unit,actual,2026-08-11,fx_krw_monthly.csv,ok
2022-08,GLOBAL,CNY,fx_krw_eom,194.757,KRW/unit,actual,2026-08-11,fx_krw_monthly.csv,ok
2022-09,GLOBAL,CNY,fx_krw_eom,201.922,KRW/unit,actual,2026-08-11,fx_krw_monthly.csv,ok
2022-10,GLOBAL,CNY,fx_krw_eom,195.651,KRW/unit,actual,2026-08-11,fx_krw_monthly.csv,ok
2022-11,GLOBAL,CNY,fx_krw_eom,185.893,KRW/unit,actual,2026-08-11,fx_krw_monthly.csv,ok
2022-12,GLOBAL,CNY,fx_krw_eom,182.666,KRW/unit,actual,2026-08-11,fx_krw_monthly.csv,ok
2023-01,GLOBAL,CNY,fx_krw_eom,182.915,KRW/unit,actual,2026-08-11,fx_krw_monthly.csv,ok
2023-02,GLOBAL,CNY,fx_krw_eom,190.304,KRW/unit,actual,2026-08-11,fx_krw_monthly.csv,ok
2023-03,GLOBAL,CNY,fx_krw_eom,189.968,KRW/unit,actual,2026-08-11,fx_krw_monthly.csv,ok
2023-04,GLOBAL,CNY,fx_krw_eom,193.592,KRW/unit,actual,2026-08-11,fx_krw_monthly.csv,ok
2023-05,GLOBAL,CNY,fx_krw_eom,186.536,KRW/unit,actual,2026-08-11,fx_krw_monthly.csv,ok
2023-06,GLOBAL,CNY,fx_krw_eom,181.796,KRW/unit,actual,2026-08-11,fx_krw_monthly.csv,ok
2023-07,GLOBAL,CNY,fx_krw_eom,178.344,KRW/unit,actual,2026-08-11,fx_krw_monthly.csv,ok
2023-08,GLOBAL,CNY,fx_krw_eom,181.772,KRW/unit,actual,2026-08-11,fx_krw_monthly.csv,ok
2023-09,GLOBAL,CNY,fx_krw_eom,184.256,KRW/unit,actual,2026-08-11,fx_krw_monthly.csv,ok
2023-10,GLOBAL,CNY,fx_krw_eom,184.674,KRW/unit,actual,2026-08-11,fx_krw_monthly.csv,ok
2023-11,GLOBAL,CNY,fx_krw_eom,181.876,KRW/unit,actual,2026-08-11,fx_krw_monthly.csv,ok
2023-12,GLOBAL,CNY,fx_krw_eom,182.611,KRW/unit,actual,2026-08-11,fx_krw_monthly.csv,ok
2024-01,GLOBAL,CNY,fx_krw_eom,185.711,KRW/unit,actual,2026-08-11,fx_krw_monthly.csv,ok
2024-02,GLOBAL,CNY,fx_krw_eom,185.835,KRW/unit,actual,2026-08-11,fx_krw_monthly.csv,ok
2024-03,GLOBAL,CNY,fx_krw_eom,186.664,KRW/unit,actual,2026-08-11,fx_krw_monthly.csv,ok
2024-04,GLOBAL,CNY,fx_krw_eom,190.657,KRW/unit,actual,2026-08-11,fx_krw_monthly.csv,ok
2024-05,GLOBAL,CNY,fx_krw_eom,191.037,KRW/unit,actual,2026-08-11,fx_krw_monthly.csv,ok
2024-06,GLOBAL,CNY,fx_krw_eom,189.697,KRW/unit,actual,2026-08-11,fx_krw_monthly.csv,ok
2024-07,GLOBAL,CNY,fx_krw_eom,190.035,KRW/unit,actual,2026-08-11,fx_krw_monthly.csv,ok
2024-08,GLOBAL,CNY,fx_krw_eom,188.153,KRW/unit,actual,2026-08-11,fx_krw_monthly.csv,ok
2024-09,GLOBAL,CNY,fx_krw_eom,187.121,KRW/unit,actual,2026-08-11,fx_krw_monthly.csv,ok
2024-10,GLOBAL,CNY,fx_krw_eom,193.715,KRW/unit,actual,2026-08-11,fx_krw_monthly.csv,ok
2024-11,GLOBAL,CNY,fx_krw_eom,192.996,KRW/unit,actual,2026-08-11,fx_krw_monthly.csv,ok
2024-12,GLOBAL,CNY,fx_krw_eom,202.043,KRW/unit,actual,2026-08-11,fx_krw_monthly.csv,ok
2025-01,GLOBAL,CNY,fx_krw_eom,199.915,KRW/unit,actual,2026-08-11,fx_krw_monthly.csv,ok
2025-02,GLOBAL,CNY,fx_krw_eom,200.565,KRW/unit,actual,2026-08-11,fx_krw_monthly.csv,ok
2025-03,GLOBAL,CNY,fx_krw_eom,203.298,KRW/unit,actual,2026-08-11,fx_krw_monthly.csv,ok
2025-04,GLOBAL,CNY,fx_krw_eom,195.848,KRW/unit,actual,2026-08-11,fx_krw_monthly.csv,ok
2025-05,GLOBAL,CNY,fx_krw_eom,191.612,KRW/unit,actual,2026-08-11,fx_krw_monthly.csv,ok
2025-06,GLOBAL,CNY,fx_krw_eom,189.14,KRW/unit,actual,2026-08-11,fx_krw_monthly.csv,ok
2025-07,GLOBAL,CNY,fx_krw_eom,193.842,KRW/unit,actual,2026-08-11,fx_krw_monthly.csv,ok
2025-08,GLOBAL,CNY,fx_krw_eom,195.089,KRW/unit,actual,2026-08-11,fx_krw_monthly.csv,ok
2025-09,GLOBAL,CNY,fx_krw_eom,197.156,KRW/unit,actual,2026-08-11,fx_krw_monthly.csv,ok
2025-10,GLOBAL,CNY,fx_krw_eom,200.69,KRW/unit,actual,2026-08-11,fx_krw_monthly.csv,ok
2025-11,GLOBAL,CNY,fx_krw_eom,207.709,KRW/unit,actual,2026-08-11,fx_krw_monthly.csv,ok
2025-12,GLOBAL,CNY,fx_krw_eom,206.285,KRW/unit,actual,2026-08-11,fx_krw_monthly.csv,ok
2026-01,GLOBAL,CNY,fx_krw_eom,207.58,KRW/unit,actual,2026-08-11,fx_krw_monthly.csv,ok
2026-02,GLOBAL,CNY,fx_krw_eom,210.256,KRW/unit,actual,2026-08-11,fx_krw_monthly.csv,ok
2026-03,GLOBAL,CNY,fx_krw_eom,220.973,KRW/unit,actual,2026-08-11,fx_krw_monthly.csv,ok
2026-04,GLOBAL,CNY,fx_krw_eom,216.292,KRW/unit,actual,2026-08-11,fx_krw_monthly.csv,ok
2026-05,GLOBAL,CNY,fx_krw_eom,222.596,KRW/unit,actual,2026-08-11,fx_krw_monthly.csv,ok
2026-06,GLOBAL,CNY,fx_krw_eom,228.559,KRW/unit,actual,2026-08-11,fx_krw_monthly.csv,ok
2026-07,GLOBAL,CNY,fx_krw_eom,213.827,KRW/unit,actual,2026-08-11,fx_krw_monthly.csv,ok
2026-08,GLOBAL,CNY,fx_krw_eom,210.045,KRW/unit,actual,2026-08-11,fx_krw_monthly.csv,partial
2014-12,GLOBAL,EUR,fx_krw_avg,1324.8,KRW/unit,actual,2026-08-11,fx_krw_monthly.csv,partial
2015-01,GLOBAL,EUR,fx_krw_avg,1266.19,KRW/unit,actual,2026-08-11,fx_krw_monthly.csv,ok
2015-02,GLOBAL,EUR,fx_krw_avg,1250.5,KRW/unit,actual,2026-08-11,fx_krw_monthly.csv,ok
2015-03,GLOBAL,EUR,fx_krw_avg,1205.92,KRW/unit,actual,2026-08-11,fx_krw_monthly.csv,ok
2015-04,GLOBAL,EUR,fx_krw_avg,1170.32,KRW/unit,actual,2026-08-11,fx_krw_monthly.csv,ok
2015-05,GLOBAL,EUR,fx_krw_avg,1220.2,KRW/unit,actual,2026-08-11,fx_krw_monthly.csv,ok
2015-06,GLOBAL,EUR,fx_krw_avg,1248.79,KRW/unit,actual,2026-08-11,fx_krw_monthly.csv,ok
2015-07,GLOBAL,EUR,fx_krw_avg,1260.75,KRW/unit,actual,2026-08-11,fx_krw_monthly.csv,ok
2015-08,GLOBAL,EUR,fx_krw_avg,1313.48,KRW/unit,actual,2026-08-11,fx_krw_monthly.csv,ok
2015-09,GLOBAL,EUR,fx_krw_avg,1329.94,KRW/unit,actual,2026-08-11,fx_krw_monthly.csv,ok
2015-10,GLOBAL,EUR,fx_krw_avg,1286.06,KRW/unit,actual,2026-08-11,fx_krw_monthly.csv,ok
2015-11,GLOBAL,EUR,fx_krw_avg,1239.19,KRW/unit,actual,2026-08-11,fx_krw_monthly.csv,ok
2015-12,GLOBAL,EUR,fx_krw_avg,1277.56,KRW/unit,actual,2026-08-11,fx_krw_monthly.csv,ok
2016-01,GLOBAL,EUR,fx_krw_avg,1307.56,KRW/unit,actual,2026-08-11,fx_krw_monthly.csv,ok
2016-02,GLOBAL,EUR,fx_krw_avg,1349.77,KRW/unit,actual,2026-08-11,fx_krw_monthly.csv,ok
2016-03,GLOBAL,EUR,fx_krw_avg,1314.89,KRW/unit,actual,2026-08-11,fx_krw_monthly.csv,ok
2016-04,GLOBAL,EUR,fx_krw_avg,1300.58,KRW/unit,actual,2026-08-11,fx_krw_monthly.csv,ok
2016-05,GLOBAL,EUR,fx_krw_avg,1329.46,KRW/unit,actual,2026-08-11,fx_krw_monthly.csv,ok
2016-06,GLOBAL,EUR,fx_krw_avg,1310.59,KRW/unit,actual,2026-08-11,fx_krw_monthly.csv,ok
2016-07,GLOBAL,EUR,fx_krw_avg,1264.05,KRW/unit,actual,2026-08-11,fx_krw_monthly.csv,ok
2016-08,GLOBAL,EUR,fx_krw_avg,1245.55,KRW/unit,actual,2026-08-11,fx_krw_monthly.csv,ok
2016-09,GLOBAL,EUR,fx_krw_avg,1244.12,KRW/unit,actual,2026-08-11,fx_krw_monthly.csv,ok
2016-10,GLOBAL,EUR,fx_krw_avg,1243.02,KRW/unit,actual,2026-08-11,fx_krw_monthly.csv,ok
2016-11,GLOBAL,EUR,fx_krw_avg,1256.71,KRW/unit,actual,2026-08-11,fx_krw_monthly.csv,ok
2016-12,GLOBAL,EUR,fx_krw_avg,1248.48,KRW/unit,actual,2026-08-11,fx_krw_monthly.csv,ok
2017-01,GLOBAL,EUR,fx_krw_avg,1254.41,KRW/unit,actual,2026-08-11,fx_krw_monthly.csv,ok
2017-02,GLOBAL,EUR,fx_krw_avg,1215.92,KRW/unit,actual,2026-08-11,fx_krw_monthly.csv,ok
2017-03,GLOBAL,EUR,fx_krw_avg,1211.23,KRW/unit,actual,2026-08-11,fx_krw_monthly.csv,ok
2017-04,GLOBAL,EUR,fx_krw_avg,1215.64,KRW/unit,actual,2026-08-11,fx_krw_monthly.csv,ok
2017-05,GLOBAL,EUR,fx_krw_avg,1245.02,KRW/unit,actual,2026-08-11,fx_krw_monthly.csv,ok
2017-06,GLOBAL,EUR,fx_krw_avg,1271.29,KRW/unit,actual,2026-08-11,fx_krw_monthly.csv,ok
2017-07,GLOBAL,EUR,fx_krw_avg,1305.21,KRW/unit,actual,2026-08-11,fx_krw_monthly.csv,ok
2017-08,GLOBAL,EUR,fx_krw_avg,1335.93,KRW/unit,actual,2026-08-11,fx_krw_monthly.csv,ok
2017-09,GLOBAL,EUR,fx_krw_avg,1348.89,KRW/unit,actual,2026-08-11,fx_krw_monthly.csv,ok
2017-10,GLOBAL,EUR,fx_krw_avg,1331.01,KRW/unit,actual,2026-08-11,fx_krw_monthly.csv,ok
2017-11,GLOBAL,EUR,fx_krw_avg,1292.05,KRW/unit,actual,2026-08-11,fx_krw_monthly.csv,ok
2017-12,GLOBAL,EUR,fx_krw_avg,1283.39,KRW/unit,actual,2026-08-11,fx_krw_monthly.csv,ok
2018-01,GLOBAL,EUR,fx_krw_avg,1300.93,KRW/unit,actual,2026-08-11,fx_krw_monthly.csv,ok
2018-02,GLOBAL,EUR,fx_krw_avg,1331.47,KRW/unit,actual,2026-08-11,fx_krw_monthly.csv,ok
2018-03,GLOBAL,EUR,fx_krw_avg,1321.99,KRW/unit,actual,2026-08-11,fx_krw_monthly.csv,ok
2018-04,GLOBAL,EUR,fx_krw_avg,1312.94,KRW/unit,actual,2026-08-11,fx_krw_monthly.csv,ok
2018-05,GLOBAL,EUR,fx_krw_avg,1272.38,KRW/unit,actual,2026-08-11,fx_krw_monthly.csv,ok
2018-06,GLOBAL,EUR,fx_krw_avg,1277.93,KRW/unit,actual,2026-08-11,fx_krw_monthly.csv,ok
2018-07,GLOBAL,EUR,fx_krw_avg,1313.03,KRW/unit,actual,2026-08-11,fx_krw_monthly.csv,ok
2018-08,GLOBAL,EUR,fx_krw_avg,1295.39,KRW/unit,actual,2026-08-11,fx_krw_monthly.csv,ok
2018-09,GLOBAL,EUR,fx_krw_avg,1305.86,KRW/unit,actual,2026-08-11,fx_krw_monthly.csv,ok
2018-10,GLOBAL,EUR,fx_krw_avg,1300.1,KRW/unit,actual,2026-08-11,fx_krw_monthly.csv,ok
2018-11,GLOBAL,EUR,fx_krw_avg,1280.89,KRW/unit,actual,2026-08-11,fx_krw_monthly.csv,ok
2018-12,GLOBAL,EUR,fx_krw_avg,1278.13,KRW/unit,actual,2026-08-11,fx_krw_monthly.csv,ok
2019-01,GLOBAL,EUR,fx_krw_avg,1281.46,KRW/unit,actual,2026-08-11,fx_krw_monthly.csv,ok
2019-02,GLOBAL,EUR,fx_krw_avg,1274.32,KRW/unit,actual,2026-08-11,fx_krw_monthly.csv,ok
2019-03,GLOBAL,EUR,fx_krw_avg,1279.67,KRW/unit,actual,2026-08-11,fx_krw_monthly.csv,ok
2019-04,GLOBAL,EUR,fx_krw_avg,1284.41,KRW/unit,actual,2026-08-11,fx_krw_monthly.csv,ok
2019-05,GLOBAL,EUR,fx_krw_avg,1325.2,KRW/unit,actual,2026-08-11,fx_krw_monthly.csv,ok
2019-06,GLOBAL,EUR,fx_krw_avg,1325.28,KRW/unit,actual,2026-08-11,fx_krw_monthly.csv,ok
2019-07,GLOBAL,EUR,fx_krw_avg,1320.29,KRW/unit,actual,2026-08-11,fx_krw_monthly.csv,ok
2019-08,GLOBAL,EUR,fx_krw_avg,1347.1,KRW/unit,actual,2026-08-11,fx_krw_monthly.csv,ok
2019-09,GLOBAL,EUR,fx_krw_avg,1315.02,KRW/unit,actual,2026-08-11,fx_krw_monthly.csv,ok
2019-10,GLOBAL,EUR,fx_krw_avg,1308.65,KRW/unit,actual,2026-08-11,fx_krw_monthly.csv,ok
2019-11,GLOBAL,EUR,fx_krw_avg,1291.19,KRW/unit,actual,2026-08-11,fx_krw_monthly.csv,ok
2019-12,GLOBAL,EUR,fx_krw_avg,1306.19,KRW/unit,actual,2026-08-11,fx_krw_monthly.csv,ok
2020-01,GLOBAL,EUR,fx_krw_avg,1296.12,KRW/unit,actual,2026-08-11,fx_krw_monthly.csv,ok
2020-02,GLOBAL,EUR,fx_krw_avg,1303.58,KRW/unit,actual,2026-08-11,fx_krw_monthly.csv,ok
2020-03,GLOBAL,EUR,fx_krw_avg,1347.99,KRW/unit,actual,2026-08-11,fx_krw_monthly.csv,ok
2020-04,GLOBAL,EUR,fx_krw_avg,1328.89,KRW/unit,actual,2026-08-11,fx_krw_monthly.csv,ok
2020-05,GLOBAL,EUR,fx_krw_avg,1340.44,KRW/unit,actual,2026-08-11,fx_krw_monthly.csv,ok
2020-06,GLOBAL,EUR,fx_krw_avg,1358.75,KRW/unit,actual,2026-08-11,fx_krw_monthly.csv,ok
2020-07,GLOBAL,EUR,fx_krw_avg,1374.16,KRW/unit,actual,2026-08-11,fx_krw_monthly.csv,ok
2020-08,GLOBAL,EUR,fx_krw_avg,1403.44,KRW/unit,actual,2026-08-11,fx_krw_monthly.csv,ok
2020-09,GLOBAL,EUR,fx_krw_avg,1388.68,KRW/unit,actual,2026-08-11,fx_krw_monthly.csv,ok
2020-10,GLOBAL,EUR,fx_krw_avg,1347.03,KRW/unit,actual,2026-08-11,fx_krw_monthly.csv,ok
2020-11,GLOBAL,EUR,fx_krw_avg,1319.66,KRW/unit,actual,2026-08-11,fx_krw_monthly.csv,ok
2020-12,GLOBAL,EUR,fx_krw_avg,1332.54,KRW/unit,actual,2026-08-11,fx_krw_monthly.csv,ok
2021-01,GLOBAL,EUR,fx_krw_avg,1338.63,KRW/unit,actual,2026-08-11,fx_krw_monthly.csv,ok
2021-02,GLOBAL,EUR,fx_krw_avg,1345.06,KRW/unit,actual,2026-08-11,fx_krw_monthly.csv,ok
2021-03,GLOBAL,EUR,fx_krw_avg,1345.58,KRW/unit,actual,2026-08-11,fx_krw_monthly.csv,ok
2021-04,GLOBAL,EUR,fx_krw_avg,1337.96,KRW/unit,actual,2026-08-11,fx_krw_monthly.csv,ok
2021-05,GLOBAL,EUR,fx_krw_avg,1364.47,KRW/unit,actual,2026-08-11,fx_krw_monthly.csv,ok
2021-06,GLOBAL,EUR,fx_krw_avg,1352.47,KRW/unit,actual,2026-08-11,fx_krw_monthly.csv,ok
2021-07,GLOBAL,EUR,fx_krw_avg,1354.46,KRW/unit,actual,2026-08-11,fx_krw_monthly.csv,ok
2021-08,GLOBAL,EUR,fx_krw_avg,1366.74,KRW/unit,actual,2026-08-11,fx_krw_monthly.csv,ok
2021-09,GLOBAL,EUR,fx_krw_avg,1380.51,KRW/unit,actual,2026-08-11,fx_krw_monthly.csv,ok
2021-10,GLOBAL,EUR,fx_krw_avg,1371.23,KRW/unit,actual,2026-08-11,fx_krw_monthly.csv,ok
2021-11,GLOBAL,EUR,fx_krw_avg,1351.74,KRW/unit,actual,2026-08-11,fx_krw_monthly.csv,ok
2021-12,GLOBAL,EUR,fx_krw_avg,1338.49,KRW/unit,actual,2026-08-11,fx_krw_monthly.csv,ok
2022-01,GLOBAL,EUR,fx_krw_avg,1353.61,KRW/unit,actual,2026-08-11,fx_krw_monthly.csv,ok
2022-02,GLOBAL,EUR,fx_krw_avg,1358.53,KRW/unit,actual,2026-08-11,fx_krw_monthly.csv,ok
2022-03,GLOBAL,EUR,fx_krw_avg,1345.66,KRW/unit,actual,2026-08-11,fx_krw_monthly.csv,ok
2022-04,GLOBAL,EUR,fx_krw_avg,1337.58,KRW/unit,actual,2026-08-11,fx_krw_monthly.csv,ok
2022-05,GLOBAL,EUR,fx_krw_avg,1340.1,KRW/unit,actual,2026-08-11,fx_krw_monthly.csv,ok
2022-06,GLOBAL,EUR,fx_krw_avg,1351.47,KRW/unit,actual,2026-08-11,fx_krw_monthly.csv,ok
2022-07,GLOBAL,EUR,fx_krw_avg,1332,KRW/unit,actual,2026-08-11,fx_krw_monthly.csv,ok
2022-08,GLOBAL,EUR,fx_krw_avg,1337.9,KRW/unit,actual,2026-08-11,fx_krw_monthly.csv,ok
2022-09,GLOBAL,EUR,fx_krw_avg,1381.71,KRW/unit,actual,2026-08-11,fx_krw_monthly.csv,ok
2022-10,GLOBAL,EUR,fx_krw_avg,1403.51,KRW/unit,actual,2026-08-11,fx_krw_monthly.csv,ok
2022-11,GLOBAL,EUR,fx_krw_avg,1384.19,KRW/unit,actual,2026-08-11,fx_krw_monthly.csv,ok
2022-12,GLOBAL,EUR,fx_krw_avg,1370.59,KRW/unit,actual,2026-08-11,fx_krw_monthly.csv,ok
2023-01,GLOBAL,EUR,fx_krw_avg,1341.38,KRW/unit,actual,2026-08-11,fx_krw_monthly.csv,ok
2023-02,GLOBAL,EUR,fx_krw_avg,1368.77,KRW/unit,actual,2026-08-11,fx_krw_monthly.csv,ok
2023-03,GLOBAL,EUR,fx_krw_avg,1398.25,KRW/unit,actual,2026-08-11,fx_krw_monthly.csv,ok
2023-04,GLOBAL,EUR,fx_krw_avg,1452.07,KRW/unit,actual,2026-08-11,fx_krw_monthly.csv,ok
2023-05,GLOBAL,EUR,fx_krw_avg,1442.31,KRW/unit,actual,2026-08-11,fx_krw_monthly.csv,ok
2023-06,GLOBAL,EUR,fx_krw_avg,1406.43,KRW/unit,actual,2026-08-11,fx_krw_monthly.csv,ok
2023-07,GLOBAL,EUR,fx_krw_avg,1419.16,KRW/unit,actual,2026-08-11,fx_krw_monthly.csv,ok
2023-08,GLOBAL,EUR,fx_krw_avg,1443.24,KRW/unit,actual,2026-08-11,fx_krw_monthly.csv,ok
2023-09,GLOBAL,EUR,fx_krw_avg,1424.53,KRW/unit,actual,2026-08-11,fx_krw_monthly.csv,ok
2023-10,GLOBAL,EUR,fx_krw_avg,1427.33,KRW/unit,actual,2026-08-11,fx_krw_monthly.csv,ok
2023-11,GLOBAL,EUR,fx_krw_avg,1412.57,KRW/unit,actual,2026-08-11,fx_krw_monthly.csv,ok
2023-12,GLOBAL,EUR,fx_krw_avg,1423.13,KRW/unit,actual,2026-08-11,fx_krw_monthly.csv,ok
2024-01,GLOBAL,EUR,fx_krw_avg,1447.18,KRW/unit,actual,2026-08-11,fx_krw_monthly.csv,ok
2024-02,GLOBAL,EUR,fx_krw_avg,1437.37,KRW/unit,actual,2026-08-11,fx_krw_monthly.csv,ok
2024-03,GLOBAL,EUR,fx_krw_avg,1448.12,KRW/unit,actual,2026-08-11,fx_krw_monthly.csv,ok
2024-04,GLOBAL,EUR,fx_krw_avg,1469.42,KRW/unit,actual,2026-08-11,fx_krw_monthly.csv,ok
2024-05,GLOBAL,EUR,fx_krw_avg,1474.96,KRW/unit,actual,2026-08-11,fx_krw_monthly.csv,ok
2024-06,GLOBAL,EUR,fx_krw_avg,1485.38,KRW/unit,actual,2026-08-11,fx_krw_monthly.csv,ok
2024-07,GLOBAL,EUR,fx_krw_avg,1499.62,KRW/unit,actual,2026-08-11,fx_krw_monthly.csv,ok
2024-08,GLOBAL,EUR,fx_krw_avg,1488.61,KRW/unit,actual,2026-08-11,fx_krw_monthly.csv,ok
2024-09,GLOBAL,EUR,fx_krw_avg,1478.72,KRW/unit,actual,2026-08-11,fx_krw_monthly.csv,ok
2024-10,GLOBAL,EUR,fx_krw_avg,1484.59,KRW/unit,actual,2026-08-11,fx_krw_monthly.csv,ok
2024-11,GLOBAL,EUR,fx_krw_avg,1482.25,KRW/unit,actual,2026-08-11,fx_krw_monthly.csv,ok
2024-12,GLOBAL,EUR,fx_krw_avg,1506.85,KRW/unit,actual,2026-08-11,fx_krw_monthly.csv,ok
2025-01,GLOBAL,EUR,fx_krw_avg,1503.6,KRW/unit,actual,2026-08-11,fx_krw_monthly.csv,ok
2025-02,GLOBAL,EUR,fx_krw_avg,1505.02,KRW/unit,actual,2026-08-11,fx_krw_monthly.csv,ok
2025-03,GLOBAL,EUR,fx_krw_avg,1576.45,KRW/unit,actual,2026-08-11,fx_krw_monthly.csv,ok
2025-04,GLOBAL,EUR,fx_krw_avg,1617.41,KRW/unit,actual,2026-08-11,fx_krw_monthly.csv,ok
2025-05,GLOBAL,EUR,fx_krw_avg,1566.14,KRW/unit,actual,2026-08-11,fx_krw_monthly.csv,ok
2025-06,GLOBAL,EUR,fx_krw_avg,1573.37,KRW/unit,actual,2026-08-11,fx_krw_monthly.csv,ok
2025-07,GLOBAL,EUR,fx_krw_avg,1608.95,KRW/unit,actual,2026-08-11,fx_krw_monthly.csv,ok
2025-08,GLOBAL,EUR,fx_krw_avg,1617.15,KRW/unit,actual,2026-08-11,fx_krw_monthly.csv,ok
2025-09,GLOBAL,EUR,fx_krw_avg,1634.38,KRW/unit,actual,2026-08-11,fx_krw_monthly.csv,ok
2025-10,GLOBAL,EUR,fx_krw_avg,1655.92,KRW/unit,actual,2026-08-11,fx_krw_monthly.csv,ok
2025-11,GLOBAL,EUR,fx_krw_avg,1687.64,KRW/unit,actual,2026-08-11,fx_krw_monthly.csv,ok
2025-12,GLOBAL,EUR,fx_krw_avg,1717.44,KRW/unit,actual,2026-08-11,fx_krw_monthly.csv,ok
2026-01,GLOBAL,EUR,fx_krw_avg,1710.38,KRW/unit,actual,2026-08-11,fx_krw_monthly.csv,ok
2026-02,GLOBAL,EUR,fx_krw_avg,1712.39,KRW/unit,actual,2026-08-11,fx_krw_monthly.csv,ok
2026-03,GLOBAL,EUR,fx_krw_avg,1723.13,KRW/unit,actual,2026-08-11,fx_krw_monthly.csv,ok
2026-04,GLOBAL,EUR,fx_krw_avg,1734.05,KRW/unit,actual,2026-08-11,fx_krw_monthly.csv,ok
2026-05,GLOBAL,EUR,fx_krw_avg,1740.27,KRW/unit,actual,2026-08-11,fx_krw_monthly.csv,ok
2026-06,GLOBAL,EUR,fx_krw_avg,1762.32,KRW/unit,actual,2026-08-11,fx_krw_monthly.csv,ok
2026-07,GLOBAL,EUR,fx_krw_avg,1702.16,KRW/unit,actual,2026-08-11,fx_krw_monthly.csv,ok
2026-08,GLOBAL,EUR,fx_krw_avg,1641.28,KRW/unit,actual,2026-08-11,fx_krw_monthly.csv,partial
2014-12,GLOBAL,EUR,fx_krw_eom,1324.8,KRW/unit,actual,2026-08-11,fx_krw_monthly.csv,partial
2015-01,GLOBAL,EUR,fx_krw_eom,1246.54,KRW/unit,actual,2026-08-11,fx_krw_monthly.csv,ok
2015-02,GLOBAL,EUR,fx_krw_eom,1236.16,KRW/unit,actual,2026-08-11,fx_krw_monthly.csv,ok
2015-03,GLOBAL,EUR,fx_krw_eom,1192.58,KRW/unit,actual,2026-08-11,fx_krw_monthly.csv,ok
2015-04,GLOBAL,EUR,fx_krw_eom,1202.48,KRW/unit,actual,2026-08-11,fx_krw_monthly.csv,ok
2015-05,GLOBAL,EUR,fx_krw_eom,1220.31,KRW/unit,actual,2026-08-11,fx_krw_monthly.csv,ok
2015-06,GLOBAL,EUR,fx_krw_eom,1251.27,KRW/unit,actual,2026-08-11,fx_krw_monthly.csv,ok
2015-07,GLOBAL,EUR,fx_krw_eom,1287.41,KRW/unit,actual,2026-08-11,fx_krw_monthly.csv,ok
2015-08,GLOBAL,EUR,fx_krw_eom,1326.96,KRW/unit,actual,2026-08-11,fx_krw_monthly.csv,ok
2015-09,GLOBAL,EUR,fx_krw_eom,1328.27,KRW/unit,actual,2026-08-11,fx_krw_monthly.csv,ok
2015-10,GLOBAL,EUR,fx_krw_eom,1253.98,KRW/unit,actual,2026-08-11,fx_krw_monthly.csv,ok
2015-11,GLOBAL,EUR,fx_krw_eom,1224.21,KRW/unit,actual,2026-08-11,fx_krw_monthly.csv,ok
2015-12,GLOBAL,EUR,fx_krw_eom,1280.78,KRW/unit,actual,2026-08-11,fx_krw_monthly.csv,ok
2016-01,GLOBAL,EUR,fx_krw_eom,1318.6,KRW/unit,actual,2026-08-11,fx_krw_monthly.csv,ok
2016-02,GLOBAL,EUR,fx_krw_eom,1347.54,KRW/unit,actual,2026-08-11,fx_krw_monthly.csv,ok
2016-03,GLOBAL,EUR,fx_krw_eom,1294.88,KRW/unit,actual,2026-08-11,fx_krw_monthly.csv,ok
2016-04,GLOBAL,EUR,fx_krw_eom,1301.53,KRW/unit,actual,2026-08-11,fx_krw_monthly.csv,ok
2016-05,GLOBAL,EUR,fx_krw_eom,1326.11,KRW/unit,actual,2026-08-11,fx_krw_monthly.csv,ok
2016-06,GLOBAL,EUR,fx_krw_eom,1278.48,KRW/unit,actual,2026-08-11,fx_krw_monthly.csv,ok
2016-07,GLOBAL,EUR,fx_krw_eom,1246.83,KRW/unit,actual,2026-08-11,fx_krw_monthly.csv,ok
2016-08,GLOBAL,EUR,fx_krw_eom,1243.66,KRW/unit,actual,2026-08-11,fx_krw_monthly.csv,ok
2016-09,GLOBAL,EUR,fx_krw_eom,1229.76,KRW/unit,actual,2026-08-11,fx_krw_monthly.csv,ok
2016-10,GLOBAL,EUR,fx_krw_eom,1254.89,KRW/unit,actual,2026-08-11,fx_krw_monthly.csv,ok
2016-11,GLOBAL,EUR,fx_krw_eom,1247.37,KRW/unit,actual,2026-08-11,fx_krw_monthly.csv,ok
2016-12,GLOBAL,EUR,fx_krw_eom,1269.36,KRW/unit,actual,2026-08-11,fx_krw_monthly.csv,ok
2017-01,GLOBAL,EUR,fx_krw_eom,1244.76,KRW/unit,actual,2026-08-11,fx_krw_monthly.csv,ok
2017-02,GLOBAL,EUR,fx_krw_eom,1194.24,KRW/unit,actual,2026-08-11,fx_krw_monthly.csv,ok
2017-03,GLOBAL,EUR,fx_krw_eom,1194.54,KRW/unit,actual,2026-08-11,fx_krw_monthly.csv,ok
2017-04,GLOBAL,EUR,fx_krw_eom,1243.69,KRW/unit,actual,2026-08-11,fx_krw_monthly.csv,ok
2017-05,GLOBAL,EUR,fx_krw_eom,1255.01,KRW/unit,actual,2026-08-11,fx_krw_monthly.csv,ok
2017-06,GLOBAL,EUR,fx_krw_eom,1304.56,KRW/unit,actual,2026-08-11,fx_krw_monthly.csv,ok
2017-07,GLOBAL,EUR,fx_krw_eom,1315.97,KRW/unit,actual,2026-08-11,fx_krw_monthly.csv,ok
2017-08,GLOBAL,EUR,fx_krw_eom,1331.22,KRW/unit,actual,2026-08-11,fx_krw_monthly.csv,ok
2017-09,GLOBAL,EUR,fx_krw_eom,1351.83,KRW/unit,actual,2026-08-11,fx_krw_monthly.csv,ok
2017-10,GLOBAL,EUR,fx_krw_eom,1301.5,KRW/unit,actual,2026-08-11,fx_krw_monthly.csv,ok
2017-11,GLOBAL,EUR,fx_krw_eom,1287.26,KRW/unit,actual,2026-08-11,fx_krw_monthly.csv,ok
2017-12,GLOBAL,EUR,fx_krw_eom,1279.61,KRW/unit,actual,2026-08-11,fx_krw_monthly.csv,ok
2018-01,GLOBAL,EUR,fx_krw_eom,1327.03,KRW/unit,actual,2026-08-11,fx_krw_monthly.csv,ok
2018-02,GLOBAL,EUR,fx_krw_eom,1320.25,KRW/unit,actual,2026-08-11,fx_krw_monthly.csv,ok
2018-03,GLOBAL,EUR,fx_krw_eom,1310.89,KRW/unit,actual,2026-08-11,fx_krw_monthly.csv,ok
2018-04,GLOBAL,EUR,fx_krw_eom,1292.04,KRW/unit,actual,2026-08-11,fx_krw_monthly.csv,ok
2018-05,GLOBAL,EUR,fx_krw_eom,1261.25,KRW/unit,actual,2026-08-11,fx_krw_monthly.csv,ok
2018-06,GLOBAL,EUR,fx_krw_eom,1296.72,KRW/unit,actual,2026-08-11,fx_krw_monthly.csv,ok
2018-07,GLOBAL,EUR,fx_krw_eom,1312.79,KRW/unit,actual,2026-08-11,fx_krw_monthly.csv,ok
2018-08,GLOBAL,EUR,fx_krw_eom,1301.91,KRW/unit,actual,2026-08-11,fx_krw_monthly.csv,ok
2018-09,GLOBAL,EUR,fx_krw_eom,1285.75,KRW/unit,actual,2026-08-11,fx_krw_monthly.csv,ok
2018-10,GLOBAL,EUR,fx_krw_eom,1291.1,KRW/unit,actual,2026-08-11,fx_krw_monthly.csv,ok
2018-11,GLOBAL,EUR,fx_krw_eom,1274.04,KRW/unit,actual,2026-08-11,fx_krw_monthly.csv,ok
2018-12,GLOBAL,EUR,fx_krw_eom,1277.93,KRW/unit,actual,2026-08-11,fx_krw_monthly.csv,ok
2019-01,GLOBAL,EUR,fx_krw_eom,1277.58,KRW/unit,actual,2026-08-11,fx_krw_monthly.csv,ok
2019-02,GLOBAL,EUR,fx_krw_eom,1281.07,KRW/unit,actual,2026-08-11,fx_krw_monthly.csv,ok
2019-03,GLOBAL,EUR,fx_krw_eom,1276.46,KRW/unit,actual,2026-08-11,fx_krw_monthly.csv,ok
2019-04,GLOBAL,EUR,fx_krw_eom,1308.01,KRW/unit,actual,2026-08-11,fx_krw_monthly.csv,ok
2019-05,GLOBAL,EUR,fx_krw_eom,1328.31,KRW/unit,actual,2026-08-11,fx_krw_monthly.csv,ok
2019-06,GLOBAL,EUR,fx_krw_eom,1315.35,KRW/unit,actual,2026-08-11,fx_krw_monthly.csv,ok
2019-07,GLOBAL,EUR,fx_krw_eom,1318.25,KRW/unit,actual,2026-08-11,fx_krw_monthly.csv,ok
2019-08,GLOBAL,EUR,fx_krw_eom,1333.21,KRW/unit,actual,2026-08-11,fx_krw_monthly.csv,ok
2019-09,GLOBAL,EUR,fx_krw_eom,1304.83,KRW/unit,actual,2026-08-11,fx_krw_monthly.csv,ok
2019-10,GLOBAL,EUR,fx_krw_eom,1302.87,KRW/unit,actual,2026-08-11,fx_krw_monthly.csv,ok
2019-11,GLOBAL,EUR,fx_krw_eom,1295.81,KRW/unit,actual,2026-08-11,fx_krw_monthly.csv,ok
2019-12,GLOBAL,EUR,fx_krw_eom,1296.28,KRW/unit,actual,2026-08-11,fx_krw_monthly.csv,ok
2020-01,GLOBAL,EUR,fx_krw_eom,1321.6,KRW/unit,actual,2026-08-11,fx_krw_monthly.csv,ok
2020-02,GLOBAL,EUR,fx_krw_eom,1324.98,KRW/unit,actual,2026-08-11,fx_krw_monthly.csv,ok
2020-03,GLOBAL,EUR,fx_krw_eom,1341.03,KRW/unit,actual,2026-08-11,fx_krw_monthly.csv,ok
2020-04,GLOBAL,EUR,fx_krw_eom,1313.09,KRW/unit,actual,2026-08-11,fx_krw_monthly.csv,ok
2020-05,GLOBAL,EUR,fx_krw_eom,1376.21,KRW/unit,actual,2026-08-11,fx_krw_monthly.csv,ok
2020-06,GLOBAL,EUR,fx_krw_eom,1345.83,KRW/unit,actual,2026-08-11,fx_krw_monthly.csv,ok
2020-07,GLOBAL,EUR,fx_krw_eom,1409.56,KRW/unit,actual,2026-08-11,fx_krw_monthly.csv,ok
2020-08,GLOBAL,EUR,fx_krw_eom,1415.76,KRW/unit,actual,2026-08-11,fx_krw_monthly.csv,ok
2020-09,GLOBAL,EUR,fx_krw_eom,1368.51,KRW/unit,actual,2026-08-11,fx_krw_monthly.csv,ok
2020-10,GLOBAL,EUR,fx_krw_eom,1324.2,KRW/unit,actual,2026-08-11,fx_krw_monthly.csv,ok
2020-11,GLOBAL,EUR,fx_krw_eom,1326.08,KRW/unit,actual,2026-08-11,fx_krw_monthly.csv,ok
2020-12,GLOBAL,EUR,fx_krw_eom,1336,KRW/unit,actual,2026-08-11,fx_krw_monthly.csv,ok
2021-01,GLOBAL,EUR,fx_krw_eom,1354.98,KRW/unit,actual,2026-08-11,fx_krw_monthly.csv,ok
2021-02,GLOBAL,EUR,fx_krw_eom,1367.1,KRW/unit,actual,2026-08-11,fx_krw_monthly.csv,ok
2021-03,GLOBAL,EUR,fx_krw_eom,1324.19,KRW/unit,actual,2026-08-11,fx_krw_monthly.csv,ok
2021-04,GLOBAL,EUR,fx_krw_eom,1346.24,KRW/unit,actual,2026-08-11,fx_krw_monthly.csv,ok
2021-05,GLOBAL,EUR,fx_krw_eom,1352.04,KRW/unit,actual,2026-08-11,fx_krw_monthly.csv,ok
2021-06,GLOBAL,EUR,fx_krw_eom,1341.41,KRW/unit,actual,2026-08-11,fx_krw_monthly.csv,ok
2021-07,GLOBAL,EUR,fx_krw_eom,1368.74,KRW/unit,actual,2026-08-11,fx_krw_monthly.csv,ok
2021-08,GLOBAL,EUR,fx_krw_eom,1370.03,KRW/unit,actual,2026-08-11,fx_krw_monthly.csv,ok
2021-09,GLOBAL,EUR,fx_krw_eom,1371.58,KRW/unit,actual,2026-08-11,fx_krw_monthly.csv,ok
2021-10,GLOBAL,EUR,fx_krw_eom,1362.92,KRW/unit,actual,2026-08-11,fx_krw_monthly.csv,ok
2021-11,GLOBAL,EUR,fx_krw_eom,1350.29,KRW/unit,actual,2026-08-11,fx_krw_monthly.csv,ok
2021-12,GLOBAL,EUR,fx_krw_eom,1346.38,KRW/unit,actual,2026-08-11,fx_krw_monthly.csv,ok
2022-01,GLOBAL,EUR,fx_krw_eom,1349.08,KRW/unit,actual,2026-08-11,fx_krw_monthly.csv,ok
2022-02,GLOBAL,EUR,fx_krw_eom,1347.62,KRW/unit,actual,2026-08-11,fx_krw_monthly.csv,ok
2022-03,GLOBAL,EUR,fx_krw_eom,1347.37,KRW/unit,actual,2026-08-11,fx_krw_monthly.csv,ok
2022-04,GLOBAL,EUR,fx_krw_eom,1326.71,KRW/unit,actual,2026-08-11,fx_krw_monthly.csv,ok
2022-05,GLOBAL,EUR,fx_krw_eom,1329.32,KRW/unit,actual,2026-08-11,fx_krw_monthly.csv,ok
2022-06,GLOBAL,EUR,fx_krw_eom,1351.6,KRW/unit,actual,2026-08-11,fx_krw_monthly.csv,ok
2022-07,GLOBAL,EUR,fx_krw_eom,1329.4,KRW/unit,actual,2026-08-11,fx_krw_monthly.csv,ok
2022-08,GLOBAL,EUR,fx_krw_eom,1342.79,KRW/unit,actual,2026-08-11,fx_krw_monthly.csv,ok
2022-09,GLOBAL,EUR,fx_krw_eom,1400.69,KRW/unit,actual,2026-08-11,fx_krw_monthly.csv,ok
2022-10,GLOBAL,EUR,fx_krw_eom,1416.12,KRW/unit,actual,2026-08-11,fx_krw_monthly.csv,ok
2022-11,GLOBAL,EUR,fx_krw_eom,1365.14,KRW/unit,actual,2026-08-11,fx_krw_monthly.csv,ok
2022-12,GLOBAL,EUR,fx_krw_eom,1344.09,KRW/unit,actual,2026-08-11,fx_krw_monthly.csv,ok
2023-01,GLOBAL,EUR,fx_krw_eom,1338.9,KRW/unit,actual,2026-08-11,fx_krw_monthly.csv,ok
2023-02,GLOBAL,EUR,fx_krw_eom,1401.84,KRW/unit,actual,2026-08-11,fx_krw_monthly.csv,ok
2023-03,GLOBAL,EUR,fx_krw_eom,1420.26,KRW/unit,actual,2026-08-11,fx_krw_monthly.csv,ok
2023-04,GLOBAL,EUR,fx_krw_eom,1470.89,KRW/unit,actual,2026-08-11,fx_krw_monthly.csv,ok
2023-05,GLOBAL,EUR,fx_krw_eom,1416.29,KRW/unit,actual,2026-08-11,fx_krw_monthly.csv,ok
2023-06,GLOBAL,EUR,fx_krw_eom,1435.88,KRW/unit,actual,2026-08-11,fx_krw_monthly.csv,ok
2023-07,GLOBAL,EUR,fx_krw_eom,1405.49,KRW/unit,actual,2026-08-11,fx_krw_monthly.csv,ok
2023-08,GLOBAL,EUR,fx_krw_eom,1439.56,KRW/unit,actual,2026-08-11,fx_krw_monthly.csv,ok
2023-09,GLOBAL,EUR,fx_krw_eom,1425.26,KRW/unit,actual,2026-08-11,fx_krw_monthly.csv,ok
2023-10,GLOBAL,EUR,fx_krw_eom,1434.66,KRW/unit,actual,2026-08-11,fx_krw_monthly.csv,ok
2023-11,GLOBAL,EUR,fx_krw_eom,1418.78,KRW/unit,actual,2026-08-11,fx_krw_monthly.csv,ok
2023-12,GLOBAL,EUR,fx_krw_eom,1433.66,KRW/unit,actual,2026-08-11,fx_krw_monthly.csv,ok
2024-01,GLOBAL,EUR,fx_krw_eom,1444.63,KRW/unit,actual,2026-08-11,fx_krw_monthly.csv,ok
2024-02,GLOBAL,EUR,fx_krw_eom,1447.43,KRW/unit,actual,2026-08-11,fx_krw_monthly.csv,ok
2024-03,GLOBAL,EUR,fx_krw_eom,1458.67,KRW/unit,actual,2026-08-11,fx_krw_monthly.csv,ok
2024-04,GLOBAL,EUR,fx_krw_eom,1479.67,KRW/unit,actual,2026-08-11,fx_krw_monthly.csv,ok
2024-05,GLOBAL,EUR,fx_krw_eom,1501.11,KRW/unit,actual,2026-08-11,fx_krw_monthly.csv,ok
2024-06,GLOBAL,EUR,fx_krw_eom,1474.86,KRW/unit,actual,2026-08-11,fx_krw_monthly.csv,ok
2024-07,GLOBAL,EUR,fx_krw_eom,1485.96,KRW/unit,actual,2026-08-11,fx_krw_monthly.csv,ok
2024-08,GLOBAL,EUR,fx_krw_eom,1478.6,KRW/unit,actual,2026-08-11,fx_krw_monthly.csv,ok
2024-09,GLOBAL,EUR,fx_krw_eom,1469.11,KRW/unit,actual,2026-08-11,fx_krw_monthly.csv,ok
2024-10,GLOBAL,EUR,fx_krw_eom,1500.05,KRW/unit,actual,2026-08-11,fx_krw_monthly.csv,ok
2024-11,GLOBAL,EUR,fx_krw_eom,1476.11,KRW/unit,actual,2026-08-11,fx_krw_monthly.csv,ok
2024-12,GLOBAL,EUR,fx_krw_eom,1532.15,KRW/unit,actual,2026-08-11,fx_krw_monthly.csv,ok
2025-01,GLOBAL,EUR,fx_krw_eom,1506.62,KRW/unit,actual,2026-08-11,fx_krw_monthly.csv,ok
2025-02,GLOBAL,EUR,fx_krw_eom,1519.92,KRW/unit,actual,2026-08-11,fx_krw_monthly.csv,ok
2025-03,GLOBAL,EUR,fx_krw_eom,1594.71,KRW/unit,actual,2026-08-11,fx_krw_monthly.csv,ok
2025-04,GLOBAL,EUR,fx_krw_eom,1618.39,KRW/unit,actual,2026-08-11,fx_krw_monthly.csv,ok
2025-05,GLOBAL,EUR,fx_krw_eom,1563.09,KRW/unit,actual,2026-08-11,fx_krw_monthly.csv,ok
2025-06,GLOBAL,EUR,fx_krw_eom,1588.21,KRW/unit,actual,2026-08-11,fx_krw_monthly.csv,ok
2025-07,GLOBAL,EUR,fx_krw_eom,1596.29,KRW/unit,actual,2026-08-11,fx_krw_monthly.csv,ok
2025-08,GLOBAL,EUR,fx_krw_eom,1622.26,KRW/unit,actual,2026-08-11,fx_krw_monthly.csv,ok
2025-09,GLOBAL,EUR,fx_krw_eom,1648.05,KRW/unit,actual,2026-08-11,fx_krw_monthly.csv,ok
2025-10,GLOBAL,EUR,fx_krw_eom,1650.07,KRW/unit,actual,2026-08-11,fx_krw_monthly.csv,ok
2025-11,GLOBAL,EUR,fx_krw_eom,1699.81,KRW/unit,actual,2026-08-11,fx_krw_monthly.csv,ok
2025-12,GLOBAL,EUR,fx_krw_eom,1696.94,KRW/unit,actual,2026-08-11,fx_krw_monthly.csv,ok
2026-01,GLOBAL,EUR,fx_krw_eom,1719.47,KRW/unit,actual,2026-08-11,fx_krw_monthly.csv,ok
2026-02,GLOBAL,EUR,fx_krw_eom,1702.25,KRW/unit,actual,2026-08-11,fx_krw_monthly.csv,ok
2026-03,GLOBAL,EUR,fx_krw_eom,1753.22,KRW/unit,actual,2026-08-11,fx_krw_monthly.csv,ok
2026-04,GLOBAL,EUR,fx_krw_eom,1728.39,KRW/unit,actual,2026-08-11,fx_krw_monthly.csv,ok
2026-05,GLOBAL,EUR,fx_krw_eom,1753.9,KRW/unit,actual,2026-08-11,fx_krw_monthly.csv,ok
2026-06,GLOBAL,EUR,fx_krw_eom,1767.08,KRW/unit,actual,2026-08-11,fx_krw_monthly.csv,ok
2026-07,GLOBAL,EUR,fx_krw_eom,1657.99,KRW/unit,actual,2026-08-11,fx_krw_monthly.csv,ok
2026-08,GLOBAL,EUR,fx_krw_eom,1636.9,KRW/unit,actual,2026-08-11,fx_krw_monthly.csv,partial
2014-12,GLOBAL,IDR,fx_krw_avg,0.0879,KRW/unit,actual,2026-08-11,fx_krw_monthly.csv,partial
2015-01,GLOBAL,IDR,fx_krw_avg,0.0866,KRW/unit,actual,2026-08-11,fx_krw_monthly.csv,ok
2015-02,GLOBAL,IDR,fx_krw_avg,0.0862,KRW/unit,actual,2026-08-11,fx_krw_monthly.csv,ok
2015-03,GLOBAL,IDR,fx_krw_avg,0.0852,KRW/unit,actual,2026-08-11,fx_krw_monthly.csv,ok
2015-04,GLOBAL,IDR,fx_krw_avg,0.0839,KRW/unit,actual,2026-08-11,fx_krw_monthly.csv,ok
2015-05,GLOBAL,IDR,fx_krw_avg,0.0833,KRW/unit,actual,2026-08-11,fx_krw_monthly.csv,ok
2015-06,GLOBAL,IDR,fx_krw_avg,0.0837,KRW/unit,actual,2026-08-11,fx_krw_monthly.csv,ok
2015-07,GLOBAL,IDR,fx_krw_avg,0.0857,KRW/unit,actual,2026-08-11,fx_krw_monthly.csv,ok
2015-08,GLOBAL,IDR,fx_krw_avg,0.0855,KRW/unit,actual,2026-08-11,fx_krw_monthly.csv,ok
2015-09,GLOBAL,IDR,fx_krw_avg,0.0822,KRW/unit,actual,2026-08-11,fx_krw_monthly.csv,ok
2015-10,GLOBAL,IDR,fx_krw_avg,0.0831,KRW/unit,actual,2026-08-11,fx_krw_monthly.csv,ok
2015-11,GLOBAL,IDR,fx_krw_avg,0.0844,KRW/unit,actual,2026-08-11,fx_krw_monthly.csv,ok
2015-12,GLOBAL,IDR,fx_krw_avg,0.0847,KRW/unit,actual,2026-08-11,fx_krw_monthly.csv,ok
2016-01,GLOBAL,IDR,fx_krw_avg,0.0868,KRW/unit,actual,2026-08-11,fx_krw_monthly.csv,ok
2016-02,GLOBAL,IDR,fx_krw_avg,0.0901,KRW/unit,actual,2026-08-11,fx_krw_monthly.csv,ok
2016-03,GLOBAL,IDR,fx_krw_avg,0.0899,KRW/unit,actual,2026-08-11,fx_krw_monthly.csv,ok
2016-04,GLOBAL,IDR,fx_krw_avg,0.0871,KRW/unit,actual,2026-08-11,fx_krw_monthly.csv,ok
2016-05,GLOBAL,IDR,fx_krw_avg,0.0875,KRW/unit,actual,2026-08-11,fx_krw_monthly.csv,ok
2016-06,GLOBAL,IDR,fx_krw_avg,0.0876,KRW/unit,actual,2026-08-11,fx_krw_monthly.csv,ok
2016-07,GLOBAL,IDR,fx_krw_avg,0.087,KRW/unit,actual,2026-08-11,fx_krw_monthly.csv,ok
2016-08,GLOBAL,IDR,fx_krw_avg,0.0844,KRW/unit,actual,2026-08-11,fx_krw_monthly.csv,ok
2016-09,GLOBAL,IDR,fx_krw_avg,0.0846,KRW/unit,actual,2026-08-11,fx_krw_monthly.csv,ok
2016-10,GLOBAL,IDR,fx_krw_avg,0.0866,KRW/unit,actual,2026-08-11,fx_krw_monthly.csv,ok
2016-11,GLOBAL,IDR,fx_krw_avg,0.0873,KRW/unit,actual,2026-08-11,fx_krw_monthly.csv,ok
2016-12,GLOBAL,IDR,fx_krw_avg,0.0883,KRW/unit,actual,2026-08-11,fx_krw_monthly.csv,ok
2017-01,GLOBAL,IDR,fx_krw_avg,0.0885,KRW/unit,actual,2026-08-11,fx_krw_monthly.csv,ok
2017-02,GLOBAL,IDR,fx_krw_avg,0.0857,KRW/unit,actual,2026-08-11,fx_krw_monthly.csv,ok
2017-03,GLOBAL,IDR,fx_krw_avg,0.085,KRW/unit,actual,2026-08-11,fx_krw_monthly.csv,ok
2017-04,GLOBAL,IDR,fx_krw_avg,0.0852,KRW/unit,actual,2026-08-11,fx_krw_monthly.csv,ok
2017-05,GLOBAL,IDR,fx_krw_avg,0.0845,KRW/unit,actual,2026-08-11,fx_krw_monthly.csv,ok
2017-06,GLOBAL,IDR,fx_krw_avg,0.0851,KRW/unit,actual,2026-08-11,fx_krw_monthly.csv,ok
2017-07,GLOBAL,IDR,fx_krw_avg,0.085,KRW/unit,actual,2026-08-11,fx_krw_monthly.csv,ok
2017-08,GLOBAL,IDR,fx_krw_avg,0.0848,KRW/unit,actual,2026-08-11,fx_krw_monthly.csv,ok
2017-09,GLOBAL,IDR,fx_krw_avg,0.0851,KRW/unit,actual,2026-08-11,fx_krw_monthly.csv,ok
2017-10,GLOBAL,IDR,fx_krw_avg,0.0837,KRW/unit,actual,2026-08-11,fx_krw_monthly.csv,ok
2017-11,GLOBAL,IDR,fx_krw_avg,0.0814,KRW/unit,actual,2026-08-11,fx_krw_monthly.csv,ok
2017-12,GLOBAL,IDR,fx_krw_avg,0.08,KRW/unit,actual,2026-08-11,fx_krw_monthly.csv,ok
2018-01,GLOBAL,IDR,fx_krw_avg,0.0797,KRW/unit,actual,2026-08-11,fx_krw_monthly.csv,ok
2018-02,GLOBAL,IDR,fx_krw_avg,0.0793,KRW/unit,actual,2026-08-11,fx_krw_monthly.csv,ok
2018-03,GLOBAL,IDR,fx_krw_avg,0.0779,KRW/unit,actual,2026-08-11,fx_krw_monthly.csv,ok
2018-04,GLOBAL,IDR,fx_krw_avg,0.0774,KRW/unit,actual,2026-08-11,fx_krw_monthly.csv,ok
2018-05,GLOBAL,IDR,fx_krw_avg,0.0767,KRW/unit,actual,2026-08-11,fx_krw_monthly.csv,ok
2018-06,GLOBAL,IDR,fx_krw_avg,0.078,KRW/unit,actual,2026-08-11,fx_krw_monthly.csv,ok
2018-07,GLOBAL,IDR,fx_krw_avg,0.078,KRW/unit,actual,2026-08-11,fx_krw_monthly.csv,ok
2018-08,GLOBAL,IDR,fx_krw_avg,0.077,KRW/unit,actual,2026-08-11,fx_krw_monthly.csv,ok
2018-09,GLOBAL,IDR,fx_krw_avg,0.0753,KRW/unit,actual,2026-08-11,fx_krw_monthly.csv,ok
2018-10,GLOBAL,IDR,fx_krw_avg,0.0746,KRW/unit,actual,2026-08-11,fx_krw_monthly.csv,ok
2018-11,GLOBAL,IDR,fx_krw_avg,0.0769,KRW/unit,actual,2026-08-11,fx_krw_monthly.csv,ok
2018-12,GLOBAL,IDR,fx_krw_avg,0.0774,KRW/unit,actual,2026-08-11,fx_krw_monthly.csv,ok
2019-01,GLOBAL,IDR,fx_krw_avg,0.0793,KRW/unit,actual,2026-08-11,fx_krw_monthly.csv,ok
2019-02,GLOBAL,IDR,fx_krw_avg,0.08,KRW/unit,actual,2026-08-11,fx_krw_monthly.csv,ok
2019-03,GLOBAL,IDR,fx_krw_avg,0.0797,KRW/unit,actual,2026-08-11,fx_krw_monthly.csv,ok
2019-04,GLOBAL,IDR,fx_krw_avg,0.0808,KRW/unit,actual,2026-08-11,fx_krw_monthly.csv,ok
2019-05,GLOBAL,IDR,fx_krw_avg,0.0823,KRW/unit,actual,2026-08-11,fx_krw_monthly.csv,ok
2019-06,GLOBAL,IDR,fx_krw_avg,0.0825,KRW/unit,actual,2026-08-11,fx_krw_monthly.csv,ok
2019-07,GLOBAL,IDR,fx_krw_avg,0.0839,KRW/unit,actual,2026-08-11,fx_krw_monthly.csv,ok
2019-08,GLOBAL,IDR,fx_krw_avg,0.0851,KRW/unit,actual,2026-08-11,fx_krw_monthly.csv,ok
2019-09,GLOBAL,IDR,fx_krw_avg,0.0848,KRW/unit,actual,2026-08-11,fx_krw_monthly.csv,ok
2019-10,GLOBAL,IDR,fx_krw_avg,0.0839,KRW/unit,actual,2026-08-11,fx_krw_monthly.csv,ok
2019-11,GLOBAL,IDR,fx_krw_avg,0.0831,KRW/unit,actual,2026-08-11,fx_krw_monthly.csv,ok
2019-12,GLOBAL,IDR,fx_krw_avg,0.0839,KRW/unit,actual,2026-08-11,fx_krw_monthly.csv,ok
2020-01,GLOBAL,IDR,fx_krw_avg,0.0851,KRW/unit,actual,2026-08-11,fx_krw_monthly.csv,ok
2020-02,GLOBAL,IDR,fx_krw_avg,0.0867,KRW/unit,actual,2026-08-11,fx_krw_monthly.csv,ok
2020-03,GLOBAL,IDR,fx_krw_avg,0.0801,KRW/unit,actual,2026-08-11,fx_krw_monthly.csv,ok
2020-04,GLOBAL,IDR,fx_krw_avg,0.0774,KRW/unit,actual,2026-08-11,fx_krw_monthly.csv,ok
2020-05,GLOBAL,IDR,fx_krw_avg,0.0828,KRW/unit,actual,2026-08-11,fx_krw_monthly.csv,ok
2020-06,GLOBAL,IDR,fx_krw_avg,0.085,KRW/unit,actual,2026-08-11,fx_krw_monthly.csv,ok
2020-07,GLOBAL,IDR,fx_krw_avg,0.0825,KRW/unit,actual,2026-08-11,fx_krw_monthly.csv,ok
2020-08,GLOBAL,IDR,fx_krw_avg,0.0806,KRW/unit,actual,2026-08-11,fx_krw_monthly.csv,ok
2020-09,GLOBAL,IDR,fx_krw_avg,0.0794,KRW/unit,actual,2026-08-11,fx_krw_monthly.csv,ok
2020-10,GLOBAL,IDR,fx_krw_avg,0.0776,KRW/unit,actual,2026-08-11,fx_krw_monthly.csv,ok
2020-11,GLOBAL,IDR,fx_krw_avg,0.0785,KRW/unit,actual,2026-08-11,fx_krw_monthly.csv,ok
2020-12,GLOBAL,IDR,fx_krw_avg,0.0774,KRW/unit,actual,2026-08-11,fx_krw_monthly.csv,ok
2021-01,GLOBAL,IDR,fx_krw_avg,0.0782,KRW/unit,actual,2026-08-11,fx_krw_monthly.csv,ok
2021-02,GLOBAL,IDR,fx_krw_avg,0.0791,KRW/unit,actual,2026-08-11,fx_krw_monthly.csv,ok
2021-03,GLOBAL,IDR,fx_krw_avg,0.0785,KRW/unit,actual,2026-08-11,fx_krw_monthly.csv,ok
2021-04,GLOBAL,IDR,fx_krw_avg,0.0768,KRW/unit,actual,2026-08-11,fx_krw_monthly.csv,ok
2021-05,GLOBAL,IDR,fx_krw_avg,0.0784,KRW/unit,actual,2026-08-11,fx_krw_monthly.csv,ok
2021-06,GLOBAL,IDR,fx_krw_avg,0.0782,KRW/unit,actual,2026-08-11,fx_krw_monthly.csv,ok
2021-07,GLOBAL,IDR,fx_krw_avg,0.079,KRW/unit,actual,2026-08-11,fx_krw_monthly.csv,ok
2021-08,GLOBAL,IDR,fx_krw_avg,0.0807,KRW/unit,actual,2026-08-11,fx_krw_monthly.csv,ok
2021-09,GLOBAL,IDR,fx_krw_avg,0.0823,KRW/unit,actual,2026-08-11,fx_krw_monthly.csv,ok
2021-10,GLOBAL,IDR,fx_krw_avg,0.0834,KRW/unit,actual,2026-08-11,fx_krw_monthly.csv,ok
2021-11,GLOBAL,IDR,fx_krw_avg,0.0829,KRW/unit,actual,2026-08-11,fx_krw_monthly.csv,ok
2021-12,GLOBAL,IDR,fx_krw_avg,0.0827,KRW/unit,actual,2026-08-11,fx_krw_monthly.csv,ok
2022-01,GLOBAL,IDR,fx_krw_avg,0.0834,KRW/unit,actual,2026-08-11,fx_krw_monthly.csv,ok
2022-02,GLOBAL,IDR,fx_krw_avg,0.0835,KRW/unit,actual,2026-08-11,fx_krw_monthly.csv,ok
2022-03,GLOBAL,IDR,fx_krw_avg,0.0852,KRW/unit,actual,2026-08-11,fx_krw_monthly.csv,ok
2022-04,GLOBAL,IDR,fx_krw_avg,0.0859,KRW/unit,actual,2026-08-11,fx_krw_monthly.csv,ok
2022-05,GLOBAL,IDR,fx_krw_avg,0.0869,KRW/unit,actual,2026-08-11,fx_krw_monthly.csv,ok
2022-06,GLOBAL,IDR,fx_krw_avg,0.087,KRW/unit,actual,2026-08-11,fx_krw_monthly.csv,ok
2022-07,GLOBAL,IDR,fx_krw_avg,0.0873,KRW/unit,actual,2026-08-11,fx_krw_monthly.csv,ok
2022-08,GLOBAL,IDR,fx_krw_avg,0.0891,KRW/unit,actual,2026-08-11,fx_krw_monthly.csv,ok
2022-09,GLOBAL,IDR,fx_krw_avg,0.0931,KRW/unit,actual,2026-08-11,fx_krw_monthly.csv,ok
2022-10,GLOBAL,IDR,fx_krw_avg,0.0925,KRW/unit,actual,2026-08-11,fx_krw_monthly.csv,ok
2022-11,GLOBAL,IDR,fx_krw_avg,0.0867,KRW/unit,actual,2026-08-11,fx_krw_monthly.csv,ok
2022-12,GLOBAL,IDR,fx_krw_avg,0.0831,KRW/unit,actual,2026-08-11,fx_krw_monthly.csv,ok
2023-01,GLOBAL,IDR,fx_krw_avg,0.0817,KRW/unit,actual,2026-08-11,fx_krw_monthly.csv,ok
2023-02,GLOBAL,IDR,fx_krw_avg,0.0843,KRW/unit,actual,2026-08-11,fx_krw_monthly.csv,ok
2023-03,GLOBAL,IDR,fx_krw_avg,0.0854,KRW/unit,actual,2026-08-11,fx_krw_monthly.csv,ok
2023-04,GLOBAL,IDR,fx_krw_avg,0.089,KRW/unit,actual,2026-08-11,fx_krw_monthly.csv,ok
2023-05,GLOBAL,IDR,fx_krw_avg,0.0895,KRW/unit,actual,2026-08-11,fx_krw_monthly.csv,ok
2023-06,GLOBAL,IDR,fx_krw_avg,0.0868,KRW/unit,actual,2026-08-11,fx_krw_monthly.csv,ok
2023-07,GLOBAL,IDR,fx_krw_avg,0.0853,KRW/unit,actual,2026-08-11,fx_krw_monthly.csv,ok
2023-08,GLOBAL,IDR,fx_krw_avg,0.0867,KRW/unit,actual,2026-08-11,fx_krw_monthly.csv,ok
2023-09,GLOBAL,IDR,fx_krw_avg,0.0867,KRW/unit,actual,2026-08-11,fx_krw_monthly.csv,ok
2023-10,GLOBAL,IDR,fx_krw_avg,0.0857,KRW/unit,actual,2026-08-11,fx_krw_monthly.csv,ok
2023-11,GLOBAL,IDR,fx_krw_avg,0.0838,KRW/unit,actual,2026-08-11,fx_krw_monthly.csv,ok
2023-12,GLOBAL,IDR,fx_krw_avg,0.0842,KRW/unit,actual,2026-08-11,fx_krw_monthly.csv,ok
2024-01,GLOBAL,IDR,fx_krw_avg,0.0849,KRW/unit,actual,2026-08-11,fx_krw_monthly.csv,ok
2024-02,GLOBAL,IDR,fx_krw_avg,0.0851,KRW/unit,actual,2026-08-11,fx_krw_monthly.csv,ok
2024-03,GLOBAL,IDR,fx_krw_avg,0.0849,KRW/unit,actual,2026-08-11,fx_krw_monthly.csv,ok
2024-04,GLOBAL,IDR,fx_krw_avg,0.0851,KRW/unit,actual,2026-08-11,fx_krw_monthly.csv,ok
2024-05,GLOBAL,IDR,fx_krw_avg,0.0849,KRW/unit,actual,2026-08-11,fx_krw_monthly.csv,ok
2024-06,GLOBAL,IDR,fx_krw_avg,0.0844,KRW/unit,actual,2026-08-11,fx_krw_monthly.csv,ok
2024-07,GLOBAL,IDR,fx_krw_avg,0.0851,KRW/unit,actual,2026-08-11,fx_krw_monthly.csv,ok
2024-08,GLOBAL,IDR,fx_krw_avg,0.0858,KRW/unit,actual,2026-08-11,fx_krw_monthly.csv,ok
2024-09,GLOBAL,IDR,fx_krw_avg,0.0869,KRW/unit,actual,2026-08-11,fx_krw_monthly.csv,ok
2024-10,GLOBAL,IDR,fx_krw_avg,0.0874,KRW/unit,actual,2026-08-11,fx_krw_monthly.csv,ok
2024-11,GLOBAL,IDR,fx_krw_avg,0.0881,KRW/unit,actual,2026-08-11,fx_krw_monthly.csv,ok
2024-12,GLOBAL,IDR,fx_krw_avg,0.0896,KRW/unit,actual,2026-08-11,fx_krw_monthly.csv,ok
2025-01,GLOBAL,IDR,fx_krw_avg,0.0893,KRW/unit,actual,2026-08-11,fx_krw_monthly.csv,ok
2025-02,GLOBAL,IDR,fx_krw_avg,0.0884,KRW/unit,actual,2026-08-11,fx_krw_monthly.csv,ok
2025-03,GLOBAL,IDR,fx_krw_avg,0.0886,KRW/unit,actual,2026-08-11,fx_krw_monthly.csv,ok
2025-04,GLOBAL,IDR,fx_krw_avg,0.0857,KRW/unit,actual,2026-08-11,fx_krw_monthly.csv,ok
2025-05,GLOBAL,IDR,fx_krw_avg,0.0845,KRW/unit,actual,2026-08-11,fx_krw_monthly.csv,ok
2025-06,GLOBAL,IDR,fx_krw_avg,0.0838,KRW/unit,actual,2026-08-11,fx_krw_monthly.csv,ok
2025-07,GLOBAL,IDR,fx_krw_avg,0.0845,KRW/unit,actual,2026-08-11,fx_krw_monthly.csv,ok
2025-08,GLOBAL,IDR,fx_krw_avg,0.0853,KRW/unit,actual,2026-08-11,fx_krw_monthly.csv,ok
2025-09,GLOBAL,IDR,fx_krw_avg,0.0842,KRW/unit,actual,2026-08-11,fx_krw_monthly.csv,ok
2025-10,GLOBAL,IDR,fx_krw_avg,0.0858,KRW/unit,actual,2026-08-11,fx_krw_monthly.csv,ok
2025-11,GLOBAL,IDR,fx_krw_avg,0.0874,KRW/unit,actual,2026-08-11,fx_krw_monthly.csv,ok
2025-12,GLOBAL,IDR,fx_krw_avg,0.0879,KRW/unit,actual,2026-08-11,fx_krw_monthly.csv,ok
2026-01,GLOBAL,IDR,fx_krw_avg,0.0866,KRW/unit,actual,2026-08-11,fx_krw_monthly.csv,ok
2026-02,GLOBAL,IDR,fx_krw_avg,0.0861,KRW/unit,actual,2026-08-11,fx_krw_monthly.csv,ok
2026-03,GLOBAL,IDR,fx_krw_avg,0.0881,KRW/unit,actual,2026-08-11,fx_krw_monthly.csv,ok
2026-04,GLOBAL,IDR,fx_krw_avg,0.0863,KRW/unit,actual,2026-08-11,fx_krw_monthly.csv,ok
2026-05,GLOBAL,IDR,fx_krw_avg,0.0847,KRW/unit,actual,2026-08-11,fx_krw_monthly.csv,ok
2026-06,GLOBAL,IDR,fx_krw_avg,0.0855,KRW/unit,actual,2026-08-11,fx_krw_monthly.csv,ok
2026-07,GLOBAL,IDR,fx_krw_avg,0.0828,KRW/unit,actual,2026-08-11,fx_krw_monthly.csv,ok
2026-08,GLOBAL,IDR,fx_krw_avg,0.0795,KRW/unit,actual,2026-08-11,fx_krw_monthly.csv,partial
2014-12,GLOBAL,IDR,fx_krw_eom,0.0879,KRW/unit,actual,2026-08-11,fx_krw_monthly.csv,partial
2015-01,GLOBAL,IDR,fx_krw_eom,0.0869,KRW/unit,actual,2026-08-11,fx_krw_monthly.csv,ok
2015-02,GLOBAL,IDR,fx_krw_eom,0.0849,KRW/unit,actual,2026-08-11,fx_krw_monthly.csv,ok
2015-03,GLOBAL,IDR,fx_krw_eom,0.0849,KRW/unit,actual,2026-08-11,fx_krw_monthly.csv,ok
2015-04,GLOBAL,IDR,fx_krw_eom,0.0827,KRW/unit,actual,2026-08-11,fx_krw_monthly.csv,ok
2015-05,GLOBAL,IDR,fx_krw_eom,0.0841,KRW/unit,actual,2026-08-11,fx_krw_monthly.csv,ok
2015-06,GLOBAL,IDR,fx_krw_eom,0.0838,KRW/unit,actual,2026-08-11,fx_krw_monthly.csv,ok
2015-07,GLOBAL,IDR,fx_krw_eom,0.0866,KRW/unit,actual,2026-08-11,fx_krw_monthly.csv,ok
2015-08,GLOBAL,IDR,fx_krw_eom,0.0841,KRW/unit,actual,2026-08-11,fx_krw_monthly.csv,ok
2015-09,GLOBAL,IDR,fx_krw_eom,0.0813,KRW/unit,actual,2026-08-11,fx_krw_monthly.csv,ok
2015-10,GLOBAL,IDR,fx_krw_eom,0.0832,KRW/unit,actual,2026-08-11,fx_krw_monthly.csv,ok
2015-11,GLOBAL,IDR,fx_krw_eom,0.0836,KRW/unit,actual,2026-08-11,fx_krw_monthly.csv,ok
2015-12,GLOBAL,IDR,fx_krw_eom,0.0852,KRW/unit,actual,2026-08-11,fx_krw_monthly.csv,ok
2016-01,GLOBAL,IDR,fx_krw_eom,0.0881,KRW/unit,actual,2026-08-11,fx_krw_monthly.csv,ok
2016-02,GLOBAL,IDR,fx_krw_eom,0.0926,KRW/unit,actual,2026-08-11,fx_krw_monthly.csv,ok
2016-03,GLOBAL,IDR,fx_krw_eom,0.0862,KRW/unit,actual,2026-08-11,fx_krw_monthly.csv,ok
2016-04,GLOBAL,IDR,fx_krw_eom,0.0866,KRW/unit,actual,2026-08-11,fx_krw_monthly.csv,ok
2016-05,GLOBAL,IDR,fx_krw_eom,0.0874,KRW/unit,actual,2026-08-11,fx_krw_monthly.csv,ok
2016-06,GLOBAL,IDR,fx_krw_eom,0.0876,KRW/unit,actual,2026-08-11,fx_krw_monthly.csv,ok
2016-07,GLOBAL,IDR,fx_krw_eom,0.0856,KRW/unit,actual,2026-08-11,fx_krw_monthly.csv,ok
2016-08,GLOBAL,IDR,fx_krw_eom,0.0841,KRW/unit,actual,2026-08-11,fx_krw_monthly.csv,ok
2016-09,GLOBAL,IDR,fx_krw_eom,0.0844,KRW/unit,actual,2026-08-11,fx_krw_monthly.csv,ok
2016-10,GLOBAL,IDR,fx_krw_eom,0.0879,KRW/unit,actual,2026-08-11,fx_krw_monthly.csv,ok
2016-11,GLOBAL,IDR,fx_krw_eom,0.0865,KRW/unit,actual,2026-08-11,fx_krw_monthly.csv,ok
2016-12,GLOBAL,IDR,fx_krw_eom,0.0896,KRW/unit,actual,2026-08-11,fx_krw_monthly.csv,ok
2017-01,GLOBAL,IDR,fx_krw_eom,0.0867,KRW/unit,actual,2026-08-11,fx_krw_monthly.csv,ok
2017-02,GLOBAL,IDR,fx_krw_eom,0.0845,KRW/unit,actual,2026-08-11,fx_krw_monthly.csv,ok
2017-03,GLOBAL,IDR,fx_krw_eom,0.0839,KRW/unit,actual,2026-08-11,fx_krw_monthly.csv,ok
2017-04,GLOBAL,IDR,fx_krw_eom,0.0854,KRW/unit,actual,2026-08-11,fx_krw_monthly.csv,ok
2017-05,GLOBAL,IDR,fx_krw_eom,0.084,KRW/unit,actual,2026-08-11,fx_krw_monthly.csv,ok
2017-06,GLOBAL,IDR,fx_krw_eom,0.0858,KRW/unit,actual,2026-08-11,fx_krw_monthly.csv,ok
2017-07,GLOBAL,IDR,fx_krw_eom,0.0842,KRW/unit,actual,2026-08-11,fx_krw_monthly.csv,ok
2017-08,GLOBAL,IDR,fx_krw_eom,0.0843,KRW/unit,actual,2026-08-11,fx_krw_monthly.csv,ok
2017-09,GLOBAL,IDR,fx_krw_eom,0.0851,KRW/unit,actual,2026-08-11,fx_krw_monthly.csv,ok
2017-10,GLOBAL,IDR,fx_krw_eom,0.0824,KRW/unit,actual,2026-08-11,fx_krw_monthly.csv,ok
2017-11,GLOBAL,IDR,fx_krw_eom,0.0803,KRW/unit,actual,2026-08-11,fx_krw_monthly.csv,ok
2017-12,GLOBAL,IDR,fx_krw_eom,0.0788,KRW/unit,actual,2026-08-11,fx_krw_monthly.csv,ok
2018-01,GLOBAL,IDR,fx_krw_eom,0.0796,KRW/unit,actual,2026-08-11,fx_krw_monthly.csv,ok
2018-02,GLOBAL,IDR,fx_krw_eom,0.0786,KRW/unit,actual,2026-08-11,fx_krw_monthly.csv,ok
2018-03,GLOBAL,IDR,fx_krw_eom,0.0774,KRW/unit,actual,2026-08-11,fx_krw_monthly.csv,ok
2018-04,GLOBAL,IDR,fx_krw_eom,0.0769,KRW/unit,actual,2026-08-11,fx_krw_monthly.csv,ok
2018-05,GLOBAL,IDR,fx_krw_eom,0.0775,KRW/unit,actual,2026-08-11,fx_krw_monthly.csv,ok
2018-06,GLOBAL,IDR,fx_krw_eom,0.0779,KRW/unit,actual,2026-08-11,fx_krw_monthly.csv,ok
2018-07,GLOBAL,IDR,fx_krw_eom,0.0776,KRW/unit,actual,2026-08-11,fx_krw_monthly.csv,ok
2018-08,GLOBAL,IDR,fx_krw_eom,0.0756,KRW/unit,actual,2026-08-11,fx_krw_monthly.csv,ok
2018-09,GLOBAL,IDR,fx_krw_eom,0.0745,KRW/unit,actual,2026-08-11,fx_krw_monthly.csv,ok
2018-10,GLOBAL,IDR,fx_krw_eom,0.075,KRW/unit,actual,2026-08-11,fx_krw_monthly.csv,ok
2018-11,GLOBAL,IDR,fx_krw_eom,0.0784,KRW/unit,actual,2026-08-11,fx_krw_monthly.csv,ok
2018-12,GLOBAL,IDR,fx_krw_eom,0.0775,KRW/unit,actual,2026-08-11,fx_krw_monthly.csv,ok
2019-01,GLOBAL,IDR,fx_krw_eom,0.0799,KRW/unit,actual,2026-08-11,fx_krw_monthly.csv,ok
2019-02,GLOBAL,IDR,fx_krw_eom,0.0797,KRW/unit,actual,2026-08-11,fx_krw_monthly.csv,ok
2019-03,GLOBAL,IDR,fx_krw_eom,0.0798,KRW/unit,actual,2026-08-11,fx_krw_monthly.csv,ok
2019-04,GLOBAL,IDR,fx_krw_eom,0.082,KRW/unit,actual,2026-08-11,fx_krw_monthly.csv,ok
2019-05,GLOBAL,IDR,fx_krw_eom,0.0831,KRW/unit,actual,2026-08-11,fx_krw_monthly.csv,ok
2019-06,GLOBAL,IDR,fx_krw_eom,0.0818,KRW/unit,actual,2026-08-11,fx_krw_monthly.csv,ok
2019-07,GLOBAL,IDR,fx_krw_eom,0.0843,KRW/unit,actual,2026-08-11,fx_krw_monthly.csv,ok
2019-08,GLOBAL,IDR,fx_krw_eom,0.0852,KRW/unit,actual,2026-08-11,fx_krw_monthly.csv,ok
2019-09,GLOBAL,IDR,fx_krw_eom,0.0844,KRW/unit,actual,2026-08-11,fx_krw_monthly.csv,ok
2019-10,GLOBAL,IDR,fx_krw_eom,0.083,KRW/unit,actual,2026-08-11,fx_krw_monthly.csv,ok
2019-11,GLOBAL,IDR,fx_krw_eom,0.0837,KRW/unit,actual,2026-08-11,fx_krw_monthly.csv,ok
2019-12,GLOBAL,IDR,fx_krw_eom,0.0831,KRW/unit,actual,2026-08-11,fx_krw_monthly.csv,ok
2020-01,GLOBAL,IDR,fx_krw_eom,0.0876,KRW/unit,actual,2026-08-11,fx_krw_monthly.csv,ok
2020-02,GLOBAL,IDR,fx_krw_eom,0.0841,KRW/unit,actual,2026-08-11,fx_krw_monthly.csv,ok
2020-03,GLOBAL,IDR,fx_krw_eom,0.075,KRW/unit,actual,2026-08-11,fx_krw_monthly.csv,ok
2020-04,GLOBAL,IDR,fx_krw_eom,0.0812,KRW/unit,actual,2026-08-11,fx_krw_monthly.csv,ok
2020-05,GLOBAL,IDR,fx_krw_eom,0.0846,KRW/unit,actual,2026-08-11,fx_krw_monthly.csv,ok
2020-06,GLOBAL,IDR,fx_krw_eom,0.0832,KRW/unit,actual,2026-08-11,fx_krw_monthly.csv,ok
2020-07,GLOBAL,IDR,fx_krw_eom,0.0812,KRW/unit,actual,2026-08-11,fx_krw_monthly.csv,ok
2020-08,GLOBAL,IDR,fx_krw_eom,0.0813,KRW/unit,actual,2026-08-11,fx_krw_monthly.csv,ok
2020-09,GLOBAL,IDR,fx_krw_eom,0.0782,KRW/unit,actual,2026-08-11,fx_krw_monthly.csv,ok
2020-10,GLOBAL,IDR,fx_krw_eom,0.0774,KRW/unit,actual,2026-08-11,fx_krw_monthly.csv,ok
2020-11,GLOBAL,IDR,fx_krw_eom,0.0782,KRW/unit,actual,2026-08-11,fx_krw_monthly.csv,ok
2020-12,GLOBAL,IDR,fx_krw_eom,0.0775,KRW/unit,actual,2026-08-11,fx_krw_monthly.csv,ok
2021-01,GLOBAL,IDR,fx_krw_eom,0.0797,KRW/unit,actual,2026-08-11,fx_krw_monthly.csv,ok
2021-02,GLOBAL,IDR,fx_krw_eom,0.0788,KRW/unit,actual,2026-08-11,fx_krw_monthly.csv,ok
2021-03,GLOBAL,IDR,fx_krw_eom,0.0778,KRW/unit,actual,2026-08-11,fx_krw_monthly.csv,ok
2021-04,GLOBAL,IDR,fx_krw_eom,0.0773,KRW/unit,actual,2026-08-11,fx_krw_monthly.csv,ok
2021-05,GLOBAL,IDR,fx_krw_eom,0.0777,KRW/unit,actual,2026-08-11,fx_krw_monthly.csv,ok
2021-06,GLOBAL,IDR,fx_krw_eom,0.0776,KRW/unit,actual,2026-08-11,fx_krw_monthly.csv,ok
2021-07,GLOBAL,IDR,fx_krw_eom,0.0796,KRW/unit,actual,2026-08-11,fx_krw_monthly.csv,ok
2021-08,GLOBAL,IDR,fx_krw_eom,0.0812,KRW/unit,actual,2026-08-11,fx_krw_monthly.csv,ok
2021-09,GLOBAL,IDR,fx_krw_eom,0.0828,KRW/unit,actual,2026-08-11,fx_krw_monthly.csv,ok
2021-10,GLOBAL,IDR,fx_krw_eom,0.0823,KRW/unit,actual,2026-08-11,fx_krw_monthly.csv,ok
2021-11,GLOBAL,IDR,fx_krw_eom,0.083,KRW/unit,actual,2026-08-11,fx_krw_monthly.csv,ok
2021-12,GLOBAL,IDR,fx_krw_eom,0.0836,KRW/unit,actual,2026-08-11,fx_krw_monthly.csv,ok
2022-01,GLOBAL,IDR,fx_krw_eom,0.0841,KRW/unit,actual,2026-08-11,fx_krw_monthly.csv,ok
2022-02,GLOBAL,IDR,fx_krw_eom,0.0837,KRW/unit,actual,2026-08-11,fx_krw_monthly.csv,ok
2022-03,GLOBAL,IDR,fx_krw_eom,0.0845,KRW/unit,actual,2026-08-11,fx_krw_monthly.csv,ok
2022-04,GLOBAL,IDR,fx_krw_eom,0.0867,KRW/unit,actual,2026-08-11,fx_krw_monthly.csv,ok
2022-05,GLOBAL,IDR,fx_krw_eom,0.0853,KRW/unit,actual,2026-08-11,fx_krw_monthly.csv,ok
2022-06,GLOBAL,IDR,fx_krw_eom,0.0869,KRW/unit,actual,2026-08-11,fx_krw_monthly.csv,ok
2022-07,GLOBAL,IDR,fx_krw_eom,0.0877,KRW/unit,actual,2026-08-11,fx_krw_monthly.csv,ok
2022-08,GLOBAL,IDR,fx_krw_eom,0.0904,KRW/unit,actual,2026-08-11,fx_krw_monthly.csv,ok
2022-09,GLOBAL,IDR,fx_krw_eom,0.0942,KRW/unit,actual,2026-08-11,fx_krw_monthly.csv,ok
2022-10,GLOBAL,IDR,fx_krw_eom,0.0914,KRW/unit,actual,2026-08-11,fx_krw_monthly.csv,ok
2022-11,GLOBAL,IDR,fx_krw_eom,0.0839,KRW/unit,actual,2026-08-11,fx_krw_monthly.csv,ok
2022-12,GLOBAL,IDR,fx_krw_eom,0.0814,KRW/unit,actual,2026-08-11,fx_krw_monthly.csv,ok
2023-01,GLOBAL,IDR,fx_krw_eom,0.0822,KRW/unit,actual,2026-08-11,fx_krw_monthly.csv,ok
2023-02,GLOBAL,IDR,fx_krw_eom,0.0866,KRW/unit,actual,2026-08-11,fx_krw_monthly.csv,ok
2023-03,GLOBAL,IDR,fx_krw_eom,0.0871,KRW/unit,actual,2026-08-11,fx_krw_monthly.csv,ok
2023-04,GLOBAL,IDR,fx_krw_eom,0.0913,KRW/unit,actual,2026-08-11,fx_krw_monthly.csv,ok
2023-05,GLOBAL,IDR,fx_krw_eom,0.0884,KRW/unit,actual,2026-08-11,fx_krw_monthly.csv,ok
2023-06,GLOBAL,IDR,fx_krw_eom,0.0876,KRW/unit,actual,2026-08-11,fx_krw_monthly.csv,ok
2023-07,GLOBAL,IDR,fx_krw_eom,0.0846,KRW/unit,actual,2026-08-11,fx_krw_monthly.csv,ok
2023-08,GLOBAL,IDR,fx_krw_eom,0.087,KRW/unit,actual,2026-08-11,fx_krw_monthly.csv,ok
2023-09,GLOBAL,IDR,fx_krw_eom,0.087,KRW/unit,actual,2026-08-11,fx_krw_monthly.csv,ok
2023-10,GLOBAL,IDR,fx_krw_eom,0.0851,KRW/unit,actual,2026-08-11,fx_krw_monthly.csv,ok
2023-11,GLOBAL,IDR,fx_krw_eom,0.0836,KRW/unit,actual,2026-08-11,fx_krw_monthly.csv,ok
2023-12,GLOBAL,IDR,fx_krw_eom,0.0839,KRW/unit,actual,2026-08-11,fx_krw_monthly.csv,ok
2024-01,GLOBAL,IDR,fx_krw_eom,0.0846,KRW/unit,actual,2026-08-11,fx_krw_monthly.csv,ok
2024-02,GLOBAL,IDR,fx_krw_eom,0.085,KRW/unit,actual,2026-08-11,fx_krw_monthly.csv,ok
2024-03,GLOBAL,IDR,fx_krw_eom,0.085,KRW/unit,actual,2026-08-11,fx_krw_monthly.csv,ok
2024-04,GLOBAL,IDR,fx_krw_eom,0.0849,KRW/unit,actual,2026-08-11,fx_krw_monthly.csv,ok
2024-05,GLOBAL,IDR,fx_krw_eom,0.0851,KRW/unit,actual,2026-08-11,fx_krw_monthly.csv,ok
2024-06,GLOBAL,IDR,fx_krw_eom,0.0843,KRW/unit,actual,2026-08-11,fx_krw_monthly.csv,ok
2024-07,GLOBAL,IDR,fx_krw_eom,0.0843,KRW/unit,actual,2026-08-11,fx_krw_monthly.csv,ok
2024-08,GLOBAL,IDR,fx_krw_eom,0.0861,KRW/unit,actual,2026-08-11,fx_krw_monthly.csv,ok
2024-09,GLOBAL,IDR,fx_krw_eom,0.0865,KRW/unit,actual,2026-08-11,fx_krw_monthly.csv,ok
2024-10,GLOBAL,IDR,fx_krw_eom,0.0877,KRW/unit,actual,2026-08-11,fx_krw_monthly.csv,ok
2024-11,GLOBAL,IDR,fx_krw_eom,0.0881,KRW/unit,actual,2026-08-11,fx_krw_monthly.csv,ok
2024-12,GLOBAL,IDR,fx_krw_eom,0.0911,KRW/unit,actual,2026-08-11,fx_krw_monthly.csv,ok
2025-01,GLOBAL,IDR,fx_krw_eom,0.0889,KRW/unit,actual,2026-08-11,fx_krw_monthly.csv,ok
2025-02,GLOBAL,IDR,fx_krw_eom,0.0882,KRW/unit,actual,2026-08-11,fx_krw_monthly.csv,ok
2025-03,GLOBAL,IDR,fx_krw_eom,0.0886,KRW/unit,actual,2026-08-11,fx_krw_monthly.csv,ok
2025-04,GLOBAL,IDR,fx_krw_eom,0.0856,KRW/unit,actual,2026-08-11,fx_krw_monthly.csv,ok
2025-05,GLOBAL,IDR,fx_krw_eom,0.0844,KRW/unit,actual,2026-08-11,fx_krw_monthly.csv,ok
2025-06,GLOBAL,IDR,fx_krw_eom,0.0835,KRW/unit,actual,2026-08-11,fx_krw_monthly.csv,ok
2025-07,GLOBAL,IDR,fx_krw_eom,0.0845,KRW/unit,actual,2026-08-11,fx_krw_monthly.csv,ok
2025-08,GLOBAL,IDR,fx_krw_eom,0.0845,KRW/unit,actual,2026-08-11,fx_krw_monthly.csv,ok
2025-09,GLOBAL,IDR,fx_krw_eom,0.0842,KRW/unit,actual,2026-08-11,fx_krw_monthly.csv,ok
2025-10,GLOBAL,IDR,fx_krw_eom,0.0857,KRW/unit,actual,2026-08-11,fx_krw_monthly.csv,ok
2025-11,GLOBAL,IDR,fx_krw_eom,0.0882,KRW/unit,actual,2026-08-11,fx_krw_monthly.csv,ok
2025-12,GLOBAL,IDR,fx_krw_eom,0.0864,KRW/unit,actual,2026-08-11,fx_krw_monthly.csv,ok
2026-01,GLOBAL,IDR,fx_krw_eom,0.0859,KRW/unit,actual,2026-08-11,fx_krw_monthly.csv,ok
2026-02,GLOBAL,IDR,fx_krw_eom,0.0858,KRW/unit,actual,2026-08-11,fx_krw_monthly.csv,ok
2026-03,GLOBAL,IDR,fx_krw_eom,0.0899,KRW/unit,actual,2026-08-11,fx_krw_monthly.csv,ok
2026-04,GLOBAL,IDR,fx_krw_eom,0.0852,KRW/unit,actual,2026-08-11,fx_krw_monthly.csv,ok
2026-05,GLOBAL,IDR,fx_krw_eom,0.0845,KRW/unit,actual,2026-08-11,fx_krw_monthly.csv,ok
2026-06,GLOBAL,IDR,fx_krw_eom,0.0866,KRW/unit,actual,2026-08-11,fx_krw_monthly.csv,ok
2026-07,GLOBAL,IDR,fx_krw_eom,0.08,KRW/unit,actual,2026-08-11,fx_krw_monthly.csv,ok
2026-08,GLOBAL,IDR,fx_krw_eom,0.0798,KRW/unit,actual,2026-08-11,fx_krw_monthly.csv,partial
2014-12,GLOBAL,PLN,fx_krw_avg,310.025,KRW/unit,actual,2026-08-11,fx_krw_monthly.csv,partial
2015-01,GLOBAL,PLN,fx_krw_avg,295.935,KRW/unit,actual,2026-08-11,fx_krw_monthly.csv,ok
2015-02,GLOBAL,PLN,fx_krw_avg,299.451,KRW/unit,actual,2026-08-11,fx_krw_monthly.csv,ok
2015-03,GLOBAL,PLN,fx_krw_avg,292.282,KRW/unit,actual,2026-08-11,fx_krw_monthly.csv,ok
2015-04,GLOBAL,PLN,fx_krw_avg,291.267,KRW/unit,actual,2026-08-11,fx_krw_monthly.csv,ok
2015-05,GLOBAL,PLN,fx_krw_avg,299.017,KRW/unit,actual,2026-08-11,fx_krw_monthly.csv,ok
2015-06,GLOBAL,PLN,fx_krw_avg,300.289,KRW/unit,actual,2026-08-11,fx_krw_monthly.csv,ok
2015-07,GLOBAL,PLN,fx_krw_avg,303.66,KRW/unit,actual,2026-08-11,fx_krw_monthly.csv,ok
2015-08,GLOBAL,PLN,fx_krw_avg,313.065,KRW/unit,actual,2026-08-11,fx_krw_monthly.csv,ok
2015-09,GLOBAL,PLN,fx_krw_avg,315.335,KRW/unit,actual,2026-08-11,fx_krw_monthly.csv,ok
2015-10,GLOBAL,PLN,fx_krw_avg,302.57,KRW/unit,actual,2026-08-11,fx_krw_monthly.csv,ok
2015-11,GLOBAL,PLN,fx_krw_avg,291.618,KRW/unit,actual,2026-08-11,fx_krw_monthly.csv,ok
2015-12,GLOBAL,PLN,fx_krw_avg,297.814,KRW/unit,actual,2026-08-11,fx_krw_monthly.csv,ok
2016-01,GLOBAL,PLN,fx_krw_avg,296.717,KRW/unit,actual,2026-08-11,fx_krw_monthly.csv,ok
2016-02,GLOBAL,PLN,fx_krw_avg,306.993,KRW/unit,actual,2026-08-11,fx_krw_monthly.csv,ok
2016-03,GLOBAL,PLN,fx_krw_avg,306.272,KRW/unit,actual,2026-08-11,fx_krw_monthly.csv,ok
2016-04,GLOBAL,PLN,fx_krw_avg,301.774,KRW/unit,actual,2026-08-11,fx_krw_monthly.csv,ok
2016-05,GLOBAL,PLN,fx_krw_avg,301.886,KRW/unit,actual,2026-08-11,fx_krw_monthly.csv,ok
2016-06,GLOBAL,PLN,fx_krw_avg,297.923,KRW/unit,actual,2026-08-11,fx_krw_monthly.csv,ok
2016-07,GLOBAL,PLN,fx_krw_avg,287.515,KRW/unit,actual,2026-08-11,fx_krw_monthly.csv,ok
2016-08,GLOBAL,PLN,fx_krw_avg,289.632,KRW/unit,actual,2026-08-11,fx_krw_monthly.csv,ok
2016-09,GLOBAL,PLN,fx_krw_avg,287.95,KRW/unit,actual,2026-08-11,fx_krw_monthly.csv,ok
2016-10,GLOBAL,PLN,fx_krw_avg,288.566,KRW/unit,actual,2026-08-11,fx_krw_monthly.csv,ok
2016-11,GLOBAL,PLN,fx_krw_avg,286.246,KRW/unit,actual,2026-08-11,fx_krw_monthly.csv,ok
2016-12,GLOBAL,PLN,fx_krw_avg,281.477,KRW/unit,actual,2026-08-11,fx_krw_monthly.csv,ok
2017-01,GLOBAL,PLN,fx_krw_avg,287.244,KRW/unit,actual,2026-08-11,fx_krw_monthly.csv,ok
2017-02,GLOBAL,PLN,fx_krw_avg,282.24,KRW/unit,actual,2026-08-11,fx_krw_monthly.csv,ok
2017-03,GLOBAL,PLN,fx_krw_avg,282.532,KRW/unit,actual,2026-08-11,fx_krw_monthly.csv,ok
2017-04,GLOBAL,PLN,fx_krw_avg,286.886,KRW/unit,actual,2026-08-11,fx_krw_monthly.csv,ok
2017-05,GLOBAL,PLN,fx_krw_avg,296.458,KRW/unit,actual,2026-08-11,fx_krw_monthly.csv,ok
2017-06,GLOBAL,PLN,fx_krw_avg,301.873,KRW/unit,actual,2026-08-11,fx_krw_monthly.csv,ok
2017-07,GLOBAL,PLN,fx_krw_avg,308.104,KRW/unit,actual,2026-08-11,fx_krw_monthly.csv,ok
2017-08,GLOBAL,PLN,fx_krw_avg,313.115,KRW/unit,actual,2026-08-11,fx_krw_monthly.csv,ok
2017-09,GLOBAL,PLN,fx_krw_avg,315.958,KRW/unit,actual,2026-08-11,fx_krw_monthly.csv,ok
2017-10,GLOBAL,PLN,fx_krw_avg,312.245,KRW/unit,actual,2026-08-11,fx_krw_monthly.csv,ok
2017-11,GLOBAL,PLN,fx_krw_avg,305.683,KRW/unit,actual,2026-08-11,fx_krw_monthly.csv,ok
2017-12,GLOBAL,PLN,fx_krw_avg,305.334,KRW/unit,actual,2026-08-11,fx_krw_monthly.csv,ok
2018-01,GLOBAL,PLN,fx_krw_avg,312.49,KRW/unit,actual,2026-08-11,fx_krw_monthly.csv,ok
2018-02,GLOBAL,PLN,fx_krw_avg,319.659,KRW/unit,actual,2026-08-11,fx_krw_monthly.csv,ok
2018-03,GLOBAL,PLN,fx_krw_avg,314.075,KRW/unit,actual,2026-08-11,fx_krw_monthly.csv,ok
2018-04,GLOBAL,PLN,fx_krw_avg,313.092,KRW/unit,actual,2026-08-11,fx_krw_monthly.csv,ok
2018-05,GLOBAL,PLN,fx_krw_avg,296.954,KRW/unit,actual,2026-08-11,fx_krw_monthly.csv,ok
2018-06,GLOBAL,PLN,fx_krw_avg,296.926,KRW/unit,actual,2026-08-11,fx_krw_monthly.csv,ok
2018-07,GLOBAL,PLN,fx_krw_avg,303.689,KRW/unit,actual,2026-08-11,fx_krw_monthly.csv,ok
2018-08,GLOBAL,PLN,fx_krw_avg,302.264,KRW/unit,actual,2026-08-11,fx_krw_monthly.csv,ok
2018-09,GLOBAL,PLN,fx_krw_avg,303.648,KRW/unit,actual,2026-08-11,fx_krw_monthly.csv,ok
2018-10,GLOBAL,PLN,fx_krw_avg,302.028,KRW/unit,actual,2026-08-11,fx_krw_monthly.csv,ok
2018-11,GLOBAL,PLN,fx_krw_avg,297.76,KRW/unit,actual,2026-08-11,fx_krw_monthly.csv,ok
2018-12,GLOBAL,PLN,fx_krw_avg,297.931,KRW/unit,actual,2026-08-11,fx_krw_monthly.csv,ok
2019-01,GLOBAL,PLN,fx_krw_avg,298.598,KRW/unit,actual,2026-08-11,fx_krw_monthly.csv,ok
2019-02,GLOBAL,PLN,fx_krw_avg,295.16,KRW/unit,actual,2026-08-11,fx_krw_monthly.csv,ok
2019-03,GLOBAL,PLN,fx_krw_avg,297.815,KRW/unit,actual,2026-08-11,fx_krw_monthly.csv,ok
2019-04,GLOBAL,PLN,fx_krw_avg,299.649,KRW/unit,actual,2026-08-11,fx_krw_monthly.csv,ok
2019-05,GLOBAL,PLN,fx_krw_avg,308.489,KRW/unit,actual,2026-08-11,fx_krw_monthly.csv,ok
2019-06,GLOBAL,PLN,fx_krw_avg,310.843,KRW/unit,actual,2026-08-11,fx_krw_monthly.csv,ok
2019-07,GLOBAL,PLN,fx_krw_avg,309.96,KRW/unit,actual,2026-08-11,fx_krw_monthly.csv,ok
2019-08,GLOBAL,PLN,fx_krw_avg,309.932,KRW/unit,actual,2026-08-11,fx_krw_monthly.csv,ok
2019-09,GLOBAL,PLN,fx_krw_avg,302.092,KRW/unit,actual,2026-08-11,fx_krw_monthly.csv,ok
2019-10,GLOBAL,PLN,fx_krw_avg,304.255,KRW/unit,actual,2026-08-11,fx_krw_monthly.csv,ok
2019-11,GLOBAL,PLN,fx_krw_avg,301.298,KRW/unit,actual,2026-08-11,fx_krw_monthly.csv,ok
2019-12,GLOBAL,PLN,fx_krw_avg,305.711,KRW/unit,actual,2026-08-11,fx_krw_monthly.csv,ok
2020-01,GLOBAL,PLN,fx_krw_avg,304.916,KRW/unit,actual,2026-08-11,fx_krw_monthly.csv,ok
2020-02,GLOBAL,PLN,fx_krw_avg,304.813,KRW/unit,actual,2026-08-11,fx_krw_monthly.csv,ok
2020-03,GLOBAL,PLN,fx_krw_avg,303.752,KRW/unit,actual,2026-08-11,fx_krw_monthly.csv,ok
2020-04,GLOBAL,PLN,fx_krw_avg,292.47,KRW/unit,actual,2026-08-11,fx_krw_monthly.csv,ok
2020-05,GLOBAL,PLN,fx_krw_avg,296.281,KRW/unit,actual,2026-08-11,fx_krw_monthly.csv,ok
2020-06,GLOBAL,PLN,fx_krw_avg,305.691,KRW/unit,actual,2026-08-11,fx_krw_monthly.csv,ok
2020-07,GLOBAL,PLN,fx_krw_avg,308.892,KRW/unit,actual,2026-08-11,fx_krw_monthly.csv,ok
2020-08,GLOBAL,PLN,fx_krw_avg,318.998,KRW/unit,actual,2026-08-11,fx_krw_monthly.csv,ok
2020-09,GLOBAL,PLN,fx_krw_avg,310.544,KRW/unit,actual,2026-08-11,fx_krw_monthly.csv,ok
2020-10,GLOBAL,PLN,fx_krw_avg,296.674,KRW/unit,actual,2026-08-11,fx_krw_monthly.csv,ok
2020-11,GLOBAL,PLN,fx_krw_avg,293.607,KRW/unit,actual,2026-08-11,fx_krw_monthly.csv,ok
2020-12,GLOBAL,PLN,fx_krw_avg,297.547,KRW/unit,actual,2026-08-11,fx_krw_monthly.csv,ok
2021-01,GLOBAL,PLN,fx_krw_avg,295.289,KRW/unit,actual,2026-08-11,fx_krw_monthly.csv,ok
2021-02,GLOBAL,PLN,fx_krw_avg,299.114,KRW/unit,actual,2026-08-11,fx_krw_monthly.csv,ok
2021-03,GLOBAL,PLN,fx_krw_avg,292.61,KRW/unit,actual,2026-08-11,fx_krw_monthly.csv,ok
2021-04,GLOBAL,PLN,fx_krw_avg,293.326,KRW/unit,actual,2026-08-11,fx_krw_monthly.csv,ok
2021-05,GLOBAL,PLN,fx_krw_avg,301.36,KRW/unit,actual,2026-08-11,fx_krw_monthly.csv,ok
2021-06,GLOBAL,PLN,fx_krw_avg,300.531,KRW/unit,actual,2026-08-11,fx_krw_monthly.csv,ok
2021-07,GLOBAL,PLN,fx_krw_avg,296.932,KRW/unit,actual,2026-08-11,fx_krw_monthly.csv,ok
2021-08,GLOBAL,PLN,fx_krw_avg,299.152,KRW/unit,actual,2026-08-11,fx_krw_monthly.csv,ok
2021-09,GLOBAL,PLN,fx_krw_avg,302.229,KRW/unit,actual,2026-08-11,fx_krw_monthly.csv,ok
2021-10,GLOBAL,PLN,fx_krw_avg,298.697,KRW/unit,actual,2026-08-11,fx_krw_monthly.csv,ok
2021-11,GLOBAL,PLN,fx_krw_avg,290.972,KRW/unit,actual,2026-08-11,fx_krw_monthly.csv,ok
2021-12,GLOBAL,PLN,fx_krw_avg,290.115,KRW/unit,actual,2026-08-11,fx_krw_monthly.csv,ok
2022-01,GLOBAL,PLN,fx_krw_avg,297.361,KRW/unit,actual,2026-08-11,fx_krw_monthly.csv,ok
2022-02,GLOBAL,PLN,fx_krw_avg,298.711,KRW/unit,actual,2026-08-11,fx_krw_monthly.csv,ok
2022-03,GLOBAL,PLN,fx_krw_avg,283.243,KRW/unit,actual,2026-08-11,fx_krw_monthly.csv,ok
2022-04,GLOBAL,PLN,fx_krw_avg,287.748,KRW/unit,actual,2026-08-11,fx_krw_monthly.csv,ok
2022-05,GLOBAL,PLN,fx_krw_avg,288.31,KRW/unit,actual,2026-08-11,fx_krw_monthly.csv,ok
2022-06,GLOBAL,PLN,fx_krw_avg,290.837,KRW/unit,actual,2026-08-11,fx_krw_monthly.csv,ok
2022-07,GLOBAL,PLN,fx_krw_avg,279.374,KRW/unit,actual,2026-08-11,fx_krw_monthly.csv,ok
2022-08,GLOBAL,PLN,fx_krw_avg,283.264,KRW/unit,actual,2026-08-11,fx_krw_monthly.csv,ok
2022-09,GLOBAL,PLN,fx_krw_avg,291.43,KRW/unit,actual,2026-08-11,fx_krw_monthly.csv,ok
2022-10,GLOBAL,PLN,fx_krw_avg,292.198,KRW/unit,actual,2026-08-11,fx_krw_monthly.csv,ok
2022-11,GLOBAL,PLN,fx_krw_avg,294.733,KRW/unit,actual,2026-08-11,fx_krw_monthly.csv,ok
2022-12,GLOBAL,PLN,fx_krw_avg,292.662,KRW/unit,actual,2026-08-11,fx_krw_monthly.csv,ok
2023-01,GLOBAL,PLN,fx_krw_avg,285.562,KRW/unit,actual,2026-08-11,fx_krw_monthly.csv,ok
2023-02,GLOBAL,PLN,fx_krw_avg,288.684,KRW/unit,actual,2026-08-11,fx_krw_monthly.csv,ok
2023-03,GLOBAL,PLN,fx_krw_avg,298.18,KRW/unit,actual,2026-08-11,fx_krw_monthly.csv,ok
2023-04,GLOBAL,PLN,fx_krw_avg,313.525,KRW/unit,actual,2026-08-11,fx_krw_monthly.csv,ok
2023-05,GLOBAL,PLN,fx_krw_avg,318.078,KRW/unit,actual,2026-08-11,fx_krw_monthly.csv,ok
2023-06,GLOBAL,PLN,fx_krw_avg,315.307,KRW/unit,actual,2026-08-11,fx_krw_monthly.csv,ok
2023-07,GLOBAL,PLN,fx_krw_avg,319.411,KRW/unit,actual,2026-08-11,fx_krw_monthly.csv,ok
2023-08,GLOBAL,PLN,fx_krw_avg,323.589,KRW/unit,actual,2026-08-11,fx_krw_monthly.csv,ok
2023-09,GLOBAL,PLN,fx_krw_avg,309.869,KRW/unit,actual,2026-08-11,fx_krw_monthly.csv,ok
2023-10,GLOBAL,PLN,fx_krw_avg,316.387,KRW/unit,actual,2026-08-11,fx_krw_monthly.csv,ok
2023-11,GLOBAL,PLN,fx_krw_avg,320.94,KRW/unit,actual,2026-08-11,fx_krw_monthly.csv,ok
2023-12,GLOBAL,PLN,fx_krw_avg,328.401,KRW/unit,actual,2026-08-11,fx_krw_monthly.csv,ok
2024-01,GLOBAL,PLN,fx_krw_avg,331.559,KRW/unit,actual,2026-08-11,fx_krw_monthly.csv,ok
2024-02,GLOBAL,PLN,fx_krw_avg,332.303,KRW/unit,actual,2026-08-11,fx_krw_monthly.csv,ok
2024-03,GLOBAL,PLN,fx_krw_avg,336.231,KRW/unit,actual,2026-08-11,fx_krw_monthly.csv,ok
2024-04,GLOBAL,PLN,fx_krw_avg,341.53,KRW/unit,actual,2026-08-11,fx_krw_monthly.csv,ok
2024-05,GLOBAL,PLN,fx_krw_avg,344.664,KRW/unit,actual,2026-08-11,fx_krw_monthly.csv,ok
2024-06,GLOBAL,PLN,fx_krw_avg,343.777,KRW/unit,actual,2026-08-11,fx_krw_monthly.csv,ok
2024-07,GLOBAL,PLN,fx_krw_avg,350.245,KRW/unit,actual,2026-08-11,fx_krw_monthly.csv,ok
2024-08,GLOBAL,PLN,fx_krw_avg,346.857,KRW/unit,actual,2026-08-11,fx_krw_monthly.csv,ok
2024-09,GLOBAL,PLN,fx_krw_avg,345.817,KRW/unit,actual,2026-08-11,fx_krw_monthly.csv,ok
2024-10,GLOBAL,PLN,fx_krw_avg,343.898,KRW/unit,actual,2026-08-11,fx_krw_monthly.csv,ok
2024-11,GLOBAL,PLN,fx_krw_avg,342.187,KRW/unit,actual,2026-08-11,fx_krw_monthly.csv,ok
2024-12,GLOBAL,PLN,fx_krw_avg,352.867,KRW/unit,actual,2026-08-11,fx_krw_monthly.csv,ok
2025-01,GLOBAL,PLN,fx_krw_avg,354.078,KRW/unit,actual,2026-08-11,fx_krw_monthly.csv,ok
2025-02,GLOBAL,PLN,fx_krw_avg,360.738,KRW/unit,actual,2026-08-11,fx_krw_monthly.csv,ok
2025-03,GLOBAL,PLN,fx_krw_avg,376.957,KRW/unit,actual,2026-08-11,fx_krw_monthly.csv,ok
2025-04,GLOBAL,PLN,fx_krw_avg,379.216,KRW/unit,actual,2026-08-11,fx_krw_monthly.csv,ok
2025-05,GLOBAL,PLN,fx_krw_avg,368.175,KRW/unit,actual,2026-08-11,fx_krw_monthly.csv,ok
2025-06,GLOBAL,PLN,fx_krw_avg,368.845,KRW/unit,actual,2026-08-11,fx_krw_monthly.csv,ok
2025-07,GLOBAL,PLN,fx_krw_avg,378.209,KRW/unit,actual,2026-08-11,fx_krw_monthly.csv,ok
2025-08,GLOBAL,PLN,fx_krw_avg,379.502,KRW/unit,actual,2026-08-11,fx_krw_monthly.csv,ok
2025-09,GLOBAL,PLN,fx_krw_avg,383.758,KRW/unit,actual,2026-08-11,fx_krw_monthly.csv,ok
2025-10,GLOBAL,PLN,fx_krw_avg,389.744,KRW/unit,actual,2026-08-11,fx_krw_monthly.csv,ok
2025-11,GLOBAL,PLN,fx_krw_avg,398.262,KRW/unit,actual,2026-08-11,fx_krw_monthly.csv,ok
2025-12,GLOBAL,PLN,fx_krw_avg,406.609,KRW/unit,actual,2026-08-11,fx_krw_monthly.csv,ok
2026-01,GLOBAL,PLN,fx_krw_avg,406.011,KRW/unit,actual,2026-08-11,fx_krw_monthly.csv,ok
2026-02,GLOBAL,PLN,fx_krw_avg,405.939,KRW/unit,actual,2026-08-11,fx_krw_monthly.csv,ok
2026-03,GLOBAL,PLN,fx_krw_avg,403.404,KRW/unit,actual,2026-08-11,fx_krw_monthly.csv,ok
2026-04,GLOBAL,PLN,fx_krw_avg,407.997,KRW/unit,actual,2026-08-11,fx_krw_monthly.csv,ok
2026-05,GLOBAL,PLN,fx_krw_avg,410.331,KRW/unit,actual,2026-08-11,fx_krw_monthly.csv,ok
2026-06,GLOBAL,PLN,fx_krw_avg,414.018,KRW/unit,actual,2026-08-11,fx_krw_monthly.csv,ok
2026-07,GLOBAL,PLN,fx_krw_avg,394.231,KRW/unit,actual,2026-08-11,fx_krw_monthly.csv,ok
2026-08,GLOBAL,PLN,fx_krw_avg,381.512,KRW/unit,actual,2026-08-11,fx_krw_monthly.csv,partial
2014-12,GLOBAL,PLN,fx_krw_eom,310.025,KRW/unit,actual,2026-08-11,fx_krw_monthly.csv,partial
2015-01,GLOBAL,PLN,fx_krw_eom,296.266,KRW/unit,actual,2026-08-11,fx_krw_monthly.csv,ok
2015-02,GLOBAL,PLN,fx_krw_eom,297.698,KRW/unit,actual,2026-08-11,fx_krw_monthly.csv,ok
2015-03,GLOBAL,PLN,fx_krw_eom,291.913,KRW/unit,actual,2026-08-11,fx_krw_monthly.csv,ok
2015-04,GLOBAL,PLN,fx_krw_eom,298.753,KRW/unit,actual,2026-08-11,fx_krw_monthly.csv,ok
2015-05,GLOBAL,PLN,fx_krw_eom,295.489,KRW/unit,actual,2026-08-11,fx_krw_monthly.csv,ok
2015-06,GLOBAL,PLN,fx_krw_eom,298.554,KRW/unit,actual,2026-08-11,fx_krw_monthly.csv,ok
2015-07,GLOBAL,PLN,fx_krw_eom,310.706,KRW/unit,actual,2026-08-11,fx_krw_monthly.csv,ok
2015-08,GLOBAL,PLN,fx_krw_eom,313.784,KRW/unit,actual,2026-08-11,fx_krw_monthly.csv,ok
2015-09,GLOBAL,PLN,fx_krw_eom,312.917,KRW/unit,actual,2026-08-11,fx_krw_monthly.csv,ok
2015-10,GLOBAL,PLN,fx_krw_eom,294.058,KRW/unit,actual,2026-08-11,fx_krw_monthly.csv,ok
2015-11,GLOBAL,PLN,fx_krw_eom,286.559,KRW/unit,actual,2026-08-11,fx_krw_monthly.csv,ok
2015-12,GLOBAL,PLN,fx_krw_eom,300.378,KRW/unit,actual,2026-08-11,fx_krw_monthly.csv,ok
2016-01,GLOBAL,PLN,fx_krw_eom,296.995,KRW/unit,actual,2026-08-11,fx_krw_monthly.csv,ok
2016-02,GLOBAL,PLN,fx_krw_eom,309.473,KRW/unit,actual,2026-08-11,fx_krw_monthly.csv,ok
2016-03,GLOBAL,PLN,fx_krw_eom,304.134,KRW/unit,actual,2026-08-11,fx_krw_monthly.csv,ok
2016-04,GLOBAL,PLN,fx_krw_eom,296.038,KRW/unit,actual,2026-08-11,fx_krw_monthly.csv,ok
2016-05,GLOBAL,PLN,fx_krw_eom,302.316,KRW/unit,actual,2026-08-11,fx_krw_monthly.csv,ok
2016-06,GLOBAL,PLN,fx_krw_eom,288.193,KRW/unit,actual,2026-08-11,fx_krw_monthly.csv,ok
2016-07,GLOBAL,PLN,fx_krw_eom,285.774,KRW/unit,actual,2026-08-11,fx_krw_monthly.csv,ok
2016-08,GLOBAL,PLN,fx_krw_eom,285.682,KRW/unit,actual,2026-08-11,fx_krw_monthly.csv,ok
2016-09,GLOBAL,PLN,fx_krw_eom,284.719,KRW/unit,actual,2026-08-11,fx_krw_monthly.csv,ok
2016-10,GLOBAL,PLN,fx_krw_eom,289.96,KRW/unit,actual,2026-08-11,fx_krw_monthly.csv,ok
2016-11,GLOBAL,PLN,fx_krw_eom,280.415,KRW/unit,actual,2026-08-11,fx_krw_monthly.csv,ok
2016-12,GLOBAL,PLN,fx_krw_eom,287.817,KRW/unit,actual,2026-08-11,fx_krw_monthly.csv,ok
2017-01,GLOBAL,PLN,fx_krw_eom,287.879,KRW/unit,actual,2026-08-11,fx_krw_monthly.csv,ok
2017-02,GLOBAL,PLN,fx_krw_eom,276.778,KRW/unit,actual,2026-08-11,fx_krw_monthly.csv,ok
2017-03,GLOBAL,PLN,fx_krw_eom,282.631,KRW/unit,actual,2026-08-11,fx_krw_monthly.csv,ok
2017-04,GLOBAL,PLN,fx_krw_eom,294.546,KRW/unit,actual,2026-08-11,fx_krw_monthly.csv,ok
2017-05,GLOBAL,PLN,fx_krw_eom,300.875,KRW/unit,actual,2026-08-11,fx_krw_monthly.csv,ok
2017-06,GLOBAL,PLN,fx_krw_eom,308.706,KRW/unit,actual,2026-08-11,fx_krw_monthly.csv,ok
2017-07,GLOBAL,PLN,fx_krw_eom,309.691,KRW/unit,actual,2026-08-11,fx_krw_monthly.csv,ok
2017-08,GLOBAL,PLN,fx_krw_eom,312.625,KRW/unit,actual,2026-08-11,fx_krw_monthly.csv,ok
2017-09,GLOBAL,PLN,fx_krw_eom,314.072,KRW/unit,actual,2026-08-11,fx_krw_monthly.csv,ok
2017-10,GLOBAL,PLN,fx_krw_eom,306.668,KRW/unit,actual,2026-08-11,fx_krw_monthly.csv,ok
2017-11,GLOBAL,PLN,fx_krw_eom,306.819,KRW/unit,actual,2026-08-11,fx_krw_monthly.csv,ok
2017-12,GLOBAL,PLN,fx_krw_eom,306.347,KRW/unit,actual,2026-08-11,fx_krw_monthly.csv,ok
2018-01,GLOBAL,PLN,fx_krw_eom,319.743,KRW/unit,actual,2026-08-11,fx_krw_monthly.csv,ok
2018-02,GLOBAL,PLN,fx_krw_eom,315.993,KRW/unit,actual,2026-08-11,fx_krw_monthly.csv,ok
2018-03,GLOBAL,PLN,fx_krw_eom,311.331,KRW/unit,actual,2026-08-11,fx_krw_monthly.csv,ok
2018-04,GLOBAL,PLN,fx_krw_eom,305.707,KRW/unit,actual,2026-08-11,fx_krw_monthly.csv,ok
2018-05,GLOBAL,PLN,fx_krw_eom,292.919,KRW/unit,actual,2026-08-11,fx_krw_monthly.csv,ok
2018-06,GLOBAL,PLN,fx_krw_eom,296.515,KRW/unit,actual,2026-08-11,fx_krw_monthly.csv,ok
2018-07,GLOBAL,PLN,fx_krw_eom,306.942,KRW/unit,actual,2026-08-11,fx_krw_monthly.csv,ok
2018-08,GLOBAL,PLN,fx_krw_eom,303.384,KRW/unit,actual,2026-08-11,fx_krw_monthly.csv,ok
2018-09,GLOBAL,PLN,fx_krw_eom,300.591,KRW/unit,actual,2026-08-11,fx_krw_monthly.csv,ok
2018-10,GLOBAL,PLN,fx_krw_eom,297.543,KRW/unit,actual,2026-08-11,fx_krw_monthly.csv,ok
2018-11,GLOBAL,PLN,fx_krw_eom,296.979,KRW/unit,actual,2026-08-11,fx_krw_monthly.csv,ok
2018-12,GLOBAL,PLN,fx_krw_eom,297.096,KRW/unit,actual,2026-08-11,fx_krw_monthly.csv,ok
2019-01,GLOBAL,PLN,fx_krw_eom,298.947,KRW/unit,actual,2026-08-11,fx_krw_monthly.csv,ok
2019-02,GLOBAL,PLN,fx_krw_eom,297.308,KRW/unit,actual,2026-08-11,fx_krw_monthly.csv,ok
2019-03,GLOBAL,PLN,fx_krw_eom,296.81,KRW/unit,actual,2026-08-11,fx_krw_monthly.csv,ok
2019-04,GLOBAL,PLN,fx_krw_eom,305.125,KRW/unit,actual,2026-08-11,fx_krw_monthly.csv,ok
2019-05,GLOBAL,PLN,fx_krw_eom,310.041,KRW/unit,actual,2026-08-11,fx_krw_monthly.csv,ok
2019-06,GLOBAL,PLN,fx_krw_eom,309.523,KRW/unit,actual,2026-08-11,fx_krw_monthly.csv,ok
2019-07,GLOBAL,PLN,fx_krw_eom,307.199,KRW/unit,actual,2026-08-11,fx_krw_monthly.csv,ok
2019-08,GLOBAL,PLN,fx_krw_eom,304.303,KRW/unit,actual,2026-08-11,fx_krw_monthly.csv,ok
2019-09,GLOBAL,PLN,fx_krw_eom,298.029,KRW/unit,actual,2026-08-11,fx_krw_monthly.csv,ok
2019-10,GLOBAL,PLN,fx_krw_eom,305.974,KRW/unit,actual,2026-08-11,fx_krw_monthly.csv,ok
2019-11,GLOBAL,PLN,fx_krw_eom,300.06,KRW/unit,actual,2026-08-11,fx_krw_monthly.csv,ok
2019-12,GLOBAL,PLN,fx_krw_eom,304.52,KRW/unit,actual,2026-08-11,fx_krw_monthly.csv,ok
2020-01,GLOBAL,PLN,fx_krw_eom,307.284,KRW/unit,actual,2026-08-11,fx_krw_monthly.csv,ok
2020-02,GLOBAL,PLN,fx_krw_eom,306.29,KRW/unit,actual,2026-08-11,fx_krw_monthly.csv,ok
2020-03,GLOBAL,PLN,fx_krw_eom,294.693,KRW/unit,actual,2026-08-11,fx_krw_monthly.csv,ok
2020-04,GLOBAL,PLN,fx_krw_eom,289.635,KRW/unit,actual,2026-08-11,fx_krw_monthly.csv,ok
2020-05,GLOBAL,PLN,fx_krw_eom,309.295,KRW/unit,actual,2026-08-11,fx_krw_monthly.csv,ok
2020-06,GLOBAL,PLN,fx_krw_eom,302.026,KRW/unit,actual,2026-08-11,fx_krw_monthly.csv,ok
2020-07,GLOBAL,PLN,fx_krw_eom,320.107,KRW/unit,actual,2026-08-11,fx_krw_monthly.csv,ok
2020-08,GLOBAL,PLN,fx_krw_eom,321.976,KRW/unit,actual,2026-08-11,fx_krw_monthly.csv,ok
2020-09,GLOBAL,PLN,fx_krw_eom,301.023,KRW/unit,actual,2026-08-11,fx_krw_monthly.csv,ok
2020-10,GLOBAL,PLN,fx_krw_eom,286.487,KRW/unit,actual,2026-08-11,fx_krw_monthly.csv,ok
2020-11,GLOBAL,PLN,fx_krw_eom,296.596,KRW/unit,actual,2026-08-11,fx_krw_monthly.csv,ok
2020-12,GLOBAL,PLN,fx_krw_eom,293.002,KRW/unit,actual,2026-08-11,fx_krw_monthly.csv,ok
2021-01,GLOBAL,PLN,fx_krw_eom,299.086,KRW/unit,actual,2026-08-11,fx_krw_monthly.csv,ok
2021-02,GLOBAL,PLN,fx_krw_eom,302.55,KRW/unit,actual,2026-08-11,fx_krw_monthly.csv,ok
2021-03,GLOBAL,PLN,fx_krw_eom,284.723,KRW/unit,actual,2026-08-11,fx_krw_monthly.csv,ok
2021-04,GLOBAL,PLN,fx_krw_eom,295.002,KRW/unit,actual,2026-08-11,fx_krw_monthly.csv,ok
2021-05,GLOBAL,PLN,fx_krw_eom,301.418,KRW/unit,actual,2026-08-11,fx_krw_monthly.csv,ok
2021-06,GLOBAL,PLN,fx_krw_eom,296.766,KRW/unit,actual,2026-08-11,fx_krw_monthly.csv,ok
2021-07,GLOBAL,PLN,fx_krw_eom,299.925,KRW/unit,actual,2026-08-11,fx_krw_monthly.csv,ok
2021-08,GLOBAL,PLN,fx_krw_eom,302.462,KRW/unit,actual,2026-08-11,fx_krw_monthly.csv,ok
2021-09,GLOBAL,PLN,fx_krw_eom,296.898,KRW/unit,actual,2026-08-11,fx_krw_monthly.csv,ok
2021-10,GLOBAL,PLN,fx_krw_eom,294.909,KRW/unit,actual,2026-08-11,fx_krw_monthly.csv,ok
2021-11,GLOBAL,PLN,fx_krw_eom,289.519,KRW/unit,actual,2026-08-11,fx_krw_monthly.csv,ok
2021-12,GLOBAL,PLN,fx_krw_eom,292.889,KRW/unit,actual,2026-08-11,fx_krw_monthly.csv,ok
2022-01,GLOBAL,PLN,fx_krw_eom,293.968,KRW/unit,actual,2026-08-11,fx_krw_monthly.csv,ok
2022-02,GLOBAL,PLN,fx_krw_eom,287.738,KRW/unit,actual,2026-08-11,fx_krw_monthly.csv,ok
2022-03,GLOBAL,PLN,fx_krw_eom,289.564,KRW/unit,actual,2026-08-11,fx_krw_monthly.csv,ok
2022-04,GLOBAL,PLN,fx_krw_eom,283.606,KRW/unit,actual,2026-08-11,fx_krw_monthly.csv,ok
2022-05,GLOBAL,PLN,fx_krw_eom,290.213,KRW/unit,actual,2026-08-11,fx_krw_monthly.csv,ok
2022-06,GLOBAL,PLN,fx_krw_eom,288.163,KRW/unit,actual,2026-08-11,fx_krw_monthly.csv,ok
2022-07,GLOBAL,PLN,fx_krw_eom,280.612,KRW/unit,actual,2026-08-11,fx_krw_monthly.csv,ok
2022-08,GLOBAL,PLN,fx_krw_eom,283.99,KRW/unit,actual,2026-08-11,fx_krw_monthly.csv,ok
2022-09,GLOBAL,PLN,fx_krw_eom,288.903,KRW/unit,actual,2026-08-11,fx_krw_monthly.csv,ok
2022-10,GLOBAL,PLN,fx_krw_eom,300.758,KRW/unit,actual,2026-08-11,fx_krw_monthly.csv,ok
2022-11,GLOBAL,PLN,fx_krw_eom,292.729,KRW/unit,actual,2026-08-11,fx_krw_monthly.csv,ok
2022-12,GLOBAL,PLN,fx_krw_eom,287.15,KRW/unit,actual,2026-08-11,fx_krw_monthly.csv,ok
2023-01,GLOBAL,PLN,fx_krw_eom,284.328,KRW/unit,actual,2026-08-11,fx_krw_monthly.csv,ok
2023-02,GLOBAL,PLN,fx_krw_eom,297.473,KRW/unit,actual,2026-08-11,fx_krw_monthly.csv,ok
2023-03,GLOBAL,PLN,fx_krw_eom,304.124,KRW/unit,actual,2026-08-11,fx_krw_monthly.csv,ok
2023-04,GLOBAL,PLN,fx_krw_eom,321.05,KRW/unit,actual,2026-08-11,fx_krw_monthly.csv,ok
2023-05,GLOBAL,PLN,fx_krw_eom,312.178,KRW/unit,actual,2026-08-11,fx_krw_monthly.csv,ok
2023-06,GLOBAL,PLN,fx_krw_eom,323.484,KRW/unit,actual,2026-08-11,fx_krw_monthly.csv,ok
2023-07,GLOBAL,PLN,fx_krw_eom,318.922,KRW/unit,actual,2026-08-11,fx_krw_monthly.csv,ok
2023-08,GLOBAL,PLN,fx_krw_eom,322.244,KRW/unit,actual,2026-08-11,fx_krw_monthly.csv,ok
2023-09,GLOBAL,PLN,fx_krw_eom,307.945,KRW/unit,actual,2026-08-11,fx_krw_monthly.csv,ok
2023-10,GLOBAL,PLN,fx_krw_eom,323.085,KRW/unit,actual,2026-08-11,fx_krw_monthly.csv,ok
2023-11,GLOBAL,PLN,fx_krw_eom,326.231,KRW/unit,actual,2026-08-11,fx_krw_monthly.csv,ok
2023-12,GLOBAL,PLN,fx_krw_eom,330.375,KRW/unit,actual,2026-08-11,fx_krw_monthly.csv,ok
2024-01,GLOBAL,PLN,fx_krw_eom,333.402,KRW/unit,actual,2026-08-11,fx_krw_monthly.csv,ok
2024-02,GLOBAL,PLN,fx_krw_eom,334.991,KRW/unit,actual,2026-08-11,fx_krw_monthly.csv,ok
2024-03,GLOBAL,PLN,fx_krw_eom,338.258,KRW/unit,actual,2026-08-11,fx_krw_monthly.csv,ok
2024-04,GLOBAL,PLN,fx_krw_eom,342.691,KRW/unit,actual,2026-08-11,fx_krw_monthly.csv,ok
2024-05,GLOBAL,PLN,fx_krw_eom,352.001,KRW/unit,actual,2026-08-11,fx_krw_monthly.csv,ok
2024-06,GLOBAL,PLN,fx_krw_eom,342.274,KRW/unit,actual,2026-08-11,fx_krw_monthly.csv,ok
2024-07,GLOBAL,PLN,fx_krw_eom,346.313,KRW/unit,actual,2026-08-11,fx_krw_monthly.csv,ok
2024-08,GLOBAL,PLN,fx_krw_eom,345.766,KRW/unit,actual,2026-08-11,fx_krw_monthly.csv,ok
2024-09,GLOBAL,PLN,fx_krw_eom,343.346,KRW/unit,actual,2026-08-11,fx_krw_monthly.csv,ok
2024-10,GLOBAL,PLN,fx_krw_eom,344.776,KRW/unit,actual,2026-08-11,fx_krw_monthly.csv,ok
2024-11,GLOBAL,PLN,fx_krw_eom,343.601,KRW/unit,actual,2026-08-11,fx_krw_monthly.csv,ok
2024-12,GLOBAL,PLN,fx_krw_eom,358.398,KRW/unit,actual,2026-08-11,fx_krw_monthly.csv,ok
2025-01,GLOBAL,PLN,fx_krw_eom,357.612,KRW/unit,actual,2026-08-11,fx_krw_monthly.csv,ok
2025-02,GLOBAL,PLN,fx_krw_eom,366.219,KRW/unit,actual,2026-08-11,fx_krw_monthly.csv,ok
2025-03,GLOBAL,PLN,fx_krw_eom,381.145,KRW/unit,actual,2026-08-11,fx_krw_monthly.csv,ok
2025-04,GLOBAL,PLN,fx_krw_eom,378.544,KRW/unit,actual,2026-08-11,fx_krw_monthly.csv,ok
2025-05,GLOBAL,PLN,fx_krw_eom,367.803,KRW/unit,actual,2026-08-11,fx_krw_monthly.csv,ok
2025-06,GLOBAL,PLN,fx_krw_eom,374.375,KRW/unit,actual,2026-08-11,fx_krw_monthly.csv,ok
2025-07,GLOBAL,PLN,fx_krw_eom,373.593,KRW/unit,actual,2026-08-11,fx_krw_monthly.csv,ok
2025-08,GLOBAL,PLN,fx_krw_eom,380.232,KRW/unit,actual,2026-08-11,fx_krw_monthly.csv,ok
2025-09,GLOBAL,PLN,fx_krw_eom,385.978,KRW/unit,actual,2026-08-11,fx_krw_monthly.csv,ok
2025-10,GLOBAL,PLN,fx_krw_eom,387.704,KRW/unit,actual,2026-08-11,fx_krw_monthly.csv,ok
2025-11,GLOBAL,PLN,fx_krw_eom,400.993,KRW/unit,actual,2026-08-11,fx_krw_monthly.csv,ok
2025-12,GLOBAL,PLN,fx_krw_eom,402.023,KRW/unit,actual,2026-08-11,fx_krw_monthly.csv,ok
2026-01,GLOBAL,PLN,fx_krw_eom,408.687,KRW/unit,actual,2026-08-11,fx_krw_monthly.csv,ok
2026-02,GLOBAL,PLN,fx_krw_eom,402.966,KRW/unit,actual,2026-08-11,fx_krw_monthly.csv,ok
2026-03,GLOBAL,PLN,fx_krw_eom,408.771,KRW/unit,actual,2026-08-11,fx_krw_monthly.csv,ok
2026-04,GLOBAL,PLN,fx_krw_eom,405.678,KRW/unit,actual,2026-08-11,fx_krw_monthly.csv,ok
2026-05,GLOBAL,PLN,fx_krw_eom,414.879,KRW/unit,actual,2026-08-11,fx_krw_monthly.csv,ok
2026-06,GLOBAL,PLN,fx_krw_eom,411.379,KRW/unit,actual,2026-08-11,fx_krw_monthly.csv,ok
2026-07,GLOBAL,PLN,fx_krw_eom,384.372,KRW/unit,actual,2026-08-11,fx_krw_monthly.csv,ok
2026-08,GLOBAL,PLN,fx_krw_eom,380.736,KRW/unit,actual,2026-08-11,fx_krw_monthly.csv,partial
2018-01,GLOBAL,US,hh_gas,4.02121,dollars per thousand cubic feet,actual,2026-08-11,steo_forward_monthly.json,ok
2018-02,GLOBAL,US,hh_gas,2.77146,dollars per thousand cubic feet,actual,2026-08-11,steo_forward_monthly.json,ok
2018-03,GLOBAL,US,hh_gas,2.79533,dollars per thousand cubic feet,actual,2026-08-11,steo_forward_monthly.json,ok
2018-04,GLOBAL,US,hh_gas,2.90225,dollars per thousand cubic feet,actual,2026-08-11,steo_forward_monthly.json,ok
2018-05,GLOBAL,US,hh_gas,2.9064,dollars per thousand cubic feet,actual,2026-08-11,steo_forward_monthly.json,ok
2018-06,GLOBAL,US,hh_gas,3.07975,dollars per thousand cubic feet,actual,2026-08-11,steo_forward_monthly.json,ok
2018-07,GLOBAL,US,hh_gas,2.94065,dollars per thousand cubic feet,actual,2026-08-11,steo_forward_monthly.json,ok
2018-08,GLOBAL,US,hh_gas,3.07352,dollars per thousand cubic feet,actual,2026-08-11,steo_forward_monthly.json,ok
2018-09,GLOBAL,US,hh_gas,3.10881,dollars per thousand cubic feet,actual,2026-08-11,steo_forward_monthly.json,ok
2018-10,GLOBAL,US,hh_gas,3.40049,dollars per thousand cubic feet,actual,2026-08-11,steo_forward_monthly.json,ok
2018-11,GLOBAL,US,hh_gas,4.24646,dollars per thousand cubic feet,actual,2026-08-11,steo_forward_monthly.json,ok
2018-12,GLOBAL,US,hh_gas,4.19456,dollars per thousand cubic feet,actual,2026-08-11,steo_forward_monthly.json,ok
2019-01,GLOBAL,US,hh_gas,3.23336,dollars per thousand cubic feet,actual,2026-08-11,steo_forward_monthly.json,ok
2019-02,GLOBAL,US,hh_gas,2.79864,dollars per thousand cubic feet,actual,2026-08-11,steo_forward_monthly.json,ok
2019-03,GLOBAL,US,hh_gas,3.06592,dollars per thousand cubic feet,actual,2026-08-11,steo_forward_monthly.json,ok
2019-04,GLOBAL,US,hh_gas,2.75288,dollars per thousand cubic feet,actual,2026-08-11,steo_forward_monthly.json,ok
2019-05,GLOBAL,US,hh_gas,2.74352,dollars per thousand cubic feet,actual,2026-08-11,steo_forward_monthly.json,ok
2019-06,GLOBAL,US,hh_gas,2.49496,dollars per thousand cubic feet,actual,2026-08-11,steo_forward_monthly.json,ok
2019-07,GLOBAL,US,hh_gas,2.46064,dollars per thousand cubic feet,actual,2026-08-11,steo_forward_monthly.json,ok
2019-08,GLOBAL,US,hh_gas,2.30984,dollars per thousand cubic feet,actual,2026-08-11,steo_forward_monthly.json,ok
2019-09,GLOBAL,US,hh_gas,2.66136,dollars per thousand cubic feet,actual,2026-08-11,steo_forward_monthly.json,ok
2019-10,GLOBAL,US,hh_gas,2.42424,dollars per thousand cubic feet,actual,2026-08-11,steo_forward_monthly.json,ok
2019-11,GLOBAL,US,hh_gas,2.75912,dollars per thousand cubic feet,actual,2026-08-11,steo_forward_monthly.json,ok
2019-12,GLOBAL,US,hh_gas,2.30776,dollars per thousand cubic feet,actual,2026-08-11,steo_forward_monthly.json,ok
2020-01,GLOBAL,US,hh_gas,2.09878,dollars per thousand cubic feet,actual,2026-08-11,steo_forward_monthly.json,ok
2020-02,GLOBAL,US,hh_gas,1.98449,dollars per thousand cubic feet,actual,2026-08-11,steo_forward_monthly.json,ok
2020-03,GLOBAL,US,hh_gas,1.85981,dollars per thousand cubic feet,actual,2026-08-11,steo_forward_monthly.json,ok
2020-04,GLOBAL,US,hh_gas,1.80786,dollars per thousand cubic feet,actual,2026-08-11,steo_forward_monthly.json,ok
2020-05,GLOBAL,US,hh_gas,1.81825,dollars per thousand cubic feet,actual,2026-08-11,steo_forward_monthly.json,ok
2020-06,GLOBAL,US,hh_gas,1.69357,dollars per thousand cubic feet,actual,2026-08-11,steo_forward_monthly.json,ok
2020-07,GLOBAL,US,hh_gas,1.82864,dollars per thousand cubic feet,actual,2026-08-11,steo_forward_monthly.json,ok
2020-08,GLOBAL,US,hh_gas,2.3897,dollars per thousand cubic feet,actual,2026-08-11,steo_forward_monthly.json,ok
2020-09,GLOBAL,US,hh_gas,1.99488,dollars per thousand cubic feet,actual,2026-08-11,steo_forward_monthly.json,ok
2020-10,GLOBAL,US,hh_gas,2.48321,dollars per thousand cubic feet,actual,2026-08-11,steo_forward_monthly.json,ok
2020-11,GLOBAL,US,hh_gas,2.71179,dollars per thousand cubic feet,actual,2026-08-11,steo_forward_monthly.json,ok
2020-12,GLOBAL,US,hh_gas,2.68062,dollars per thousand cubic feet,actual,2026-08-11,steo_forward_monthly.json,ok
2021-01,GLOBAL,US,hh_gas,2.81569,dollars per thousand cubic feet,actual,2026-08-11,steo_forward_monthly.json,ok
2021-02,GLOBAL,US,hh_gas,5.55865,dollars per thousand cubic feet,actual,2026-08-11,steo_forward_monthly.json,ok
2021-03,GLOBAL,US,hh_gas,2.72218,dollars per thousand cubic feet,actual,2026-08-11,steo_forward_monthly.json,ok
2021-04,GLOBAL,US,hh_gas,2.76374,dollars per thousand cubic feet,actual,2026-08-11,steo_forward_monthly.json,ok
2021-05,GLOBAL,US,hh_gas,3.02349,dollars per thousand cubic feet,actual,2026-08-11,steo_forward_monthly.json,ok
2021-06,GLOBAL,US,hh_gas,3.38714,dollars per thousand cubic feet,actual,2026-08-11,steo_forward_monthly.json,ok
2021-07,GLOBAL,US,hh_gas,3.98976,dollars per thousand cubic feet,actual,2026-08-11,steo_forward_monthly.json,ok
2021-08,GLOBAL,US,hh_gas,4.22873,dollars per thousand cubic feet,actual,2026-08-11,steo_forward_monthly.json,ok
2021-09,GLOBAL,US,hh_gas,5.36124,dollars per thousand cubic feet,actual,2026-08-11,steo_forward_monthly.json,ok
2021-10,GLOBAL,US,hh_gas,5.72489,dollars per thousand cubic feet,actual,2026-08-11,steo_forward_monthly.json,ok
2021-11,GLOBAL,US,hh_gas,5.24695,dollars per thousand cubic feet,actual,2026-08-11,steo_forward_monthly.json,ok
2021-12,GLOBAL,US,hh_gas,3.90664,dollars per thousand cubic feet,actual,2026-08-11,steo_forward_monthly.json,ok
2022-01,GLOBAL,US,hh_gas,4.54644,dollars per thousand cubic feet,actual,2026-08-11,steo_forward_monthly.json,ok
2022-02,GLOBAL,US,hh_gas,4.86822,dollars per thousand cubic feet,actual,2026-08-11,steo_forward_monthly.json,ok
2022-03,GLOBAL,US,hh_gas,5.0862,dollars per thousand cubic feet,actual,2026-08-11,steo_forward_monthly.json,ok
2022-04,GLOBAL,US,hh_gas,6.8508,dollars per thousand cubic feet,actual,2026-08-11,steo_forward_monthly.json,ok
2022-05,GLOBAL,US,hh_gas,8.44932,dollars per thousand cubic feet,actual,2026-08-11,steo_forward_monthly.json,ok
2022-06,GLOBAL,US,hh_gas,7.9926,dollars per thousand cubic feet,actual,2026-08-11,steo_forward_monthly.json,ok
2022-07,GLOBAL,US,hh_gas,7.55664,dollars per thousand cubic feet,actual,2026-08-11,steo_forward_monthly.json,ok
2022-08,GLOBAL,US,hh_gas,9.14478,dollars per thousand cubic feet,actual,2026-08-11,steo_forward_monthly.json,ok
2022-09,GLOBAL,US,hh_gas,8.17944,dollars per thousand cubic feet,actual,2026-08-11,steo_forward_monthly.json,ok
2022-10,GLOBAL,US,hh_gas,5.87508,dollars per thousand cubic feet,actual,2026-08-11,steo_forward_monthly.json,ok
2022-11,GLOBAL,US,hh_gas,5.6571,dollars per thousand cubic feet,actual,2026-08-11,steo_forward_monthly.json,ok
2022-12,GLOBAL,US,hh_gas,5.74014,dollars per thousand cubic feet,actual,2026-08-11,steo_forward_monthly.json,ok
2023-01,GLOBAL,US,hh_gas,3.39426,dollars per thousand cubic feet,actual,2026-08-11,steo_forward_monthly.json,ok
2023-02,GLOBAL,US,hh_gas,2.47044,dollars per thousand cubic feet,actual,2026-08-11,steo_forward_monthly.json,ok
2023-03,GLOBAL,US,hh_gas,2.39778,dollars per thousand cubic feet,actual,2026-08-11,steo_forward_monthly.json,ok
2023-04,GLOBAL,US,hh_gas,2.24208,dollars per thousand cubic feet,actual,2026-08-11,steo_forward_monthly.json,ok
2023-05,GLOBAL,US,hh_gas,2.2317,dollars per thousand cubic feet,actual,2026-08-11,steo_forward_monthly.json,ok
2023-06,GLOBAL,US,hh_gas,2.26284,dollars per thousand cubic feet,actual,2026-08-11,steo_forward_monthly.json,ok
2023-07,GLOBAL,US,hh_gas,2.6469,dollars per thousand cubic feet,actual,2026-08-11,steo_forward_monthly.json,ok
2023-08,GLOBAL,US,hh_gas,2.67804,dollars per thousand cubic feet,actual,2026-08-11,steo_forward_monthly.json,ok
2023-09,GLOBAL,US,hh_gas,2.74032,dollars per thousand cubic feet,actual,2026-08-11,steo_forward_monthly.json,ok
2023-10,GLOBAL,US,hh_gas,3.09324,dollars per thousand cubic feet,actual,2026-08-11,steo_forward_monthly.json,ok
2023-11,GLOBAL,US,hh_gas,2.81298,dollars per thousand cubic feet,actual,2026-08-11,steo_forward_monthly.json,ok
2023-12,GLOBAL,US,hh_gas,2.61576,dollars per thousand cubic feet,actual,2026-08-11,steo_forward_monthly.json,ok
2024-01,GLOBAL,US,hh_gas,3.30402,dollars per thousand cubic feet,actual,2026-08-11,steo_forward_monthly.json,ok
2024-02,GLOBAL,US,hh_gas,1.78708,dollars per thousand cubic feet,actual,2026-08-11,steo_forward_monthly.json,ok
2024-03,GLOBAL,US,hh_gas,1.54811,dollars per thousand cubic feet,actual,2026-08-11,steo_forward_monthly.json,ok
2024-04,GLOBAL,US,hh_gas,1.6624,dollars per thousand cubic feet,actual,2026-08-11,steo_forward_monthly.json,ok
2024-05,GLOBAL,US,hh_gas,2.20268,dollars per thousand cubic feet,actual,2026-08-11,steo_forward_monthly.json,ok
2024-06,GLOBAL,US,hh_gas,2.63906,dollars per thousand cubic feet,actual,2026-08-11,steo_forward_monthly.json,ok
2024-07,GLOBAL,US,hh_gas,2.15073,dollars per thousand cubic feet,actual,2026-08-11,steo_forward_monthly.json,ok
2024-08,GLOBAL,US,hh_gas,2.06761,dollars per thousand cubic feet,actual,2026-08-11,steo_forward_monthly.json,ok
2024-09,GLOBAL,US,hh_gas,2.36892,dollars per thousand cubic feet,actual,2026-08-11,steo_forward_monthly.json,ok
2024-10,GLOBAL,US,hh_gas,2.2858,dollars per thousand cubic feet,actual,2026-08-11,steo_forward_monthly.json,ok
2024-11,GLOBAL,US,hh_gas,2.20268,dollars per thousand cubic feet,actual,2026-08-11,steo_forward_monthly.json,ok
2024-12,GLOBAL,US,hh_gas,3.12739,dollars per thousand cubic feet,actual,2026-08-11,steo_forward_monthly.json,ok
2025-01,GLOBAL,US,hh_gas,4.29107,dollars per thousand cubic feet,actual,2026-08-11,steo_forward_monthly.json,ok
2025-02,GLOBAL,US,hh_gas,4.35341,dollars per thousand cubic feet,actual,2026-08-11,steo_forward_monthly.json,ok
2025-03,GLOBAL,US,hh_gas,4.28068,dollars per thousand cubic feet,actual,2026-08-11,steo_forward_monthly.json,ok
2025-04,GLOBAL,US,hh_gas,3.55338,dollars per thousand cubic feet,actual,2026-08-11,steo_forward_monthly.json,ok
2025-05,GLOBAL,US,hh_gas,3.24168,dollars per thousand cubic feet,actual,2026-08-11,steo_forward_monthly.json,ok
2025-06,GLOBAL,US,hh_gas,3.13778,dollars per thousand cubic feet,actual,2026-08-11,steo_forward_monthly.json,ok
2025-07,GLOBAL,US,hh_gas,3.3248,dollars per thousand cubic feet,actual,2026-08-11,steo_forward_monthly.json,ok
2025-08,GLOBAL,US,hh_gas,3.02349,dollars per thousand cubic feet,actual,2026-08-11,steo_forward_monthly.json,ok
2025-09,GLOBAL,US,hh_gas,3.08583,dollars per thousand cubic feet,actual,2026-08-11,steo_forward_monthly.json,ok
2025-10,GLOBAL,US,hh_gas,3.31441,dollars per thousand cubic feet,actual,2026-08-11,steo_forward_monthly.json,ok
2025-11,GLOBAL,US,hh_gas,3.93781,dollars per thousand cubic feet,actual,2026-08-11,steo_forward_monthly.json,ok
2025-12,GLOBAL,US,hh_gas,4.42614,dollars per thousand cubic feet,actual,2026-08-11,steo_forward_monthly.json,ok
2026-01,GLOBAL,US,hh_gas,8.02108,dollars per thousand cubic feet,actual,2026-08-11,steo_forward_monthly.json,ok
2026-02,GLOBAL,US,hh_gas,3.76118,dollars per thousand cubic feet,actual,2026-08-11,steo_forward_monthly.json,ok
2026-03,GLOBAL,US,hh_gas,3.15856,dollars per thousand cubic feet,actual,2026-08-11,steo_forward_monthly.json,ok
2026-04,GLOBAL,US,hh_gas,2.87803,dollars per thousand cubic feet,actual,2026-08-11,steo_forward_monthly.json,ok
2026-05,GLOBAL,US,hh_gas,3.05466,dollars per thousand cubic feet,actual,2026-08-11,steo_forward_monthly.json,ok
2026-06,GLOBAL,US,hh_gas,3.26246,dollars per thousand cubic feet,actual,2026-08-11,steo_forward_monthly.json,ok
2026-07,GLOBAL,US,hh_gas,3.49582,dollars per thousand cubic feet,actual,2026-08-11,steo_forward_monthly.json,ok
2026-08,GLOBAL,US,hh_gas,3.52935,dollars per thousand cubic feet,forecast,2026-08-11,steo_forward_monthly.json,ok
2026-09,GLOBAL,US,hh_gas,3.47984,dollars per thousand cubic feet,forecast,2026-08-11,steo_forward_monthly.json,ok
2026-10,GLOBAL,US,hh_gas,3.43335,dollars per thousand cubic feet,forecast,2026-08-11,steo_forward_monthly.json,ok
2026-11,GLOBAL,US,hh_gas,3.54739,dollars per thousand cubic feet,forecast,2026-08-11,steo_forward_monthly.json,ok
2026-12,GLOBAL,US,hh_gas,4.1354,dollars per thousand cubic feet,forecast,2026-08-11,steo_forward_monthly.json,ok
2027-01,GLOBAL,US,hh_gas,4.32751,dollars per thousand cubic feet,forecast,2026-08-11,steo_forward_monthly.json,ok
2027-02,GLOBAL,US,hh_gas,4.10174,dollars per thousand cubic feet,forecast,2026-08-11,steo_forward_monthly.json,ok
2027-03,GLOBAL,US,hh_gas,3.51419,dollars per thousand cubic feet,forecast,2026-08-11,steo_forward_monthly.json,ok
2027-04,GLOBAL,US,hh_gas,3.09463,dollars per thousand cubic feet,forecast,2026-08-11,steo_forward_monthly.json,ok
2027-05,GLOBAL,US,hh_gas,3.03838,dollars per thousand cubic feet,forecast,2026-08-11,steo_forward_monthly.json,ok
2027-06,GLOBAL,US,hh_gas,3.18979,dollars per thousand cubic feet,forecast,2026-08-11,steo_forward_monthly.json,ok
2027-07,GLOBAL,US,hh_gas,3.3963,dollars per thousand cubic feet,forecast,2026-08-11,steo_forward_monthly.json,ok
2027-08,GLOBAL,US,hh_gas,3.52061,dollars per thousand cubic feet,forecast,2026-08-11,steo_forward_monthly.json,ok
2027-09,GLOBAL,US,hh_gas,3.56703,dollars per thousand cubic feet,forecast,2026-08-11,steo_forward_monthly.json,ok
2027-10,GLOBAL,US,hh_gas,3.55845,dollars per thousand cubic feet,forecast,2026-08-11,steo_forward_monthly.json,ok
2027-11,GLOBAL,US,hh_gas,3.85588,dollars per thousand cubic feet,forecast,2026-08-11,steo_forward_monthly.json,ok
2027-12,GLOBAL,US,hh_gas,4.35372,dollars per thousand cubic feet,forecast,2026-08-11,steo_forward_monthly.json,ok
2014-12,GLOBAL,USD,fx_krw_avg,1091.18,KRW/unit,actual,2026-08-11,fx_krw_monthly.csv,partial
2015-01,GLOBAL,USD,fx_krw_avg,1089.44,KRW/unit,actual,2026-08-11,fx_krw_monthly.csv,ok
2015-02,GLOBAL,USD,fx_krw_avg,1101.81,KRW/unit,actual,2026-08-11,fx_krw_monthly.csv,ok
2015-03,GLOBAL,USD,fx_krw_avg,1112.91,KRW/unit,actual,2026-08-11,fx_krw_monthly.csv,ok
2015-04,GLOBAL,USD,fx_krw_avg,1085.81,KRW/unit,actual,2026-08-11,fx_krw_monthly.csv,ok
2015-05,GLOBAL,USD,fx_krw_avg,1094.48,KRW/unit,actual,2026-08-11,fx_krw_monthly.csv,ok
2015-06,GLOBAL,USD,fx_krw_avg,1113.7,KRW/unit,actual,2026-08-11,fx_krw_monthly.csv,ok
2015-07,GLOBAL,USD,fx_krw_avg,1146.63,KRW/unit,actual,2026-08-11,fx_krw_monthly.csv,ok
2015-08,GLOBAL,USD,fx_krw_avg,1179.04,KRW/unit,actual,2026-08-11,fx_krw_monthly.csv,ok
2015-09,GLOBAL,USD,fx_krw_avg,1185.25,KRW/unit,actual,2026-08-11,fx_krw_monthly.csv,ok
2015-10,GLOBAL,USD,fx_krw_avg,1144.7,KRW/unit,actual,2026-08-11,fx_krw_monthly.csv,ok
2015-11,GLOBAL,USD,fx_krw_avg,1154.32,KRW/unit,actual,2026-08-11,fx_krw_monthly.csv,ok
2015-12,GLOBAL,USD,fx_krw_avg,1174.49,KRW/unit,actual,2026-08-11,fx_krw_monthly.csv,ok
2016-01,GLOBAL,USD,fx_krw_avg,1204.03,KRW/unit,actual,2026-08-11,fx_krw_monthly.csv,ok
2016-02,GLOBAL,USD,fx_krw_avg,1216.89,KRW/unit,actual,2026-08-11,fx_krw_monthly.csv,ok
2016-03,GLOBAL,USD,fx_krw_avg,1184.98,KRW/unit,actual,2026-08-11,fx_krw_monthly.csv,ok
2016-04,GLOBAL,USD,fx_krw_avg,1146.98,KRW/unit,actual,2026-08-11,fx_krw_monthly.csv,ok
2016-05,GLOBAL,USD,fx_krw_avg,1175.5,KRW/unit,actual,2026-08-11,fx_krw_monthly.csv,ok
2016-06,GLOBAL,USD,fx_krw_avg,1167.23,KRW/unit,actual,2026-08-11,fx_krw_monthly.csv,ok
2016-07,GLOBAL,USD,fx_krw_avg,1142.01,KRW/unit,actual,2026-08-11,fx_krw_monthly.csv,ok
2016-08,GLOBAL,USD,fx_krw_avg,1110.92,KRW/unit,actual,2026-08-11,fx_krw_monthly.csv,ok
2016-09,GLOBAL,USD,fx_krw_avg,1109.63,KRW/unit,actual,2026-08-11,fx_krw_monthly.csv,ok
2016-10,GLOBAL,USD,fx_krw_avg,1127.46,KRW/unit,actual,2026-08-11,fx_krw_monthly.csv,ok
2016-11,GLOBAL,USD,fx_krw_avg,1163.99,KRW/unit,actual,2026-08-11,fx_krw_monthly.csv,ok
2016-12,GLOBAL,USD,fx_krw_avg,1184.35,KRW/unit,actual,2026-08-11,fx_krw_monthly.csv,ok
2017-01,GLOBAL,USD,fx_krw_avg,1181.94,KRW/unit,actual,2026-08-11,fx_krw_monthly.csv,ok
2017-02,GLOBAL,USD,fx_krw_avg,1142.48,KRW/unit,actual,2026-08-11,fx_krw_monthly.csv,ok
2017-03,GLOBAL,USD,fx_krw_avg,1133.77,KRW/unit,actual,2026-08-11,fx_krw_monthly.csv,ok
2017-04,GLOBAL,USD,fx_krw_avg,1133.72,KRW/unit,actual,2026-08-11,fx_krw_monthly.csv,ok
2017-05,GLOBAL,USD,fx_krw_avg,1126.01,KRW/unit,actual,2026-08-11,fx_krw_monthly.csv,ok
2017-06,GLOBAL,USD,fx_krw_avg,1132.09,KRW/unit,actual,2026-08-11,fx_krw_monthly.csv,ok
2017-07,GLOBAL,USD,fx_krw_avg,1134.01,KRW/unit,actual,2026-08-11,fx_krw_monthly.csv,ok
2017-08,GLOBAL,USD,fx_krw_avg,1131.54,KRW/unit,actual,2026-08-11,fx_krw_monthly.csv,ok
2017-09,GLOBAL,USD,fx_krw_avg,1132.17,KRW/unit,actual,2026-08-11,fx_krw_monthly.csv,ok
2017-10,GLOBAL,USD,fx_krw_avg,1132.2,KRW/unit,actual,2026-08-11,fx_krw_monthly.csv,ok
2017-11,GLOBAL,USD,fx_krw_avg,1100.85,KRW/unit,actual,2026-08-11,fx_krw_monthly.csv,ok
2017-12,GLOBAL,USD,fx_krw_avg,1084.33,KRW/unit,actual,2026-08-11,fx_krw_monthly.csv,ok
2018-01,GLOBAL,USD,fx_krw_avg,1066.38,KRW/unit,actual,2026-08-11,fx_krw_monthly.csv,ok
2018-02,GLOBAL,USD,fx_krw_avg,1078.33,KRW/unit,actual,2026-08-11,fx_krw_monthly.csv,ok
2018-03,GLOBAL,USD,fx_krw_avg,1071.65,KRW/unit,actual,2026-08-11,fx_krw_monthly.csv,ok
2018-04,GLOBAL,USD,fx_krw_avg,1069.51,KRW/unit,actual,2026-08-11,fx_krw_monthly.csv,ok
2018-05,GLOBAL,USD,fx_krw_avg,1077.19,KRW/unit,actual,2026-08-11,fx_krw_monthly.csv,ok
2018-06,GLOBAL,USD,fx_krw_avg,1094.39,KRW/unit,actual,2026-08-11,fx_krw_monthly.csv,ok
2018-07,GLOBAL,USD,fx_krw_avg,1123.63,KRW/unit,actual,2026-08-11,fx_krw_monthly.csv,ok
2018-08,GLOBAL,USD,fx_krw_avg,1121.71,KRW/unit,actual,2026-08-11,fx_krw_monthly.csv,ok
2018-09,GLOBAL,USD,fx_krw_avg,1120.09,KRW/unit,actual,2026-08-11,fx_krw_monthly.csv,ok
2018-10,GLOBAL,USD,fx_krw_avg,1132.13,KRW/unit,actual,2026-08-11,fx_krw_monthly.csv,ok
2018-11,GLOBAL,USD,fx_krw_avg,1126.88,KRW/unit,actual,2026-08-11,fx_krw_monthly.csv,ok
2018-12,GLOBAL,USD,fx_krw_avg,1122.73,KRW/unit,actual,2026-08-11,fx_krw_monthly.csv,ok
2019-01,GLOBAL,USD,fx_krw_avg,1122.49,KRW/unit,actual,2026-08-11,fx_krw_monthly.csv,ok
2019-02,GLOBAL,USD,fx_krw_avg,1122.65,KRW/unit,actual,2026-08-11,fx_krw_monthly.csv,ok
2019-03,GLOBAL,USD,fx_krw_avg,1132.21,KRW/unit,actual,2026-08-11,fx_krw_monthly.csv,ok
2019-04,GLOBAL,USD,fx_krw_avg,1142.93,KRW/unit,actual,2026-08-11,fx_krw_monthly.csv,ok
2019-05,GLOBAL,USD,fx_krw_avg,1184.86,KRW/unit,actual,2026-08-11,fx_krw_monthly.csv,ok
2019-06,GLOBAL,USD,fx_krw_avg,1173.55,KRW/unit,actual,2026-08-11,fx_krw_monthly.csv,ok
2019-07,GLOBAL,USD,fx_krw_avg,1176.93,KRW/unit,actual,2026-08-11,fx_krw_monthly.csv,ok
2019-08,GLOBAL,USD,fx_krw_avg,1210.72,KRW/unit,actual,2026-08-11,fx_krw_monthly.csv,ok
2019-09,GLOBAL,USD,fx_krw_avg,1195.07,KRW/unit,actual,2026-08-11,fx_krw_monthly.csv,ok
2019-10,GLOBAL,USD,fx_krw_avg,1184.1,KRW/unit,actual,2026-08-11,fx_krw_monthly.csv,ok
2019-11,GLOBAL,USD,fx_krw_avg,1168.42,KRW/unit,actual,2026-08-11,fx_krw_monthly.csv,ok
2019-12,GLOBAL,USD,fx_krw_avg,1175.36,KRW/unit,actual,2026-08-11,fx_krw_monthly.csv,ok
2020-01,GLOBAL,USD,fx_krw_avg,1167.67,KRW/unit,actual,2026-08-11,fx_krw_monthly.csv,ok
2020-02,GLOBAL,USD,fx_krw_avg,1195.43,KRW/unit,actual,2026-08-11,fx_krw_monthly.csv,ok
2020-03,GLOBAL,USD,fx_krw_avg,1218.79,KRW/unit,actual,2026-08-11,fx_krw_monthly.csv,ok
2020-04,GLOBAL,USD,fx_krw_avg,1223.46,KRW/unit,actual,2026-08-11,fx_krw_monthly.csv,ok
2020-05,GLOBAL,USD,fx_krw_avg,1229.53,KRW/unit,actual,2026-08-11,fx_krw_monthly.csv,ok
2020-06,GLOBAL,USD,fx_krw_avg,1207.32,KRW/unit,actual,2026-08-11,fx_krw_monthly.csv,ok
2020-07,GLOBAL,USD,fx_krw_avg,1198.76,KRW/unit,actual,2026-08-11,fx_krw_monthly.csv,ok
2020-08,GLOBAL,USD,fx_krw_avg,1186.54,KRW/unit,actual,2026-08-11,fx_krw_monthly.csv,ok
2020-09,GLOBAL,USD,fx_krw_avg,1177.57,KRW/unit,actual,2026-08-11,fx_krw_monthly.csv,ok
2020-10,GLOBAL,USD,fx_krw_avg,1143.97,KRW/unit,actual,2026-08-11,fx_krw_monthly.csv,ok
2020-11,GLOBAL,USD,fx_krw_avg,1114.82,KRW/unit,actual,2026-08-11,fx_krw_monthly.csv,ok
2020-12,GLOBAL,USD,fx_krw_avg,1094.97,KRW/unit,actual,2026-08-11,fx_krw_monthly.csv,ok
2021-01,GLOBAL,USD,fx_krw_avg,1099.91,KRW/unit,actual,2026-08-11,fx_krw_monthly.csv,ok
2021-02,GLOBAL,USD,fx_krw_avg,1111.83,KRW/unit,actual,2026-08-11,fx_krw_monthly.csv,ok
2021-03,GLOBAL,USD,fx_krw_avg,1130.85,KRW/unit,actual,2026-08-11,fx_krw_monthly.csv,ok
2021-04,GLOBAL,USD,fx_krw_avg,1116.95,KRW/unit,actual,2026-08-11,fx_krw_monthly.csv,ok
2021-05,GLOBAL,USD,fx_krw_avg,1123.41,KRW/unit,actual,2026-08-11,fx_krw_monthly.csv,ok
2021-06,GLOBAL,USD,fx_krw_avg,1122.74,KRW/unit,actual,2026-08-11,fx_krw_monthly.csv,ok
2021-07,GLOBAL,USD,fx_krw_avg,1145.74,KRW/unit,actual,2026-08-11,fx_krw_monthly.csv,ok
2021-08,GLOBAL,USD,fx_krw_avg,1161.06,KRW/unit,actual,2026-08-11,fx_krw_monthly.csv,ok
2021-09,GLOBAL,USD,fx_krw_avg,1172.93,KRW/unit,actual,2026-08-11,fx_krw_monthly.csv,ok
2021-10,GLOBAL,USD,fx_krw_avg,1181.96,KRW/unit,actual,2026-08-11,fx_krw_monthly.csv,ok
2021-11,GLOBAL,USD,fx_krw_avg,1184.33,KRW/unit,actual,2026-08-11,fx_krw_monthly.csv,ok
2021-12,GLOBAL,USD,fx_krw_avg,1184.1,KRW/unit,actual,2026-08-11,fx_krw_monthly.csv,ok
2022-01,GLOBAL,USD,fx_krw_avg,1196.4,KRW/unit,actual,2026-08-11,fx_krw_monthly.csv,ok
2022-02,GLOBAL,USD,fx_krw_avg,1197.82,KRW/unit,actual,2026-08-11,fx_krw_monthly.csv,ok
2022-03,GLOBAL,USD,fx_krw_avg,1221.27,KRW/unit,actual,2026-08-11,fx_krw_monthly.csv,ok
2022-04,GLOBAL,USD,fx_krw_avg,1236.58,KRW/unit,actual,2026-08-11,fx_krw_monthly.csv,ok
2022-05,GLOBAL,USD,fx_krw_avg,1266.91,KRW/unit,actual,2026-08-11,fx_krw_monthly.csv,ok
2022-06,GLOBAL,USD,fx_krw_avg,1279.29,KRW/unit,actual,2026-08-11,fx_krw_monthly.csv,ok
2022-07,GLOBAL,USD,fx_krw_avg,1308.64,KRW/unit,actual,2026-08-11,fx_krw_monthly.csv,ok
2022-08,GLOBAL,USD,fx_krw_avg,1321.13,KRW/unit,actual,2026-08-11,fx_krw_monthly.csv,ok
2022-09,GLOBAL,USD,fx_krw_avg,1395.46,KRW/unit,actual,2026-08-11,fx_krw_monthly.csv,ok
2022-10,GLOBAL,USD,fx_krw_avg,1428.45,KRW/unit,actual,2026-08-11,fx_krw_monthly.csv,ok
2022-11,GLOBAL,USD,fx_krw_avg,1357.58,KRW/unit,actual,2026-08-11,fx_krw_monthly.csv,ok
2022-12,GLOBAL,USD,fx_krw_avg,1294.44,KRW/unit,actual,2026-08-11,fx_krw_monthly.csv,ok
2023-01,GLOBAL,USD,fx_krw_avg,1245.75,KRW/unit,actual,2026-08-11,fx_krw_monthly.csv,ok
2023-02,GLOBAL,USD,fx_krw_avg,1277.71,KRW/unit,actual,2026-08-11,fx_krw_monthly.csv,ok
2023-03,GLOBAL,USD,fx_krw_avg,1306.13,KRW/unit,actual,2026-08-11,fx_krw_monthly.csv,ok
2023-04,GLOBAL,USD,fx_krw_avg,1323.94,KRW/unit,actual,2026-08-11,fx_krw_monthly.csv,ok
2023-05,GLOBAL,USD,fx_krw_avg,1327.17,KRW/unit,actual,2026-08-11,fx_krw_monthly.csv,ok
2023-06,GLOBAL,USD,fx_krw_avg,1297.47,KRW/unit,actual,2026-08-11,fx_krw_monthly.csv,ok
2023-07,GLOBAL,USD,fx_krw_avg,1283.51,KRW/unit,actual,2026-08-11,fx_krw_monthly.csv,ok
2023-08,GLOBAL,USD,fx_krw_avg,1323.04,KRW/unit,actual,2026-08-11,fx_krw_monthly.csv,ok
2023-09,GLOBAL,USD,fx_krw_avg,1333.42,KRW/unit,actual,2026-08-11,fx_krw_monthly.csv,ok
2023-10,GLOBAL,USD,fx_krw_avg,1351.33,KRW/unit,actual,2026-08-11,fx_krw_monthly.csv,ok
2023-11,GLOBAL,USD,fx_krw_avg,1307.1,KRW/unit,actual,2026-08-11,fx_krw_monthly.csv,ok
2023-12,GLOBAL,USD,fx_krw_avg,1305.34,KRW/unit,actual,2026-08-11,fx_krw_monthly.csv,ok
2024-01,GLOBAL,USD,fx_krw_avg,1327.1,KRW/unit,actual,2026-08-11,fx_krw_monthly.csv,ok
2024-02,GLOBAL,USD,fx_krw_avg,1331.56,KRW/unit,actual,2026-08-11,fx_krw_monthly.csv,ok
2024-03,GLOBAL,USD,fx_krw_avg,1331.98,KRW/unit,actual,2026-08-11,fx_krw_monthly.csv,ok
2024-04,GLOBAL,USD,fx_krw_avg,1369.83,KRW/unit,actual,2026-08-11,fx_krw_monthly.csv,ok
2024-05,GLOBAL,USD,fx_krw_avg,1364.17,KRW/unit,actual,2026-08-11,fx_krw_monthly.csv,ok
2024-06,GLOBAL,USD,fx_krw_avg,1380.63,KRW/unit,actual,2026-08-11,fx_krw_monthly.csv,ok
2024-07,GLOBAL,USD,fx_krw_avg,1382.89,KRW/unit,actual,2026-08-11,fx_krw_monthly.csv,ok
2024-08,GLOBAL,USD,fx_krw_avg,1351.94,KRW/unit,actual,2026-08-11,fx_krw_monthly.csv,ok
2024-09,GLOBAL,USD,fx_krw_avg,1331.5,KRW/unit,actual,2026-08-11,fx_krw_monthly.csv,ok
2024-10,GLOBAL,USD,fx_krw_avg,1361.64,KRW/unit,actual,2026-08-11,fx_krw_monthly.csv,ok
2024-11,GLOBAL,USD,fx_krw_avg,1394.47,KRW/unit,actual,2026-08-11,fx_krw_monthly.csv,ok
2024-12,GLOBAL,USD,fx_krw_avg,1438.09,KRW/unit,actual,2026-08-11,fx_krw_monthly.csv,ok
2025-01,GLOBAL,USD,fx_krw_avg,1452.3,KRW/unit,actual,2026-08-11,fx_krw_monthly.csv,ok
2025-02,GLOBAL,USD,fx_krw_avg,1445.44,KRW/unit,actual,2026-08-11,fx_krw_monthly.csv,ok
2025-03,GLOBAL,USD,fx_krw_avg,1458.76,KRW/unit,actual,2026-08-11,fx_krw_monthly.csv,ok
2025-04,GLOBAL,USD,fx_krw_avg,1442.65,KRW/unit,actual,2026-08-11,fx_krw_monthly.csv,ok
2025-05,GLOBAL,USD,fx_krw_avg,1388.74,KRW/unit,actual,2026-08-11,fx_krw_monthly.csv,ok
2025-06,GLOBAL,USD,fx_krw_avg,1366.26,KRW/unit,actual,2026-08-11,fx_krw_monthly.csv,ok
2025-07,GLOBAL,USD,fx_krw_avg,1377.96,KRW/unit,actual,2026-08-11,fx_krw_monthly.csv,ok
2025-08,GLOBAL,USD,fx_krw_avg,1390.35,KRW/unit,actual,2026-08-11,fx_krw_monthly.csv,ok
2025-09,GLOBAL,USD,fx_krw_avg,1393.09,KRW/unit,actual,2026-08-11,fx_krw_monthly.csv,ok
2025-10,GLOBAL,USD,fx_krw_avg,1423.82,KRW/unit,actual,2026-08-11,fx_krw_monthly.csv,ok
2025-11,GLOBAL,USD,fx_krw_avg,1459.86,KRW/unit,actual,2026-08-11,fx_krw_monthly.csv,ok
2025-12,GLOBAL,USD,fx_krw_avg,1466.82,KRW/unit,actual,2026-08-11,fx_krw_monthly.csv,ok
2026-01,GLOBAL,USD,fx_krw_avg,1457.21,KRW/unit,actual,2026-08-11,fx_krw_monthly.csv,ok
2026-02,GLOBAL,USD,fx_krw_avg,1448.23,KRW/unit,actual,2026-08-11,fx_krw_monthly.csv,ok
2026-03,GLOBAL,USD,fx_krw_avg,1490.88,KRW/unit,actual,2026-08-11,fx_krw_monthly.csv,ok
2026-04,GLOBAL,USD,fx_krw_avg,1481.35,KRW/unit,actual,2026-08-11,fx_krw_monthly.csv,ok
2026-05,GLOBAL,USD,fx_krw_avg,1490.92,KRW/unit,actual,2026-08-11,fx_krw_monthly.csv,ok
2026-06,GLOBAL,USD,fx_krw_avg,1530.14,KRW/unit,actual,2026-08-11,fx_krw_monthly.csv,ok
2026-07,GLOBAL,USD,fx_krw_avg,1490.85,KRW/unit,actual,2026-08-11,fx_krw_monthly.csv,ok
2026-08,GLOBAL,USD,fx_krw_avg,1422.34,KRW/unit,actual,2026-08-11,fx_krw_monthly.csv,partial
2014-12,GLOBAL,USD,fx_krw_eom,1091.18,KRW/unit,actual,2026-08-11,fx_krw_monthly.csv,partial
2015-01,GLOBAL,USD,fx_krw_eom,1102.64,KRW/unit,actual,2026-08-11,fx_krw_monthly.csv,ok
2015-02,GLOBAL,USD,fx_krw_eom,1099.79,KRW/unit,actual,2026-08-11,fx_krw_monthly.csv,ok
2015-03,GLOBAL,USD,fx_krw_eom,1108.45,KRW/unit,actual,2026-08-11,fx_krw_monthly.csv,ok
2015-04,GLOBAL,USD,fx_krw_eom,1072.21,KRW/unit,actual,2026-08-11,fx_krw_monthly.csv,ok
2015-05,GLOBAL,USD,fx_krw_eom,1112.41,KRW/unit,actual,2026-08-11,fx_krw_monthly.csv,ok
2015-06,GLOBAL,USD,fx_krw_eom,1118.3,KRW/unit,actual,2026-08-11,fx_krw_monthly.csv,ok
2015-07,GLOBAL,USD,fx_krw_eom,1173.89,KRW/unit,actual,2026-08-11,fx_krw_monthly.csv,ok
2015-08,GLOBAL,USD,fx_krw_eom,1183.2,KRW/unit,actual,2026-08-11,fx_krw_monthly.csv,ok
2015-09,GLOBAL,USD,fx_krw_eom,1185.64,KRW/unit,actual,2026-08-11,fx_krw_monthly.csv,ok
2015-10,GLOBAL,USD,fx_krw_eom,1138.22,KRW/unit,actual,2026-08-11,fx_krw_monthly.csv,ok
2015-11,GLOBAL,USD,fx_krw_eom,1157.21,KRW/unit,actual,2026-08-11,fx_krw_monthly.csv,ok
2015-12,GLOBAL,USD,fx_krw_eom,1176.43,KRW/unit,actual,2026-08-11,fx_krw_monthly.csv,ok
2016-01,GLOBAL,USD,fx_krw_eom,1207.51,KRW/unit,actual,2026-08-11,fx_krw_monthly.csv,ok
2016-02,GLOBAL,USD,fx_krw_eom,1237.64,KRW/unit,actual,2026-08-11,fx_krw_monthly.csv,ok
2016-03,GLOBAL,USD,fx_krw_eom,1137.36,KRW/unit,actual,2026-08-11,fx_krw_monthly.csv,ok
2016-04,GLOBAL,USD,fx_krw_eom,1141.39,KRW/unit,actual,2026-08-11,fx_krw_monthly.csv,ok
2016-05,GLOBAL,USD,fx_krw_eom,1188.91,KRW/unit,actual,2026-08-11,fx_krw_monthly.csv,ok
2016-06,GLOBAL,USD,fx_krw_eom,1151.58,KRW/unit,actual,2026-08-11,fx_krw_monthly.csv,ok
2016-07,GLOBAL,USD,fx_krw_eom,1121.96,KRW/unit,actual,2026-08-11,fx_krw_monthly.csv,ok
2016-08,GLOBAL,USD,fx_krw_eom,1117.19,KRW/unit,actual,2026-08-11,fx_krw_monthly.csv,ok
2016-09,GLOBAL,USD,fx_krw_eom,1101.84,KRW/unit,actual,2026-08-11,fx_krw_monthly.csv,ok
2016-10,GLOBAL,USD,fx_krw_eom,1146.44,KRW/unit,actual,2026-08-11,fx_krw_monthly.csv,ok
2016-11,GLOBAL,USD,fx_krw_eom,1172.89,KRW/unit,actual,2026-08-11,fx_krw_monthly.csv,ok
2016-12,GLOBAL,USD,fx_krw_eom,1204.21,KRW/unit,actual,2026-08-11,fx_krw_monthly.csv,ok
2017-01,GLOBAL,USD,fx_krw_eom,1157.38,KRW/unit,actual,2026-08-11,fx_krw_monthly.csv,ok
2017-02,GLOBAL,USD,fx_krw_eom,1126.96,KRW/unit,actual,2026-08-11,fx_krw_monthly.csv,ok
2017-03,GLOBAL,USD,fx_krw_eom,1117.33,KRW/unit,actual,2026-08-11,fx_krw_monthly.csv,ok
2017-04,GLOBAL,USD,fx_krw_eom,1137.87,KRW/unit,actual,2026-08-11,fx_krw_monthly.csv,ok
2017-05,GLOBAL,USD,fx_krw_eom,1118.45,KRW/unit,actual,2026-08-11,fx_krw_monthly.csv,ok
2017-06,GLOBAL,USD,fx_krw_eom,1143.15,KRW/unit,actual,2026-08-11,fx_krw_monthly.csv,ok
2017-07,GLOBAL,USD,fx_krw_eom,1122.17,KRW/unit,actual,2026-08-11,fx_krw_monthly.csv,ok
2017-08,GLOBAL,USD,fx_krw_eom,1125.77,KRW/unit,actual,2026-08-11,fx_krw_monthly.csv,ok
2017-09,GLOBAL,USD,fx_krw_eom,1145.04,KRW/unit,actual,2026-08-11,fx_krw_monthly.csv,ok
2017-10,GLOBAL,USD,fx_krw_eom,1118.32,KRW/unit,actual,2026-08-11,fx_krw_monthly.csv,ok
2017-11,GLOBAL,USD,fx_krw_eom,1086.39,KRW/unit,actual,2026-08-11,fx_krw_monthly.csv,ok
2017-12,GLOBAL,USD,fx_krw_eom,1066.96,KRW/unit,actual,2026-08-11,fx_krw_monthly.csv,ok
2018-01,GLOBAL,USD,fx_krw_eom,1065.29,KRW/unit,actual,2026-08-11,fx_krw_monthly.csv,ok
2018-02,GLOBAL,USD,fx_krw_eom,1080.93,KRW/unit,actual,2026-08-11,fx_krw_monthly.csv,ok
2018-03,GLOBAL,USD,fx_krw_eom,1063.95,KRW/unit,actual,2026-08-11,fx_krw_monthly.csv,ok
2018-04,GLOBAL,USD,fx_krw_eom,1069.66,KRW/unit,actual,2026-08-11,fx_krw_monthly.csv,ok
2018-05,GLOBAL,USD,fx_krw_eom,1078.08,KRW/unit,actual,2026-08-11,fx_krw_monthly.csv,ok
2018-06,GLOBAL,USD,fx_krw_eom,1112.3,KRW/unit,actual,2026-08-11,fx_krw_monthly.csv,ok
2018-07,GLOBAL,USD,fx_krw_eom,1118.6,KRW/unit,actual,2026-08-11,fx_krw_monthly.csv,ok
2018-08,GLOBAL,USD,fx_krw_eom,1117.42,KRW/unit,actual,2026-08-11,fx_krw_monthly.csv,ok
2018-09,GLOBAL,USD,fx_krw_eom,1110.7,KRW/unit,actual,2026-08-11,fx_krw_monthly.csv,ok
2018-10,GLOBAL,USD,fx_krw_eom,1140.75,KRW/unit,actual,2026-08-11,fx_krw_monthly.csv,ok
2018-11,GLOBAL,USD,fx_krw_eom,1121.61,KRW/unit,actual,2026-08-11,fx_krw_monthly.csv,ok
2018-12,GLOBAL,USD,fx_krw_eom,1116.1,KRW/unit,actual,2026-08-11,fx_krw_monthly.csv,ok
2019-01,GLOBAL,USD,fx_krw_eom,1112.1,KRW/unit,actual,2026-08-11,fx_krw_monthly.csv,ok
2019-02,GLOBAL,USD,fx_krw_eom,1122.17,KRW/unit,actual,2026-08-11,fx_krw_monthly.csv,ok
2019-03,GLOBAL,USD,fx_krw_eom,1136.15,KRW/unit,actual,2026-08-11,fx_krw_monthly.csv,ok
2019-04,GLOBAL,USD,fx_krw_eom,1165.99,KRW/unit,actual,2026-08-11,fx_krw_monthly.csv,ok
2019-05,GLOBAL,USD,fx_krw_eom,1191.2,KRW/unit,actual,2026-08-11,fx_krw_monthly.csv,ok
2019-06,GLOBAL,USD,fx_krw_eom,1155.84,KRW/unit,actual,2026-08-11,fx_krw_monthly.csv,ok
2019-07,GLOBAL,USD,fx_krw_eom,1182.18,KRW/unit,actual,2026-08-11,fx_krw_monthly.csv,ok
2019-08,GLOBAL,USD,fx_krw_eom,1208.06,KRW/unit,actual,2026-08-11,fx_krw_monthly.csv,ok
2019-09,GLOBAL,USD,fx_krw_eom,1198.3,KRW/unit,actual,2026-08-11,fx_krw_monthly.csv,ok
2019-10,GLOBAL,USD,fx_krw_eom,1168.07,KRW/unit,actual,2026-08-11,fx_krw_monthly.csv,ok
2019-11,GLOBAL,USD,fx_krw_eom,1179.94,KRW/unit,actual,2026-08-11,fx_krw_monthly.csv,ok
2019-12,GLOBAL,USD,fx_krw_eom,1153.89,KRW/unit,actual,2026-08-11,fx_krw_monthly.csv,ok
2020-01,GLOBAL,USD,fx_krw_eom,1195.8,KRW/unit,actual,2026-08-11,fx_krw_monthly.csv,ok
2020-02,GLOBAL,USD,fx_krw_eom,1207.05,KRW/unit,actual,2026-08-11,fx_krw_monthly.csv,ok
2020-03,GLOBAL,USD,fx_krw_eom,1224.01,KRW/unit,actual,2026-08-11,fx_krw_monthly.csv,ok
2020-04,GLOBAL,USD,fx_krw_eom,1207.33,KRW/unit,actual,2026-08-11,fx_krw_monthly.csv,ok
2020-05,GLOBAL,USD,fx_krw_eom,1235.82,KRW/unit,actual,2026-08-11,fx_krw_monthly.csv,ok
2020-06,GLOBAL,USD,fx_krw_eom,1201.85,KRW/unit,actual,2026-08-11,fx_krw_monthly.csv,ok
2020-07,GLOBAL,USD,fx_krw_eom,1189.7,KRW/unit,actual,2026-08-11,fx_krw_monthly.csv,ok
2020-08,GLOBAL,USD,fx_krw_eom,1185.73,KRW/unit,actual,2026-08-11,fx_krw_monthly.csv,ok
2020-09,GLOBAL,USD,fx_krw_eom,1168.87,KRW/unit,actual,2026-08-11,fx_krw_monthly.csv,ok
2020-10,GLOBAL,USD,fx_krw_eom,1131.99,KRW/unit,actual,2026-08-11,fx_krw_monthly.csv,ok
2020-11,GLOBAL,USD,fx_krw_eom,1106.91,KRW/unit,actual,2026-08-11,fx_krw_monthly.csv,ok
2020-12,GLOBAL,USD,fx_krw_eom,1088.75,KRW/unit,actual,2026-08-11,fx_krw_monthly.csv,ok
2021-01,GLOBAL,USD,fx_krw_eom,1116.5,KRW/unit,actual,2026-08-11,fx_krw_monthly.csv,ok
2021-02,GLOBAL,USD,fx_krw_eom,1127.88,KRW/unit,actual,2026-08-11,fx_krw_monthly.csv,ok
2021-03,GLOBAL,USD,fx_krw_eom,1129.37,KRW/unit,actual,2026-08-11,fx_krw_monthly.csv,ok
2021-04,GLOBAL,USD,fx_krw_eom,1114.25,KRW/unit,actual,2026-08-11,fx_krw_monthly.csv,ok
2021-05,GLOBAL,USD,fx_krw_eom,1108.14,KRW/unit,actual,2026-08-11,fx_krw_monthly.csv,ok
2021-06,GLOBAL,USD,fx_krw_eom,1128.75,KRW/unit,actual,2026-08-11,fx_krw_monthly.csv,ok
2021-07,GLOBAL,USD,fx_krw_eom,1151.07,KRW/unit,actual,2026-08-11,fx_krw_monthly.csv,ok
2021-08,GLOBAL,USD,fx_krw_eom,1157.71,KRW/unit,actual,2026-08-11,fx_krw_monthly.csv,ok
2021-09,GLOBAL,USD,fx_krw_eom,1184.54,KRW/unit,actual,2026-08-11,fx_krw_monthly.csv,ok
2021-10,GLOBAL,USD,fx_krw_eom,1170.39,KRW/unit,actual,2026-08-11,fx_krw_monthly.csv,ok
2021-11,GLOBAL,USD,fx_krw_eom,1188.32,KRW/unit,actual,2026-08-11,fx_krw_monthly.csv,ok
2021-12,GLOBAL,USD,fx_krw_eom,1188.75,KRW/unit,actual,2026-08-11,fx_krw_monthly.csv,ok
2022-01,GLOBAL,USD,fx_krw_eom,1209.29,KRW/unit,actual,2026-08-11,fx_krw_monthly.csv,ok
2022-02,GLOBAL,USD,fx_krw_eom,1203.34,KRW/unit,actual,2026-08-11,fx_krw_monthly.csv,ok
2022-03,GLOBAL,USD,fx_krw_eom,1213.74,KRW/unit,actual,2026-08-11,fx_krw_monthly.csv,ok
2022-04,GLOBAL,USD,fx_krw_eom,1258.74,KRW/unit,actual,2026-08-11,fx_krw_monthly.csv,ok
2022-05,GLOBAL,USD,fx_krw_eom,1240.85,KRW/unit,actual,2026-08-11,fx_krw_monthly.csv,ok
2022-06,GLOBAL,USD,fx_krw_eom,1301.24,KRW/unit,actual,2026-08-11,fx_krw_monthly.csv,ok
2022-07,GLOBAL,USD,fx_krw_eom,1303.59,KRW/unit,actual,2026-08-11,fx_krw_monthly.csv,ok
2022-08,GLOBAL,USD,fx_krw_eom,1342.79,KRW/unit,actual,2026-08-11,fx_krw_monthly.csv,ok
2022-09,GLOBAL,USD,fx_krw_eom,1436.9,KRW/unit,actual,2026-08-11,fx_krw_monthly.csv,ok
2022-10,GLOBAL,USD,fx_krw_eom,1428.4,KRW/unit,actual,2026-08-11,fx_krw_monthly.csv,ok
2022-11,GLOBAL,USD,fx_krw_eom,1315.67,KRW/unit,actual,2026-08-11,fx_krw_monthly.csv,ok
2022-12,GLOBAL,USD,fx_krw_eom,1260.16,KRW/unit,actual,2026-08-11,fx_krw_monthly.csv,ok
2023-01,GLOBAL,USD,fx_krw_eom,1235.95,KRW/unit,actual,2026-08-11,fx_krw_monthly.csv,ok
2023-02,GLOBAL,USD,fx_krw_eom,1320.12,KRW/unit,actual,2026-08-11,fx_krw_monthly.csv,ok
2023-03,GLOBAL,USD,fx_krw_eom,1305.99,KRW/unit,actual,2026-08-11,fx_krw_monthly.csv,ok
2023-04,GLOBAL,USD,fx_krw_eom,1339.49,KRW/unit,actual,2026-08-11,fx_krw_monthly.csv,ok
2023-05,GLOBAL,USD,fx_krw_eom,1325.74,KRW/unit,actual,2026-08-11,fx_krw_monthly.csv,ok
2023-06,GLOBAL,USD,fx_krw_eom,1321.44,KRW/unit,actual,2026-08-11,fx_krw_monthly.csv,ok
2023-07,GLOBAL,USD,fx_krw_eom,1275.05,KRW/unit,actual,2026-08-11,fx_krw_monthly.csv,ok
2023-08,GLOBAL,USD,fx_krw_eom,1324.59,KRW/unit,actual,2026-08-11,fx_krw_monthly.csv,ok
2023-09,GLOBAL,USD,fx_krw_eom,1345.35,KRW/unit,actual,2026-08-11,fx_krw_monthly.csv,ok
2023-10,GLOBAL,USD,fx_krw_eom,1351.03,KRW/unit,actual,2026-08-11,fx_krw_monthly.csv,ok
2023-11,GLOBAL,USD,fx_krw_eom,1297.94,KRW/unit,actual,2026-08-11,fx_krw_monthly.csv,ok
2023-12,GLOBAL,USD,fx_krw_eom,1297.43,KRW/unit,actual,2026-08-11,fx_krw_monthly.csv,ok
2024-01,GLOBAL,USD,fx_krw_eom,1333.05,KRW/unit,actual,2026-08-11,fx_krw_monthly.csv,ok
2024-02,GLOBAL,USD,fx_krw_eom,1336.99,KRW/unit,actual,2026-08-11,fx_krw_monthly.csv,ok
2024-03,GLOBAL,USD,fx_krw_eom,1349.25,KRW/unit,actual,2026-08-11,fx_krw_monthly.csv,ok
2024-04,GLOBAL,USD,fx_krw_eom,1380.55,KRW/unit,actual,2026-08-11,fx_krw_monthly.csv,ok
2024-05,GLOBAL,USD,fx_krw_eom,1383.26,KRW/unit,actual,2026-08-11,fx_krw_monthly.csv,ok
2024-06,GLOBAL,USD,fx_krw_eom,1377.73,KRW/unit,actual,2026-08-11,fx_krw_monthly.csv,ok
2024-07,GLOBAL,USD,fx_krw_eom,1372.33,KRW/unit,actual,2026-08-11,fx_krw_monthly.csv,ok
2024-08,GLOBAL,USD,fx_krw_eom,1333.63,KRW/unit,actual,2026-08-11,fx_krw_monthly.csv,ok
2024-09,GLOBAL,USD,fx_krw_eom,1312.17,KRW/unit,actual,2026-08-11,fx_krw_monthly.csv,ok
2024-10,GLOBAL,USD,fx_krw_eom,1378.47,KRW/unit,actual,2026-08-11,fx_krw_monthly.csv,ok
2024-11,GLOBAL,USD,fx_krw_eom,1397.57,KRW/unit,actual,2026-08-11,fx_krw_monthly.csv,ok
2024-12,GLOBAL,USD,fx_krw_eom,1474.78,KRW/unit,actual,2026-08-11,fx_krw_monthly.csv,ok
2025-01,GLOBAL,USD,fx_krw_eom,1449.65,KRW/unit,actual,2026-08-11,fx_krw_monthly.csv,ok
2025-02,GLOBAL,USD,fx_krw_eom,1459.92,KRW/unit,actual,2026-08-11,fx_krw_monthly.csv,ok
2025-03,GLOBAL,USD,fx_krw_eom,1474.54,KRW/unit,actual,2026-08-11,fx_krw_monthly.csv,ok
2025-04,GLOBAL,USD,fx_krw_eom,1423.01,KRW/unit,actual,2026-08-11,fx_krw_monthly.csv,ok
2025-05,GLOBAL,USD,fx_krw_eom,1378.51,KRW/unit,actual,2026-08-11,fx_krw_monthly.csv,ok
2025-06,GLOBAL,USD,fx_krw_eom,1355.13,KRW/unit,actual,2026-08-11,fx_krw_monthly.csv,ok
2025-07,GLOBAL,USD,fx_krw_eom,1394.63,KRW/unit,actual,2026-08-11,fx_krw_monthly.csv,ok
2025-08,GLOBAL,USD,fx_krw_eom,1391.54,KRW/unit,actual,2026-08-11,fx_krw_monthly.csv,ok
2025-09,GLOBAL,USD,fx_krw_eom,1403.67,KRW/unit,actual,2026-08-11,fx_krw_monthly.csv,ok
2025-10,GLOBAL,USD,fx_krw_eom,1428.14,KRW/unit,actual,2026-08-11,fx_krw_monthly.csv,ok
2025-11,GLOBAL,USD,fx_krw_eom,1469.66,KRW/unit,actual,2026-08-11,fx_krw_monthly.csv,ok
2025-12,GLOBAL,USD,fx_krw_eom,1444.2,KRW/unit,actual,2026-08-11,fx_krw_monthly.csv,ok
2026-01,GLOBAL,USD,fx_krw_eom,1442.63,KRW/unit,actual,2026-08-11,fx_krw_monthly.csv,ok
2026-02,GLOBAL,USD,fx_krw_eom,1441.97,KRW/unit,actual,2026-08-11,fx_krw_monthly.csv,ok
2026-03,GLOBAL,USD,fx_krw_eom,1524.8,KRW/unit,actual,2026-08-11,fx_krw_monthly.csv,ok
2026-04,GLOBAL,USD,fx_krw_eom,1477,KRW/unit,actual,2026-08-11,fx_krw_monthly.csv,ok
2026-05,GLOBAL,USD,fx_krw_eom,1506.27,KRW/unit,actual,2026-08-11,fx_krw_monthly.csv,ok
2026-06,GLOBAL,USD,fx_krw_eom,1550.89,KRW/unit,actual,2026-08-11,fx_krw_monthly.csv,ok
2026-07,GLOBAL,USD,fx_krw_eom,1443.61,KRW/unit,actual,2026-08-11,fx_krw_monthly.csv,ok
2026-08,GLOBAL,USD,fx_krw_eom,1416.62,KRW/unit,actual,2026-08-11,fx_krw_monthly.csv,partial
2019-12,PL-ENTSOE,PL,pl_price,34.95,EUR/MWh,actual,2026-08-11,entsoe-harvester/pl_wholesale_monthly.json,ok
2020-01,PL-ENTSOE,PL,pl_price,44.05,EUR/MWh,actual,2026-08-11,entsoe-harvester/pl_wholesale_monthly.json,ok
2020-02,PL-ENTSOE,PL,pl_price,41.05,EUR/MWh,actual,2026-08-11,entsoe-harvester/pl_wholesale_monthly.json,ok
2020-03,PL-ENTSOE,PL,pl_price,36.92,EUR/MWh,actual,2026-08-11,entsoe-harvester/pl_wholesale_monthly.json,ok
2020-04,PL-ENTSOE,PL,pl_price,33.27,EUR/MWh,actual,2026-08-11,entsoe-harvester/pl_wholesale_monthly.json,ok
2020-05,PL-ENTSOE,PL,pl_price,38.47,EUR/MWh,actual,2026-08-11,entsoe-harvester/pl_wholesale_monthly.json,ok
2020-06,PL-ENTSOE,PL,pl_price,48.51,EUR/MWh,actual,2026-08-11,entsoe-harvester/pl_wholesale_monthly.json,ok
2020-07,PL-ENTSOE,PL,pl_price,48.96,EUR/MWh,actual,2026-08-11,entsoe-harvester/pl_wholesale_monthly.json,ok
2020-08,PL-ENTSOE,PL,pl_price,52.23,EUR/MWh,actual,2026-08-11,entsoe-harvester/pl_wholesale_monthly.json,ok
2020-09,PL-ENTSOE,PL,pl_price,53.77,EUR/MWh,actual,2026-08-11,entsoe-harvester/pl_wholesale_monthly.json,ok
2020-10,PL-ENTSOE,PL,pl_price,52.18,EUR/MWh,actual,2026-08-11,entsoe-harvester/pl_wholesale_monthly.json,ok
2020-11,PL-ENTSOE,PL,pl_price,53.62,EUR/MWh,actual,2026-08-11,entsoe-harvester/pl_wholesale_monthly.json,ok
2020-12,PL-ENTSOE,PL,pl_price,56.67,EUR/MWh,actual,2026-08-11,entsoe-harvester/pl_wholesale_monthly.json,ok
2021-01,PL-ENTSOE,PL,pl_price,54.43,EUR/MWh,actual,2026-08-11,entsoe-harvester/pl_wholesale_monthly.json,ok
2021-02,PL-ENTSOE,PL,pl_price,58.88,EUR/MWh,actual,2026-08-11,entsoe-harvester/pl_wholesale_monthly.json,ok
2021-03,PL-ENTSOE,PL,pl_price,59.69,EUR/MWh,actual,2026-08-11,entsoe-harvester/pl_wholesale_monthly.json,ok
2021-04,PL-ENTSOE,PL,pl_price,59.48,EUR/MWh,actual,2026-08-11,entsoe-harvester/pl_wholesale_monthly.json,ok
2021-05,PL-ENTSOE,PL,pl_price,65.74,EUR/MWh,actual,2026-08-11,entsoe-harvester/pl_wholesale_monthly.json,ok
2021-06,PL-ENTSOE,PL,pl_price,76.2,EUR/MWh,actual,2026-08-11,entsoe-harvester/pl_wholesale_monthly.json,ok
2021-07,PL-ENTSOE,PL,pl_price,82.33,EUR/MWh,actual,2026-08-11,entsoe-harvester/pl_wholesale_monthly.json,ok
2021-08,PL-ENTSOE,PL,pl_price,82.36,EUR/MWh,actual,2026-08-11,entsoe-harvester/pl_wholesale_monthly.json,ok
2021-09,PL-ENTSOE,PL,pl_price,102.28,EUR/MWh,actual,2026-08-11,entsoe-harvester/pl_wholesale_monthly.json,ok
2021-10,PL-ENTSOE,PL,pl_price,103.08,EUR/MWh,actual,2026-08-11,entsoe-harvester/pl_wholesale_monthly.json,ok
2021-11,PL-ENTSOE,PL,pl_price,117.8,EUR/MWh,actual,2026-08-11,entsoe-harvester/pl_wholesale_monthly.json,ok
2021-12,PL-ENTSOE,PL,pl_price,179.97,EUR/MWh,actual,2026-08-11,entsoe-harvester/pl_wholesale_monthly.json,ok
2022-01,PL-ENTSOE,PL,pl_price,142.26,EUR/MWh,actual,2026-08-11,entsoe-harvester/pl_wholesale_monthly.json,ok
2022-02,PL-ENTSOE,PL,pl_price,116.67,EUR/MWh,actual,2026-08-11,entsoe-harvester/pl_wholesale_monthly.json,ok
2022-03,PL-ENTSOE,PL,pl_price,141.72,EUR/MWh,actual,2026-08-11,entsoe-harvester/pl_wholesale_monthly.json,ok
2022-04,PL-ENTSOE,PL,pl_price,124.4,EUR/MWh,actual,2026-08-11,entsoe-harvester/pl_wholesale_monthly.json,ok
2022-05,PL-ENTSOE,PL,pl_price,140.84,EUR/MWh,actual,2026-08-11,entsoe-harvester/pl_wholesale_monthly.json,ok
2022-06,PL-ENTSOE,PL,pl_price,185.56,EUR/MWh,actual,2026-08-11,entsoe-harvester/pl_wholesale_monthly.json,ok
2022-07,PL-ENTSOE,PL,pl_price,221.33,EUR/MWh,actual,2026-08-11,entsoe-harvester/pl_wholesale_monthly.json,ok
2022-08,PL-ENTSOE,PL,pl_price,269.11,EUR/MWh,actual,2026-08-11,entsoe-harvester/pl_wholesale_monthly.json,ok
2022-09,PL-ENTSOE,PL,pl_price,175.94,EUR/MWh,actual,2026-08-11,entsoe-harvester/pl_wholesale_monthly.json,ok
2022-10,PL-ENTSOE,PL,pl_price,134.22,EUR/MWh,actual,2026-08-11,entsoe-harvester/pl_wholesale_monthly.json,ok
2022-11,PL-ENTSOE,PL,pl_price,171.16,EUR/MWh,actual,2026-08-11,entsoe-harvester/pl_wholesale_monthly.json,ok
2022-12,PL-ENTSOE,PL,pl_price,173.1,EUR/MWh,actual,2026-08-11,entsoe-harvester/pl_wholesale_monthly.json,ok
2023-01,PL-ENTSOE,PL,pl_price,130.08,EUR/MWh,actual,2026-08-11,entsoe-harvester/pl_wholesale_monthly.json,ok
2023-02,PL-ENTSOE,PL,pl_price,136.95,EUR/MWh,actual,2026-08-11,entsoe-harvester/pl_wholesale_monthly.json,ok
2023-03,PL-ENTSOE,PL,pl_price,120.54,EUR/MWh,actual,2026-08-11,entsoe-harvester/pl_wholesale_monthly.json,ok
2023-04,PL-ENTSOE,PL,pl_price,122.01,EUR/MWh,actual,2026-08-11,entsoe-harvester/pl_wholesale_monthly.json,ok
2023-05,PL-ENTSOE,PL,pl_price,105.66,EUR/MWh,actual,2026-08-11,entsoe-harvester/pl_wholesale_monthly.json,ok
2023-06,PL-ENTSOE,PL,pl_price,118.22,EUR/MWh,actual,2026-08-11,entsoe-harvester/pl_wholesale_monthly.json,ok
2023-07,PL-ENTSOE,PL,pl_price,116.15,EUR/MWh,actual,2026-08-11,entsoe-harvester/pl_wholesale_monthly.json,ok
2023-08,PL-ENTSOE,PL,pl_price,107.58,EUR/MWh,actual,2026-08-11,entsoe-harvester/pl_wholesale_monthly.json,ok
2023-09,PL-ENTSOE,PL,pl_price,109.86,EUR/MWh,actual,2026-08-11,entsoe-harvester/pl_wholesale_monthly.json,ok
2023-10,PL-ENTSOE,PL,pl_price,95.36,EUR/MWh,actual,2026-08-11,entsoe-harvester/pl_wholesale_monthly.json,ok
2023-11,PL-ENTSOE,PL,pl_price,98.73,EUR/MWh,actual,2026-08-11,entsoe-harvester/pl_wholesale_monthly.json,ok
2023-12,PL-ENTSOE,PL,pl_price,80.41,EUR/MWh,actual,2026-08-11,entsoe-harvester/pl_wholesale_monthly.json,ok
2024-01,PL-ENTSOE,PL,pl_price,93.11,EUR/MWh,actual,2026-08-11,entsoe-harvester/pl_wholesale_monthly.json,ok
2024-02,PL-ENTSOE,PL,pl_price,76.02,EUR/MWh,actual,2026-08-11,entsoe-harvester/pl_wholesale_monthly.json,ok
2024-03,PL-ENTSOE,PL,pl_price,75.44,EUR/MWh,actual,2026-08-11,entsoe-harvester/pl_wholesale_monthly.json,ok
2024-04,PL-ENTSOE,PL,pl_price,80.84,EUR/MWh,actual,2026-08-11,entsoe-harvester/pl_wholesale_monthly.json,ok
2024-05,PL-ENTSOE,PL,pl_price,85.71,EUR/MWh,actual,2026-08-11,entsoe-harvester/pl_wholesale_monthly.json,ok
2024-06,PL-ENTSOE,PL,pl_price,105.7,EUR/MWh,actual,2026-08-11,entsoe-harvester/pl_wholesale_monthly.json,ok
2024-07,PL-ENTSOE,PL,pl_price,109.06,EUR/MWh,actual,2026-08-11,entsoe-harvester/pl_wholesale_monthly.json,ok
2024-08,PL-ENTSOE,PL,pl_price,100.15,EUR/MWh,actual,2026-08-11,entsoe-harvester/pl_wholesale_monthly.json,ok
2024-09,PL-ENTSOE,PL,pl_price,95.26,EUR/MWh,actual,2026-08-11,entsoe-harvester/pl_wholesale_monthly.json,ok
2024-10,PL-ENTSOE,PL,pl_price,103.18,EUR/MWh,actual,2026-08-11,entsoe-harvester/pl_wholesale_monthly.json,ok
2024-11,PL-ENTSOE,PL,pl_price,120.82,EUR/MWh,actual,2026-08-11,entsoe-harvester/pl_wholesale_monthly.json,ok
2024-12,PL-ENTSOE,PL,pl_price,109.4,EUR/MWh,actual,2026-08-11,entsoe-harvester/pl_wholesale_monthly.json,ok
2025-01,PL-ENTSOE,PL,pl_price,110.8,EUR/MWh,actual,2026-08-11,entsoe-harvester/pl_wholesale_monthly.json,ok
2025-02,PL-ENTSOE,PL,pl_price,133.76,EUR/MWh,actual,2026-08-11,entsoe-harvester/pl_wholesale_monthly.json,ok
2025-03,PL-ENTSOE,PL,pl_price,99.58,EUR/MWh,actual,2026-08-11,entsoe-harvester/pl_wholesale_monthly.json,ok
2025-04,PL-ENTSOE,PL,pl_price,85.96,EUR/MWh,actual,2026-08-11,entsoe-harvester/pl_wholesale_monthly.json,ok
2025-05,PL-ENTSOE,PL,pl_price,94.14,EUR/MWh,actual,2026-08-11,entsoe-harvester/pl_wholesale_monthly.json,ok
2025-06,PL-ENTSOE,PL,pl_price,81.6,EUR/MWh,actual,2026-08-11,entsoe-harvester/pl_wholesale_monthly.json,ok
2025-07,PL-ENTSOE,PL,pl_price,102.69,EUR/MWh,actual,2026-08-11,entsoe-harvester/pl_wholesale_monthly.json,ok
2025-08,PL-ENTSOE,PL,pl_price,89.96,EUR/MWh,actual,2026-08-11,entsoe-harvester/pl_wholesale_monthly.json,ok
2025-09,PL-ENTSOE,PL,pl_price,107.58,EUR/MWh,actual,2026-08-11,entsoe-harvester/pl_wholesale_monthly.json,ok
2025-10,PL-ENTSOE,PL,pl_price,105.16,EUR/MWh,actual,2026-08-11,entsoe-harvester/pl_wholesale_monthly.json,ok
2025-11,PL-ENTSOE,PL,pl_price,124.98,EUR/MWh,actual,2026-08-11,entsoe-harvester/pl_wholesale_monthly.json,ok
2025-12,PL-ENTSOE,PL,pl_price,116.67,EUR/MWh,actual,2026-08-11,entsoe-harvester/pl_wholesale_monthly.json,ok
2026-01,PL-ENTSOE,PL,pl_price,140.66,EUR/MWh,actual,2026-08-11,entsoe-harvester/pl_wholesale_monthly.json,ok
2026-02,PL-ENTSOE,PL,pl_price,116.04,EUR/MWh,actual,2026-08-11,entsoe-harvester/pl_wholesale_monthly.json,ok
2026-03,PL-ENTSOE,PL,pl_price,105.22,EUR/MWh,actual,2026-08-11,entsoe-harvester/pl_wholesale_monthly.json,ok
2026-04,PL-ENTSOE,PL,pl_price,83.95,EUR/MWh,actual,2026-08-11,entsoe-harvester/pl_wholesale_monthly.json,ok
2026-05,PL-ENTSOE,PL,pl_price,103.94,EUR/MWh,actual,2026-08-11,entsoe-harvester/pl_wholesale_monthly.json,ok
2026-06,PL-ENTSOE,PL,pl_price,117.18,EUR/MWh,actual,2026-08-11,entsoe-harvester/pl_wholesale_monthly.json,ok
2026-07,PL-ENTSOE,PL,pl_price,113.83,EUR/MWh,actual,2026-08-11,entsoe-harvester/pl_wholesale_monthly.json,ok
2026-08,PL-ENTSOE,PL,pl_price,129.93,EUR/MWh,actual,2026-08-11,entsoe-harvester/pl_wholesale_monthly.json,ok
2026-01,US-MISO,MICHIGAN.HUB,lmp_da,90.406,$/MWh,actual,2026-08-11,miso_lmp_monthly.json,ok
2026-02,US-MISO,MICHIGAN.HUB,lmp_da,51.835,$/MWh,actual,2026-08-11,miso_lmp_monthly.json,ok
2026-03,US-MISO,MICHIGAN.HUB,lmp_da,39.527,$/MWh,actual,2026-08-11,miso_lmp_monthly.json,ok
2026-04,US-MISO,MICHIGAN.HUB,lmp_da,40.48,$/MWh,actual,2026-08-11,miso_lmp_monthly.json,ok
2026-05,US-MISO,MICHIGAN.HUB,lmp_da,33.618,$/MWh,actual,2026-08-11,miso_lmp_monthly.json,ok
2026-06,US-MISO,MICHIGAN.HUB,lmp_da,44.249,$/MWh,actual,2026-08-11,miso_lmp_monthly.json,ok
2026-07,US-MISO,MICHIGAN.HUB,lmp_da,73.921,$/MWh,actual,2026-08-11,miso_lmp_monthly.json,ok
2026-08,US-MISO,MICHIGAN.HUB,lmp_da,44.417,$/MWh,actual,2026-08-11,miso_lmp_monthly.json,ok
2015-01,US-RETAIL,AZ,retail_ind,5.84,cents/kWh,actual,2026-08-11,eia_industrial_prices_monthly.json,ok
2015-02,US-RETAIL,AZ,retail_ind,5.98,cents/kWh,actual,2026-08-11,eia_industrial_prices_monthly.json,ok
2015-03,US-RETAIL,AZ,retail_ind,5.95,cents/kWh,actual,2026-08-11,eia_industrial_prices_monthly.json,ok
2015-04,US-RETAIL,AZ,retail_ind,6.14,cents/kWh,actual,2026-08-11,eia_industrial_prices_monthly.json,ok
2015-05,US-RETAIL,AZ,retail_ind,6.8,cents/kWh,actual,2026-08-11,eia_industrial_prices_monthly.json,ok
2015-06,US-RETAIL,AZ,retail_ind,6.82,cents/kWh,actual,2026-08-11,eia_industrial_prices_monthly.json,ok
2015-07,US-RETAIL,AZ,retail_ind,6.97,cents/kWh,actual,2026-08-11,eia_industrial_prices_monthly.json,ok
2015-08,US-RETAIL,AZ,retail_ind,6.83,cents/kWh,actual,2026-08-11,eia_industrial_prices_monthly.json,ok
2015-09,US-RETAIL,AZ,retail_ind,6.55,cents/kWh,actual,2026-08-11,eia_industrial_prices_monthly.json,ok
2015-10,US-RETAIL,AZ,retail_ind,6.11,cents/kWh,actual,2026-08-11,eia_industrial_prices_monthly.json,ok
2015-11,US-RETAIL,AZ,retail_ind,5.54,cents/kWh,actual,2026-08-11,eia_industrial_prices_monthly.json,ok
2015-12,US-RETAIL,AZ,retail_ind,5.39,cents/kWh,actual,2026-08-11,eia_industrial_prices_monthly.json,ok
2016-01,US-RETAIL,AZ,retail_ind,5.38,cents/kWh,actual,2026-08-11,eia_industrial_prices_monthly.json,ok
2016-02,US-RETAIL,AZ,retail_ind,5.33,cents/kWh,actual,2026-08-11,eia_industrial_prices_monthly.json,ok
2016-03,US-RETAIL,AZ,retail_ind,5.39,cents/kWh,actual,2026-08-11,eia_industrial_prices_monthly.json,ok
2016-04,US-RETAIL,AZ,retail_ind,5.63,cents/kWh,actual,2026-08-11,eia_industrial_prices_monthly.json,ok
2016-05,US-RETAIL,AZ,retail_ind,6.11,cents/kWh,actual,2026-08-11,eia_industrial_prices_monthly.json,ok
2016-06,US-RETAIL,AZ,retail_ind,6.39,cents/kWh,actual,2026-08-11,eia_industrial_prices_monthly.json,ok
2016-07,US-RETAIL,AZ,retail_ind,6.7,cents/kWh,actual,2026-08-11,eia_industrial_prices_monthly.json,ok
2016-08,US-RETAIL,AZ,retail_ind,6.99,cents/kWh,actual,2026-08-11,eia_industrial_prices_monthly.json,ok
2016-09,US-RETAIL,AZ,retail_ind,6.79,cents/kWh,actual,2026-08-11,eia_industrial_prices_monthly.json,ok
2016-10,US-RETAIL,AZ,retail_ind,6.39,cents/kWh,actual,2026-08-11,eia_industrial_prices_monthly.json,ok
2016-11,US-RETAIL,AZ,retail_ind,5.7,cents/kWh,actual,2026-08-11,eia_industrial_prices_monthly.json,ok
2016-12,US-RETAIL,AZ,retail_ind,5.83,cents/kWh,actual,2026-08-11,eia_industrial_prices_monthly.json,ok
2017-01,US-RETAIL,AZ,retail_ind,5.94,cents/kWh,actual,2026-08-11,eia_industrial_prices_monthly.json,ok
2017-02,US-RETAIL,AZ,retail_ind,5.85,cents/kWh,actual,2026-08-11,eia_industrial_prices_monthly.json,ok
2017-03,US-RETAIL,AZ,retail_ind,5.78,cents/kWh,actual,2026-08-11,eia_industrial_prices_monthly.json,ok
2017-04,US-RETAIL,AZ,retail_ind,6.09,cents/kWh,actual,2026-08-11,eia_industrial_prices_monthly.json,ok
2017-05,US-RETAIL,AZ,retail_ind,6.75,cents/kWh,actual,2026-08-11,eia_industrial_prices_monthly.json,ok
2017-06,US-RETAIL,AZ,retail_ind,7.04,cents/kWh,actual,2026-08-11,eia_industrial_prices_monthly.json,ok
2017-07,US-RETAIL,AZ,retail_ind,7.39,cents/kWh,actual,2026-08-11,eia_industrial_prices_monthly.json,ok
2017-08,US-RETAIL,AZ,retail_ind,7.31,cents/kWh,actual,2026-08-11,eia_industrial_prices_monthly.json,ok
2017-09,US-RETAIL,AZ,retail_ind,6.69,cents/kWh,actual,2026-08-11,eia_industrial_prices_monthly.json,ok
2017-10,US-RETAIL,AZ,retail_ind,6.51,cents/kWh,actual,2026-08-11,eia_industrial_prices_monthly.json,ok
2017-11,US-RETAIL,AZ,retail_ind,6.09,cents/kWh,actual,2026-08-11,eia_industrial_prices_monthly.json,ok
2017-12,US-RETAIL,AZ,retail_ind,5.72,cents/kWh,actual,2026-08-11,eia_industrial_prices_monthly.json,ok
2018-01,US-RETAIL,AZ,retail_ind,5.91,cents/kWh,actual,2026-08-11,eia_industrial_prices_monthly.json,ok
2018-02,US-RETAIL,AZ,retail_ind,6.12,cents/kWh,actual,2026-08-11,eia_industrial_prices_monthly.json,ok
2018-03,US-RETAIL,AZ,retail_ind,5.87,cents/kWh,actual,2026-08-11,eia_industrial_prices_monthly.json,ok
2018-04,US-RETAIL,AZ,retail_ind,5.96,cents/kWh,actual,2026-08-11,eia_industrial_prices_monthly.json,ok
2018-05,US-RETAIL,AZ,retail_ind,6.84,cents/kWh,actual,2026-08-11,eia_industrial_prices_monthly.json,ok
2018-06,US-RETAIL,AZ,retail_ind,6.83,cents/kWh,actual,2026-08-11,eia_industrial_prices_monthly.json,ok
2018-07,US-RETAIL,AZ,retail_ind,7.61,cents/kWh,actual,2026-08-11,eia_industrial_prices_monthly.json,ok
2018-08,US-RETAIL,AZ,retail_ind,7.66,cents/kWh,actual,2026-08-11,eia_industrial_prices_monthly.json,ok
2018-09,US-RETAIL,AZ,retail_ind,6.87,cents/kWh,actual,2026-08-11,eia_industrial_prices_monthly.json,ok
2018-10,US-RETAIL,AZ,retail_ind,6.63,cents/kWh,actual,2026-08-11,eia_industrial_prices_monthly.json,ok
2018-11,US-RETAIL,AZ,retail_ind,5.95,cents/kWh,actual,2026-08-11,eia_industrial_prices_monthly.json,ok
2018-12,US-RETAIL,AZ,retail_ind,5.92,cents/kWh,actual,2026-08-11,eia_industrial_prices_monthly.json,ok
2019-01,US-RETAIL,AZ,retail_ind,5.86,cents/kWh,actual,2026-08-11,eia_industrial_prices_monthly.json,ok
2019-02,US-RETAIL,AZ,retail_ind,6.23,cents/kWh,actual,2026-08-11,eia_industrial_prices_monthly.json,ok
2019-03,US-RETAIL,AZ,retail_ind,6.01,cents/kWh,actual,2026-08-11,eia_industrial_prices_monthly.json,ok
2019-04,US-RETAIL,AZ,retail_ind,6,cents/kWh,actual,2026-08-11,eia_industrial_prices_monthly.json,ok
2019-05,US-RETAIL,AZ,retail_ind,6.35,cents/kWh,actual,2026-08-11,eia_industrial_prices_monthly.json,ok
2019-06,US-RETAIL,AZ,retail_ind,6.34,cents/kWh,actual,2026-08-11,eia_industrial_prices_monthly.json,ok
2019-07,US-RETAIL,AZ,retail_ind,7.18,cents/kWh,actual,2026-08-11,eia_industrial_prices_monthly.json,ok
2019-08,US-RETAIL,AZ,retail_ind,6.98,cents/kWh,actual,2026-08-11,eia_industrial_prices_monthly.json,ok
2019-09,US-RETAIL,AZ,retail_ind,6.34,cents/kWh,actual,2026-08-11,eia_industrial_prices_monthly.json,ok
2019-10,US-RETAIL,AZ,retail_ind,6.2,cents/kWh,actual,2026-08-11,eia_industrial_prices_monthly.json,ok
2019-11,US-RETAIL,AZ,retail_ind,5.9,cents/kWh,actual,2026-08-11,eia_industrial_prices_monthly.json,ok
2019-12,US-RETAIL,AZ,retail_ind,5.64,cents/kWh,actual,2026-08-11,eia_industrial_prices_monthly.json,ok
2020-01,US-RETAIL,AZ,retail_ind,5.32,cents/kWh,actual,2026-08-11,eia_industrial_prices_monthly.json,ok
2020-02,US-RETAIL,AZ,retail_ind,5.32,cents/kWh,actual,2026-08-11,eia_industrial_prices_monthly.json,ok
2020-03,US-RETAIL,AZ,retail_ind,5.32,cents/kWh,actual,2026-08-11,eia_industrial_prices_monthly.json,ok
2020-04,US-RETAIL,AZ,retail_ind,5.4,cents/kWh,actual,2026-08-11,eia_industrial_prices_monthly.json,ok
2020-05,US-RETAIL,AZ,retail_ind,6.25,cents/kWh,actual,2026-08-11,eia_industrial_prices_monthly.json,ok
2020-06,US-RETAIL,AZ,retail_ind,6.27,cents/kWh,actual,2026-08-11,eia_industrial_prices_monthly.json,ok
2020-07,US-RETAIL,AZ,retail_ind,7.11,cents/kWh,actual,2026-08-11,eia_industrial_prices_monthly.json,ok
2020-08,US-RETAIL,AZ,retail_ind,7.84,cents/kWh,actual,2026-08-11,eia_industrial_prices_monthly.json,ok
2020-09,US-RETAIL,AZ,retail_ind,6.37,cents/kWh,actual,2026-08-11,eia_industrial_prices_monthly.json,ok
2020-10,US-RETAIL,AZ,retail_ind,5.99,cents/kWh,actual,2026-08-11,eia_industrial_prices_monthly.json,ok
2020-11,US-RETAIL,AZ,retail_ind,5.71,cents/kWh,actual,2026-08-11,eia_industrial_prices_monthly.json,ok
2020-12,US-RETAIL,AZ,retail_ind,5.54,cents/kWh,actual,2026-08-11,eia_industrial_prices_monthly.json,ok
2021-01,US-RETAIL,AZ,retail_ind,5.64,cents/kWh,actual,2026-08-11,eia_industrial_prices_monthly.json,ok
2021-02,US-RETAIL,AZ,retail_ind,7.17,cents/kWh,actual,2026-08-11,eia_industrial_prices_monthly.json,ok
2021-03,US-RETAIL,AZ,retail_ind,5.93,cents/kWh,actual,2026-08-11,eia_industrial_prices_monthly.json,ok
2021-04,US-RETAIL,AZ,retail_ind,6,cents/kWh,actual,2026-08-11,eia_industrial_prices_monthly.json,ok
2021-05,US-RETAIL,AZ,retail_ind,7.04,cents/kWh,actual,2026-08-11,eia_industrial_prices_monthly.json,ok
2021-06,US-RETAIL,AZ,retail_ind,6.98,cents/kWh,actual,2026-08-11,eia_industrial_prices_monthly.json,ok
2021-07,US-RETAIL,AZ,retail_ind,7.82,cents/kWh,actual,2026-08-11,eia_industrial_prices_monthly.json,ok
2021-08,US-RETAIL,AZ,retail_ind,7.57,cents/kWh,actual,2026-08-11,eia_industrial_prices_monthly.json,ok
2021-09,US-RETAIL,AZ,retail_ind,7.3,cents/kWh,actual,2026-08-11,eia_industrial_prices_monthly.json,ok
2021-10,US-RETAIL,AZ,retail_ind,6.69,cents/kWh,actual,2026-08-11,eia_industrial_prices_monthly.json,ok
2021-11,US-RETAIL,AZ,retail_ind,6.71,cents/kWh,actual,2026-08-11,eia_industrial_prices_monthly.json,ok
2021-12,US-RETAIL,AZ,retail_ind,6.35,cents/kWh,actual,2026-08-11,eia_industrial_prices_monthly.json,ok
2022-01,US-RETAIL,AZ,retail_ind,6.61,cents/kWh,actual,2026-08-11,eia_industrial_prices_monthly.json,ok
2022-02,US-RETAIL,AZ,retail_ind,6.87,cents/kWh,actual,2026-08-11,eia_industrial_prices_monthly.json,ok
2022-03,US-RETAIL,AZ,retail_ind,6.56,cents/kWh,actual,2026-08-11,eia_industrial_prices_monthly.json,ok
2022-04,US-RETAIL,AZ,retail_ind,7.22,cents/kWh,actual,2026-08-11,eia_industrial_prices_monthly.json,ok
2022-05,US-RETAIL,AZ,retail_ind,7.82,cents/kWh,actual,2026-08-11,eia_industrial_prices_monthly.json,ok
2022-06,US-RETAIL,AZ,retail_ind,8.03,cents/kWh,actual,2026-08-11,eia_industrial_prices_monthly.json,ok
2022-07,US-RETAIL,AZ,retail_ind,8.86,cents/kWh,actual,2026-08-11,eia_industrial_prices_monthly.json,ok
2022-08,US-RETAIL,AZ,retail_ind,9.3,cents/kWh,actual,2026-08-11,eia_industrial_prices_monthly.json,ok
2022-09,US-RETAIL,AZ,retail_ind,8.71,cents/kWh,actual,2026-08-11,eia_industrial_prices_monthly.json,ok
2022-10,US-RETAIL,AZ,retail_ind,7.53,cents/kWh,actual,2026-08-11,eia_industrial_prices_monthly.json,ok
2022-11,US-RETAIL,AZ,retail_ind,7.2,cents/kWh,actual,2026-08-11,eia_industrial_prices_monthly.json,ok
2022-12,US-RETAIL,AZ,retail_ind,9.17,cents/kWh,actual,2026-08-11,eia_industrial_prices_monthly.json,ok
2023-01,US-RETAIL,AZ,retail_ind,8.66,cents/kWh,actual,2026-08-11,eia_industrial_prices_monthly.json,ok
2023-02,US-RETAIL,AZ,retail_ind,7.67,cents/kWh,actual,2026-08-11,eia_industrial_prices_monthly.json,ok
2023-03,US-RETAIL,AZ,retail_ind,7.2,cents/kWh,actual,2026-08-11,eia_industrial_prices_monthly.json,ok
2023-04,US-RETAIL,AZ,retail_ind,7.53,cents/kWh,actual,2026-08-11,eia_industrial_prices_monthly.json,ok
2023-05,US-RETAIL,AZ,retail_ind,8.01,cents/kWh,actual,2026-08-11,eia_industrial_prices_monthly.json,ok
2023-06,US-RETAIL,AZ,retail_ind,7.86,cents/kWh,actual,2026-08-11,eia_industrial_prices_monthly.json,ok
2023-07,US-RETAIL,AZ,retail_ind,8.75,cents/kWh,actual,2026-08-11,eia_industrial_prices_monthly.json,ok
2023-08,US-RETAIL,AZ,retail_ind,9.45,cents/kWh,actual,2026-08-11,eia_industrial_prices_monthly.json,ok
2023-09,US-RETAIL,AZ,retail_ind,8.2,cents/kWh,actual,2026-08-11,eia_industrial_prices_monthly.json,ok
2023-10,US-RETAIL,AZ,retail_ind,7.79,cents/kWh,actual,2026-08-11,eia_industrial_prices_monthly.json,ok
2023-11,US-RETAIL,AZ,retail_ind,8.05,cents/kWh,actual,2026-08-11,eia_industrial_prices_monthly.json,ok
2023-12,US-RETAIL,AZ,retail_ind,7.86,cents/kWh,actual,2026-08-11,eia_industrial_prices_monthly.json,ok
2024-01,US-RETAIL,AZ,retail_ind,7.66,cents/kWh,actual,2026-08-11,eia_industrial_prices_monthly.json,ok
2024-02,US-RETAIL,AZ,retail_ind,8.18,cents/kWh,actual,2026-08-11,eia_industrial_prices_monthly.json,ok
2024-03,US-RETAIL,AZ,retail_ind,7.16,cents/kWh,actual,2026-08-11,eia_industrial_prices_monthly.json,ok
2024-04,US-RETAIL,AZ,retail_ind,7.13,cents/kWh,actual,2026-08-11,eia_industrial_prices_monthly.json,ok
2024-05,US-RETAIL,AZ,retail_ind,7.75,cents/kWh,actual,2026-08-11,eia_industrial_prices_monthly.json,ok
2024-06,US-RETAIL,AZ,retail_ind,8.09,cents/kWh,actual,2026-08-11,eia_industrial_prices_monthly.json,ok
2024-07,US-RETAIL,AZ,retail_ind,9.01,cents/kWh,actual,2026-08-11,eia_industrial_prices_monthly.json,ok
2024-08,US-RETAIL,AZ,retail_ind,9.21,cents/kWh,actual,2026-08-11,eia_industrial_prices_monthly.json,ok
2024-09,US-RETAIL,AZ,retail_ind,7.93,cents/kWh,actual,2026-08-11,eia_industrial_prices_monthly.json,ok
2024-10,US-RETAIL,AZ,retail_ind,7.61,cents/kWh,actual,2026-08-11,eia_industrial_prices_monthly.json,ok
2024-11,US-RETAIL,AZ,retail_ind,7.62,cents/kWh,actual,2026-08-11,eia_industrial_prices_monthly.json,ok
2024-12,US-RETAIL,AZ,retail_ind,7.24,cents/kWh,actual,2026-08-11,eia_industrial_prices_monthly.json,ok
2025-01,US-RETAIL,AZ,retail_ind,7.59,cents/kWh,actual,2026-08-11,eia_industrial_prices_monthly.json,ok
2025-02,US-RETAIL,AZ,retail_ind,7.75,cents/kWh,actual,2026-08-11,eia_industrial_prices_monthly.json,ok
2025-03,US-RETAIL,AZ,retail_ind,7.68,cents/kWh,actual,2026-08-11,eia_industrial_prices_monthly.json,ok
2025-04,US-RETAIL,AZ,retail_ind,8.46,cents/kWh,actual,2026-08-11,eia_industrial_prices_monthly.json,ok
2025-05,US-RETAIL,AZ,retail_ind,8.25,cents/kWh,actual,2026-08-11,eia_industrial_prices_monthly.json,ok
2025-06,US-RETAIL,AZ,retail_ind,8.26,cents/kWh,actual,2026-08-11,eia_industrial_prices_monthly.json,ok
2025-07,US-RETAIL,AZ,retail_ind,9.27,cents/kWh,actual,2026-08-11,eia_industrial_prices_monthly.json,ok
2025-08,US-RETAIL,AZ,retail_ind,8.93,cents/kWh,actual,2026-08-11,eia_industrial_prices_monthly.json,ok
2025-09,US-RETAIL,AZ,retail_ind,8.23,cents/kWh,actual,2026-08-11,eia_industrial_prices_monthly.json,ok
2025-10,US-RETAIL,AZ,retail_ind,7.68,cents/kWh,actual,2026-08-11,eia_industrial_prices_monthly.json,ok
2025-11,US-RETAIL,AZ,retail_ind,7.52,cents/kWh,actual,2026-08-11,eia_industrial_prices_monthly.json,ok
2025-12,US-RETAIL,AZ,retail_ind,7.22,cents/kWh,actual,2026-08-11,eia_industrial_prices_monthly.json,ok
2026-01,US-RETAIL,AZ,retail_ind,7.27,cents/kWh,actual,2026-08-11,eia_industrial_prices_monthly.json,ok
2026-02,US-RETAIL,AZ,retail_ind,7.07,cents/kWh,actual,2026-08-11,eia_industrial_prices_monthly.json,ok
2026-03,US-RETAIL,AZ,retail_ind,7.17,cents/kWh,actual,2026-08-11,eia_industrial_prices_monthly.json,ok
2026-04,US-RETAIL,AZ,retail_ind,7.23,cents/kWh,actual,2026-08-11,eia_industrial_prices_monthly.json,ok
2026-05,US-RETAIL,AZ,retail_ind,7.54,cents/kWh,actual,2026-08-11,eia_industrial_prices_monthly.json,ok
2015-01,US-RETAIL,GA,retail_ind,6,cents/kWh,actual,2026-08-11,eia_industrial_prices_monthly.json,ok
2015-02,US-RETAIL,GA,retail_ind,6.26,cents/kWh,actual,2026-08-11,eia_industrial_prices_monthly.json,ok
2015-03,US-RETAIL,GA,retail_ind,5.29,cents/kWh,actual,2026-08-11,eia_industrial_prices_monthly.json,ok
2015-04,US-RETAIL,GA,retail_ind,5.51,cents/kWh,actual,2026-08-11,eia_industrial_prices_monthly.json,ok
2015-05,US-RETAIL,GA,retail_ind,5.91,cents/kWh,actual,2026-08-11,eia_industrial_prices_monthly.json,ok
2015-06,US-RETAIL,GA,retail_ind,4.92,cents/kWh,actual,2026-08-11,eia_industrial_prices_monthly.json,ok
2015-07,US-RETAIL,GA,retail_ind,8.07,cents/kWh,actual,2026-08-11,eia_industrial_prices_monthly.json,ok
2015-08,US-RETAIL,GA,retail_ind,6.54,cents/kWh,actual,2026-08-11,eia_industrial_prices_monthly.json,ok
2015-09,US-RETAIL,GA,retail_ind,5.88,cents/kWh,actual,2026-08-11,eia_industrial_prices_monthly.json,ok
2015-10,US-RETAIL,GA,retail_ind,5.57,cents/kWh,actual,2026-08-11,eia_industrial_prices_monthly.json,ok
2015-11,US-RETAIL,GA,retail_ind,5.25,cents/kWh,actual,2026-08-11,eia_industrial_prices_monthly.json,ok
2015-12,US-RETAIL,GA,retail_ind,5.04,cents/kWh,actual,2026-08-11,eia_industrial_prices_monthly.json,ok
2016-01,US-RETAIL,GA,retail_ind,5.62,cents/kWh,actual,2026-08-11,eia_industrial_prices_monthly.json,ok
2016-02,US-RETAIL,GA,retail_ind,5.24,cents/kWh,actual,2026-08-11,eia_industrial_prices_monthly.json,ok
2016-03,US-RETAIL,GA,retail_ind,5.15,cents/kWh,actual,2026-08-11,eia_industrial_prices_monthly.json,ok
2016-04,US-RETAIL,GA,retail_ind,5.36,cents/kWh,actual,2026-08-11,eia_industrial_prices_monthly.json,ok
2016-05,US-RETAIL,GA,retail_ind,5.45,cents/kWh,actual,2026-08-11,eia_industrial_prices_monthly.json,ok
2016-06,US-RETAIL,GA,retail_ind,6.36,cents/kWh,actual,2026-08-11,eia_industrial_prices_monthly.json,ok
2016-07,US-RETAIL,GA,retail_ind,6.86,cents/kWh,actual,2026-08-11,eia_industrial_prices_monthly.json,ok
2016-08,US-RETAIL,GA,retail_ind,6.24,cents/kWh,actual,2026-08-11,eia_industrial_prices_monthly.json,ok
2016-09,US-RETAIL,GA,retail_ind,6.36,cents/kWh,actual,2026-08-11,eia_industrial_prices_monthly.json,ok
2016-10,US-RETAIL,GA,retail_ind,5.76,cents/kWh,actual,2026-08-11,eia_industrial_prices_monthly.json,ok
2016-11,US-RETAIL,GA,retail_ind,5.65,cents/kWh,actual,2026-08-11,eia_industrial_prices_monthly.json,ok
2016-12,US-RETAIL,GA,retail_ind,5.85,cents/kWh,actual,2026-08-11,eia_industrial_prices_monthly.json,ok
2017-01,US-RETAIL,GA,retail_ind,5.55,cents/kWh,actual,2026-08-11,eia_industrial_prices_monthly.json,ok
2017-02,US-RETAIL,GA,retail_ind,5.69,cents/kWh,actual,2026-08-11,eia_industrial_prices_monthly.json,ok
2017-03,US-RETAIL,GA,retail_ind,5.78,cents/kWh,actual,2026-08-11,eia_industrial_prices_monthly.json,ok
2017-04,US-RETAIL,GA,retail_ind,5.83,cents/kWh,actual,2026-08-11,eia_industrial_prices_monthly.json,ok
2017-05,US-RETAIL,GA,retail_ind,5.71,cents/kWh,actual,2026-08-11,eia_industrial_prices_monthly.json,ok
2017-06,US-RETAIL,GA,retail_ind,6.22,cents/kWh,actual,2026-08-11,eia_industrial_prices_monthly.json,ok
2017-07,US-RETAIL,GA,retail_ind,6.81,cents/kWh,actual,2026-08-11,eia_industrial_prices_monthly.json,ok
2017-08,US-RETAIL,GA,retail_ind,6.43,cents/kWh,actual,2026-08-11,eia_industrial_prices_monthly.json,ok
2017-09,US-RETAIL,GA,retail_ind,6.3,cents/kWh,actual,2026-08-11,eia_industrial_prices_monthly.json,ok
2017-10,US-RETAIL,GA,retail_ind,5.65,cents/kWh,actual,2026-08-11,eia_industrial_prices_monthly.json,ok
2017-11,US-RETAIL,GA,retail_ind,5.73,cents/kWh,actual,2026-08-11,eia_industrial_prices_monthly.json,ok
2017-12,US-RETAIL,GA,retail_ind,5.68,cents/kWh,actual,2026-08-11,eia_industrial_prices_monthly.json,ok
2018-01,US-RETAIL,GA,retail_ind,7.24,cents/kWh,actual,2026-08-11,eia_industrial_prices_monthly.json,ok
2018-02,US-RETAIL,GA,retail_ind,5.29,cents/kWh,actual,2026-08-11,eia_industrial_prices_monthly.json,ok
2018-03,US-RETAIL,GA,retail_ind,5.31,cents/kWh,actual,2026-08-11,eia_industrial_prices_monthly.json,ok
2018-04,US-RETAIL,GA,retail_ind,5.67,cents/kWh,actual,2026-08-11,eia_industrial_prices_monthly.json,ok
2018-05,US-RETAIL,GA,retail_ind,5.71,cents/kWh,actual,2026-08-11,eia_industrial_prices_monthly.json,ok
2018-06,US-RETAIL,GA,retail_ind,6.44,cents/kWh,actual,2026-08-11,eia_industrial_prices_monthly.json,ok
2018-07,US-RETAIL,GA,retail_ind,6.29,cents/kWh,actual,2026-08-11,eia_industrial_prices_monthly.json,ok
2018-08,US-RETAIL,GA,retail_ind,6.38,cents/kWh,actual,2026-08-11,eia_industrial_prices_monthly.json,ok
2018-09,US-RETAIL,GA,retail_ind,6.35,cents/kWh,actual,2026-08-11,eia_industrial_prices_monthly.json,ok
2018-10,US-RETAIL,GA,retail_ind,5.44,cents/kWh,actual,2026-08-11,eia_industrial_prices_monthly.json,ok
2018-11,US-RETAIL,GA,retail_ind,6.41,cents/kWh,actual,2026-08-11,eia_industrial_prices_monthly.json,ok
2018-12,US-RETAIL,GA,retail_ind,5.41,cents/kWh,actual,2026-08-11,eia_industrial_prices_monthly.json,ok
2019-01,US-RETAIL,GA,retail_ind,5.73,cents/kWh,actual,2026-08-11,eia_industrial_prices_monthly.json,ok
2019-02,US-RETAIL,GA,retail_ind,5.64,cents/kWh,actual,2026-08-11,eia_industrial_prices_monthly.json,ok
2019-03,US-RETAIL,GA,retail_ind,5.9,cents/kWh,actual,2026-08-11,eia_industrial_prices_monthly.json,ok
2019-04,US-RETAIL,GA,retail_ind,5.72,cents/kWh,actual,2026-08-11,eia_industrial_prices_monthly.json,ok
2019-05,US-RETAIL,GA,retail_ind,6.16,cents/kWh,actual,2026-08-11,eia_industrial_prices_monthly.json,ok
2019-06,US-RETAIL,GA,retail_ind,6.21,cents/kWh,actual,2026-08-11,eia_industrial_prices_monthly.json,ok
2019-07,US-RETAIL,GA,retail_ind,7.36,cents/kWh,actual,2026-08-11,eia_industrial_prices_monthly.json,ok
2019-08,US-RETAIL,GA,retail_ind,7.46,cents/kWh,actual,2026-08-11,eia_industrial_prices_monthly.json,ok
2019-09,US-RETAIL,GA,retail_ind,7.04,cents/kWh,actual,2026-08-11,eia_industrial_prices_monthly.json,ok
2019-10,US-RETAIL,GA,retail_ind,5.82,cents/kWh,actual,2026-08-11,eia_industrial_prices_monthly.json,ok
2019-11,US-RETAIL,GA,retail_ind,5.91,cents/kWh,actual,2026-08-11,eia_industrial_prices_monthly.json,ok
2019-12,US-RETAIL,GA,retail_ind,4.77,cents/kWh,actual,2026-08-11,eia_industrial_prices_monthly.json,ok
2020-01,US-RETAIL,GA,retail_ind,5.25,cents/kWh,actual,2026-08-11,eia_industrial_prices_monthly.json,ok
2020-02,US-RETAIL,GA,retail_ind,5.51,cents/kWh,actual,2026-08-11,eia_industrial_prices_monthly.json,ok
2020-03,US-RETAIL,GA,retail_ind,5.32,cents/kWh,actual,2026-08-11,eia_industrial_prices_monthly.json,ok
2020-04,US-RETAIL,GA,retail_ind,5.42,cents/kWh,actual,2026-08-11,eia_industrial_prices_monthly.json,ok
2020-05,US-RETAIL,GA,retail_ind,5.5,cents/kWh,actual,2026-08-11,eia_industrial_prices_monthly.json,ok
2020-06,US-RETAIL,GA,retail_ind,5.96,cents/kWh,actual,2026-08-11,eia_industrial_prices_monthly.json,ok
2020-07,US-RETAIL,GA,retail_ind,6.79,cents/kWh,actual,2026-08-11,eia_industrial_prices_monthly.json,ok
2020-08,US-RETAIL,GA,retail_ind,6.34,cents/kWh,actual,2026-08-11,eia_industrial_prices_monthly.json,ok
2020-09,US-RETAIL,GA,retail_ind,6.01,cents/kWh,actual,2026-08-11,eia_industrial_prices_monthly.json,ok
2020-10,US-RETAIL,GA,retail_ind,5.4,cents/kWh,actual,2026-08-11,eia_industrial_prices_monthly.json,ok
2020-11,US-RETAIL,GA,retail_ind,5.83,cents/kWh,actual,2026-08-11,eia_industrial_prices_monthly.json,ok
2020-12,US-RETAIL,GA,retail_ind,5.76,cents/kWh,actual,2026-08-11,eia_industrial_prices_monthly.json,ok
2021-01,US-RETAIL,GA,retail_ind,5.38,cents/kWh,actual,2026-08-11,eia_industrial_prices_monthly.json,ok
2021-02,US-RETAIL,GA,retail_ind,6.41,cents/kWh,actual,2026-08-11,eia_industrial_prices_monthly.json,ok
2021-03,US-RETAIL,GA,retail_ind,5.26,cents/kWh,actual,2026-08-11,eia_industrial_prices_monthly.json,ok
2021-04,US-RETAIL,GA,retail_ind,5.71,cents/kWh,actual,2026-08-11,eia_industrial_prices_monthly.json,ok
2021-05,US-RETAIL,GA,retail_ind,5.82,cents/kWh,actual,2026-08-11,eia_industrial_prices_monthly.json,ok
2021-06,US-RETAIL,GA,retail_ind,6.55,cents/kWh,actual,2026-08-11,eia_industrial_prices_monthly.json,ok
2021-07,US-RETAIL,GA,retail_ind,7.23,cents/kWh,actual,2026-08-11,eia_industrial_prices_monthly.json,ok
2021-08,US-RETAIL,GA,retail_ind,7.64,cents/kWh,actual,2026-08-11,eia_industrial_prices_monthly.json,ok
2021-09,US-RETAIL,GA,retail_ind,7.03,cents/kWh,actual,2026-08-11,eia_industrial_prices_monthly.json,ok
2021-10,US-RETAIL,GA,retail_ind,7.07,cents/kWh,actual,2026-08-11,eia_industrial_prices_monthly.json,ok
2021-11,US-RETAIL,GA,retail_ind,7.01,cents/kWh,actual,2026-08-11,eia_industrial_prices_monthly.json,ok
2021-12,US-RETAIL,GA,retail_ind,6.43,cents/kWh,actual,2026-08-11,eia_industrial_prices_monthly.json,ok
2022-01,US-RETAIL,GA,retail_ind,6.39,cents/kWh,actual,2026-08-11,eia_industrial_prices_monthly.json,ok
2022-02,US-RETAIL,GA,retail_ind,6.06,cents/kWh,actual,2026-08-11,eia_industrial_prices_monthly.json,ok
2022-03,US-RETAIL,GA,retail_ind,6.27,cents/kWh,actual,2026-08-11,eia_industrial_prices_monthly.json,ok
2022-04,US-RETAIL,GA,retail_ind,7.15,cents/kWh,actual,2026-08-11,eia_industrial_prices_monthly.json,ok
2022-05,US-RETAIL,GA,retail_ind,8.64,cents/kWh,actual,2026-08-11,eia_industrial_prices_monthly.json,ok
2022-06,US-RETAIL,GA,retail_ind,12.45,cents/kWh,actual,2026-08-11,eia_industrial_prices_monthly.json,ok
2022-07,US-RETAIL,GA,retail_ind,11.73,cents/kWh,actual,2026-08-11,eia_industrial_prices_monthly.json,ok
2022-08,US-RETAIL,GA,retail_ind,11.24,cents/kWh,actual,2026-08-11,eia_industrial_prices_monthly.json,ok
2022-09,US-RETAIL,GA,retail_ind,9.79,cents/kWh,actual,2026-08-11,eia_industrial_prices_monthly.json,ok
2022-10,US-RETAIL,GA,retail_ind,7.84,cents/kWh,actual,2026-08-11,eia_industrial_prices_monthly.json,ok
2022-11,US-RETAIL,GA,retail_ind,7.84,cents/kWh,actual,2026-08-11,eia_industrial_prices_monthly.json,ok
2022-12,US-RETAIL,GA,retail_ind,7.44,cents/kWh,actual,2026-08-11,eia_industrial_prices_monthly.json,ok
2023-01,US-RETAIL,GA,retail_ind,7.09,cents/kWh,actual,2026-08-11,eia_industrial_prices_monthly.json,ok
2023-02,US-RETAIL,GA,retail_ind,6.75,cents/kWh,actual,2026-08-11,eia_industrial_prices_monthly.json,ok
2023-03,US-RETAIL,GA,retail_ind,6,cents/kWh,actual,2026-08-11,eia_industrial_prices_monthly.json,ok
2023-04,US-RETAIL,GA,retail_ind,6.28,cents/kWh,actual,2026-08-11,eia_industrial_prices_monthly.json,ok
2023-05,US-RETAIL,GA,retail_ind,6.12,cents/kWh,actual,2026-08-11,eia_industrial_prices_monthly.json,ok
2023-06,US-RETAIL,GA,retail_ind,6.9,cents/kWh,actual,2026-08-11,eia_industrial_prices_monthly.json,ok
2023-07,US-RETAIL,GA,retail_ind,8.17,cents/kWh,actual,2026-08-11,eia_industrial_prices_monthly.json,ok
2023-08,US-RETAIL,GA,retail_ind,8.76,cents/kWh,actual,2026-08-11,eia_industrial_prices_monthly.json,ok
2023-09,US-RETAIL,GA,retail_ind,7.08,cents/kWh,actual,2026-08-11,eia_industrial_prices_monthly.json,ok
2023-10,US-RETAIL,GA,retail_ind,6.28,cents/kWh,actual,2026-08-11,eia_industrial_prices_monthly.json,ok
2023-11,US-RETAIL,GA,retail_ind,6.61,cents/kWh,actual,2026-08-11,eia_industrial_prices_monthly.json,ok
2023-12,US-RETAIL,GA,retail_ind,6.23,cents/kWh,actual,2026-08-11,eia_industrial_prices_monthly.json,ok
2024-01,US-RETAIL,GA,retail_ind,7.95,cents/kWh,actual,2026-08-11,eia_industrial_prices_monthly.json,ok
2024-02,US-RETAIL,GA,retail_ind,5.77,cents/kWh,actual,2026-08-11,eia_industrial_prices_monthly.json,ok
2024-03,US-RETAIL,GA,retail_ind,5.77,cents/kWh,actual,2026-08-11,eia_industrial_prices_monthly.json,ok
2024-04,US-RETAIL,GA,retail_ind,6.01,cents/kWh,actual,2026-08-11,eia_industrial_prices_monthly.json,ok
2024-05,US-RETAIL,GA,retail_ind,6.36,cents/kWh,actual,2026-08-11,eia_industrial_prices_monthly.json,ok
2024-06,US-RETAIL,GA,retail_ind,8.72,cents/kWh,actual,2026-08-11,eia_industrial_prices_monthly.json,ok
2024-07,US-RETAIL,GA,retail_ind,8.84,cents/kWh,actual,2026-08-11,eia_industrial_prices_monthly.json,ok
2024-08,US-RETAIL,GA,retail_ind,9.89,cents/kWh,actual,2026-08-11,eia_industrial_prices_monthly.json,ok
2024-09,US-RETAIL,GA,retail_ind,7.13,cents/kWh,actual,2026-08-11,eia_industrial_prices_monthly.json,ok
2024-10,US-RETAIL,GA,retail_ind,6.39,cents/kWh,actual,2026-08-11,eia_industrial_prices_monthly.json,ok
2024-11,US-RETAIL,GA,retail_ind,6.31,cents/kWh,actual,2026-08-11,eia_industrial_prices_monthly.json,ok
2024-12,US-RETAIL,GA,retail_ind,6.94,cents/kWh,actual,2026-08-11,eia_industrial_prices_monthly.json,ok
2025-01,US-RETAIL,GA,retail_ind,8.88,cents/kWh,actual,2026-08-11,eia_industrial_prices_monthly.json,ok
2025-02,US-RETAIL,GA,retail_ind,6.81,cents/kWh,actual,2026-08-11,eia_industrial_prices_monthly.json,ok
2025-03,US-RETAIL,GA,retail_ind,6.94,cents/kWh,actual,2026-08-11,eia_industrial_prices_monthly.json,ok
2025-04,US-RETAIL,GA,retail_ind,7.04,cents/kWh,actual,2026-08-11,eia_industrial_prices_monthly.json,ok
2025-05,US-RETAIL,GA,retail_ind,6.95,cents/kWh,actual,2026-08-11,eia_industrial_prices_monthly.json,ok
2025-06,US-RETAIL,GA,retail_ind,9.25,cents/kWh,actual,2026-08-11,eia_industrial_prices_monthly.json,ok
2025-07,US-RETAIL,GA,retail_ind,10.87,cents/kWh,actual,2026-08-11,eia_industrial_prices_monthly.json,ok
2025-08,US-RETAIL,GA,retail_ind,8.15,cents/kWh,actual,2026-08-11,eia_industrial_prices_monthly.json,ok
2025-09,US-RETAIL,GA,retail_ind,7.47,cents/kWh,actual,2026-08-11,eia_industrial_prices_monthly.json,ok
2025-10,US-RETAIL,GA,retail_ind,6.65,cents/kWh,actual,2026-08-11,eia_industrial_prices_monthly.json,ok
2025-11,US-RETAIL,GA,retail_ind,6.83,cents/kWh,actual,2026-08-11,eia_industrial_prices_monthly.json,ok
2025-12,US-RETAIL,GA,retail_ind,7.53,cents/kWh,actual,2026-08-11,eia_industrial_prices_monthly.json,ok
2026-01,US-RETAIL,GA,retail_ind,8.35,cents/kWh,actual,2026-08-11,eia_industrial_prices_monthly.json,ok
2026-02,US-RETAIL,GA,retail_ind,7.83,cents/kWh,actual,2026-08-11,eia_industrial_prices_monthly.json,ok
2026-03,US-RETAIL,GA,retail_ind,6.7,cents/kWh,actual,2026-08-11,eia_industrial_prices_monthly.json,ok
2026-04,US-RETAIL,GA,retail_ind,6.84,cents/kWh,actual,2026-08-11,eia_industrial_prices_monthly.json,ok
2026-05,US-RETAIL,GA,retail_ind,7.04,cents/kWh,actual,2026-08-11,eia_industrial_prices_monthly.json,ok
2015-01,US-RETAIL,MI,retail_ind,6.52,cents/kWh,actual,2026-08-11,eia_industrial_prices_monthly.json,ok
2015-02,US-RETAIL,MI,retail_ind,6.99,cents/kWh,actual,2026-08-11,eia_industrial_prices_monthly.json,ok
2015-03,US-RETAIL,MI,retail_ind,7,cents/kWh,actual,2026-08-11,eia_industrial_prices_monthly.json,ok
2015-04,US-RETAIL,MI,retail_ind,6.75,cents/kWh,actual,2026-08-11,eia_industrial_prices_monthly.json,ok
2015-05,US-RETAIL,MI,retail_ind,7.22,cents/kWh,actual,2026-08-11,eia_industrial_prices_monthly.json,ok
2015-06,US-RETAIL,MI,retail_ind,7.31,cents/kWh,actual,2026-08-11,eia_industrial_prices_monthly.json,ok
2015-07,US-RETAIL,MI,retail_ind,7.89,cents/kWh,actual,2026-08-11,eia_industrial_prices_monthly.json,ok
2015-08,US-RETAIL,MI,retail_ind,7.33,cents/kWh,actual,2026-08-11,eia_industrial_prices_monthly.json,ok
2015-09,US-RETAIL,MI,retail_ind,6.95,cents/kWh,actual,2026-08-11,eia_industrial_prices_monthly.json,ok
2015-10,US-RETAIL,MI,retail_ind,6.73,cents/kWh,actual,2026-08-11,eia_industrial_prices_monthly.json,ok
2015-11,US-RETAIL,MI,retail_ind,6.81,cents/kWh,actual,2026-08-11,eia_industrial_prices_monthly.json,ok
2015-12,US-RETAIL,MI,retail_ind,6.82,cents/kWh,actual,2026-08-11,eia_industrial_prices_monthly.json,ok
2016-01,US-RETAIL,MI,retail_ind,6.76,cents/kWh,actual,2026-08-11,eia_industrial_prices_monthly.json,ok
2016-02,US-RETAIL,MI,retail_ind,6.56,cents/kWh,actual,2026-08-11,eia_industrial_prices_monthly.json,ok
2016-03,US-RETAIL,MI,retail_ind,6.77,cents/kWh,actual,2026-08-11,eia_industrial_prices_monthly.json,ok
2016-04,US-RETAIL,MI,retail_ind,6.61,cents/kWh,actual,2026-08-11,eia_industrial_prices_monthly.json,ok
2016-05,US-RETAIL,MI,retail_ind,6.89,cents/kWh,actual,2026-08-11,eia_industrial_prices_monthly.json,ok
2016-06,US-RETAIL,MI,retail_ind,6.87,cents/kWh,actual,2026-08-11,eia_industrial_prices_monthly.json,ok
2016-07,US-RETAIL,MI,retail_ind,7.11,cents/kWh,actual,2026-08-11,eia_industrial_prices_monthly.json,ok
2016-08,US-RETAIL,MI,retail_ind,7.18,cents/kWh,actual,2026-08-11,eia_industrial_prices_monthly.json,ok
2016-09,US-RETAIL,MI,retail_ind,7.11,cents/kWh,actual,2026-08-11,eia_industrial_prices_monthly.json,ok
2016-10,US-RETAIL,MI,retail_ind,7,cents/kWh,actual,2026-08-11,eia_industrial_prices_monthly.json,ok
2016-11,US-RETAIL,MI,retail_ind,7,cents/kWh,actual,2026-08-11,eia_industrial_prices_monthly.json,ok
2016-12,US-RETAIL,MI,retail_ind,7.06,cents/kWh,actual,2026-08-11,eia_industrial_prices_monthly.json,ok
2017-01,US-RETAIL,MI,retail_ind,7.24,cents/kWh,actual,2026-08-11,eia_industrial_prices_monthly.json,ok
2017-02,US-RETAIL,MI,retail_ind,7.21,cents/kWh,actual,2026-08-11,eia_industrial_prices_monthly.json,ok
2017-03,US-RETAIL,MI,retail_ind,7.28,cents/kWh,actual,2026-08-11,eia_industrial_prices_monthly.json,ok
2017-04,US-RETAIL,MI,retail_ind,7.15,cents/kWh,actual,2026-08-11,eia_industrial_prices_monthly.json,ok
2017-05,US-RETAIL,MI,retail_ind,7.35,cents/kWh,actual,2026-08-11,eia_industrial_prices_monthly.json,ok
2017-06,US-RETAIL,MI,retail_ind,7.29,cents/kWh,actual,2026-08-11,eia_industrial_prices_monthly.json,ok
2017-07,US-RETAIL,MI,retail_ind,7.27,cents/kWh,actual,2026-08-11,eia_industrial_prices_monthly.json,ok
2017-08,US-RETAIL,MI,retail_ind,7.12,cents/kWh,actual,2026-08-11,eia_industrial_prices_monthly.json,ok
2017-09,US-RETAIL,MI,retail_ind,7.2,cents/kWh,actual,2026-08-11,eia_industrial_prices_monthly.json,ok
2017-10,US-RETAIL,MI,retail_ind,7.04,cents/kWh,actual,2026-08-11,eia_industrial_prices_monthly.json,ok
2017-11,US-RETAIL,MI,retail_ind,7.11,cents/kWh,actual,2026-08-11,eia_industrial_prices_monthly.json,ok
2017-12,US-RETAIL,MI,retail_ind,7.08,cents/kWh,actual,2026-08-11,eia_industrial_prices_monthly.json,ok
2018-01,US-RETAIL,MI,retail_ind,7.14,cents/kWh,actual,2026-08-11,eia_industrial_prices_monthly.json,ok
2018-02,US-RETAIL,MI,retail_ind,7.25,cents/kWh,actual,2026-08-11,eia_industrial_prices_monthly.json,ok
2018-03,US-RETAIL,MI,retail_ind,7.26,cents/kWh,actual,2026-08-11,eia_industrial_prices_monthly.json,ok
2018-04,US-RETAIL,MI,retail_ind,7.11,cents/kWh,actual,2026-08-11,eia_industrial_prices_monthly.json,ok
2018-05,US-RETAIL,MI,retail_ind,7.11,cents/kWh,actual,2026-08-11,eia_industrial_prices_monthly.json,ok
2018-06,US-RETAIL,MI,retail_ind,7.07,cents/kWh,actual,2026-08-11,eia_industrial_prices_monthly.json,ok
2018-07,US-RETAIL,MI,retail_ind,7.31,cents/kWh,actual,2026-08-11,eia_industrial_prices_monthly.json,ok
2018-08,US-RETAIL,MI,retail_ind,6.91,cents/kWh,actual,2026-08-11,eia_industrial_prices_monthly.json,ok
2018-09,US-RETAIL,MI,retail_ind,7.03,cents/kWh,actual,2026-08-11,eia_industrial_prices_monthly.json,ok
2018-10,US-RETAIL,MI,retail_ind,7.1,cents/kWh,actual,2026-08-11,eia_industrial_prices_monthly.json,ok
2018-11,US-RETAIL,MI,retail_ind,6.88,cents/kWh,actual,2026-08-11,eia_industrial_prices_monthly.json,ok
2018-12,US-RETAIL,MI,retail_ind,7.04,cents/kWh,actual,2026-08-11,eia_industrial_prices_monthly.json,ok
2019-01,US-RETAIL,MI,retail_ind,7.14,cents/kWh,actual,2026-08-11,eia_industrial_prices_monthly.json,ok
2019-02,US-RETAIL,MI,retail_ind,7.08,cents/kWh,actual,2026-08-11,eia_industrial_prices_monthly.json,ok
2019-03,US-RETAIL,MI,retail_ind,7.2,cents/kWh,actual,2026-08-11,eia_industrial_prices_monthly.json,ok
2019-04,US-RETAIL,MI,retail_ind,7.01,cents/kWh,actual,2026-08-11,eia_industrial_prices_monthly.json,ok
2019-05,US-RETAIL,MI,retail_ind,6.85,cents/kWh,actual,2026-08-11,eia_industrial_prices_monthly.json,ok
2019-06,US-RETAIL,MI,retail_ind,6.91,cents/kWh,actual,2026-08-11,eia_industrial_prices_monthly.json,ok
2019-07,US-RETAIL,MI,retail_ind,7.17,cents/kWh,actual,2026-08-11,eia_industrial_prices_monthly.json,ok
2019-08,US-RETAIL,MI,retail_ind,7.16,cents/kWh,actual,2026-08-11,eia_industrial_prices_monthly.json,ok
2019-09,US-RETAIL,MI,retail_ind,7.15,cents/kWh,actual,2026-08-11,eia_industrial_prices_monthly.json,ok
2019-10,US-RETAIL,MI,retail_ind,7.11,cents/kWh,actual,2026-08-11,eia_industrial_prices_monthly.json,ok
2019-11,US-RETAIL,MI,retail_ind,7.16,cents/kWh,actual,2026-08-11,eia_industrial_prices_monthly.json,ok
2019-12,US-RETAIL,MI,retail_ind,6.95,cents/kWh,actual,2026-08-11,eia_industrial_prices_monthly.json,ok
2020-01,US-RETAIL,MI,retail_ind,6.9,cents/kWh,actual,2026-08-11,eia_industrial_prices_monthly.json,ok
2020-02,US-RETAIL,MI,retail_ind,6.98,cents/kWh,actual,2026-08-11,eia_industrial_prices_monthly.json,ok
2020-03,US-RETAIL,MI,retail_ind,6.85,cents/kWh,actual,2026-08-11,eia_industrial_prices_monthly.json,ok
2020-04,US-RETAIL,MI,retail_ind,7.42,cents/kWh,actual,2026-08-11,eia_industrial_prices_monthly.json,ok
2020-05,US-RETAIL,MI,retail_ind,7.76,cents/kWh,actual,2026-08-11,eia_industrial_prices_monthly.json,ok
2020-06,US-RETAIL,MI,retail_ind,7.9,cents/kWh,actual,2026-08-11,eia_industrial_prices_monthly.json,ok
2020-07,US-RETAIL,MI,retail_ind,7.55,cents/kWh,actual,2026-08-11,eia_industrial_prices_monthly.json,ok
2020-08,US-RETAIL,MI,retail_ind,7.11,cents/kWh,actual,2026-08-11,eia_industrial_prices_monthly.json,ok
2020-09,US-RETAIL,MI,retail_ind,7.11,cents/kWh,actual,2026-08-11,eia_industrial_prices_monthly.json,ok
2020-10,US-RETAIL,MI,retail_ind,7.28,cents/kWh,actual,2026-08-11,eia_industrial_prices_monthly.json,ok
2020-11,US-RETAIL,MI,retail_ind,6.99,cents/kWh,actual,2026-08-11,eia_industrial_prices_monthly.json,ok
2020-12,US-RETAIL,MI,retail_ind,7.34,cents/kWh,actual,2026-08-11,eia_industrial_prices_monthly.json,ok
2021-01,US-RETAIL,MI,retail_ind,7.18,cents/kWh,actual,2026-08-11,eia_industrial_prices_monthly.json,ok
2021-02,US-RETAIL,MI,retail_ind,7.77,cents/kWh,actual,2026-08-11,eia_industrial_prices_monthly.json,ok
2021-03,US-RETAIL,MI,retail_ind,7.36,cents/kWh,actual,2026-08-11,eia_industrial_prices_monthly.json,ok
2021-04,US-RETAIL,MI,retail_ind,7.32,cents/kWh,actual,2026-08-11,eia_industrial_prices_monthly.json,ok
2021-05,US-RETAIL,MI,retail_ind,7.7,cents/kWh,actual,2026-08-11,eia_industrial_prices_monthly.json,ok
2021-06,US-RETAIL,MI,retail_ind,7.63,cents/kWh,actual,2026-08-11,eia_industrial_prices_monthly.json,ok
2021-07,US-RETAIL,MI,retail_ind,7.9,cents/kWh,actual,2026-08-11,eia_industrial_prices_monthly.json,ok
2021-08,US-RETAIL,MI,retail_ind,7.95,cents/kWh,actual,2026-08-11,eia_industrial_prices_monthly.json,ok
2021-09,US-RETAIL,MI,retail_ind,7.76,cents/kWh,actual,2026-08-11,eia_industrial_prices_monthly.json,ok
2021-10,US-RETAIL,MI,retail_ind,8.1,cents/kWh,actual,2026-08-11,eia_industrial_prices_monthly.json,ok
2021-11,US-RETAIL,MI,retail_ind,7.83,cents/kWh,actual,2026-08-11,eia_industrial_prices_monthly.json,ok
2021-12,US-RETAIL,MI,retail_ind,7.72,cents/kWh,actual,2026-08-11,eia_industrial_prices_monthly.json,ok
2022-01,US-RETAIL,MI,retail_ind,7.95,cents/kWh,actual,2026-08-11,eia_industrial_prices_monthly.json,ok
2022-02,US-RETAIL,MI,retail_ind,8.08,cents/kWh,actual,2026-08-11,eia_industrial_prices_monthly.json,ok
2022-03,US-RETAIL,MI,retail_ind,7.82,cents/kWh,actual,2026-08-11,eia_industrial_prices_monthly.json,ok
2022-04,US-RETAIL,MI,retail_ind,8.11,cents/kWh,actual,2026-08-11,eia_industrial_prices_monthly.json,ok
2022-05,US-RETAIL,MI,retail_ind,8.7,cents/kWh,actual,2026-08-11,eia_industrial_prices_monthly.json,ok
2022-06,US-RETAIL,MI,retail_ind,8.76,cents/kWh,actual,2026-08-11,eia_industrial_prices_monthly.json,ok
2022-07,US-RETAIL,MI,retail_ind,8.68,cents/kWh,actual,2026-08-11,eia_industrial_prices_monthly.json,ok
2022-08,US-RETAIL,MI,retail_ind,8.46,cents/kWh,actual,2026-08-11,eia_industrial_prices_monthly.json,ok
2022-09,US-RETAIL,MI,retail_ind,8.24,cents/kWh,actual,2026-08-11,eia_industrial_prices_monthly.json,ok
2022-10,US-RETAIL,MI,retail_ind,8.36,cents/kWh,actual,2026-08-11,eia_industrial_prices_monthly.json,ok
2022-11,US-RETAIL,MI,retail_ind,7.92,cents/kWh,actual,2026-08-11,eia_industrial_prices_monthly.json,ok
2022-12,US-RETAIL,MI,retail_ind,8.8,cents/kWh,actual,2026-08-11,eia_industrial_prices_monthly.json,ok
2023-01,US-RETAIL,MI,retail_ind,8.04,cents/kWh,actual,2026-08-11,eia_industrial_prices_monthly.json,ok
2023-02,US-RETAIL,MI,retail_ind,8.21,cents/kWh,actual,2026-08-11,eia_industrial_prices_monthly.json,ok
2023-03,US-RETAIL,MI,retail_ind,8.03,cents/kWh,actual,2026-08-11,eia_industrial_prices_monthly.json,ok
2023-04,US-RETAIL,MI,retail_ind,7.73,cents/kWh,actual,2026-08-11,eia_industrial_prices_monthly.json,ok
2023-05,US-RETAIL,MI,retail_ind,8.09,cents/kWh,actual,2026-08-11,eia_industrial_prices_monthly.json,ok
2023-06,US-RETAIL,MI,retail_ind,8.19,cents/kWh,actual,2026-08-11,eia_industrial_prices_monthly.json,ok
2023-07,US-RETAIL,MI,retail_ind,8.2,cents/kWh,actual,2026-08-11,eia_industrial_prices_monthly.json,ok
2023-08,US-RETAIL,MI,retail_ind,8.13,cents/kWh,actual,2026-08-11,eia_industrial_prices_monthly.json,ok
2023-09,US-RETAIL,MI,retail_ind,8.18,cents/kWh,actual,2026-08-11,eia_industrial_prices_monthly.json,ok
2023-10,US-RETAIL,MI,retail_ind,8.26,cents/kWh,actual,2026-08-11,eia_industrial_prices_monthly.json,ok
2023-11,US-RETAIL,MI,retail_ind,8.52,cents/kWh,actual,2026-08-11,eia_industrial_prices_monthly.json,ok
2023-12,US-RETAIL,MI,retail_ind,8.29,cents/kWh,actual,2026-08-11,eia_industrial_prices_monthly.json,ok
2024-01,US-RETAIL,MI,retail_ind,8.45,cents/kWh,actual,2026-08-11,eia_industrial_prices_monthly.json,ok
2024-02,US-RETAIL,MI,retail_ind,8,cents/kWh,actual,2026-08-11,eia_industrial_prices_monthly.json,ok
2024-03,US-RETAIL,MI,retail_ind,8.02,cents/kWh,actual,2026-08-11,eia_industrial_prices_monthly.json,ok
2024-04,US-RETAIL,MI,retail_ind,8.23,cents/kWh,actual,2026-08-11,eia_industrial_prices_monthly.json,ok
2024-05,US-RETAIL,MI,retail_ind,8.66,cents/kWh,actual,2026-08-11,eia_industrial_prices_monthly.json,ok
2024-06,US-RETAIL,MI,retail_ind,8.52,cents/kWh,actual,2026-08-11,eia_industrial_prices_monthly.json,ok
2024-07,US-RETAIL,MI,retail_ind,8.41,cents/kWh,actual,2026-08-11,eia_industrial_prices_monthly.json,ok
2024-08,US-RETAIL,MI,retail_ind,8.18,cents/kWh,actual,2026-08-11,eia_industrial_prices_monthly.json,ok
2024-09,US-RETAIL,MI,retail_ind,8.27,cents/kWh,actual,2026-08-11,eia_industrial_prices_monthly.json,ok
2024-10,US-RETAIL,MI,retail_ind,8.35,cents/kWh,actual,2026-08-11,eia_industrial_prices_monthly.json,ok
2024-11,US-RETAIL,MI,retail_ind,8.09,cents/kWh,actual,2026-08-11,eia_industrial_prices_monthly.json,ok
2024-12,US-RETAIL,MI,retail_ind,7.88,cents/kWh,actual,2026-08-11,eia_industrial_prices_monthly.json,ok
2025-01,US-RETAIL,MI,retail_ind,8.52,cents/kWh,actual,2026-08-11,eia_industrial_prices_monthly.json,ok
2025-02,US-RETAIL,MI,retail_ind,8.56,cents/kWh,actual,2026-08-11,eia_industrial_prices_monthly.json,ok
2025-03,US-RETAIL,MI,retail_ind,8.52,cents/kWh,actual,2026-08-11,eia_industrial_prices_monthly.json,ok
2025-04,US-RETAIL,MI,retail_ind,8.55,cents/kWh,actual,2026-08-11,eia_industrial_prices_monthly.json,ok
2025-05,US-RETAIL,MI,retail_ind,8.64,cents/kWh,actual,2026-08-11,eia_industrial_prices_monthly.json,ok
2025-06,US-RETAIL,MI,retail_ind,8.78,cents/kWh,actual,2026-08-11,eia_industrial_prices_monthly.json,ok
2025-07,US-RETAIL,MI,retail_ind,8.94,cents/kWh,actual,2026-08-11,eia_industrial_prices_monthly.json,ok
2025-08,US-RETAIL,MI,retail_ind,8.44,cents/kWh,actual,2026-08-11,eia_industrial_prices_monthly.json,ok
2025-09,US-RETAIL,MI,retail_ind,8.42,cents/kWh,actual,2026-08-11,eia_industrial_prices_monthly.json,ok
2025-10,US-RETAIL,MI,retail_ind,8.5,cents/kWh,actual,2026-08-11,eia_industrial_prices_monthly.json,ok
2025-11,US-RETAIL,MI,retail_ind,8.46,cents/kWh,actual,2026-08-11,eia_industrial_prices_monthly.json,ok
2025-12,US-RETAIL,MI,retail_ind,8.68,cents/kWh,actual,2026-08-11,eia_industrial_prices_monthly.json,ok
2026-01,US-RETAIL,MI,retail_ind,9.77,cents/kWh,actual,2026-08-11,eia_industrial_prices_monthly.json,ok
2026-02,US-RETAIL,MI,retail_ind,8.96,cents/kWh,actual,2026-08-11,eia_industrial_prices_monthly.json,ok
2026-03,US-RETAIL,MI,retail_ind,9.14,cents/kWh,actual,2026-08-11,eia_industrial_prices_monthly.json,ok
2026-04,US-RETAIL,MI,retail_ind,8.95,cents/kWh,actual,2026-08-11,eia_industrial_prices_monthly.json,ok
2026-05,US-RETAIL,MI,retail_ind,9.43,cents/kWh,actual,2026-08-11,eia_industrial_prices_monthly.json,ok
2015-01,US-RETAIL,OH,retail_ind,6.8,cents/kWh,actual,2026-08-11,eia_industrial_prices_monthly.json,ok
2015-02,US-RETAIL,OH,retail_ind,6.9,cents/kWh,actual,2026-08-11,eia_industrial_prices_monthly.json,ok
2015-03,US-RETAIL,OH,retail_ind,6.97,cents/kWh,actual,2026-08-11,eia_industrial_prices_monthly.json,ok
2015-04,US-RETAIL,OH,retail_ind,6.52,cents/kWh,actual,2026-08-11,eia_industrial_prices_monthly.json,ok
2015-05,US-RETAIL,OH,retail_ind,6.63,cents/kWh,actual,2026-08-11,eia_industrial_prices_monthly.json,ok
2015-06,US-RETAIL,OH,retail_ind,7.06,cents/kWh,actual,2026-08-11,eia_industrial_prices_monthly.json,ok
2015-07,US-RETAIL,OH,retail_ind,7.41,cents/kWh,actual,2026-08-11,eia_industrial_prices_monthly.json,ok
2015-08,US-RETAIL,OH,retail_ind,7.43,cents/kWh,actual,2026-08-11,eia_industrial_prices_monthly.json,ok
2015-09,US-RETAIL,OH,retail_ind,7.28,cents/kWh,actual,2026-08-11,eia_industrial_prices_monthly.json,ok
2015-10,US-RETAIL,OH,retail_ind,7.08,cents/kWh,actual,2026-08-11,eia_industrial_prices_monthly.json,ok
2015-11,US-RETAIL,OH,retail_ind,7.11,cents/kWh,actual,2026-08-11,eia_industrial_prices_monthly.json,ok
2015-12,US-RETAIL,OH,retail_ind,7.01,cents/kWh,actual,2026-08-11,eia_industrial_prices_monthly.json,ok
2016-01,US-RETAIL,OH,retail_ind,6.96,cents/kWh,actual,2026-08-11,eia_industrial_prices_monthly.json,ok
2016-02,US-RETAIL,OH,retail_ind,6.95,cents/kWh,actual,2026-08-11,eia_industrial_prices_monthly.json,ok
2016-03,US-RETAIL,OH,retail_ind,6.95,cents/kWh,actual,2026-08-11,eia_industrial_prices_monthly.json,ok
2016-04,US-RETAIL,OH,retail_ind,6.92,cents/kWh,actual,2026-08-11,eia_industrial_prices_monthly.json,ok
2016-05,US-RETAIL,OH,retail_ind,7,cents/kWh,actual,2026-08-11,eia_industrial_prices_monthly.json,ok
2016-06,US-RETAIL,OH,retail_ind,6.95,cents/kWh,actual,2026-08-11,eia_industrial_prices_monthly.json,ok
2016-07,US-RETAIL,OH,retail_ind,7.14,cents/kWh,actual,2026-08-11,eia_industrial_prices_monthly.json,ok
2016-08,US-RETAIL,OH,retail_ind,7.06,cents/kWh,actual,2026-08-11,eia_industrial_prices_monthly.json,ok
2016-09,US-RETAIL,OH,retail_ind,6.95,cents/kWh,actual,2026-08-11,eia_industrial_prices_monthly.json,ok
2016-10,US-RETAIL,OH,retail_ind,6.93,cents/kWh,actual,2026-08-11,eia_industrial_prices_monthly.json,ok
2016-11,US-RETAIL,OH,retail_ind,6.88,cents/kWh,actual,2026-08-11,eia_industrial_prices_monthly.json,ok
2016-12,US-RETAIL,OH,retail_ind,7.01,cents/kWh,actual,2026-08-11,eia_industrial_prices_monthly.json,ok
2017-01,US-RETAIL,OH,retail_ind,6.83,cents/kWh,actual,2026-08-11,eia_industrial_prices_monthly.json,ok
2017-02,US-RETAIL,OH,retail_ind,6.97,cents/kWh,actual,2026-08-11,eia_industrial_prices_monthly.json,ok
2017-03,US-RETAIL,OH,retail_ind,7.08,cents/kWh,actual,2026-08-11,eia_industrial_prices_monthly.json,ok
2017-04,US-RETAIL,OH,retail_ind,6.76,cents/kWh,actual,2026-08-11,eia_industrial_prices_monthly.json,ok
2017-05,US-RETAIL,OH,retail_ind,6.9,cents/kWh,actual,2026-08-11,eia_industrial_prices_monthly.json,ok
2017-06,US-RETAIL,OH,retail_ind,6.93,cents/kWh,actual,2026-08-11,eia_industrial_prices_monthly.json,ok
2017-07,US-RETAIL,OH,retail_ind,6.98,cents/kWh,actual,2026-08-11,eia_industrial_prices_monthly.json,ok
2017-08,US-RETAIL,OH,retail_ind,6.91,cents/kWh,actual,2026-08-11,eia_industrial_prices_monthly.json,ok
2017-09,US-RETAIL,OH,retail_ind,6.94,cents/kWh,actual,2026-08-11,eia_industrial_prices_monthly.json,ok
2017-10,US-RETAIL,OH,retail_ind,6.91,cents/kWh,actual,2026-08-11,eia_industrial_prices_monthly.json,ok
2017-11,US-RETAIL,OH,retail_ind,6.89,cents/kWh,actual,2026-08-11,eia_industrial_prices_monthly.json,ok
2017-12,US-RETAIL,OH,retail_ind,6.89,cents/kWh,actual,2026-08-11,eia_industrial_prices_monthly.json,ok
2018-01,US-RETAIL,OH,retail_ind,7.32,cents/kWh,actual,2026-08-11,eia_industrial_prices_monthly.json,ok
2018-02,US-RETAIL,OH,retail_ind,7.17,cents/kWh,actual,2026-08-11,eia_industrial_prices_monthly.json,ok
2018-03,US-RETAIL,OH,retail_ind,6.8,cents/kWh,actual,2026-08-11,eia_industrial_prices_monthly.json,ok
2018-04,US-RETAIL,OH,retail_ind,6.98,cents/kWh,actual,2026-08-11,eia_industrial_prices_monthly.json,ok
2018-05,US-RETAIL,OH,retail_ind,7.11,cents/kWh,actual,2026-08-11,eia_industrial_prices_monthly.json,ok
2018-06,US-RETAIL,OH,retail_ind,7.07,cents/kWh,actual,2026-08-11,eia_industrial_prices_monthly.json,ok
2018-07,US-RETAIL,OH,retail_ind,6.96,cents/kWh,actual,2026-08-11,eia_industrial_prices_monthly.json,ok
2018-08,US-RETAIL,OH,retail_ind,6.92,cents/kWh,actual,2026-08-11,eia_industrial_prices_monthly.json,ok
2018-09,US-RETAIL,OH,retail_ind,6.88,cents/kWh,actual,2026-08-11,eia_industrial_prices_monthly.json,ok
2018-10,US-RETAIL,OH,retail_ind,7.02,cents/kWh,actual,2026-08-11,eia_industrial_prices_monthly.json,ok
2018-11,US-RETAIL,OH,retail_ind,6.97,cents/kWh,actual,2026-08-11,eia_industrial_prices_monthly.json,ok
2018-12,US-RETAIL,OH,retail_ind,6.93,cents/kWh,actual,2026-08-11,eia_industrial_prices_monthly.json,ok
2019-01,US-RETAIL,OH,retail_ind,6.91,cents/kWh,actual,2026-08-11,eia_industrial_prices_monthly.json,ok
2019-02,US-RETAIL,OH,retail_ind,6.78,cents/kWh,actual,2026-08-11,eia_industrial_prices_monthly.json,ok
2019-03,US-RETAIL,OH,retail_ind,6.76,cents/kWh,actual,2026-08-11,eia_industrial_prices_monthly.json,ok
2019-04,US-RETAIL,OH,retail_ind,6.59,cents/kWh,actual,2026-08-11,eia_industrial_prices_monthly.json,ok
2019-05,US-RETAIL,OH,retail_ind,6.63,cents/kWh,actual,2026-08-11,eia_industrial_prices_monthly.json,ok
2019-06,US-RETAIL,OH,retail_ind,6.64,cents/kWh,actual,2026-08-11,eia_industrial_prices_monthly.json,ok
2019-07,US-RETAIL,OH,retail_ind,6.58,cents/kWh,actual,2026-08-11,eia_industrial_prices_monthly.json,ok
2019-08,US-RETAIL,OH,retail_ind,6.49,cents/kWh,actual,2026-08-11,eia_industrial_prices_monthly.json,ok
2019-09,US-RETAIL,OH,retail_ind,6.28,cents/kWh,actual,2026-08-11,eia_industrial_prices_monthly.json,ok
2019-10,US-RETAIL,OH,retail_ind,6.22,cents/kWh,actual,2026-08-11,eia_industrial_prices_monthly.json,ok
2019-11,US-RETAIL,OH,retail_ind,6.46,cents/kWh,actual,2026-08-11,eia_industrial_prices_monthly.json,ok
2019-12,US-RETAIL,OH,retail_ind,6.26,cents/kWh,actual,2026-08-11,eia_industrial_prices_monthly.json,ok
2020-01,US-RETAIL,OH,retail_ind,6.11,cents/kWh,actual,2026-08-11,eia_industrial_prices_monthly.json,ok
2020-02,US-RETAIL,OH,retail_ind,6.13,cents/kWh,actual,2026-08-11,eia_industrial_prices_monthly.json,ok
2020-03,US-RETAIL,OH,retail_ind,5.86,cents/kWh,actual,2026-08-11,eia_industrial_prices_monthly.json,ok
2020-04,US-RETAIL,OH,retail_ind,6.22,cents/kWh,actual,2026-08-11,eia_industrial_prices_monthly.json,ok
2020-05,US-RETAIL,OH,retail_ind,6.22,cents/kWh,actual,2026-08-11,eia_industrial_prices_monthly.json,ok
2020-06,US-RETAIL,OH,retail_ind,6.24,cents/kWh,actual,2026-08-11,eia_industrial_prices_monthly.json,ok
2020-07,US-RETAIL,OH,retail_ind,6.32,cents/kWh,actual,2026-08-11,eia_industrial_prices_monthly.json,ok
2020-08,US-RETAIL,OH,retail_ind,6.2,cents/kWh,actual,2026-08-11,eia_industrial_prices_monthly.json,ok
2020-09,US-RETAIL,OH,retail_ind,6.22,cents/kWh,actual,2026-08-11,eia_industrial_prices_monthly.json,ok
2020-10,US-RETAIL,OH,retail_ind,6.14,cents/kWh,actual,2026-08-11,eia_industrial_prices_monthly.json,ok
2020-11,US-RETAIL,OH,retail_ind,6.1,cents/kWh,actual,2026-08-11,eia_industrial_prices_monthly.json,ok
2020-12,US-RETAIL,OH,retail_ind,6.18,cents/kWh,actual,2026-08-11,eia_industrial_prices_monthly.json,ok
2021-01,US-RETAIL,OH,retail_ind,5.79,cents/kWh,actual,2026-08-11,eia_industrial_prices_monthly.json,ok
2021-02,US-RETAIL,OH,retail_ind,6.32,cents/kWh,actual,2026-08-11,eia_industrial_prices_monthly.json,ok
2021-03,US-RETAIL,OH,retail_ind,6.1,cents/kWh,actual,2026-08-11,eia_industrial_prices_monthly.json,ok
2021-04,US-RETAIL,OH,retail_ind,6.08,cents/kWh,actual,2026-08-11,eia_industrial_prices_monthly.json,ok
2021-05,US-RETAIL,OH,retail_ind,6.15,cents/kWh,actual,2026-08-11,eia_industrial_prices_monthly.json,ok
2021-06,US-RETAIL,OH,retail_ind,6.41,cents/kWh,actual,2026-08-11,eia_industrial_prices_monthly.json,ok
2021-07,US-RETAIL,OH,retail_ind,6.54,cents/kWh,actual,2026-08-11,eia_industrial_prices_monthly.json,ok
2021-08,US-RETAIL,OH,retail_ind,6.61,cents/kWh,actual,2026-08-11,eia_industrial_prices_monthly.json,ok
2021-09,US-RETAIL,OH,retail_ind,6.84,cents/kWh,actual,2026-08-11,eia_industrial_prices_monthly.json,ok
2021-10,US-RETAIL,OH,retail_ind,7.19,cents/kWh,actual,2026-08-11,eia_industrial_prices_monthly.json,ok
2021-11,US-RETAIL,OH,retail_ind,7.42,cents/kWh,actual,2026-08-11,eia_industrial_prices_monthly.json,ok
2021-12,US-RETAIL,OH,retail_ind,7.17,cents/kWh,actual,2026-08-11,eia_industrial_prices_monthly.json,ok
2022-01,US-RETAIL,OH,retail_ind,6.77,cents/kWh,actual,2026-08-11,eia_industrial_prices_monthly.json,ok
2022-02,US-RETAIL,OH,retail_ind,6.75,cents/kWh,actual,2026-08-11,eia_industrial_prices_monthly.json,ok
2022-03,US-RETAIL,OH,retail_ind,6.62,cents/kWh,actual,2026-08-11,eia_industrial_prices_monthly.json,ok
2022-04,US-RETAIL,OH,retail_ind,7.17,cents/kWh,actual,2026-08-11,eia_industrial_prices_monthly.json,ok
2022-05,US-RETAIL,OH,retail_ind,7.63,cents/kWh,actual,2026-08-11,eia_industrial_prices_monthly.json,ok
2022-06,US-RETAIL,OH,retail_ind,8.05,cents/kWh,actual,2026-08-11,eia_industrial_prices_monthly.json,ok
2022-07,US-RETAIL,OH,retail_ind,8.23,cents/kWh,actual,2026-08-11,eia_industrial_prices_monthly.json,ok
2022-08,US-RETAIL,OH,retail_ind,8.29,cents/kWh,actual,2026-08-11,eia_industrial_prices_monthly.json,ok
2022-09,US-RETAIL,OH,retail_ind,7.79,cents/kWh,actual,2026-08-11,eia_industrial_prices_monthly.json,ok
2022-10,US-RETAIL,OH,retail_ind,7.6,cents/kWh,actual,2026-08-11,eia_industrial_prices_monthly.json,ok
2022-11,US-RETAIL,OH,retail_ind,7.36,cents/kWh,actual,2026-08-11,eia_industrial_prices_monthly.json,ok
2022-12,US-RETAIL,OH,retail_ind,7.02,cents/kWh,actual,2026-08-11,eia_industrial_prices_monthly.json,ok
2023-01,US-RETAIL,OH,retail_ind,7.42,cents/kWh,actual,2026-08-11,eia_industrial_prices_monthly.json,ok
2023-02,US-RETAIL,OH,retail_ind,7.46,cents/kWh,actual,2026-08-11,eia_industrial_prices_monthly.json,ok
2023-03,US-RETAIL,OH,retail_ind,6.99,cents/kWh,actual,2026-08-11,eia_industrial_prices_monthly.json,ok
2023-04,US-RETAIL,OH,retail_ind,6.91,cents/kWh,actual,2026-08-11,eia_industrial_prices_monthly.json,ok
2023-05,US-RETAIL,OH,retail_ind,6.94,cents/kWh,actual,2026-08-11,eia_industrial_prices_monthly.json,ok
2023-06,US-RETAIL,OH,retail_ind,7.08,cents/kWh,actual,2026-08-11,eia_industrial_prices_monthly.json,ok
2023-07,US-RETAIL,OH,retail_ind,7.2,cents/kWh,actual,2026-08-11,eia_industrial_prices_monthly.json,ok
2023-08,US-RETAIL,OH,retail_ind,6.93,cents/kWh,actual,2026-08-11,eia_industrial_prices_monthly.json,ok
2023-09,US-RETAIL,OH,retail_ind,6.91,cents/kWh,actual,2026-08-11,eia_industrial_prices_monthly.json,ok
2023-10,US-RETAIL,OH,retail_ind,7.02,cents/kWh,actual,2026-08-11,eia_industrial_prices_monthly.json,ok
2023-11,US-RETAIL,OH,retail_ind,6.83,cents/kWh,actual,2026-08-11,eia_industrial_prices_monthly.json,ok
2023-12,US-RETAIL,OH,retail_ind,6.71,cents/kWh,actual,2026-08-11,eia_industrial_prices_monthly.json,ok
2024-01,US-RETAIL,OH,retail_ind,7.18,cents/kWh,actual,2026-08-11,eia_industrial_prices_monthly.json,ok
2024-02,US-RETAIL,OH,retail_ind,6.92,cents/kWh,actual,2026-08-11,eia_industrial_prices_monthly.json,ok
2024-03,US-RETAIL,OH,retail_ind,6.78,cents/kWh,actual,2026-08-11,eia_industrial_prices_monthly.json,ok
2024-04,US-RETAIL,OH,retail_ind,6.81,cents/kWh,actual,2026-08-11,eia_industrial_prices_monthly.json,ok
2024-05,US-RETAIL,OH,retail_ind,6.91,cents/kWh,actual,2026-08-11,eia_industrial_prices_monthly.json,ok
2024-06,US-RETAIL,OH,retail_ind,7.03,cents/kWh,actual,2026-08-11,eia_industrial_prices_monthly.json,ok
2024-07,US-RETAIL,OH,retail_ind,7.3,cents/kWh,actual,2026-08-11,eia_industrial_prices_monthly.json,ok
2024-08,US-RETAIL,OH,retail_ind,7.21,cents/kWh,actual,2026-08-11,eia_industrial_prices_monthly.json,ok
2024-09,US-RETAIL,OH,retail_ind,7.01,cents/kWh,actual,2026-08-11,eia_industrial_prices_monthly.json,ok
2024-10,US-RETAIL,OH,retail_ind,7.31,cents/kWh,actual,2026-08-11,eia_industrial_prices_monthly.json,ok
2024-11,US-RETAIL,OH,retail_ind,7.27,cents/kWh,actual,2026-08-11,eia_industrial_prices_monthly.json,ok
2024-12,US-RETAIL,OH,retail_ind,7.41,cents/kWh,actual,2026-08-11,eia_industrial_prices_monthly.json,ok
2025-01,US-RETAIL,OH,retail_ind,8.23,cents/kWh,actual,2026-08-11,eia_industrial_prices_monthly.json,ok
2025-02,US-RETAIL,OH,retail_ind,7.94,cents/kWh,actual,2026-08-11,eia_industrial_prices_monthly.json,ok
2025-03,US-RETAIL,OH,retail_ind,7.71,cents/kWh,actual,2026-08-11,eia_industrial_prices_monthly.json,ok
2025-04,US-RETAIL,OH,retail_ind,7.89,cents/kWh,actual,2026-08-11,eia_industrial_prices_monthly.json,ok
2025-05,US-RETAIL,OH,retail_ind,7.61,cents/kWh,actual,2026-08-11,eia_industrial_prices_monthly.json,ok
2025-06,US-RETAIL,OH,retail_ind,8.66,cents/kWh,actual,2026-08-11,eia_industrial_prices_monthly.json,ok
2025-07,US-RETAIL,OH,retail_ind,9.05,cents/kWh,actual,2026-08-11,eia_industrial_prices_monthly.json,ok
2025-08,US-RETAIL,OH,retail_ind,8.6,cents/kWh,actual,2026-08-11,eia_industrial_prices_monthly.json,ok
2025-09,US-RETAIL,OH,retail_ind,8.75,cents/kWh,actual,2026-08-11,eia_industrial_prices_monthly.json,ok
2025-10,US-RETAIL,OH,retail_ind,9.09,cents/kWh,actual,2026-08-11,eia_industrial_prices_monthly.json,ok
2025-11,US-RETAIL,OH,retail_ind,9.33,cents/kWh,actual,2026-08-11,eia_industrial_prices_monthly.json,ok
2025-12,US-RETAIL,OH,retail_ind,9.33,cents/kWh,actual,2026-08-11,eia_industrial_prices_monthly.json,ok
2026-01,US-RETAIL,OH,retail_ind,10.96,cents/kWh,actual,2026-08-11,eia_industrial_prices_monthly.json,ok
2026-02,US-RETAIL,OH,retail_ind,10.86,cents/kWh,actual,2026-08-11,eia_industrial_prices_monthly.json,ok
2026-03,US-RETAIL,OH,retail_ind,9.81,cents/kWh,actual,2026-08-11,eia_industrial_prices_monthly.json,ok
2026-04,US-RETAIL,OH,retail_ind,9.95,cents/kWh,actual,2026-08-11,eia_industrial_prices_monthly.json,ok
2026-05,US-RETAIL,OH,retail_ind,9.87,cents/kWh,actual,2026-08-11,eia_industrial_prices_monthly.json,ok
2015-01,US-RETAIL,TN,retail_ind,5.84,cents/kWh,actual,2026-08-11,eia_industrial_prices_monthly.json,ok
2015-02,US-RETAIL,TN,retail_ind,6.04,cents/kWh,actual,2026-08-11,eia_industrial_prices_monthly.json,ok
2015-03,US-RETAIL,TN,retail_ind,5.71,cents/kWh,actual,2026-08-11,eia_industrial_prices_monthly.json,ok
2015-04,US-RETAIL,TN,retail_ind,5.51,cents/kWh,actual,2026-08-11,eia_industrial_prices_monthly.json,ok
2015-05,US-RETAIL,TN,retail_ind,5.4,cents/kWh,actual,2026-08-11,eia_industrial_prices_monthly.json,ok
2015-06,US-RETAIL,TN,retail_ind,6.6,cents/kWh,actual,2026-08-11,eia_industrial_prices_monthly.json,ok
2015-07,US-RETAIL,TN,retail_ind,7.13,cents/kWh,actual,2026-08-11,eia_industrial_prices_monthly.json,ok
2015-08,US-RETAIL,TN,retail_ind,6.95,cents/kWh,actual,2026-08-11,eia_industrial_prices_monthly.json,ok
2015-09,US-RETAIL,TN,retail_ind,6.92,cents/kWh,actual,2026-08-11,eia_industrial_prices_monthly.json,ok
2015-10,US-RETAIL,TN,retail_ind,6.12,cents/kWh,actual,2026-08-11,eia_industrial_prices_monthly.json,ok
2015-11,US-RETAIL,TN,retail_ind,5.88,cents/kWh,actual,2026-08-11,eia_industrial_prices_monthly.json,ok
2015-12,US-RETAIL,TN,retail_ind,5.81,cents/kWh,actual,2026-08-11,eia_industrial_prices_monthly.json,ok
2016-01,US-RETAIL,TN,retail_ind,5.56,cents/kWh,actual,2026-08-11,eia_industrial_prices_monthly.json,ok
2016-02,US-RETAIL,TN,retail_ind,5.35,cents/kWh,actual,2026-08-11,eia_industrial_prices_monthly.json,ok
2016-03,US-RETAIL,TN,retail_ind,5.33,cents/kWh,actual,2026-08-11,eia_industrial_prices_monthly.json,ok
2016-04,US-RETAIL,TN,retail_ind,5.27,cents/kWh,actual,2026-08-11,eia_industrial_prices_monthly.json,ok
2016-05,US-RETAIL,TN,retail_ind,5.13,cents/kWh,actual,2026-08-11,eia_industrial_prices_monthly.json,ok
2016-06,US-RETAIL,TN,retail_ind,5.69,cents/kWh,actual,2026-08-11,eia_industrial_prices_monthly.json,ok
2016-07,US-RETAIL,TN,retail_ind,6.03,cents/kWh,actual,2026-08-11,eia_industrial_prices_monthly.json,ok
2016-08,US-RETAIL,TN,retail_ind,6.08,cents/kWh,actual,2026-08-11,eia_industrial_prices_monthly.json,ok
2016-09,US-RETAIL,TN,retail_ind,6,cents/kWh,actual,2026-08-11,eia_industrial_prices_monthly.json,ok
2016-10,US-RETAIL,TN,retail_ind,5.84,cents/kWh,actual,2026-08-11,eia_industrial_prices_monthly.json,ok
2016-11,US-RETAIL,TN,retail_ind,5.78,cents/kWh,actual,2026-08-11,eia_industrial_prices_monthly.json,ok
2016-12,US-RETAIL,TN,retail_ind,5.99,cents/kWh,actual,2026-08-11,eia_industrial_prices_monthly.json,ok
2017-01,US-RETAIL,TN,retail_ind,5.83,cents/kWh,actual,2026-08-11,eia_industrial_prices_monthly.json,ok
2017-02,US-RETAIL,TN,retail_ind,5.88,cents/kWh,actual,2026-08-11,eia_industrial_prices_monthly.json,ok
2017-03,US-RETAIL,TN,retail_ind,5.73,cents/kWh,actual,2026-08-11,eia_industrial_prices_monthly.json,ok
2017-04,US-RETAIL,TN,retail_ind,5.62,cents/kWh,actual,2026-08-11,eia_industrial_prices_monthly.json,ok
2017-05,US-RETAIL,TN,retail_ind,5.56,cents/kWh,actual,2026-08-11,eia_industrial_prices_monthly.json,ok
2017-06,US-RETAIL,TN,retail_ind,5.91,cents/kWh,actual,2026-08-11,eia_industrial_prices_monthly.json,ok
2017-07,US-RETAIL,TN,retail_ind,6.1,cents/kWh,actual,2026-08-11,eia_industrial_prices_monthly.json,ok
2017-08,US-RETAIL,TN,retail_ind,6.01,cents/kWh,actual,2026-08-11,eia_industrial_prices_monthly.json,ok
2017-09,US-RETAIL,TN,retail_ind,5.89,cents/kWh,actual,2026-08-11,eia_industrial_prices_monthly.json,ok
2017-10,US-RETAIL,TN,retail_ind,5.69,cents/kWh,actual,2026-08-11,eia_industrial_prices_monthly.json,ok
2017-11,US-RETAIL,TN,retail_ind,5.81,cents/kWh,actual,2026-08-11,eia_industrial_prices_monthly.json,ok
2017-12,US-RETAIL,TN,retail_ind,5.92,cents/kWh,actual,2026-08-11,eia_industrial_prices_monthly.json,ok
2018-01,US-RETAIL,TN,retail_ind,5.74,cents/kWh,actual,2026-08-11,eia_industrial_prices_monthly.json,ok
2018-02,US-RETAIL,TN,retail_ind,5.71,cents/kWh,actual,2026-08-11,eia_industrial_prices_monthly.json,ok
2018-03,US-RETAIL,TN,retail_ind,5.52,cents/kWh,actual,2026-08-11,eia_industrial_prices_monthly.json,ok
2018-04,US-RETAIL,TN,retail_ind,5.46,cents/kWh,actual,2026-08-11,eia_industrial_prices_monthly.json,ok
2018-05,US-RETAIL,TN,retail_ind,5.52,cents/kWh,actual,2026-08-11,eia_industrial_prices_monthly.json,ok
2018-06,US-RETAIL,TN,retail_ind,5.81,cents/kWh,actual,2026-08-11,eia_industrial_prices_monthly.json,ok
2018-07,US-RETAIL,TN,retail_ind,5.8,cents/kWh,actual,2026-08-11,eia_industrial_prices_monthly.json,ok
2018-08,US-RETAIL,TN,retail_ind,5.73,cents/kWh,actual,2026-08-11,eia_industrial_prices_monthly.json,ok
2018-09,US-RETAIL,TN,retail_ind,5.72,cents/kWh,actual,2026-08-11,eia_industrial_prices_monthly.json,ok
2018-10,US-RETAIL,TN,retail_ind,5.54,cents/kWh,actual,2026-08-11,eia_industrial_prices_monthly.json,ok
2018-11,US-RETAIL,TN,retail_ind,5.75,cents/kWh,actual,2026-08-11,eia_industrial_prices_monthly.json,ok
2018-12,US-RETAIL,TN,retail_ind,5.9,cents/kWh,actual,2026-08-11,eia_industrial_prices_monthly.json,ok
2019-01,US-RETAIL,TN,retail_ind,5.98,cents/kWh,actual,2026-08-11,eia_industrial_prices_monthly.json,ok
2019-02,US-RETAIL,TN,retail_ind,5.99,cents/kWh,actual,2026-08-11,eia_industrial_prices_monthly.json,ok
2019-03,US-RETAIL,TN,retail_ind,5.71,cents/kWh,actual,2026-08-11,eia_industrial_prices_monthly.json,ok
2019-04,US-RETAIL,TN,retail_ind,5.56,cents/kWh,actual,2026-08-11,eia_industrial_prices_monthly.json,ok
2019-05,US-RETAIL,TN,retail_ind,5.35,cents/kWh,actual,2026-08-11,eia_industrial_prices_monthly.json,ok
2019-06,US-RETAIL,TN,retail_ind,5.81,cents/kWh,actual,2026-08-11,eia_industrial_prices_monthly.json,ok
2019-07,US-RETAIL,TN,retail_ind,5.97,cents/kWh,actual,2026-08-11,eia_industrial_prices_monthly.json,ok
2019-08,US-RETAIL,TN,retail_ind,5.75,cents/kWh,actual,2026-08-11,eia_industrial_prices_monthly.json,ok
2019-09,US-RETAIL,TN,retail_ind,5.69,cents/kWh,actual,2026-08-11,eia_industrial_prices_monthly.json,ok
2019-10,US-RETAIL,TN,retail_ind,5.38,cents/kWh,actual,2026-08-11,eia_industrial_prices_monthly.json,ok
2019-11,US-RETAIL,TN,retail_ind,5.46,cents/kWh,actual,2026-08-11,eia_industrial_prices_monthly.json,ok
2019-12,US-RETAIL,TN,retail_ind,5.48,cents/kWh,actual,2026-08-11,eia_industrial_prices_monthly.json,ok
2020-01,US-RETAIL,TN,retail_ind,5.54,cents/kWh,actual,2026-08-11,eia_industrial_prices_monthly.json,ok
2020-02,US-RETAIL,TN,retail_ind,5.52,cents/kWh,actual,2026-08-11,eia_industrial_prices_monthly.json,ok
2020-03,US-RETAIL,TN,retail_ind,5.42,cents/kWh,actual,2026-08-11,eia_industrial_prices_monthly.json,ok
2020-04,US-RETAIL,TN,retail_ind,5.32,cents/kWh,actual,2026-08-11,eia_industrial_prices_monthly.json,ok
2020-05,US-RETAIL,TN,retail_ind,5.14,cents/kWh,actual,2026-08-11,eia_industrial_prices_monthly.json,ok
2020-06,US-RETAIL,TN,retail_ind,5.39,cents/kWh,actual,2026-08-11,eia_industrial_prices_monthly.json,ok
2020-07,US-RETAIL,TN,retail_ind,5.49,cents/kWh,actual,2026-08-11,eia_industrial_prices_monthly.json,ok
2020-08,US-RETAIL,TN,retail_ind,5.39,cents/kWh,actual,2026-08-11,eia_industrial_prices_monthly.json,ok
2020-09,US-RETAIL,TN,retail_ind,5.33,cents/kWh,actual,2026-08-11,eia_industrial_prices_monthly.json,ok
2020-10,US-RETAIL,TN,retail_ind,5.11,cents/kWh,actual,2026-08-11,eia_industrial_prices_monthly.json,ok
2020-11,US-RETAIL,TN,retail_ind,5.16,cents/kWh,actual,2026-08-11,eia_industrial_prices_monthly.json,ok
2020-12,US-RETAIL,TN,retail_ind,5.16,cents/kWh,actual,2026-08-11,eia_industrial_prices_monthly.json,ok
2021-01,US-RETAIL,TN,retail_ind,5.02,cents/kWh,actual,2026-08-11,eia_industrial_prices_monthly.json,ok
2021-02,US-RETAIL,TN,retail_ind,5.41,cents/kWh,actual,2026-08-11,eia_industrial_prices_monthly.json,ok
2021-03,US-RETAIL,TN,retail_ind,5.18,cents/kWh,actual,2026-08-11,eia_industrial_prices_monthly.json,ok
2021-04,US-RETAIL,TN,retail_ind,5.27,cents/kWh,actual,2026-08-11,eia_industrial_prices_monthly.json,ok
2021-05,US-RETAIL,TN,retail_ind,5.06,cents/kWh,actual,2026-08-11,eia_industrial_prices_monthly.json,ok
2021-06,US-RETAIL,TN,retail_ind,5.45,cents/kWh,actual,2026-08-11,eia_industrial_prices_monthly.json,ok
2021-07,US-RETAIL,TN,retail_ind,5.73,cents/kWh,actual,2026-08-11,eia_industrial_prices_monthly.json,ok
2021-08,US-RETAIL,TN,retail_ind,5.7,cents/kWh,actual,2026-08-11,eia_industrial_prices_monthly.json,ok
2021-09,US-RETAIL,TN,retail_ind,5.74,cents/kWh,actual,2026-08-11,eia_industrial_prices_monthly.json,ok
2021-10,US-RETAIL,TN,retail_ind,5.65,cents/kWh,actual,2026-08-11,eia_industrial_prices_monthly.json,ok
2021-11,US-RETAIL,TN,retail_ind,5.85,cents/kWh,actual,2026-08-11,eia_industrial_prices_monthly.json,ok
2021-12,US-RETAIL,TN,retail_ind,5.98,cents/kWh,actual,2026-08-11,eia_industrial_prices_monthly.json,ok
2022-01,US-RETAIL,TN,retail_ind,5.99,cents/kWh,actual,2026-08-11,eia_industrial_prices_monthly.json,ok
2022-02,US-RETAIL,TN,retail_ind,5.66,cents/kWh,actual,2026-08-11,eia_industrial_prices_monthly.json,ok
2022-03,US-RETAIL,TN,retail_ind,5.55,cents/kWh,actual,2026-08-11,eia_industrial_prices_monthly.json,ok
2022-04,US-RETAIL,TN,retail_ind,5.97,cents/kWh,actual,2026-08-11,eia_industrial_prices_monthly.json,ok
2022-05,US-RETAIL,TN,retail_ind,5.98,cents/kWh,actual,2026-08-11,eia_industrial_prices_monthly.json,ok
2022-06,US-RETAIL,TN,retail_ind,6.73,cents/kWh,actual,2026-08-11,eia_industrial_prices_monthly.json,ok
2022-07,US-RETAIL,TN,retail_ind,7.52,cents/kWh,actual,2026-08-11,eia_industrial_prices_monthly.json,ok
2022-08,US-RETAIL,TN,retail_ind,8.17,cents/kWh,actual,2026-08-11,eia_industrial_prices_monthly.json,ok
2022-09,US-RETAIL,TN,retail_ind,7.2,cents/kWh,actual,2026-08-11,eia_industrial_prices_monthly.json,ok
2022-10,US-RETAIL,TN,retail_ind,6.57,cents/kWh,actual,2026-08-11,eia_industrial_prices_monthly.json,ok
2022-11,US-RETAIL,TN,retail_ind,6.54,cents/kWh,actual,2026-08-11,eia_industrial_prices_monthly.json,ok
2022-12,US-RETAIL,TN,retail_ind,6.53,cents/kWh,actual,2026-08-11,eia_industrial_prices_monthly.json,ok
2023-01,US-RETAIL,TN,retail_ind,6.6,cents/kWh,actual,2026-08-11,eia_industrial_prices_monthly.json,ok
2023-02,US-RETAIL,TN,retail_ind,6.74,cents/kWh,actual,2026-08-11,eia_industrial_prices_monthly.json,ok
2023-03,US-RETAIL,TN,retail_ind,6.22,cents/kWh,actual,2026-08-11,eia_industrial_prices_monthly.json,ok
2023-04,US-RETAIL,TN,retail_ind,5.78,cents/kWh,actual,2026-08-11,eia_industrial_prices_monthly.json,ok
2023-05,US-RETAIL,TN,retail_ind,5.96,cents/kWh,actual,2026-08-11,eia_industrial_prices_monthly.json,ok
2023-06,US-RETAIL,TN,retail_ind,6.26,cents/kWh,actual,2026-08-11,eia_industrial_prices_monthly.json,ok
2023-07,US-RETAIL,TN,retail_ind,6.39,cents/kWh,actual,2026-08-11,eia_industrial_prices_monthly.json,ok
2023-08,US-RETAIL,TN,retail_ind,6.41,cents/kWh,actual,2026-08-11,eia_industrial_prices_monthly.json,ok
2023-09,US-RETAIL,TN,retail_ind,6.18,cents/kWh,actual,2026-08-11,eia_industrial_prices_monthly.json,ok
2023-10,US-RETAIL,TN,retail_ind,6.15,cents/kWh,actual,2026-08-11,eia_industrial_prices_monthly.json,ok
2023-11,US-RETAIL,TN,retail_ind,6.06,cents/kWh,actual,2026-08-11,eia_industrial_prices_monthly.json,ok
2023-12,US-RETAIL,TN,retail_ind,6,cents/kWh,actual,2026-08-11,eia_industrial_prices_monthly.json,ok
2024-01,US-RETAIL,TN,retail_ind,6.27,cents/kWh,actual,2026-08-11,eia_industrial_prices_monthly.json,ok
2024-02,US-RETAIL,TN,retail_ind,6.14,cents/kWh,actual,2026-08-11,eia_industrial_prices_monthly.json,ok
2024-03,US-RETAIL,TN,retail_ind,6.37,cents/kWh,actual,2026-08-11,eia_industrial_prices_monthly.json,ok
2024-04,US-RETAIL,TN,retail_ind,6.03,cents/kWh,actual,2026-08-11,eia_industrial_prices_monthly.json,ok
2024-05,US-RETAIL,TN,retail_ind,5.72,cents/kWh,actual,2026-08-11,eia_industrial_prices_monthly.json,ok
2024-06,US-RETAIL,TN,retail_ind,6.09,cents/kWh,actual,2026-08-11,eia_industrial_prices_monthly.json,ok
2024-07,US-RETAIL,TN,retail_ind,6.31,cents/kWh,actual,2026-08-11,eia_industrial_prices_monthly.json,ok
2024-08,US-RETAIL,TN,retail_ind,6.26,cents/kWh,actual,2026-08-11,eia_industrial_prices_monthly.json,ok
2024-09,US-RETAIL,TN,retail_ind,6.36,cents/kWh,actual,2026-08-11,eia_industrial_prices_monthly.json,ok
2024-10,US-RETAIL,TN,retail_ind,6.17,cents/kWh,actual,2026-08-11,eia_industrial_prices_monthly.json,ok
2024-11,US-RETAIL,TN,retail_ind,6.14,cents/kWh,actual,2026-08-11,eia_industrial_prices_monthly.json,ok
2024-12,US-RETAIL,TN,retail_ind,6.61,cents/kWh,actual,2026-08-11,eia_industrial_prices_monthly.json,ok
2025-01,US-RETAIL,TN,retail_ind,6.52,cents/kWh,actual,2026-08-11,eia_industrial_prices_monthly.json,ok
2025-02,US-RETAIL,TN,retail_ind,6.73,cents/kWh,actual,2026-08-11,eia_industrial_prices_monthly.json,ok
2025-03,US-RETAIL,TN,retail_ind,6.82,cents/kWh,actual,2026-08-11,eia_industrial_prices_monthly.json,ok
2025-04,US-RETAIL,TN,retail_ind,6.81,cents/kWh,actual,2026-08-11,eia_industrial_prices_monthly.json,ok
2025-05,US-RETAIL,TN,retail_ind,6.66,cents/kWh,actual,2026-08-11,eia_industrial_prices_monthly.json,ok
2025-06,US-RETAIL,TN,retail_ind,7.22,cents/kWh,actual,2026-08-11,eia_industrial_prices_monthly.json,ok
2025-07,US-RETAIL,TN,retail_ind,7.24,cents/kWh,actual,2026-08-11,eia_industrial_prices_monthly.json,ok
2025-08,US-RETAIL,TN,retail_ind,7,cents/kWh,actual,2026-08-11,eia_industrial_prices_monthly.json,ok
2025-09,US-RETAIL,TN,retail_ind,6.7,cents/kWh,actual,2026-08-11,eia_industrial_prices_monthly.json,ok
2025-10,US-RETAIL,TN,retail_ind,6.5,cents/kWh,actual,2026-08-11,eia_industrial_prices_monthly.json,ok
2025-11,US-RETAIL,TN,retail_ind,6.43,cents/kWh,actual,2026-08-11,eia_industrial_prices_monthly.json,ok
2025-12,US-RETAIL,TN,retail_ind,6.24,cents/kWh,actual,2026-08-11,eia_industrial_prices_monthly.json,ok
2026-01,US-RETAIL,TN,retail_ind,6.5,cents/kWh,actual,2026-08-11,eia_industrial_prices_monthly.json,ok
2026-02,US-RETAIL,TN,retail_ind,6.8,cents/kWh,actual,2026-08-11,eia_industrial_prices_monthly.json,ok
2026-03,US-RETAIL,TN,retail_ind,7.06,cents/kWh,actual,2026-08-11,eia_industrial_prices_monthly.json,ok
2026-04,US-RETAIL,TN,retail_ind,6.95,cents/kWh,actual,2026-08-11,eia_industrial_prices_monthly.json,ok
2026-05,US-RETAIL,TN,retail_ind,6.45,cents/kWh,actual,2026-08-11,eia_industrial_prices_monthly.json,ok
2015-01,US-RETAIL,US,retail_ind,6.67,cents/kWh,actual,2026-08-11,eia_industrial_prices_monthly.json,ok
2015-02,US-RETAIL,US,retail_ind,6.88,cents/kWh,actual,2026-08-11,eia_industrial_prices_monthly.json,ok
2015-03,US-RETAIL,US,retail_ind,6.83,cents/kWh,actual,2026-08-11,eia_industrial_prices_monthly.json,ok
2015-04,US-RETAIL,US,retail_ind,6.61,cents/kWh,actual,2026-08-11,eia_industrial_prices_monthly.json,ok
2015-05,US-RETAIL,US,retail_ind,6.74,cents/kWh,actual,2026-08-11,eia_industrial_prices_monthly.json,ok
2015-06,US-RETAIL,US,retail_ind,7.11,cents/kWh,actual,2026-08-11,eia_industrial_prices_monthly.json,ok
2015-07,US-RETAIL,US,retail_ind,7.45,cents/kWh,actual,2026-08-11,eia_industrial_prices_monthly.json,ok
2015-08,US-RETAIL,US,retail_ind,7.35,cents/kWh,actual,2026-08-11,eia_industrial_prices_monthly.json,ok
2015-09,US-RETAIL,US,retail_ind,7.21,cents/kWh,actual,2026-08-11,eia_industrial_prices_monthly.json,ok
2015-10,US-RETAIL,US,retail_ind,6.88,cents/kWh,actual,2026-08-11,eia_industrial_prices_monthly.json,ok
2015-11,US-RETAIL,US,retail_ind,6.61,cents/kWh,actual,2026-08-11,eia_industrial_prices_monthly.json,ok
2015-12,US-RETAIL,US,retail_ind,6.45,cents/kWh,actual,2026-08-11,eia_industrial_prices_monthly.json,ok
2016-01,US-RETAIL,US,retail_ind,6.44,cents/kWh,actual,2026-08-11,eia_industrial_prices_monthly.json,ok
2016-02,US-RETAIL,US,retail_ind,6.42,cents/kWh,actual,2026-08-11,eia_industrial_prices_monthly.json,ok
2016-03,US-RETAIL,US,retail_ind,6.46,cents/kWh,actual,2026-08-11,eia_industrial_prices_monthly.json,ok
2016-04,US-RETAIL,US,retail_ind,6.44,cents/kWh,actual,2026-08-11,eia_industrial_prices_monthly.json,ok
2016-05,US-RETAIL,US,retail_ind,6.57,cents/kWh,actual,2026-08-11,eia_industrial_prices_monthly.json,ok
2016-06,US-RETAIL,US,retail_ind,7.03,cents/kWh,actual,2026-08-11,eia_industrial_prices_monthly.json,ok
2016-07,US-RETAIL,US,retail_ind,7.23,cents/kWh,actual,2026-08-11,eia_industrial_prices_monthly.json,ok
2016-08,US-RETAIL,US,retail_ind,7.23,cents/kWh,actual,2026-08-11,eia_industrial_prices_monthly.json,ok
2016-09,US-RETAIL,US,retail_ind,7.14,cents/kWh,actual,2026-08-11,eia_industrial_prices_monthly.json,ok
2016-10,US-RETAIL,US,retail_ind,6.73,cents/kWh,actual,2026-08-11,eia_industrial_prices_monthly.json,ok
2016-11,US-RETAIL,US,retail_ind,6.66,cents/kWh,actual,2026-08-11,eia_industrial_prices_monthly.json,ok
2016-12,US-RETAIL,US,retail_ind,6.67,cents/kWh,actual,2026-08-11,eia_industrial_prices_monthly.json,ok
2017-01,US-RETAIL,US,retail_ind,6.59,cents/kWh,actual,2026-08-11,eia_industrial_prices_monthly.json,ok
2017-02,US-RETAIL,US,retail_ind,6.63,cents/kWh,actual,2026-08-11,eia_industrial_prices_monthly.json,ok
2017-03,US-RETAIL,US,retail_ind,6.71,cents/kWh,actual,2026-08-11,eia_industrial_prices_monthly.json,ok
2017-04,US-RETAIL,US,retail_ind,6.6,cents/kWh,actual,2026-08-11,eia_industrial_prices_monthly.json,ok
2017-05,US-RETAIL,US,retail_ind,6.78,cents/kWh,actual,2026-08-11,eia_industrial_prices_monthly.json,ok
2017-06,US-RETAIL,US,retail_ind,7.19,cents/kWh,actual,2026-08-11,eia_industrial_prices_monthly.json,ok
2017-07,US-RETAIL,US,retail_ind,7.31,cents/kWh,actual,2026-08-11,eia_industrial_prices_monthly.json,ok
2017-08,US-RETAIL,US,retail_ind,7.22,cents/kWh,actual,2026-08-11,eia_industrial_prices_monthly.json,ok
2017-09,US-RETAIL,US,retail_ind,7.17,cents/kWh,actual,2026-08-11,eia_industrial_prices_monthly.json,ok
2017-10,US-RETAIL,US,retail_ind,6.91,cents/kWh,actual,2026-08-11,eia_industrial_prices_monthly.json,ok
2017-11,US-RETAIL,US,retail_ind,6.73,cents/kWh,actual,2026-08-11,eia_industrial_prices_monthly.json,ok
2017-12,US-RETAIL,US,retail_ind,6.54,cents/kWh,actual,2026-08-11,eia_industrial_prices_monthly.json,ok
2018-01,US-RETAIL,US,retail_ind,6.94,cents/kWh,actual,2026-08-11,eia_industrial_prices_monthly.json,ok
2018-02,US-RETAIL,US,retail_ind,6.78,cents/kWh,actual,2026-08-11,eia_industrial_prices_monthly.json,ok
2018-03,US-RETAIL,US,retail_ind,6.63,cents/kWh,actual,2026-08-11,eia_industrial_prices_monthly.json,ok
2018-04,US-RETAIL,US,retail_ind,6.57,cents/kWh,actual,2026-08-11,eia_industrial_prices_monthly.json,ok
2018-05,US-RETAIL,US,retail_ind,6.79,cents/kWh,actual,2026-08-11,eia_industrial_prices_monthly.json,ok
2018-06,US-RETAIL,US,retail_ind,7.17,cents/kWh,actual,2026-08-11,eia_industrial_prices_monthly.json,ok
2018-07,US-RETAIL,US,retail_ind,7.32,cents/kWh,actual,2026-08-11,eia_industrial_prices_monthly.json,ok
2018-08,US-RETAIL,US,retail_ind,7.25,cents/kWh,actual,2026-08-11,eia_industrial_prices_monthly.json,ok
2018-09,US-RETAIL,US,retail_ind,7.05,cents/kWh,actual,2026-08-11,eia_industrial_prices_monthly.json,ok
2018-10,US-RETAIL,US,retail_ind,6.87,cents/kWh,actual,2026-08-11,eia_industrial_prices_monthly.json,ok
2018-11,US-RETAIL,US,retail_ind,6.85,cents/kWh,actual,2026-08-11,eia_industrial_prices_monthly.json,ok
2018-12,US-RETAIL,US,retail_ind,6.67,cents/kWh,actual,2026-08-11,eia_industrial_prices_monthly.json,ok
2019-01,US-RETAIL,US,retail_ind,6.58,cents/kWh,actual,2026-08-11,eia_industrial_prices_monthly.json,ok
2019-02,US-RETAIL,US,retail_ind,6.69,cents/kWh,actual,2026-08-11,eia_industrial_prices_monthly.json,ok
2019-03,US-RETAIL,US,retail_ind,6.73,cents/kWh,actual,2026-08-11,eia_industrial_prices_monthly.json,ok
2019-04,US-RETAIL,US,retail_ind,6.51,cents/kWh,actual,2026-08-11,eia_industrial_prices_monthly.json,ok
2019-05,US-RETAIL,US,retail_ind,6.69,cents/kWh,actual,2026-08-11,eia_industrial_prices_monthly.json,ok
2019-06,US-RETAIL,US,retail_ind,6.87,cents/kWh,actual,2026-08-11,eia_industrial_prices_monthly.json,ok
2019-07,US-RETAIL,US,retail_ind,7.14,cents/kWh,actual,2026-08-11,eia_industrial_prices_monthly.json,ok
2019-08,US-RETAIL,US,retail_ind,7.4,cents/kWh,actual,2026-08-11,eia_industrial_prices_monthly.json,ok
2019-09,US-RETAIL,US,retail_ind,7.06,cents/kWh,actual,2026-08-11,eia_industrial_prices_monthly.json,ok
2019-10,US-RETAIL,US,retail_ind,6.84,cents/kWh,actual,2026-08-11,eia_industrial_prices_monthly.json,ok
2019-11,US-RETAIL,US,retail_ind,6.72,cents/kWh,actual,2026-08-11,eia_industrial_prices_monthly.json,ok
2019-12,US-RETAIL,US,retail_ind,6.38,cents/kWh,actual,2026-08-11,eia_industrial_prices_monthly.json,ok
2020-01,US-RETAIL,US,retail_ind,6.37,cents/kWh,actual,2026-08-11,eia_industrial_prices_monthly.json,ok
2020-02,US-RETAIL,US,retail_ind,6.44,cents/kWh,actual,2026-08-11,eia_industrial_prices_monthly.json,ok
2020-03,US-RETAIL,US,retail_ind,6.39,cents/kWh,actual,2026-08-11,eia_industrial_prices_monthly.json,ok
2020-04,US-RETAIL,US,retail_ind,6.39,cents/kWh,actual,2026-08-11,eia_industrial_prices_monthly.json,ok
2020-05,US-RETAIL,US,retail_ind,6.54,cents/kWh,actual,2026-08-11,eia_industrial_prices_monthly.json,ok
2020-06,US-RETAIL,US,retail_ind,6.94,cents/kWh,actual,2026-08-11,eia_industrial_prices_monthly.json,ok
2020-07,US-RETAIL,US,retail_ind,7.16,cents/kWh,actual,2026-08-11,eia_industrial_prices_monthly.json,ok
2020-08,US-RETAIL,US,retail_ind,7.07,cents/kWh,actual,2026-08-11,eia_industrial_prices_monthly.json,ok
2020-09,US-RETAIL,US,retail_ind,7,cents/kWh,actual,2026-08-11,eia_industrial_prices_monthly.json,ok
2020-10,US-RETAIL,US,retail_ind,6.72,cents/kWh,actual,2026-08-11,eia_industrial_prices_monthly.json,ok
2020-11,US-RETAIL,US,retail_ind,6.49,cents/kWh,actual,2026-08-11,eia_industrial_prices_monthly.json,ok
2020-12,US-RETAIL,US,retail_ind,6.41,cents/kWh,actual,2026-08-11,eia_industrial_prices_monthly.json,ok
2021-01,US-RETAIL,US,retail_ind,6.32,cents/kWh,actual,2026-08-11,eia_industrial_prices_monthly.json,ok
2021-02,US-RETAIL,US,retail_ind,7.75,cents/kWh,actual,2026-08-11,eia_industrial_prices_monthly.json,ok
2021-03,US-RETAIL,US,retail_ind,6.98,cents/kWh,actual,2026-08-11,eia_industrial_prices_monthly.json,ok
2021-04,US-RETAIL,US,retail_ind,6.7,cents/kWh,actual,2026-08-11,eia_industrial_prices_monthly.json,ok
2021-05,US-RETAIL,US,retail_ind,6.65,cents/kWh,actual,2026-08-11,eia_industrial_prices_monthly.json,ok
2021-06,US-RETAIL,US,retail_ind,7.22,cents/kWh,actual,2026-08-11,eia_industrial_prices_monthly.json,ok
2021-07,US-RETAIL,US,retail_ind,7.42,cents/kWh,actual,2026-08-11,eia_industrial_prices_monthly.json,ok
2021-08,US-RETAIL,US,retail_ind,7.54,cents/kWh,actual,2026-08-11,eia_industrial_prices_monthly.json,ok
2021-09,US-RETAIL,US,retail_ind,7.61,cents/kWh,actual,2026-08-11,eia_industrial_prices_monthly.json,ok
2021-10,US-RETAIL,US,retail_ind,7.44,cents/kWh,actual,2026-08-11,eia_industrial_prices_monthly.json,ok
2021-11,US-RETAIL,US,retail_ind,7.37,cents/kWh,actual,2026-08-11,eia_industrial_prices_monthly.json,ok
2021-12,US-RETAIL,US,retail_ind,7.06,cents/kWh,actual,2026-08-11,eia_industrial_prices_monthly.json,ok
2022-01,US-RETAIL,US,retail_ind,7.19,cents/kWh,actual,2026-08-11,eia_industrial_prices_monthly.json,ok
2022-02,US-RETAIL,US,retail_ind,7.28,cents/kWh,actual,2026-08-11,eia_industrial_prices_monthly.json,ok
2022-03,US-RETAIL,US,retail_ind,7.37,cents/kWh,actual,2026-08-11,eia_industrial_prices_monthly.json,ok
2022-04,US-RETAIL,US,retail_ind,7.7,cents/kWh,actual,2026-08-11,eia_industrial_prices_monthly.json,ok
2022-05,US-RETAIL,US,retail_ind,8.25,cents/kWh,actual,2026-08-11,eia_industrial_prices_monthly.json,ok
2022-06,US-RETAIL,US,retail_ind,8.85,cents/kWh,actual,2026-08-11,eia_industrial_prices_monthly.json,ok
2022-07,US-RETAIL,US,retail_ind,9.31,cents/kWh,actual,2026-08-11,eia_industrial_prices_monthly.json,ok
2022-08,US-RETAIL,US,retail_ind,9.38,cents/kWh,actual,2026-08-11,eia_industrial_prices_monthly.json,ok
2022-09,US-RETAIL,US,retail_ind,9.06,cents/kWh,actual,2026-08-11,eia_industrial_prices_monthly.json,ok
2022-10,US-RETAIL,US,retail_ind,8.45,cents/kWh,actual,2026-08-11,eia_industrial_prices_monthly.json,ok
2022-11,US-RETAIL,US,retail_ind,8.14,cents/kWh,actual,2026-08-11,eia_industrial_prices_monthly.json,ok
2022-12,US-RETAIL,US,retail_ind,8.5,cents/kWh,actual,2026-08-11,eia_industrial_prices_monthly.json,ok
2023-01,US-RETAIL,US,retail_ind,8.18,cents/kWh,actual,2026-08-11,eia_industrial_prices_monthly.json,ok
2023-02,US-RETAIL,US,retail_ind,8.01,cents/kWh,actual,2026-08-11,eia_industrial_prices_monthly.json,ok
2023-03,US-RETAIL,US,retail_ind,7.8,cents/kWh,actual,2026-08-11,eia_industrial_prices_monthly.json,ok
2023-04,US-RETAIL,US,retail_ind,7.51,cents/kWh,actual,2026-08-11,eia_industrial_prices_monthly.json,ok
2023-05,US-RETAIL,US,retail_ind,7.64,cents/kWh,actual,2026-08-11,eia_industrial_prices_monthly.json,ok
2023-06,US-RETAIL,US,retail_ind,8.11,cents/kWh,actual,2026-08-11,eia_industrial_prices_monthly.json,ok
2023-07,US-RETAIL,US,retail_ind,8.36,cents/kWh,actual,2026-08-11,eia_industrial_prices_monthly.json,ok
2023-08,US-RETAIL,US,retail_ind,8.9,cents/kWh,actual,2026-08-11,eia_industrial_prices_monthly.json,ok
2023-09,US-RETAIL,US,retail_ind,8.43,cents/kWh,actual,2026-08-11,eia_industrial_prices_monthly.json,ok
2023-10,US-RETAIL,US,retail_ind,8.01,cents/kWh,actual,2026-08-11,eia_industrial_prices_monthly.json,ok
2023-11,US-RETAIL,US,retail_ind,7.79,cents/kWh,actual,2026-08-11,eia_industrial_prices_monthly.json,ok
2023-12,US-RETAIL,US,retail_ind,7.61,cents/kWh,actual,2026-08-11,eia_industrial_prices_monthly.json,ok
2024-01,US-RETAIL,US,retail_ind,8.07,cents/kWh,actual,2026-08-11,eia_industrial_prices_monthly.json,ok
2024-02,US-RETAIL,US,retail_ind,7.76,cents/kWh,actual,2026-08-11,eia_industrial_prices_monthly.json,ok
2024-03,US-RETAIL,US,retail_ind,7.68,cents/kWh,actual,2026-08-11,eia_industrial_prices_monthly.json,ok
2024-04,US-RETAIL,US,retail_ind,7.79,cents/kWh,actual,2026-08-11,eia_industrial_prices_monthly.json,ok
2024-05,US-RETAIL,US,retail_ind,7.87,cents/kWh,actual,2026-08-11,eia_industrial_prices_monthly.json,ok
2024-06,US-RETAIL,US,retail_ind,8.41,cents/kWh,actual,2026-08-11,eia_industrial_prices_monthly.json,ok
2024-07,US-RETAIL,US,retail_ind,8.73,cents/kWh,actual,2026-08-11,eia_industrial_prices_monthly.json,ok
2024-08,US-RETAIL,US,retail_ind,8.67,cents/kWh,actual,2026-08-11,eia_industrial_prices_monthly.json,ok
2024-09,US-RETAIL,US,retail_ind,8.45,cents/kWh,actual,2026-08-11,eia_industrial_prices_monthly.json,ok
2024-10,US-RETAIL,US,retail_ind,8.11,cents/kWh,actual,2026-08-11,eia_industrial_prices_monthly.json,ok
2024-11,US-RETAIL,US,retail_ind,7.85,cents/kWh,actual,2026-08-11,eia_industrial_prices_monthly.json,ok
2024-12,US-RETAIL,US,retail_ind,7.96,cents/kWh,actual,2026-08-11,eia_industrial_prices_monthly.json,ok
2025-01,US-RETAIL,US,retail_ind,8.34,cents/kWh,actual,2026-08-11,eia_industrial_prices_monthly.json,ok
2025-02,US-RETAIL,US,retail_ind,8.24,cents/kWh,actual,2026-08-11,eia_industrial_prices_monthly.json,ok
2025-03,US-RETAIL,US,retail_ind,8.26,cents/kWh,actual,2026-08-11,eia_industrial_prices_monthly.json,ok
2025-04,US-RETAIL,US,retail_ind,8.21,cents/kWh,actual,2026-08-11,eia_industrial_prices_monthly.json,ok
2025-05,US-RETAIL,US,retail_ind,8.29,cents/kWh,actual,2026-08-11,eia_industrial_prices_monthly.json,ok
2025-06,US-RETAIL,US,retail_ind,8.9,cents/kWh,actual,2026-08-11,eia_industrial_prices_monthly.json,ok
2025-07,US-RETAIL,US,retail_ind,9.33,cents/kWh,actual,2026-08-11,eia_industrial_prices_monthly.json,ok
2025-08,US-RETAIL,US,retail_ind,9.08,cents/kWh,actual,2026-08-11,eia_industrial_prices_monthly.json,ok
2025-09,US-RETAIL,US,retail_ind,9.02,cents/kWh,actual,2026-08-11,eia_industrial_prices_monthly.json,ok
2025-10,US-RETAIL,US,retail_ind,8.65,cents/kWh,actual,2026-08-11,eia_industrial_prices_monthly.json,ok
2025-11,US-RETAIL,US,retail_ind,8.44,cents/kWh,actual,2026-08-11,eia_industrial_prices_monthly.json,ok
2025-12,US-RETAIL,US,retail_ind,8.53,cents/kWh,actual,2026-08-11,eia_industrial_prices_monthly.json,ok
2026-01,US-RETAIL,US,retail_ind,9.29,cents/kWh,actual,2026-08-11,eia_industrial_prices_monthly.json,ok
2026-02,US-RETAIL,US,retail_ind,8.95,cents/kWh,actual,2026-08-11,eia_industrial_prices_monthly.json,ok
2026-03,US-RETAIL,US,retail_ind,8.58,cents/kWh,actual,2026-08-11,eia_industrial_prices_monthly.json,ok
2026-04,US-RETAIL,US,retail_ind,8.66,cents/kWh,actual,2026-08-11,eia_industrial_prices_monthly.json,ok
2026-05,US-RETAIL,US,retail_ind,8.71,cents/kWh,actual,2026-08-11,eia_industrial_prices_monthly.json,ok
2024-01,US-RTO,MISO,df_err,-0.0163418,ratio,actual,2026-08-11,eia_hourly_rto.csv,ok
2024-02,US-RTO,MISO,df_err,-0.0305231,ratio,actual,2026-08-11,eia_hourly_rto.csv,ok
2024-03,US-RTO,MISO,df_err,-0.0361105,ratio,actual,2026-08-11,eia_hourly_rto.csv,ok
2024-04,US-RTO,MISO,df_err,-0.0265864,ratio,actual,2026-08-11,eia_hourly_rto.csv,ok
2024-05,US-RTO,MISO,df_err,-0.0243079,ratio,actual,2026-08-11,eia_hourly_rto.csv,ok
2024-06,US-RTO,MISO,df_err,-0.0288434,ratio,actual,2026-08-11,eia_hourly_rto.csv,ok
2024-07,US-RTO,MISO,df_err,-0.0105902,ratio,actual,2026-08-11,eia_hourly_rto.csv,ok
2024-08,US-RTO,MISO,df_err,-0.0225346,ratio,actual,2026-08-11,eia_hourly_rto.csv,ok
2024-09,US-RTO,MISO,df_err,-0.0130981,ratio,actual,2026-08-11,eia_hourly_rto.csv,ok
2024-10,US-RTO,MISO,df_err,-0.0217754,ratio,actual,2026-08-11,eia_hourly_rto.csv,ok
2024-11,US-RTO,MISO,df_err,-0.0171151,ratio,actual,2026-08-11,eia_hourly_rto.csv,ok
2024-12,US-RTO,MISO,df_err,-0.00793334,ratio,actual,2026-08-11,eia_hourly_rto.csv,ok
2025-01,US-RTO,MISO,df_err,-0.00820199,ratio,actual,2026-08-11,eia_hourly_rto.csv,ok
2025-02,US-RTO,MISO,df_err,-0.0107882,ratio,actual,2026-08-11,eia_hourly_rto.csv,ok
2025-03,US-RTO,MISO,df_err,-0.0225901,ratio,actual,2026-08-11,eia_hourly_rto.csv,ok
2025-04,US-RTO,MISO,df_err,-0.0173877,ratio,actual,2026-08-11,eia_hourly_rto.csv,ok
2025-05,US-RTO,MISO,df_err,-0.0185136,ratio,actual,2026-08-11,eia_hourly_rto.csv,ok
2025-06,US-RTO,MISO,df_err,-0.0232016,ratio,actual,2026-08-11,eia_hourly_rto.csv,ok
2025-07,US-RTO,MISO,df_err,-0.0152451,ratio,actual,2026-08-11,eia_hourly_rto.csv,ok
2025-08,US-RTO,MISO,df_err,-0.0167245,ratio,actual,2026-08-11,eia_hourly_rto.csv,ok
2025-09,US-RTO,MISO,df_err,-0.0218766,ratio,actual,2026-08-11,eia_hourly_rto.csv,ok
2025-10,US-RTO,MISO,df_err,-0.0228922,ratio,actual,2026-08-11,eia_hourly_rto.csv,ok
2025-11,US-RTO,MISO,df_err,-0.0251321,ratio,actual,2026-08-11,eia_hourly_rto.csv,ok
2025-12,US-RTO,MISO,df_err,-0.0259274,ratio,actual,2026-08-11,eia_hourly_rto.csv,ok
2026-01,US-RTO,MISO,df_err,-0.0255487,ratio,actual,2026-08-11,eia_hourly_rto.csv,ok
2026-02,US-RTO,MISO,df_err,-0.0277625,ratio,actual,2026-08-11,eia_hourly_rto.csv,ok
2026-03,US-RTO,MISO,df_err,-0.021529,ratio,actual,2026-08-11,eia_hourly_rto.csv,ok
2026-04,US-RTO,MISO,df_err,-0.0196369,ratio,actual,2026-08-11,eia_hourly_rto.csv,ok
2026-05,US-RTO,MISO,df_err,-0.0191112,ratio,actual,2026-08-11,eia_hourly_rto.csv,ok
2026-06,US-RTO,MISO,df_err,-0.0225264,ratio,actual,2026-08-11,eia_hourly_rto.csv,ok
2026-07,US-RTO,MISO,df_err,-0.0242522,ratio,actual,2026-08-11,eia_hourly_rto.csv,ok
2026-08,US-RTO,MISO,df_err,-0.0108373,ratio,actual,2026-08-11,eia_hourly_rto.csv,ok
2026-08,US-RTO,MISO,df_err,-0.010735,ratio,actual,2026-08-11,eia_hourly_rto.csv,ok
2024-01,US-RTO,MISO,load_factor,0.764061,ratio,actual,2026-08-11,eia_hourly_rto.csv,ok
2024-02,US-RTO,MISO,load_factor,0.822619,ratio,actual,2026-08-11,eia_hourly_rto.csv,ok
2024-03,US-RTO,MISO,load_factor,0.821842,ratio,actual,2026-08-11,eia_hourly_rto.csv,ok
2024-04,US-RTO,MISO,load_factor,0.840003,ratio,actual,2026-08-11,eia_hourly_rto.csv,ok
2024-05,US-RTO,MISO,load_factor,0.747519,ratio,actual,2026-08-11,eia_hourly_rto.csv,ok
2024-06,US-RTO,MISO,load_factor,0.740147,ratio,actual,2026-08-11,eia_hourly_rto.csv,ok
2024-07,US-RTO,MISO,load_factor,0.735889,ratio,actual,2026-08-11,eia_hourly_rto.csv,ok
2024-08,US-RTO,MISO,load_factor,0.699984,ratio,actual,2026-08-11,eia_hourly_rto.csv,ok
2024-09,US-RTO,MISO,load_factor,0.729833,ratio,actual,2026-08-11,eia_hourly_rto.csv,ok
2024-10,US-RTO,MISO,load_factor,0.781029,ratio,actual,2026-08-11,eia_hourly_rto.csv,ok
2024-11,US-RTO,MISO,load_factor,0.868244,ratio,actual,2026-08-11,eia_hourly_rto.csv,ok
2024-12,US-RTO,MISO,load_factor,0.801943,ratio,actual,2026-08-11,eia_hourly_rto.csv,ok
2025-01,US-RTO,MISO,load_factor,0.780519,ratio,actual,2026-08-11,eia_hourly_rto.csv,ok
2025-02,US-RTO,MISO,load_factor,0.760811,ratio,actual,2026-08-11,eia_hourly_rto.csv,ok
2025-03,US-RTO,MISO,load_factor,0.81798,ratio,actual,2026-08-11,eia_hourly_rto.csv,ok
2025-04,US-RTO,MISO,load_factor,0.826685,ratio,actual,2026-08-11,eia_hourly_rto.csv,ok
2025-05,US-RTO,MISO,load_factor,0.72605,ratio,actual,2026-08-11,eia_hourly_rto.csv,ok
2025-06,US-RTO,MISO,load_factor,0.703558,ratio,actual,2026-08-11,eia_hourly_rto.csv,ok
2025-07,US-RTO,MISO,load_factor,0.763141,ratio,actual,2026-08-11,eia_hourly_rto.csv,ok
2025-08,US-RTO,MISO,load_factor,0.733981,ratio,actual,2026-08-11,eia_hourly_rto.csv,ok
2025-09,US-RTO,MISO,load_factor,0.740348,ratio,actual,2026-08-11,eia_hourly_rto.csv,ok
2025-10,US-RTO,MISO,load_factor,0.733756,ratio,actual,2026-08-11,eia_hourly_rto.csv,ok
2025-11,US-RTO,MISO,load_factor,0.829619,ratio,actual,2026-08-11,eia_hourly_rto.csv,ok
2025-12,US-RTO,MISO,load_factor,0.782893,ratio,actual,2026-08-11,eia_hourly_rto.csv,ok
2026-01,US-RTO,MISO,load_factor,0.801782,ratio,actual,2026-08-11,eia_hourly_rto.csv,ok
2026-02,US-RTO,MISO,load_factor,0.800417,ratio,actual,2026-08-11,eia_hourly_rto.csv,ok
2026-03,US-RTO,MISO,load_factor,0.783734,ratio,actual,2026-08-11,eia_hourly_rto.csv,ok
2026-04,US-RTO,MISO,load_factor,0.827595,ratio,actual,2026-08-11,eia_hourly_rto.csv,ok
2026-05,US-RTO,MISO,load_factor,0.738548,ratio,actual,2026-08-11,eia_hourly_rto.csv,ok
2026-06,US-RTO,MISO,load_factor,0.673313,ratio,actual,2026-08-11,eia_hourly_rto.csv,ok
2026-07,US-RTO,MISO,load_factor,0.774417,ratio,actual,2026-08-11,eia_hourly_rto.csv,ok
2026-08,US-RTO,MISO,load_factor,0.763793,ratio,actual,2026-08-11,eia_hourly_rto.csv,ok
2026-08,US-RTO,MISO,load_factor,0.763882,ratio,actual,2026-08-11,eia_hourly_rto.csv,ok
2024-01,US-RTO,MISO,load_mwh,5.83361e+07,MWh,actual,2026-08-11,eia_hourly_rto.csv,ok
2024-02,US-RTO,MISO,load_mwh,4.82293e+07,MWh,actual,2026-08-11,eia_hourly_rto.csv,ok
2024-03,US-RTO,MISO,load_mwh,4.89252e+07,MWh,actual,2026-08-11,eia_hourly_rto.csv,ok
2024-04,US-RTO,MISO,load_mwh,4.67313e+07,MWh,actual,2026-08-11,eia_hourly_rto.csv,ok
2024-05,US-RTO,MISO,load_mwh,5.20038e+07,MWh,actual,2026-08-11,eia_hourly_rto.csv,ok
2024-06,US-RTO,MISO,load_mwh,5.82168e+07,MWh,actual,2026-08-11,eia_hourly_rto.csv,ok
2024-07,US-RTO,MISO,load_mwh,6.07906e+07,MWh,actual,2026-08-11,eia_hourly_rto.csv,ok
2024-08,US-RTO,MISO,load_mwh,6.3307e+07,MWh,actual,2026-08-11,eia_hourly_rto.csv,ok
2024-09,US-RTO,MISO,load_mwh,5.38922e+07,MWh,actual,2026-08-11,eia_hourly_rto.csv,ok
2024-10,US-RTO,MISO,load_mwh,5.01715e+07,MWh,actual,2026-08-11,eia_hourly_rto.csv,ok
2024-11,US-RTO,MISO,load_mwh,4.906e+07,MWh,actual,2026-08-11,eia_hourly_rto.csv,ok
2024-12,US-RTO,MISO,load_mwh,5.49928e+07,MWh,actual,2026-08-11,eia_hourly_rto.csv,ok
2025-01,US-RTO,MISO,load_mwh,6.06455e+07,MWh,actual,2026-08-11,eia_hourly_rto.csv,ok
2025-02,US-RTO,MISO,load_mwh,5.18913e+07,MWh,actual,2026-08-11,eia_hourly_rto.csv,ok
2025-03,US-RTO,MISO,load_mwh,4.98278e+07,MWh,actual,2026-08-11,eia_hourly_rto.csv,ok
2025-04,US-RTO,MISO,load_mwh,4.78099e+07,MWh,actual,2026-08-11,eia_hourly_rto.csv,ok
2025-05,US-RTO,MISO,load_mwh,5.05971e+07,MWh,actual,2026-08-11,eia_hourly_rto.csv,ok
2025-06,US-RTO,MISO,load_mwh,5.89658e+07,MWh,actual,2026-08-11,eia_hourly_rto.csv,ok
2025-07,US-RTO,MISO,load_mwh,6.7373e+07,MWh,actual,2026-08-11,eia_hourly_rto.csv,ok
2025-08,US-RTO,MISO,load_mwh,6.27137e+07,MWh,actual,2026-08-11,eia_hourly_rto.csv,ok
2025-09,US-RTO,MISO,load_mwh,5.49202e+07,MWh,actual,2026-08-11,eia_hourly_rto.csv,ok
2025-10,US-RTO,MISO,load_mwh,5.17336e+07,MWh,actual,2026-08-11,eia_hourly_rto.csv,ok
2025-11,US-RTO,MISO,load_mwh,4.9575e+07,MWh,actual,2026-08-11,eia_hourly_rto.csv,ok
2025-12,US-RTO,MISO,load_mwh,5.77184e+07,MWh,actual,2026-08-11,eia_hourly_rto.csv,ok
2026-01,US-RTO,MISO,load_mwh,6.02568e+07,MWh,actual,2026-08-11,eia_hourly_rto.csv,ok
2026-02,US-RTO,MISO,load_mwh,5.05925e+07,MWh,actual,2026-08-11,eia_hourly_rto.csv,ok
2026-03,US-RTO,MISO,load_mwh,5.1919e+07,MWh,actual,2026-08-11,eia_hourly_rto.csv,ok
2026-04,US-RTO,MISO,load_mwh,4.94052e+07,MWh,actual,2026-08-11,eia_hourly_rto.csv,ok
2026-05,US-RTO,MISO,load_mwh,5.23297e+07,MWh,actual,2026-08-11,eia_hourly_rto.csv,ok
2026-06,US-RTO,MISO,load_mwh,5.89082e+07,MWh,actual,2026-08-11,eia_hourly_rto.csv,ok
2026-07,US-RTO,MISO,load_mwh,6.93289e+07,MWh,actual,2026-08-11,eia_hourly_rto.csv,ok
2026-08,US-RTO,MISO,load_mwh,2.17843e+07,MWh,actual,2026-08-11,eia_hourly_rto.csv,ok
2026-08,US-RTO,MISO,load_mwh,2.18757e+07,MWh,actual,2026-08-11,eia_hourly_rto.csv,ok
2024-01,US-RTO,MISO,ng_net,5.81539e+07,MWh,actual,2026-08-11,eia_hourly_rto.csv,ok
2024-02,US-RTO,MISO,ng_net,4.71383e+07,MWh,actual,2026-08-11,eia_hourly_rto.csv,ok
2024-03,US-RTO,MISO,ng_net,4.85617e+07,MWh,actual,2026-08-11,eia_hourly_rto.csv,ok
2024-04,US-RTO,MISO,ng_net,4.65402e+07,MWh,actual,2026-08-11,eia_hourly_rto.csv,ok
2024-05,US-RTO,MISO,ng_net,5.12696e+07,MWh,actual,2026-08-11,eia_hourly_rto.csv,ok
2024-06,US-RTO,MISO,ng_net,5.60958e+07,MWh,actual,2026-08-11,eia_hourly_rto.csv,ok
2024-07,US-RTO,MISO,ng_net,5.95187e+07,MWh,actual,2026-08-11,eia_hourly_rto.csv,ok
2024-08,US-RTO,MISO,ng_net,6.15218e+07,MWh,actual,2026-08-11,eia_hourly_rto.csv,ok
2024-09,US-RTO,MISO,ng_net,5.24265e+07,MWh,actual,2026-08-11,eia_hourly_rto.csv,ok
2024-10,US-RTO,MISO,ng_net,5.02441e+07,MWh,actual,2026-08-11,eia_hourly_rto.csv,ok
2024-11,US-RTO,MISO,ng_net,4.92926e+07,MWh,actual,2026-08-11,eia_hourly_rto.csv,ok
2024-12,US-RTO,MISO,ng_net,5.5395e+07,MWh,actual,2026-08-11,eia_hourly_rto.csv,ok
2025-01,US-RTO,MISO,ng_net,6.14695e+07,MWh,actual,2026-08-11,eia_hourly_rto.csv,ok
2025-02,US-RTO,MISO,ng_net,5.24902e+07,MWh,actual,2026-08-11,eia_hourly_rto.csv,ok
2025-03,US-RTO,MISO,ng_net,4.92923e+07,MWh,actual,2026-08-11,eia_hourly_rto.csv,ok
2025-04,US-RTO,MISO,ng_net,4.73569e+07,MWh,actual,2026-08-11,eia_hourly_rto.csv,ok
2025-05,US-RTO,MISO,ng_net,4.80279e+07,MWh,actual,2026-08-11,eia_hourly_rto.csv,ok
2025-06,US-RTO,MISO,ng_net,5.68712e+07,MWh,actual,2026-08-11,eia_hourly_rto.csv,ok
2025-07,US-RTO,MISO,ng_net,6.60611e+07,MWh,actual,2026-08-11,eia_hourly_rto.csv,ok
2025-08,US-RTO,MISO,ng_net,6.06496e+07,MWh,actual,2026-08-11,eia_hourly_rto.csv,ok
2025-09,US-RTO,MISO,ng_net,5.37007e+07,MWh,actual,2026-08-11,eia_hourly_rto.csv,ok
2025-10,US-RTO,MISO,ng_net,5.26336e+07,MWh,actual,2026-08-11,eia_hourly_rto.csv,ok
2025-11,US-RTO,MISO,ng_net,5.11918e+07,MWh,actual,2026-08-11,eia_hourly_rto.csv,ok
2025-12,US-RTO,MISO,ng_net,5.93523e+07,MWh,actual,2026-08-11,eia_hourly_rto.csv,ok
2026-01,US-RTO,MISO,ng_net,6.14735e+07,MWh,actual,2026-08-11,eia_hourly_rto.csv,ok
2026-02,US-RTO,MISO,ng_net,5.25192e+07,MWh,actual,2026-08-11,eia_hourly_rto.csv,ok
2026-03,US-RTO,MISO,ng_net,5.25528e+07,MWh,actual,2026-08-11,eia_hourly_rto.csv,ok
2026-04,US-RTO,MISO,ng_net,4.97543e+07,MWh,actual,2026-08-11,eia_hourly_rto.csv,ok
2026-05,US-RTO,MISO,ng_net,5.17091e+07,MWh,actual,2026-08-11,eia_hourly_rto.csv,ok
2026-06,US-RTO,MISO,ng_net,5.67803e+07,MWh,actual,2026-08-11,eia_hourly_rto.csv,ok
2026-07,US-RTO,MISO,ng_net,6.69285e+07,MWh,actual,2026-08-11,eia_hourly_rto.csv,ok
2026-08,US-RTO,MISO,ng_net,1.92243e+07,MWh,actual,2026-08-11,eia_hourly_rto.csv,ok
2024-01,US-RTO,MISO,peak_mw,102621,MW,actual,2026-08-11,eia_hourly_rto.csv,ok
2024-02,US-RTO,MISO,peak_mw,84237,MW,actual,2026-08-11,eia_hourly_rto.csv,ok
2024-03,US-RTO,MISO,peak_mw,80015,MW,actual,2026-08-11,eia_hourly_rto.csv,ok
2024-04,US-RTO,MISO,peak_mw,77267,MW,actual,2026-08-11,eia_hourly_rto.csv,ok
2024-05,US-RTO,MISO,peak_mw,93506,MW,actual,2026-08-11,eia_hourly_rto.csv,ok
2024-06,US-RTO,MISO,peak_mw,109244,MW,actual,2026-08-11,eia_hourly_rto.csv,ok
2024-07,US-RTO,MISO,peak_mw,114734,MW,actual,2026-08-11,eia_hourly_rto.csv,ok
2024-08,US-RTO,MISO,peak_mw,121560,MW,actual,2026-08-11,eia_hourly_rto.csv,ok
2024-09,US-RTO,MISO,peak_mw,102558,MW,actual,2026-08-11,eia_hourly_rto.csv,ok
2024-10,US-RTO,MISO,peak_mw,86341,MW,actual,2026-08-11,eia_hourly_rto.csv,ok
2024-11,US-RTO,MISO,peak_mw,78479,MW,actual,2026-08-11,eia_hourly_rto.csv,ok
2024-12,US-RTO,MISO,peak_mw,92170,MW,actual,2026-08-11,eia_hourly_rto.csv,ok
2025-01,US-RTO,MISO,peak_mw,104434,MW,actual,2026-08-11,eia_hourly_rto.csv,ok
2025-02,US-RTO,MISO,peak_mw,101496,MW,actual,2026-08-11,eia_hourly_rto.csv,ok
2025-03,US-RTO,MISO,peak_mw,81876,MW,actual,2026-08-11,eia_hourly_rto.csv,ok
2025-04,US-RTO,MISO,peak_mw,80324,MW,actual,2026-08-11,eia_hourly_rto.csv,ok
2025-05,US-RTO,MISO,peak_mw,93667,MW,actual,2026-08-11,eia_hourly_rto.csv,ok
2025-06,US-RTO,MISO,peak_mw,116404,MW,actual,2026-08-11,eia_hourly_rto.csv,ok
2025-07,US-RTO,MISO,peak_mw,118661,MW,actual,2026-08-11,eia_hourly_rto.csv,ok
2025-08,US-RTO,MISO,peak_mw,114843,MW,actual,2026-08-11,eia_hourly_rto.csv,ok
2025-09,US-RTO,MISO,peak_mw,103030,MW,actual,2026-08-11,eia_hourly_rto.csv,ok
2025-10,US-RTO,MISO,peak_mw,94765,MW,actual,2026-08-11,eia_hourly_rto.csv,ok
2025-11,US-RTO,MISO,peak_mw,82995,MW,actual,2026-08-11,eia_hourly_rto.csv,ok
2025-12,US-RTO,MISO,peak_mw,99092,MW,actual,2026-08-11,eia_hourly_rto.csv,ok
2026-01,US-RTO,MISO,peak_mw,101013,MW,actual,2026-08-11,eia_hourly_rto.csv,ok
2026-02,US-RTO,MISO,peak_mw,94059,MW,actual,2026-08-11,eia_hourly_rto.csv,ok
2026-03,US-RTO,MISO,peak_mw,89040,MW,actual,2026-08-11,eia_hourly_rto.csv,ok
2026-04,US-RTO,MISO,peak_mw,82913,MW,actual,2026-08-11,eia_hourly_rto.csv,ok
2026-05,US-RTO,MISO,peak_mw,95235,MW,actual,2026-08-11,eia_hourly_rto.csv,ok
2026-06,US-RTO,MISO,peak_mw,121514,MW,actual,2026-08-11,eia_hourly_rto.csv,ok
2026-07,US-RTO,MISO,peak_mw,120328,MW,actual,2026-08-11,eia_hourly_rto.csv,ok
2026-08,US-RTO,MISO,peak_mw,116413,MW,actual,2026-08-11,eia_hourly_rto.csv,ok
2024-01,US-RTO,PJM,df_err,0.0185114,ratio,actual,2026-08-11,eia_hourly_rto.csv,ok
2024-02,US-RTO,PJM,df_err,0.0124661,ratio,actual,2026-08-11,eia_hourly_rto.csv,ok
2024-03,US-RTO,PJM,df_err,0.0124475,ratio,actual,2026-08-11,eia_hourly_rto.csv,ok
2024-04,US-RTO,PJM,df_err,0.0106453,ratio,actual,2026-08-11,eia_hourly_rto.csv,ok
2024-05,US-RTO,PJM,df_err,0.0235943,ratio,actual,2026-08-11,eia_hourly_rto.csv,ok
2024-06,US-RTO,PJM,df_err,0.0288093,ratio,actual,2026-08-11,eia_hourly_rto.csv,ok
2024-07,US-RTO,PJM,df_err,0.023192,ratio,actual,2026-08-11,eia_hourly_rto.csv,ok
2024-08,US-RTO,PJM,df_err,0.0234489,ratio,actual,2026-08-11,eia_hourly_rto.csv,ok
2024-09,US-RTO,PJM,df_err,0.0187155,ratio,actual,2026-08-11,eia_hourly_rto.csv,ok
2024-10,US-RTO,PJM,df_err,0.0085876,ratio,actual,2026-08-11,eia_hourly_rto.csv,ok
2024-11,US-RTO,PJM,df_err,0.0144087,ratio,actual,2026-08-11,eia_hourly_rto.csv,ok
2024-12,US-RTO,PJM,df_err,0.0147744,ratio,actual,2026-08-11,eia_hourly_rto.csv,ok
2025-01,US-RTO,PJM,df_err,0.0105454,ratio,actual,2026-08-11,eia_hourly_rto.csv,ok
2025-02,US-RTO,PJM,df_err,0.0154206,ratio,actual,2026-08-11,eia_hourly_rto.csv,ok
2025-03,US-RTO,PJM,df_err,0.014052,ratio,actual,2026-08-11,eia_hourly_rto.csv,ok
2025-04,US-RTO,PJM,df_err,0.0114599,ratio,actual,2026-08-11,eia_hourly_rto.csv,ok
2025-05,US-RTO,PJM,df_err,0.0212503,ratio,actual,2026-08-11,eia_hourly_rto.csv,ok
2025-06,US-RTO,PJM,df_err,0.0326615,ratio,actual,2026-08-11,eia_hourly_rto.csv,ok
2025-07,US-RTO,PJM,df_err,0.0227749,ratio,actual,2026-08-11,eia_hourly_rto.csv,ok
2025-08,US-RTO,PJM,df_err,0.0123732,ratio,actual,2026-08-11,eia_hourly_rto.csv,ok
2025-09,US-RTO,PJM,df_err,0.0227216,ratio,actual,2026-08-11,eia_hourly_rto.csv,ok
2025-10,US-RTO,PJM,df_err,0.011384,ratio,actual,2026-08-11,eia_hourly_rto.csv,ok
2025-11,US-RTO,PJM,df_err,0.0153385,ratio,actual,2026-08-11,eia_hourly_rto.csv,ok
2025-12,US-RTO,PJM,df_err,0.00813657,ratio,actual,2026-08-11,eia_hourly_rto.csv,ok
2026-01,US-RTO,PJM,df_err,0.0157566,ratio,actual,2026-08-11,eia_hourly_rto.csv,ok
2026-02,US-RTO,PJM,df_err,0.00923125,ratio,actual,2026-08-11,eia_hourly_rto.csv,ok
2026-03,US-RTO,PJM,df_err,0.0172112,ratio,actual,2026-08-11,eia_hourly_rto.csv,ok
2026-04,US-RTO,PJM,df_err,0.0128732,ratio,actual,2026-08-11,eia_hourly_rto.csv,ok
2026-05,US-RTO,PJM,df_err,0.0233653,ratio,actual,2026-08-11,eia_hourly_rto.csv,ok
2026-06,US-RTO,PJM,df_err,0.0261805,ratio,actual,2026-08-11,eia_hourly_rto.csv,ok
2026-07,US-RTO,PJM,df_err,0.0182155,ratio,actual,2026-08-11,eia_hourly_rto.csv,ok
2026-08,US-RTO,PJM,df_err,0.0313747,ratio,actual,2026-08-11,eia_hourly_rto.csv,ok
2024-01,US-RTO,PJM,load_factor,0.757363,ratio,actual,2026-08-11,eia_hourly_rto.csv,ok
2024-02,US-RTO,PJM,load_factor,0.825209,ratio,actual,2026-08-11,eia_hourly_rto.csv,ok
2024-03,US-RTO,PJM,load_factor,0.796279,ratio,actual,2026-08-11,eia_hourly_rto.csv,ok
2024-04,US-RTO,PJM,load_factor,0.756085,ratio,actual,2026-08-11,eia_hourly_rto.csv,ok
2024-05,US-RTO,PJM,load_factor,0.704986,ratio,actual,2026-08-11,eia_hourly_rto.csv,ok
2024-06,US-RTO,PJM,load_factor,0.690224,ratio,actual,2026-08-11,eia_hourly_rto.csv,ok
2024-07,US-RTO,PJM,load_factor,0.71626,ratio,actual,2026-08-11,eia_hourly_rto.csv,ok
2024-08,US-RTO,PJM,load_factor,0.699161,ratio,actual,2026-08-11,eia_hourly_rto.csv,ok
2024-09,US-RTO,PJM,load_factor,0.744514,ratio,actual,2026-08-11,eia_hourly_rto.csv,ok
2024-10,US-RTO,PJM,load_factor,0.820387,ratio,actual,2026-08-11,eia_hourly_rto.csv,ok
2024-11,US-RTO,PJM,load_factor,0.810195,ratio,actual,2026-08-11,eia_hourly_rto.csv,ok
2024-12,US-RTO,PJM,load_factor,0.811911,ratio,actual,2026-08-11,eia_hourly_rto.csv,ok
2025-01,US-RTO,PJM,load_factor,0.762763,ratio,actual,2026-08-11,eia_hourly_rto.csv,ok
2025-02,US-RTO,PJM,load_factor,0.792209,ratio,actual,2026-08-11,eia_hourly_rto.csv,ok
2025-03,US-RTO,PJM,load_factor,0.753483,ratio,actual,2026-08-11,eia_hourly_rto.csv,ok
2025-04,US-RTO,PJM,load_factor,0.800359,ratio,actual,2026-08-11,eia_hourly_rto.csv,ok
2025-05,US-RTO,PJM,load_factor,0.744024,ratio,actual,2026-08-11,eia_hourly_rto.csv,ok
2025-06,US-RTO,PJM,load_factor,0.644714,ratio,actual,2026-08-11,eia_hourly_rto.csv,ok
2025-07,US-RTO,PJM,load_factor,0.753177,ratio,actual,2026-08-11,eia_hourly_rto.csv,ok
2025-08,US-RTO,PJM,load_factor,0.692109,ratio,actual,2026-08-11,eia_hourly_rto.csv,ok
2025-09,US-RTO,PJM,load_factor,0.747685,ratio,actual,2026-08-11,eia_hourly_rto.csv,ok
2025-10,US-RTO,PJM,load_factor,0.756732,ratio,actual,2026-08-11,eia_hourly_rto.csv,ok
2025-11,US-RTO,PJM,load_factor,0.817648,ratio,actual,2026-08-11,eia_hourly_rto.csv,ok
2025-12,US-RTO,PJM,load_factor,0.775279,ratio,actual,2026-08-11,eia_hourly_rto.csv,ok
2026-01,US-RTO,PJM,load_factor,0.794857,ratio,actual,2026-08-11,eia_hourly_rto.csv,ok
2026-02,US-RTO,PJM,load_factor,0.77913,ratio,actual,2026-08-11,eia_hourly_rto.csv,ok
2026-03,US-RTO,PJM,load_factor,0.765213,ratio,actual,2026-08-11,eia_hourly_rto.csv,ok
2026-04,US-RTO,PJM,load_factor,0.751662,ratio,actual,2026-08-11,eia_hourly_rto.csv,ok
2026-05,US-RTO,PJM,load_factor,0.640006,ratio,actual,2026-08-11,eia_hourly_rto.csv,ok
2026-06,US-RTO,PJM,load_factor,0.678178,ratio,actual,2026-08-11,eia_hourly_rto.csv,ok
2026-07,US-RTO,PJM,load_factor,0.707482,ratio,actual,2026-08-11,eia_hourly_rto.csv,ok
2026-08,US-RTO,PJM,load_factor,0.786251,ratio,actual,2026-08-11,eia_hourly_rto.csv,ok
2026-08,US-RTO,PJM,load_factor,0.785987,ratio,actual,2026-08-11,eia_hourly_rto.csv,ok
2024-01,US-RTO,PJM,load_mwh,7.54773e+07,MWh,actual,2026-08-11,eia_hourly_rto.csv,ok
2024-02,US-RTO,PJM,load_mwh,6.4526e+07,MWh,actual,2026-08-11,eia_hourly_rto.csv,ok
2024-03,US-RTO,PJM,load_mwh,6.10656e+07,MWh,actual,2026-08-11,eia_hourly_rto.csv,ok
2024-04,US-RTO,PJM,load_mwh,5.80202e+07,MWh,actual,2026-08-11,eia_hourly_rto.csv,ok
2024-05,US-RTO,PJM,load_mwh,6.36938e+07,MWh,actual,2026-08-11,eia_hourly_rto.csv,ok
2024-06,US-RTO,PJM,load_mwh,7.35383e+07,MWh,actual,2026-08-11,eia_hourly_rto.csv,ok
2024-07,US-RTO,PJM,load_mwh,8.15978e+07,MWh,actual,2026-08-11,eia_hourly_rto.csv,ok
2024-08,US-RTO,PJM,load_mwh,7.76488e+07,MWh,actual,2026-08-11,eia_hourly_rto.csv,ok
2024-09,US-RTO,PJM,load_mwh,6.44284e+07,MWh,actual,2026-08-11,eia_hourly_rto.csv,ok
2024-10,US-RTO,PJM,load_mwh,5.96403e+07,MWh,actual,2026-08-11,eia_hourly_rto.csv,ok
2024-11,US-RTO,PJM,load_mwh,6.04877e+07,MWh,actual,2026-08-11,eia_hourly_rto.csv,ok
2024-12,US-RTO,PJM,load_mwh,7.30963e+07,MWh,actual,2026-08-11,eia_hourly_rto.csv,ok
2025-01,US-RTO,PJM,load_mwh,8.19577e+07,MWh,actual,2026-08-11,eia_hourly_rto.csv,ok
2025-02,US-RTO,PJM,load_mwh,6.85733e+07,MWh,actual,2026-08-11,eia_hourly_rto.csv,ok
2025-03,US-RTO,PJM,load_mwh,6.45992e+07,MWh,actual,2026-08-11,eia_hourly_rto.csv,ok
2025-04,US-RTO,PJM,load_mwh,5.94757e+07,MWh,actual,2026-08-11,eia_hourly_rto.csv,ok
2025-05,US-RTO,PJM,load_mwh,6.12652e+07,MWh,actual,2026-08-11,eia_hourly_rto.csv,ok
2025-06,US-RTO,PJM,load_mwh,7.4531e+07,MWh,actual,2026-08-11,eia_hourly_rto.csv,ok
2025-07,US-RTO,PJM,load_mwh,8.65089e+07,MWh,actual,2026-08-11,eia_hourly_rto.csv,ok
2025-08,US-RTO,PJM,load_mwh,7.54763e+07,MWh,actual,2026-08-11,eia_hourly_rto.csv,ok
2025-09,US-RTO,PJM,load_mwh,6.58748e+07,MWh,actual,2026-08-11,eia_hourly_rto.csv,ok
2025-10,US-RTO,PJM,load_mwh,6.23059e+07,MWh,actual,2026-08-11,eia_hourly_rto.csv,ok
2025-11,US-RTO,PJM,load_mwh,6.42226e+07,MWh,actual,2026-08-11,eia_hourly_rto.csv,ok
2025-12,US-RTO,PJM,load_mwh,7.8286e+07,MWh,actual,2026-08-11,eia_hourly_rto.csv,ok
2026-01,US-RTO,PJM,load_mwh,8.24434e+07,MWh,actual,2026-08-11,eia_hourly_rto.csv,ok
2026-02,US-RTO,PJM,load_mwh,7.24126e+07,MWh,actual,2026-08-11,eia_hourly_rto.csv,ok
2026-03,US-RTO,PJM,load_mwh,6.71386e+07,MWh,actual,2026-08-11,eia_hourly_rto.csv,ok
2026-04,US-RTO,PJM,load_mwh,6.13251e+07,MWh,actual,2026-08-11,eia_hourly_rto.csv,ok
2026-05,US-RTO,PJM,load_mwh,6.46093e+07,MWh,actual,2026-08-11,eia_hourly_rto.csv,ok
2026-06,US-RTO,PJM,load_mwh,7.32691e+07,MWh,actual,2026-08-11,eia_hourly_rto.csv,ok
2026-07,US-RTO,PJM,load_mwh,8.56124e+07,MWh,actual,2026-08-11,eia_hourly_rto.csv,ok
2026-08,US-RTO,PJM,load_mwh,2.80038e+07,MWh,actual,2026-08-11,eia_hourly_rto.csv,ok
2026-08,US-RTO,PJM,load_mwh,2.81087e+07,MWh,actual,2026-08-11,eia_hourly_rto.csv,ok
2024-01,US-RTO,PJM,ng_net,7.93129e+07,MWh,actual,2026-08-11,eia_hourly_rto.csv,ok
2024-02,US-RTO,PJM,ng_net,6.7628e+07,MWh,actual,2026-08-11,eia_hourly_rto.csv,ok
2024-03,US-RTO,PJM,ng_net,6.42673e+07,MWh,actual,2026-08-11,eia_hourly_rto.csv,ok
2024-04,US-RTO,PJM,ng_net,6.00536e+07,MWh,actual,2026-08-11,eia_hourly_rto.csv,ok
2024-05,US-RTO,PJM,ng_net,6.52218e+07,MWh,actual,2026-08-11,eia_hourly_rto.csv,ok
2024-06,US-RTO,PJM,ng_net,7.76764e+07,MWh,actual,2026-08-11,eia_hourly_rto.csv,ok
2024-07,US-RTO,PJM,ng_net,8.44397e+07,MWh,actual,2026-08-11,eia_hourly_rto.csv,ok
2024-08,US-RTO,PJM,ng_net,8.146e+07,MWh,actual,2026-08-11,eia_hourly_rto.csv,ok
2024-09,US-RTO,PJM,ng_net,6.75262e+07,MWh,actual,2026-08-11,eia_hourly_rto.csv,ok
2024-10,US-RTO,PJM,ng_net,6.08447e+07,MWh,actual,2026-08-11,eia_hourly_rto.csv,ok
2024-11,US-RTO,PJM,ng_net,6.20054e+07,MWh,actual,2026-08-11,eia_hourly_rto.csv,ok
2024-12,US-RTO,PJM,ng_net,7.53346e+07,MWh,actual,2026-08-11,eia_hourly_rto.csv,ok
2025-01,US-RTO,PJM,ng_net,8.49452e+07,MWh,actual,2026-08-11,eia_hourly_rto.csv,ok
2025-02,US-RTO,PJM,ng_net,7.12938e+07,MWh,actual,2026-08-11,eia_hourly_rto.csv,ok
2025-03,US-RTO,PJM,ng_net,6.77492e+07,MWh,actual,2026-08-11,eia_hourly_rto.csv,ok
2025-04,US-RTO,PJM,ng_net,6.11092e+07,MWh,actual,2026-08-11,eia_hourly_rto.csv,ok
2025-05,US-RTO,PJM,ng_net,6.41066e+07,MWh,actual,2026-08-11,eia_hourly_rto.csv,ok
2025-06,US-RTO,PJM,ng_net,7.81016e+07,MWh,actual,2026-08-11,eia_hourly_rto.csv,ok
2025-07,US-RTO,PJM,ng_net,9.05671e+07,MWh,actual,2026-08-11,eia_hourly_rto.csv,ok
2025-08,US-RTO,PJM,ng_net,8.05103e+07,MWh,actual,2026-08-11,eia_hourly_rto.csv,ok
2025-09,US-RTO,PJM,ng_net,6.92998e+07,MWh,actual,2026-08-11,eia_hourly_rto.csv,ok
2025-10,US-RTO,PJM,ng_net,6.29615e+07,MWh,actual,2026-08-11,eia_hourly_rto.csv,ok
2025-11,US-RTO,PJM,ng_net,6.49031e+07,MWh,actual,2026-08-11,eia_hourly_rto.csv,ok
2025-12,US-RTO,PJM,ng_net,8.01935e+07,MWh,actual,2026-08-11,eia_hourly_rto.csv,ok
2026-01,US-RTO,PJM,ng_net,8.52243e+07,MWh,actual,2026-08-11,eia_hourly_rto.csv,ok
2026-02,US-RTO,PJM,ng_net,7.39838e+07,MWh,actual,2026-08-11,eia_hourly_rto.csv,ok
2026-03,US-RTO,PJM,ng_net,6.912e+07,MWh,actual,2026-08-11,eia_hourly_rto.csv,ok
2026-04,US-RTO,PJM,ng_net,6.25251e+07,MWh,actual,2026-08-11,eia_hourly_rto.csv,ok
2026-05,US-RTO,PJM,ng_net,6.56571e+07,MWh,actual,2026-08-11,eia_hourly_rto.csv,ok
2026-06,US-RTO,PJM,ng_net,7.66197e+07,MWh,actual,2026-08-11,eia_hourly_rto.csv,ok
2026-07,US-RTO,PJM,ng_net,8.90318e+07,MWh,actual,2026-08-11,eia_hourly_rto.csv,ok
2026-08,US-RTO,PJM,ng_net,2.56537e+07,MWh,actual,2026-08-11,eia_hourly_rto.csv,ok
2024-01,US-RTO,PJM,peak_mw,133949,MW,actual,2026-08-11,eia_hourly_rto.csv,ok
2024-02,US-RTO,PJM,peak_mw,112347,MW,actual,2026-08-11,eia_hourly_rto.csv,ok
2024-03,US-RTO,PJM,peak_mw,106217,MW,actual,2026-08-11,eia_hourly_rto.csv,ok
2024-04,US-RTO,PJM,peak_mw,106580,MW,actual,2026-08-11,eia_hourly_rto.csv,ok
2024-05,US-RTO,PJM,peak_mw,121435,MW,actual,2026-08-11,eia_hourly_rto.csv,ok
2024-06,US-RTO,PJM,peak_mw,147976,MW,actual,2026-08-11,eia_hourly_rto.csv,ok
2024-07,US-RTO,PJM,peak_mw,153121,MW,actual,2026-08-11,eia_hourly_rto.csv,ok
2024-08,US-RTO,PJM,peak_mw,149274,MW,actual,2026-08-11,eia_hourly_rto.csv,ok
2024-09,US-RTO,PJM,peak_mw,120191,MW,actual,2026-08-11,eia_hourly_rto.csv,ok
2024-10,US-RTO,PJM,peak_mw,97712,MW,actual,2026-08-11,eia_hourly_rto.csv,ok
2024-11,US-RTO,PJM,peak_mw,103692,MW,actual,2026-08-11,eia_hourly_rto.csv,ok
2024-12,US-RTO,PJM,peak_mw,121008,MW,actual,2026-08-11,eia_hourly_rto.csv,ok
2025-01,US-RTO,PJM,peak_mw,144420,MW,actual,2026-08-11,eia_hourly_rto.csv,ok
2025-02,US-RTO,PJM,peak_mw,128809,MW,actual,2026-08-11,eia_hourly_rto.csv,ok
2025-03,US-RTO,PJM,peak_mw,115234,MW,actual,2026-08-11,eia_hourly_rto.csv,ok
2025-04,US-RTO,PJM,peak_mw,103210,MW,actual,2026-08-11,eia_hourly_rto.csv,ok
2025-05,US-RTO,PJM,peak_mw,110676,MW,actual,2026-08-11,eia_hourly_rto.csv,ok
2025-06,US-RTO,PJM,peak_mw,160560,MW,actual,2026-08-11,eia_hourly_rto.csv,ok
2025-07,US-RTO,PJM,peak_mw,154380,MW,actual,2026-08-11,eia_hourly_rto.csv,ok
2025-08,US-RTO,PJM,peak_mw,146576,MW,actual,2026-08-11,eia_hourly_rto.csv,ok
2025-09,US-RTO,PJM,peak_mw,122368,MW,actual,2026-08-11,eia_hourly_rto.csv,ok
2025-10,US-RTO,PJM,peak_mw,110666,MW,actual,2026-08-11,eia_hourly_rto.csv,ok
2025-11,US-RTO,PJM,peak_mw,109091,MW,actual,2026-08-11,eia_hourly_rto.csv,ok
2025-12,US-RTO,PJM,peak_mw,135723,MW,actual,2026-08-11,eia_hourly_rto.csv,ok
2026-01,US-RTO,PJM,peak_mw,139410,MW,actual,2026-08-11,eia_hourly_rto.csv,ok
2026-02,US-RTO,PJM,peak_mw,138304,MW,actual,2026-08-11,eia_hourly_rto.csv,ok
2026-03,US-RTO,PJM,peak_mw,117928,MW,actual,2026-08-11,eia_hourly_rto.csv,ok
2026-04,US-RTO,PJM,peak_mw,113314,MW,actual,2026-08-11,eia_hourly_rto.csv,ok
2026-05,US-RTO,PJM,peak_mw,135687,MW,actual,2026-08-11,eia_hourly_rto.csv,ok
2026-06,US-RTO,PJM,peak_mw,150053,MW,actual,2026-08-11,eia_hourly_rto.csv,ok
2026-07,US-RTO,PJM,peak_mw,162648,MW,actual,2026-08-11,eia_hourly_rto.csv,ok
2026-08,US-RTO,PJM,peak_mw,145375,MW,actual,2026-08-11,eia_hourly_rto.csv,ok
